scene_id,disaster,split,size,mode,brightness,contrast,dark_fraction,bright_fraction,edge_density,flag
hurricane-florence_00000004,hurricane-florence,test_id,1024x1024,RGB,0.27850074,0.23979314,0.09297370910644531,0.0,2.9655749797821045,False
hurricane-florence_00000005,hurricane-florence,test_id,1024x1024,RGB,0.29367957,0.1810428,0.0038614273071289062,7.43865966796875e-05,5.286892890930176,False
hurricane-florence_00000009,hurricane-florence,test_id,1024x1024,RGB,0.4927218,0.2614185,2.86102294921875e-06,0.00041961669921875,4.203038215637207,False
hurricane-florence_00000011,hurricane-florence,test_id,1024x1024,RGB,0.4632875,0.1678893,1.239776611328125e-05,0.0009050369262695312,5.455077171325684,False
hurricane-florence_00000017,hurricane-florence,test_id,1024x1024,RGB,0.17766097,0.14889738,0.00189208984375,1.239776611328125e-05,6.787408351898193,False
hurricane-florence_00000035,hurricane-florence,test_id,1024x1024,RGB,0.10017183,0.07181007,0.28755950927734375,8.869171142578125e-05,5.200499534606934,False
hurricane-florence_00000050,hurricane-florence,test_id,1024x1024,RGB,0.1902423,0.07844271,0.0,0.0043430328369140625,6.695025444030762,False
hurricane-florence_00000056,hurricane-florence,test_id,1024x1024,RGB,0.27850664,0.08161999,0.0,0.0,6.135154724121094,False
hurricane-florence_00000068,hurricane-florence,test_id,1024x1024,RGB,0.19536817,0.09400331,0.0,0.0,6.093792915344238,False
hurricane-florence_00000076,hurricane-florence,test_id,1024x1024,RGB,0.15093017,0.07089429,0.0,0.00011348724365234375,4.439262390136719,False
hurricane-florence_00000137,hurricane-florence,test_id,1024x1024,RGB,0.2111025,0.034296364,1.9073486328125e-06,3.147125244140625e-05,10.960415840148926,False
hurricane-florence_00000187,hurricane-florence,test_id,1024x1024,RGB,0.32606342,0.1145663,1.9073486328125e-06,0.0010042190551757812,6.338568687438965,False
hurricane-florence_00000202,hurricane-florence,test_id,1024x1024,RGB,0.2944033,0.10318773,0.0,3.814697265625e-06,5.4673027992248535,False
hurricane-florence_00000209,hurricane-florence,test_id,1024x1024,RGB,0.16885483,0.04562436,9.5367431640625e-07,7.62939453125e-05,7.92549991607666,False
hurricane-florence_00000248,hurricane-florence,test_id,1024x1024,RGB,0.23119518,0.08993933,0.0,0.0014543533325195312,6.235012531280518,False
hurricane-florence_00000307,hurricane-florence,test_id,1024x1024,RGB,0.1566054,0.044971723,0.0,0.00015163421630859375,5.628931045532227,False
hurricane-florence_00000352,hurricane-florence,test_id,1024x1024,RGB,0.331465,0.14846246,2.002716064453125e-05,0.0007410049438476562,7.075394630432129,False
hurricane-florence_00000364,hurricane-florence,test_id,1024x1024,RGB,0.34200272,0.116658516,0.0,7.534027099609375e-05,6.4857916831970215,False
hurricane-florence_00000491,hurricane-florence,test_id,1024x1024,RGB,0.24397014,0.05765653,0.0,4.00543212890625e-05,8.489873886108398,False
hurricane-florence_00000499,hurricane-florence,test_id,1024x1024,RGB,0.1343395,0.061467588,9.1552734375e-05,2.574920654296875e-05,8.854623794555664,False
hurricane-florence_00000505,hurricane-florence,test_id,1024x1024,RGB,0.19938953,0.061330028,0.0,0.0003223419189453125,8.227561950683594,False
hurricane-harvey_00000036,hurricane-harvey,test_id,1024x1024,RGB,0.23380032,0.21192835,0.3509864807128906,3.528594970703125e-05,3.96490216255188,False
hurricane-harvey_00000038,hurricane-harvey,test_id,1024x1024,RGB,0.27576977,0.0915461,0.0,0.0,5.590236663818359,False
hurricane-harvey_00000181,hurricane-harvey,test_id,1024x1024,RGB,0.2875454,0.08841994,0.0,3.719329833984375e-05,7.034668922424316,False
hurricane-harvey_00000182,hurricane-harvey,test_id,1024x1024,RGB,0.3675076,0.16609968,0.15561866760253906,0.0,5.198551177978516,False
hurricane-harvey_00000209,hurricane-harvey,test_id,1024x1024,RGB,0.31129545,0.121472746,0.0,6.961822509765625e-05,7.4386491775512695,False
hurricane-harvey_00000219,hurricane-harvey,test_id,1024x1024,RGB,0.23622878,0.085736714,0.0,0.0,6.831212043762207,False
hurricane-harvey_00000225,hurricane-harvey,test_id,1024x1024,RGB,0.3616814,0.1504471,0.0,0.0007915496826171875,5.5656938552856445,False
hurricane-harvey_00000234,hurricane-harvey,test_id,1024x1024,RGB,0.28672475,0.17906603,0.20697498321533203,0.0,4.6533050537109375,False
hurricane-harvey_00000236,hurricane-harvey,test_id,1024x1024,RGB,0.32202834,0.095493585,0.0,3.24249267578125e-05,6.385027885437012,False
hurricane-harvey_00000252,hurricane-harvey,test_id,1024x1024,RGB,0.29231519,0.08058304,0.0,1.239776611328125e-05,6.505279541015625,False
hurricane-harvey_00000282,hurricane-harvey,test_id,1024x1024,RGB,0.4510898,0.18931237,0.0,0.0,4.457262992858887,False
hurricane-harvey_00000294,hurricane-harvey,test_id,1024x1024,RGB,0.2853143,0.16101448,0.0,0.0,4.484964847564697,False
hurricane-harvey_00000321,hurricane-harvey,test_id,1024x1024,RGB,0.4544767,0.10218662,0.0,9.5367431640625e-07,5.531325817108154,False
hurricane-harvey_00000404,hurricane-harvey,test_id,1024x1024,RGB,0.30741298,0.0844799,0.0,2.86102294921875e-06,7.014638423919678,False
hurricane-harvey_00000405,hurricane-harvey,test_id,1024x1024,RGB,0.39325014,0.21103893,0.0,1.621246337890625e-05,9.540016174316406,False
hurricane-harvey_00000424,hurricane-harvey,test_id,1024x1024,RGB,0.33992764,0.13648424,0.0,3.719329833984375e-05,7.3164520263671875,False
hurricane-harvey_00000428,hurricane-harvey,test_id,1024x1024,RGB,0.37082154,0.18734044,0.053948402404785156,0.00016880035400390625,7.828470230102539,False
hurricane-harvey_00000479,hurricane-harvey,test_id,1024x1024,RGB,0.31958476,0.10698492,0.0,4.1961669921875e-05,7.8313751220703125,False
hurricane-matthew_00000019,hurricane-matthew,test_id,1024x1024,RGB,0.33496758,0.07118243,0.0,3.814697265625e-06,5.069827079772949,False
hurricane-matthew_00000022,hurricane-matthew,test_id,1024x1024,RGB,0.35641128,0.0652339,1.9073486328125e-06,9.1552734375e-05,5.3563032150268555,False
hurricane-matthew_00000025,hurricane-matthew,test_id,1024x1024,RGB,0.34065354,0.058653127,0.0,3.814697265625e-05,5.031178951263428,False
hurricane-matthew_00000036,hurricane-matthew,test_id,1024x1024,RGB,0.28887308,0.1853878,0.22294044494628906,0.0007295608520507812,5.892584800720215,False
hurricane-matthew_00000037,hurricane-matthew,test_id,1024x1024,RGB,0.43104726,0.14059119,1.9073486328125e-05,0.0008144378662109375,11.150850296020508,False
hurricane-matthew_00000047,hurricane-matthew,test_id,1024x1024,RGB,0.34818265,0.08278879,0.0,2.765655517578125e-05,6.42485237121582,False
hurricane-matthew_00000061,hurricane-matthew,test_id,1024x1024,RGB,0.34663153,0.08948107,0.0,0.00020885467529296875,6.424376010894775,False
hurricane-matthew_00000111,hurricane-matthew,test_id,1024x1024,RGB,0.30375174,0.07244731,0.0,9.5367431640625e-07,13.082682609558105,False
hurricane-matthew_00000150,hurricane-matthew,test_id,1024x1024,RGB,0.30710268,0.070990846,0.0,3.719329833984375e-05,12.893692016601562,False
hurricane-matthew_00000160,hurricane-matthew,test_id,1024x1024,RGB,0.32223496,0.08451745,0.0,0.0001506805419921875,12.505640029907227,False
hurricane-matthew_00000199,hurricane-matthew,test_id,1024x1024,RGB,0.24235937,0.062165108,9.5367431640625e-07,8.58306884765625e-06,11.093710899353027,False
hurricane-matthew_00000210,hurricane-matthew,test_id,1024x1024,RGB,0.3460338,0.09342307,9.5367431640625e-07,4.38690185546875e-05,14.571847915649414,False
hurricane-matthew_00000224,hurricane-matthew,test_id,1024x1024,RGB,0.32898977,0.11431074,9.5367431640625e-07,0.0001888275146484375,14.894168853759766,False
hurricane-matthew_00000236,hurricane-matthew,test_id,1024x1024,RGB,0.31681257,0.09801453,1.9073486328125e-06,0.00030994415283203125,15.328374862670898,False
hurricane-matthew_00000246,hurricane-matthew,test_id,1024x1024,RGB,0.17820194,0.0486084,0.0,0.0,4.630030632019043,False
hurricane-matthew_00000247,hurricane-matthew,test_id,1024x1024,RGB,0.3260702,0.10310932,9.5367431640625e-07,0.000141143798828125,13.299447059631348,False
hurricane-matthew_00000262,hurricane-matthew,test_id,1024x1024,RGB,0.25721878,0.07452667,9.5367431640625e-07,6.008148193359375e-05,5.389481544494629,False
hurricane-matthew_00000266,hurricane-matthew,test_id,1024x1024,RGB,0.27539924,0.085659385,2.86102294921875e-06,5.7220458984375e-06,6.244467735290527,False
hurricane-matthew_00000267,hurricane-matthew,test_id,1024x1024,RGB,0.2907317,0.0769088,0.0,1.049041748046875e-05,14.77464771270752,False
hurricane-matthew_00000288,hurricane-matthew,test_id,1024x1024,RGB,0.30852386,0.0938043,0.0,0.0001888275146484375,14.999412536621094,False
hurricane-matthew_00000290,hurricane-matthew,test_id,1024x1024,RGB,0.30097908,0.071260884,5.7220458984375e-06,7.724761962890625e-05,12.446554183959961,False
hurricane-matthew_00000292,hurricane-matthew,test_id,1024x1024,RGB,0.2622138,0.04498093,0.0,0.0,6.2189412117004395,False
hurricane-matthew_00000294,hurricane-matthew,test_id,1024x1024,RGB,0.26089543,0.068254516,0.0,1.9073486328125e-06,11.090038299560547,False
hurricane-matthew_00000304,hurricane-matthew,test_id,1024x1024,RGB,0.2946312,0.05998458,0.0,0.0,10.815279960632324,False
hurricane-matthew_00000325,hurricane-matthew,test_id,1024x1024,RGB,0.2525704,0.06657367,0.0,1.9073486328125e-06,5.666511058807373,False
hurricane-matthew_00000327,hurricane-matthew,test_id,1024x1024,RGB,0.39035597,0.11321319,2.86102294921875e-06,6.4849853515625e-05,11.652976989746094,False
hurricane-matthew_00000330,hurricane-matthew,test_id,1024x1024,RGB,0.16033787,0.13917299,0.3725252151489258,2.288818359375e-05,3.3585236072540283,False
hurricane-matthew_00000333,hurricane-matthew,test_id,1024x1024,RGB,0.1717114,0.14939493,0.3773221969604492,2.86102294921875e-06,3.086785316467285,False
hurricane-matthew_00000352,hurricane-matthew,test_id,1024x1024,RGB,0.20305847,0.179433,0.40178680419921875,0.00029850006103515625,4.902292728424072,False
hurricane-matthew_00000371,hurricane-matthew,test_id,1024x1024,RGB,0.3064627,0.07322608,3.814697265625e-06,2.288818359375e-05,9.97297477722168,False
hurricane-matthew_00000377,hurricane-matthew,test_id,1024x1024,RGB,0.39368102,0.0999196,0.0,0.00031566619873046875,10.012378692626953,False
hurricane-michael_00000006,hurricane-michael,test_id,1024x1024,RGB,0.32657787,0.12663178,9.5367431640625e-07,0.001422882080078125,8.989788055419922,False
hurricane-michael_00000037,hurricane-michael,test_id,1024x1024,RGB,0.3870966,0.15187983,0.0,0.0,10.910526275634766,False
hurricane-michael_00000161,hurricane-michael,test_id,1024x1024,RGB,0.3461198,0.12047132,0.0,0.00010585784912109375,9.391790390014648,False
hurricane-michael_00000372,hurricane-michael,test_id,1024x1024,RGB,0.3407592,0.11442998,0.0016069412231445312,0.0009975433349609375,9.022700309753418,False
hurricane-michael_00000382,hurricane-michael,test_id,1024x1024,RGB,0.31239885,0.102949984,0.0,8.7738037109375e-05,8.990645408630371,False
mexico-earthquake_00000106,mexico-earthquake,test_id,1024x1024,RGB,0.2588365,0.053478207,0.0,0.0,5.536381721496582,False
mexico-earthquake_00000123,mexico-earthquake,test_id,1024x1024,RGB,0.45865232,0.09604428,0.0,0.00021839141845703125,9.295461654663086,False
mexico-earthquake_00000147,mexico-earthquake,test_id,1024x1024,RGB,0.34243077,0.10733995,0.0,3.4332275390625e-05,9.930442810058594,False
midwest-flooding_00000112,midwest-flooding,test_id,1024x1024,RGB,0.29492095,0.081318386,0.0,0.0003223419189453125,8.083211898803711,False
midwest-flooding_00000122,midwest-flooding,test_id,1024x1024,RGB,0.23918657,0.08210836,0.0,2.384185791015625e-05,10.53115463256836,False
midwest-flooding_00000128,midwest-flooding,test_id,1024x1024,RGB,0.27203855,0.1415319,0.0,0.00043010711669921875,13.18783187866211,False
midwest-flooding_00000184,midwest-flooding,test_id,1024x1024,RGB,0.30808297,0.07059786,1.9073486328125e-06,9.5367431640625e-07,11.667935371398926,False
midwest-flooding_00000210,midwest-flooding,test_id,1024x1024,RGB,0.30433708,0.06442467,0.0,1.1444091796875e-05,7.2327880859375,False
midwest-flooding_00000232,midwest-flooding,test_id,1024x1024,RGB,0.13939007,0.14137939,0.4524955749511719,0.0005245208740234375,6.0813140869140625,False
midwest-flooding_00000298,midwest-flooding,test_id,1024x1024,RGB,0.21839571,0.07957329,2.86102294921875e-06,0.00046825408935546875,8.830575942993164,False
midwest-flooding_00000363,midwest-flooding,test_id,1024x1024,RGB,0.27598092,0.11005929,9.5367431640625e-07,0.0,12.124466896057129,False
palu-tsunami_00000012,palu-tsunami,test_id,1024x1024,RGB,0.31913242,0.12039831,1.9073486328125e-06,0.00041294097900390625,8.66943359375,False
palu-tsunami_00000144,palu-tsunami,test_id,1024x1024,RGB,0.40192446,0.120285936,1.52587890625e-05,0.00043582916259765625,7.786391258239746,False
palu-tsunami_00000172,palu-tsunami,test_id,1024x1024,RGB,0.37558967,0.1461118,0.004000663757324219,0.0023365020751953125,9.223308563232422,False
pinery-bushfire_00000009,pinery-bushfire,test_ood,1024x1024,RGB,0.3770196,0.11166981,1.9073486328125e-06,0.0002288818359375,10.881147384643555,False
pinery-bushfire_00000012,pinery-bushfire,test_ood,1024x1024,RGB,0.5133442,0.06650768,0.0,0.0,6.597856521606445,False
pinery-bushfire_00000025,pinery-bushfire,test_ood,1024x1024,RGB,0.38482827,0.06665674,7.62939453125e-06,0.00042438507080078125,7.218603134155273,False
pinery-bushfire_00000032,pinery-bushfire,test_ood,1024x1024,RGB,0.33074582,0.085483745,3.0517578125e-05,0.0005207061767578125,9.533975601196289,False
pinery-bushfire_00000043,pinery-bushfire,test_ood,1024x1024,RGB,0.403774,0.15538824,2.86102294921875e-06,0.00010395050048828125,15.69957447052002,False
pinery-bushfire_00000053,pinery-bushfire,test_ood,1024x1024,RGB,0.37763295,0.09073415,5.7220458984375e-06,0.0008211135864257812,10.3004150390625,False
pinery-bushfire_00000066,pinery-bushfire,test_ood,1024x1024,RGB,0.336527,0.04158133,0.0,0.0,7.194846153259277,False
pinery-bushfire_00000073,pinery-bushfire,test_ood,1024x1024,RGB,0.46654966,0.13893557,0.0,2.002716064453125e-05,7.985474109649658,False
pinery-bushfire_00000127,pinery-bushfire,test_ood,1024x1024,RGB,0.43517277,0.15376653,2.09808349609375e-05,3.0517578125e-05,14.160663604736328,False
pinery-bushfire_00000134,pinery-bushfire,test_ood,1024x1024,RGB,0.40468556,0.11725565,0.0,3.0517578125e-05,10.135051727294922,False
pinery-bushfire_00000142,pinery-bushfire,test_ood,1024x1024,RGB,0.39751002,0.1738391,0.00035572052001953125,0.0,12.201981544494629,False
pinery-bushfire_00000146,pinery-bushfire,test_ood,1024x1024,RGB,0.37381485,0.1267832,0.0,0.0,10.045439720153809,False
pinery-bushfire_00000147,pinery-bushfire,test_ood,1024x1024,RGB,0.34728765,0.109652705,0.0,0.0,8.599267959594727,False
pinery-bushfire_00000149,pinery-bushfire,test_ood,1024x1024,RGB,0.33143145,0.065419845,0.0,0.0,7.992450714111328,False
pinery-bushfire_00000210,pinery-bushfire,test_ood,1024x1024,RGB,0.36304513,0.10647809,1.621246337890625e-05,0.0011453628540039062,10.237951278686523,False
pinery-bushfire_00000212,pinery-bushfire,test_ood,1024x1024,RGB,0.30325863,0.02071895,0.0,0.0,6.027608871459961,False
pinery-bushfire_00000215,pinery-bushfire,test_ood,1024x1024,RGB,0.44520336,0.105333775,0.0,0.0,6.901118278503418,False
pinery-bushfire_00000265,pinery-bushfire,test_ood,1024x1024,RGB,0.29018226,0.08292793,0.0,3.814697265625e-05,8.666146278381348,False
pinery-bushfire_00000273,pinery-bushfire,test_ood,1024x1024,RGB,0.34460893,0.08462977,0.0,0.0,11.607487678527832,False
pinery-bushfire_00000298,pinery-bushfire,test_ood,1024x1024,RGB,0.30245474,0.06410135,0.0,0.0,8.97987174987793,False
pinery-bushfire_00000318,pinery-bushfire,test_ood,1024x1024,RGB,0.34042597,0.048743106,0.0,0.0,12.358935356140137,False
pinery-bushfire_00000322,pinery-bushfire,test_ood,1024x1024,RGB,0.2943134,0.03988938,0.0,0.0,8.841808319091797,False
pinery-bushfire_00000323,pinery-bushfire,test_ood,1024x1024,RGB,0.49099022,0.11332386,0.0,0.00012111663818359375,14.762118339538574,False
pinery-bushfire_00000335,pinery-bushfire,test_ood,1024x1024,RGB,0.37989855,0.09663874,0.0,0.0007867813110351562,11.114677429199219,False
pinery-bushfire_00000395,pinery-bushfire,test_ood,1024x1024,RGB,0.35461572,0.047890317,0.0,0.0,8.367408752441406,False
pinery-bushfire_00000431,pinery-bushfire,test_ood,1024x1024,RGB,0.41300818,0.10431658,1.1444091796875e-05,0.00038242340087890625,11.042280197143555,False
pinery-bushfire_00000444,pinery-bushfire,test_ood,1024x1024,RGB,0.33365497,0.109661415,1.9073486328125e-06,0.0007810592651367188,9.17279052734375,False
pinery-bushfire_00000446,pinery-bushfire,test_ood,1024x1024,RGB,0.33494166,0.09304369,0.0,9.5367431640625e-07,8.915458679199219,False
pinery-bushfire_00000462,pinery-bushfire,test_ood,1024x1024,RGB,0.42513895,0.16024368,9.5367431640625e-07,3.337860107421875e-05,14.446874618530273,False
pinery-bushfire_00000499,pinery-bushfire,test_ood,1024x1024,RGB,0.3299697,0.09597489,0.0,0.0,8.247026443481445,False
pinery-bushfire_00000527,pinery-bushfire,test_ood,1024x1024,RGB,0.48934892,0.057813983,0.0,0.0,11.25044059753418,False
pinery-bushfire_00000548,pinery-bushfire,test_ood,1024x1024,RGB,0.29982102,0.03383636,0.0,0.0,6.651997089385986,False
pinery-bushfire_00000556,pinery-bushfire,test_ood,1024x1024,RGB,0.288781,0.064057834,0.0,2.86102294921875e-06,7.583172798156738,False
pinery-bushfire_00000559,pinery-bushfire,test_ood,1024x1024,RGB,0.32631484,0.0913191,1.1444091796875e-05,0.00018978118896484375,7.754206657409668,False
pinery-bushfire_00000562,pinery-bushfire,test_ood,1024x1024,RGB,0.35091737,0.07367754,9.5367431640625e-07,5.53131103515625e-05,4.709380149841309,False
pinery-bushfire_00000568,pinery-bushfire,test_ood,1024x1024,RGB,0.32702613,0.043608077,2.956390380859375e-05,9.822845458984375e-05,7.081716060638428,False
pinery-bushfire_00000583,pinery-bushfire,test_ood,1024x1024,RGB,0.38310555,0.16125228,0.0,0.000652313232421875,12.935609817504883,False
pinery-bushfire_00000595,pinery-bushfire,test_ood,1024x1024,RGB,0.36033407,0.05969623,0.0,0.0,5.091264724731445,False
pinery-bushfire_00000609,pinery-bushfire,test_ood,1024x1024,RGB,0.34437814,0.05866155,0.0,0.0,5.8434157371521,False
pinery-bushfire_00000612,pinery-bushfire,test_ood,1024x1024,RGB,0.41409847,0.11954131,0.0,0.0,11.835012435913086,False
pinery-bushfire_00000613,pinery-bushfire,test_ood,1024x1024,RGB,0.39043185,0.19966227,0.0,0.006241798400878906,8.937652587890625,False
pinery-bushfire_00000623,pinery-bushfire,test_ood,1024x1024,RGB,0.34533107,0.16075496,0.0,0.0,11.265953063964844,False
pinery-bushfire_00000640,pinery-bushfire,test_ood,1024x1024,RGB,0.43603042,0.11372241,3.62396240234375e-05,0.0016307830810546875,12.406078338623047,False
pinery-bushfire_00000648,pinery-bushfire,test_ood,1024x1024,RGB,0.31750733,0.08487638,0.0,0.00023746490478515625,5.412033557891846,False
pinery-bushfire_00000650,pinery-bushfire,test_ood,1024x1024,RGB,0.42078426,0.08884796,0.0,0.0,6.535597801208496,False
pinery-bushfire_00000656,pinery-bushfire,test_ood,1024x1024,RGB,0.3268649,0.13477007,0.0,1.52587890625e-05,10.758132934570312,False
pinery-bushfire_00000660,pinery-bushfire,test_ood,1024x1024,RGB,0.59428006,0.054702308,0.0,0.0,7.944170951843262,False
pinery-bushfire_00000668,pinery-bushfire,test_ood,1024x1024,RGB,0.35732046,0.099861786,0.0,0.0004062652587890625,10.141117095947266,False
pinery-bushfire_00000675,pinery-bushfire,test_ood,1024x1024,RGB,0.407995,0.09965604,0.0,4.00543212890625e-05,9.518631935119629,False
pinery-bushfire_00000700,pinery-bushfire,test_ood,1024x1024,RGB,0.3907744,0.05895364,0.0,0.0,7.4841461181640625,False
pinery-bushfire_00000707,pinery-bushfire,test_ood,1024x1024,RGB,0.36442363,0.109551184,4.76837158203125e-06,0.0001811981201171875,10.928024291992188,False
pinery-bushfire_00000729,pinery-bushfire,test_ood,1024x1024,RGB,0.33257714,0.1271825,0.0,0.0,10.915846824645996,False
pinery-bushfire_00000756,pinery-bushfire,test_ood,1024x1024,RGB,0.5175047,0.0710629,0.0,0.0,7.44589900970459,False
pinery-bushfire_00000782,pinery-bushfire,test_ood,1024x1024,RGB,0.37883827,0.1460133,0.0,0.0023584365844726562,10.474181175231934,False
pinery-bushfire_00000789,pinery-bushfire,test_ood,1024x1024,RGB,0.34104362,0.08865142,9.5367431640625e-07,0.0024232864379882812,4.833461761474609,False
pinery-bushfire_00000800,pinery-bushfire,test_ood,1024x1024,RGB,0.32993022,0.059776906,9.5367431640625e-07,1.811981201171875e-05,8.998790740966797,False
pinery-bushfire_00000815,pinery-bushfire,test_ood,1024x1024,RGB,0.34372705,0.058808845,0.0,0.0,9.774637222290039,False
pinery-bushfire_00000817,pinery-bushfire,test_ood,1024x1024,RGB,0.3565767,0.034168355,0.0,0.0,3.577854633331299,False
pinery-bushfire_00000846,pinery-bushfire,test_ood,1024x1024,RGB,0.37369493,0.09866555,6.67572021484375e-06,0.00122833251953125,7.709877967834473,False
pinery-bushfire_00000849,pinery-bushfire,test_ood,1024x1024,RGB,0.36515605,0.16286495,0.0,0.0,13.950033187866211,False
pinery-bushfire_00000874,pinery-bushfire,test_ood,1024x1024,RGB,0.40491498,0.083682194,0.0,2.288818359375e-05,5.140321731567383,False
pinery-bushfire_00000883,pinery-bushfire,test_ood,1024x1024,RGB,0.49702123,0.12958415,6.67572021484375e-06,5.340576171875e-05,8.642309188842773,False
pinery-bushfire_00000895,pinery-bushfire,test_ood,1024x1024,RGB,0.35741928,0.09426994,0.0,0.0,7.818527698516846,False
pinery-bushfire_00000897,pinery-bushfire,test_ood,1024x1024,RGB,0.33171013,0.11957859,2.86102294921875e-06,0.0003566741943359375,8.941917419433594,False
pinery-bushfire_00000901,pinery-bushfire,test_ood,1024x1024,RGB,0.459104,0.09072727,0.0,2.86102294921875e-06,8.758310317993164,False
pinery-bushfire_00000940,pinery-bushfire,test_ood,1024x1024,RGB,0.3606562,0.03207873,0.0,0.0,6.960387229919434,False
pinery-bushfire_00001010,pinery-bushfire,test_ood,1024x1024,RGB,0.5363526,0.15380253,0.0,0.0,19.387683868408203,False
pinery-bushfire_00001033,pinery-bushfire,test_ood,1024x1024,RGB,0.48279947,0.13215129,0.0,0.0,15.296867370605469,False
pinery-bushfire_00001056,pinery-bushfire,test_ood,1024x1024,RGB,0.30944762,0.07830996,0.0,0.0,7.503749847412109,False
pinery-bushfire_00001104,pinery-bushfire,test_ood,1024x1024,RGB,0.3564281,0.06286435,0.0,0.0,6.18893575668335,False
pinery-bushfire_00001153,pinery-bushfire,test_ood,1024x1024,RGB,0.3943023,0.038284194,0.0,0.0,5.557109832763672,False
pinery-bushfire_00001176,pinery-bushfire,test_ood,1024x1024,RGB,0.38461035,0.09988599,0.0,4.76837158203125e-05,6.904703140258789,False
pinery-bushfire_00001177,pinery-bushfire,test_ood,1024x1024,RGB,0.37484834,0.100763395,0.0,0.00017261505126953125,7.589272975921631,False
pinery-bushfire_00001180,pinery-bushfire,test_ood,1024x1024,RGB,0.5073545,0.07548475,0.0,1.9073486328125e-06,11.063007354736328,False
pinery-bushfire_00001182,pinery-bushfire,test_ood,1024x1024,RGB,0.4434574,0.09424279,0.0,0.0,6.340215682983398,False
pinery-bushfire_00001190,pinery-bushfire,test_ood,1024x1024,RGB,0.40109232,0.108308524,0.0,0.0,11.370427131652832,False
pinery-bushfire_00001225,pinery-bushfire,test_ood,1024x1024,RGB,0.37800285,0.11309113,0.00528717041015625,0.00026035308837890625,7.758109092712402,False
pinery-bushfire_00001242,pinery-bushfire,test_ood,1024x1024,RGB,0.46524593,0.059439473,0.0,0.0,5.227990627288818,False
pinery-bushfire_00001257,pinery-bushfire,test_ood,1024x1024,RGB,0.42872933,0.10525208,0.0,0.0002079010009765625,6.912994384765625,False
pinery-bushfire_00001258,pinery-bushfire,test_ood,1024x1024,RGB,0.34604862,0.06673549,0.0,9.5367431640625e-06,7.781156539916992,False
pinery-bushfire_00001270,pinery-bushfire,test_ood,1024x1024,RGB,0.32312697,0.08492909,0.0,0.0,4.5661444664001465,False
pinery-bushfire_00001312,pinery-bushfire,test_ood,1024x1024,RGB,0.4662596,0.14318825,0.0,0.0,7.925724029541016,False
pinery-bushfire_00001323,pinery-bushfire,test_ood,1024x1024,RGB,0.434581,0.08391669,0.0,0.0,7.059778690338135,False
pinery-bushfire_00001324,pinery-bushfire,test_ood,1024x1024,RGB,0.4225922,0.093545586,0.0,1.71661376953125e-05,7.650725364685059,False
pinery-bushfire_00001329,pinery-bushfire,test_ood,1024x1024,RGB,0.3878741,0.11770115,0.0,3.814697265625e-05,8.989418983459473,False
pinery-bushfire_00001337,pinery-bushfire,test_ood,1024x1024,RGB,0.41965678,0.111349836,0.0,0.000701904296875,6.9897966384887695,False
pinery-bushfire_00001339,pinery-bushfire,test_ood,1024x1024,RGB,0.3618437,0.06467994,0.0,0.0,6.893649578094482,False
pinery-bushfire_00001363,pinery-bushfire,test_ood,1024x1024,RGB,0.3892613,0.1011779,0.0,0.0,8.838773727416992,False
pinery-bushfire_00001409,pinery-bushfire,test_ood,1024x1024,RGB,0.53763723,0.093396604,0.0,0.00157928466796875,6.49000358581543,False
pinery-bushfire_00001447,pinery-bushfire,test_ood,1024x1024,RGB,0.4438472,0.17867093,0.0,0.0002002716064453125,8.760095596313477,False
pinery-bushfire_00001451,pinery-bushfire,test_ood,1024x1024,RGB,0.47991255,0.07974704,0.0,0.0,5.698766708374023,False
pinery-bushfire_00001454,pinery-bushfire,test_ood,1024x1024,RGB,0.40198758,0.05186963,0.0,0.0,5.921779632568359,False
pinery-bushfire_00001457,pinery-bushfire,test_ood,1024x1024,RGB,0.36231247,0.084294684,0.0,0.000377655029296875,7.781984329223633,False
pinery-bushfire_00001462,pinery-bushfire,test_ood,1024x1024,RGB,0.4923476,0.09496705,0.0,8.7738037109375e-05,5.5834455490112305,False
pinery-bushfire_00001474,pinery-bushfire,test_ood,1024x1024,RGB,0.41130382,0.074000336,0.0,0.0,4.628908157348633,False
pinery-bushfire_00001476,pinery-bushfire,test_ood,1024x1024,RGB,0.39356798,0.08370057,0.0,0.0,5.185028076171875,False
pinery-bushfire_00001490,pinery-bushfire,test_ood,1024x1024,RGB,0.4988675,0.038846876,0.0,0.0,5.562888145446777,False
pinery-bushfire_00001496,pinery-bushfire,test_ood,1024x1024,RGB,0.36295244,0.05795574,0.0,0.0,7.292831897735596,False
pinery-bushfire_00001507,pinery-bushfire,test_ood,1024x1024,RGB,0.39088142,0.09149607,0.0,0.00046825408935546875,7.719292640686035,False
pinery-bushfire_00001543,pinery-bushfire,test_ood,1024x1024,RGB,0.5525259,0.1096095,0.0,0.0005350112915039062,8.734861373901367,False
pinery-bushfire_00001730,pinery-bushfire,test_ood,1024x1024,RGB,0.44518593,0.09893769,0.0,0.0,7.7883453369140625,False
pinery-bushfire_00001739,pinery-bushfire,test_ood,1024x1024,RGB,0.33142263,0.07986028,0.0,0.0,6.57905387878418,False
pinery-bushfire_00001813,pinery-bushfire,test_ood,1024x1024,RGB,0.26181844,0.09018036,0.0,0.00034046173095703125,8.283456802368164,False
pinery-bushfire_00001817,pinery-bushfire,test_ood,1024x1024,RGB,0.6294059,0.07475835,0.0,0.0,9.623851776123047,False
pinery-bushfire_00001819,pinery-bushfire,test_ood,1024x1024,RGB,0.33190215,0.056853723,0.0,3.814697265625e-06,5.267690658569336,False
pinery-bushfire_00001821,pinery-bushfire,test_ood,1024x1024,RGB,0.3403321,0.099829435,0.0,0.004075050354003906,7.277759552001953,False
pinery-bushfire_00001825,pinery-bushfire,test_ood,1024x1024,RGB,0.36275685,0.09333714,0.0,0.0,7.563051700592041,False
portugal-wildfire_00000002,portugal-wildfire,test_ood,1024x1024,RGB,0.2959925,0.06974129,0.0,0.0,13.624181747436523,False
portugal-wildfire_00000004,portugal-wildfire,test_ood,1024x1024,RGB,0.23756187,0.06873899,0.0,0.0,10.462024688720703,False
portugal-wildfire_00000016,portugal-wildfire,test_ood,1024x1024,RGB,0.25392434,0.10385707,0.0,5.7220458984375e-06,9.626399993896484,False
portugal-wildfire_00000018,portugal-wildfire,test_ood,1024x1024,RGB,0.23829822,0.06098379,0.0,0.0,10.049592018127441,False
portugal-wildfire_00000020,portugal-wildfire,test_ood,1024x1024,RGB,0.2655132,0.164211,0.14721393585205078,1.049041748046875e-05,9.120672225952148,False
portugal-wildfire_00000035,portugal-wildfire,test_ood,1024x1024,RGB,0.23596364,0.071909875,0.0,0.0,11.845420837402344,False
portugal-wildfire_00000043,portugal-wildfire,test_ood,1024x1024,RGB,0.18940756,0.09622791,0.13879108428955078,0.0,7.550815105438232,False
portugal-wildfire_00000047,portugal-wildfire,test_ood,1024x1024,RGB,0.2141254,0.08024229,0.03841876983642578,0.0,9.785444259643555,False
portugal-wildfire_00000057,portugal-wildfire,test_ood,1024x1024,RGB,0.2588475,0.07318594,0.0,0.0,10.258934020996094,False
portugal-wildfire_00000085,portugal-wildfire,test_ood,1024x1024,RGB,0.2455264,0.07479343,0.0,0.0,11.368330955505371,False
portugal-wildfire_00000093,portugal-wildfire,test_ood,1024x1024,RGB,0.27710003,0.12089344,0.0,3.814697265625e-05,11.103822708129883,False
portugal-wildfire_00000099,portugal-wildfire,test_ood,1024x1024,RGB,0.29089266,0.11157074,0.0,5.91278076171875e-05,8.8053617477417,False
portugal-wildfire_00000100,portugal-wildfire,test_ood,1024x1024,RGB,0.23152027,0.09307419,0.0,0.0,10.845283508300781,False
portugal-wildfire_00000110,portugal-wildfire,test_ood,1024x1024,RGB,0.16192703,0.18174309,0.5079307556152344,2.193450927734375e-05,4.787204742431641,False
portugal-wildfire_00000114,portugal-wildfire,test_ood,1024x1024,RGB,0.24878995,0.07030222,0.0,0.0,10.525655746459961,False
portugal-wildfire_00000115,portugal-wildfire,test_ood,1024x1024,RGB,0.23642267,0.058405776,0.0,0.0,9.227054595947266,False
portugal-wildfire_00000123,portugal-wildfire,test_ood,1024x1024,RGB,0.33571118,0.12366664,0.0,5.340576171875e-05,7.892167091369629,False
portugal-wildfire_00000136,portugal-wildfire,test_ood,1024x1024,RGB,0.24891241,0.11044248,0.0,9.5367431640625e-07,11.179357528686523,False
portugal-wildfire_00000143,portugal-wildfire,test_ood,1024x1024,RGB,0.22974898,0.07184148,0.0,0.0,10.028770446777344,False
portugal-wildfire_00000159,portugal-wildfire,test_ood,1024x1024,RGB,0.25473717,0.12926076,0.096282958984375,3.528594970703125e-05,9.138343811035156,False
portugal-wildfire_00000168,portugal-wildfire,test_ood,1024x1024,RGB,0.25172153,0.096514896,0.0,7.62939453125e-06,10.132274627685547,False
portugal-wildfire_00000180,portugal-wildfire,test_ood,1024x1024,RGB,0.15188031,0.13201302,0.3961820602416992,0.0,5.807506084442139,False
portugal-wildfire_00000201,portugal-wildfire,test_ood,1024x1024,RGB,0.17972812,0.15348364,0.36357975006103516,0.0,5.752331733703613,False
portugal-wildfire_00000226,portugal-wildfire,test_ood,1024x1024,RGB,0.33900353,0.14522088,0.0,0.005738258361816406,11.389083862304688,False
portugal-wildfire_00000235,portugal-wildfire,test_ood,1024x1024,RGB,0.2411448,0.08011303,0.0,0.0,9.14538288116455,False
portugal-wildfire_00000274,portugal-wildfire,test_ood,1024x1024,RGB,0.3720247,0.15395056,0.04333209991455078,0.0001621246337890625,7.862159729003906,False
portugal-wildfire_00000283,portugal-wildfire,test_ood,1024x1024,RGB,0.21934299,0.0810682,0.0,1.239776611328125e-05,9.152050018310547,False
portugal-wildfire_00000285,portugal-wildfire,test_ood,1024x1024,RGB,0.2869876,0.10483013,9.5367431640625e-07,9.1552734375e-05,9.861690521240234,False
portugal-wildfire_00000288,portugal-wildfire,test_ood,1024x1024,RGB,0.25475183,0.103690244,0.0,6.67572021484375e-06,10.399332046508789,False
portugal-wildfire_00000301,portugal-wildfire,test_ood,1024x1024,RGB,0.24105464,0.09751851,0.0,0.000244140625,10.843032836914062,False
portugal-wildfire_00000310,portugal-wildfire,test_ood,1024x1024,RGB,0.2940928,0.08194104,0.0,9.5367431640625e-07,8.404233932495117,False
portugal-wildfire_00000315,portugal-wildfire,test_ood,1024x1024,RGB,0.23268536,0.06755515,0.0,0.0,11.321067810058594,False
portugal-wildfire_00000327,portugal-wildfire,test_ood,1024x1024,RGB,0.25960216,0.079347454,0.0,1.811981201171875e-05,11.429519653320312,False
portugal-wildfire_00000375,portugal-wildfire,test_ood,1024x1024,RGB,0.26277283,0.09738869,0.0,1.049041748046875e-05,7.333474159240723,False
portugal-wildfire_00000398,portugal-wildfire,test_ood,1024x1024,RGB,0.18546367,0.09168766,0.13571834564208984,0.0,5.4934611320495605,False
portugal-wildfire_00000424,portugal-wildfire,test_ood,1024x1024,RGB,0.22319573,0.20066832,0.3466453552246094,0.00034236907958984375,8.345699310302734,False
portugal-wildfire_00000438,portugal-wildfire,test_ood,1024x1024,RGB,0.23860873,0.069648586,0.0,0.0,7.370161533355713,False
portugal-wildfire_00000454,portugal-wildfire,test_ood,1024x1024,RGB,0.21130478,0.07204257,2.86102294921875e-06,0.0,11.852226257324219,False
portugal-wildfire_00000490,portugal-wildfire,test_ood,1024x1024,RGB,0.24278206,0.08465442,0.055278778076171875,0.0,8.793972969055176,False
portugal-wildfire_00000494,portugal-wildfire,test_ood,1024x1024,RGB,0.25619265,0.07033305,0.0,0.00013637542724609375,9.606189727783203,False
portugal-wildfire_00000496,portugal-wildfire,test_ood,1024x1024,RGB,0.2666915,0.083954774,0.0,0.0,8.952271461486816,False
portugal-wildfire_00000505,portugal-wildfire,test_ood,1024x1024,RGB,0.2360561,0.08130256,0.0,0.0,12.401113510131836,False
portugal-wildfire_00000507,portugal-wildfire,test_ood,1024x1024,RGB,0.2433849,0.08286384,0.0,0.0,6.415175914764404,False
portugal-wildfire_00000521,portugal-wildfire,test_ood,1024x1024,RGB,0.2339372,0.09079337,0.0,0.00018596649169921875,10.417810440063477,False
portugal-wildfire_00000531,portugal-wildfire,test_ood,1024x1024,RGB,0.2426595,0.10319046,0.0,0.0002079010009765625,11.178582191467285,False
portugal-wildfire_00000594,portugal-wildfire,test_ood,1024x1024,RGB,0.2652992,0.06112299,0.0,0.000301361083984375,9.853734970092773,False
portugal-wildfire_00000634,portugal-wildfire,test_ood,1024x1024,RGB,0.24832855,0.09452329,9.5367431640625e-07,6.29425048828125e-05,13.323833465576172,False
portugal-wildfire_00000641,portugal-wildfire,test_ood,1024x1024,RGB,0.2573407,0.06869532,0.0,0.0,11.655440330505371,False
portugal-wildfire_00000698,portugal-wildfire,test_ood,1024x1024,RGB,0.23103842,0.094105,9.5367431640625e-07,0.0006093978881835938,11.4139986038208,False
portugal-wildfire_00000713,portugal-wildfire,test_ood,1024x1024,RGB,0.26248798,0.08346851,0.0,0.0,9.455060958862305,False
portugal-wildfire_00000714,portugal-wildfire,test_ood,1024x1024,RGB,0.24834771,0.06612732,0.0,0.0,6.444155693054199,False
portugal-wildfire_00000748,portugal-wildfire,test_ood,1024x1024,RGB,0.23996696,0.06222461,0.0,0.0,9.83484172821045,False
portugal-wildfire_00000759,portugal-wildfire,test_ood,1024x1024,RGB,0.27120912,0.06682384,0.0,0.0,10.931861877441406,False
portugal-wildfire_00000764,portugal-wildfire,test_ood,1024x1024,RGB,0.23098038,0.07996331,0.0,5.91278076171875e-05,11.272018432617188,False
portugal-wildfire_00000790,portugal-wildfire,test_ood,1024x1024,RGB,0.22629513,0.06825092,0.0,0.0,7.200150966644287,False
portugal-wildfire_00000814,portugal-wildfire,test_ood,1024x1024,RGB,0.15082316,0.13787514,0.4001502990722656,0.0,5.838234901428223,False
portugal-wildfire_00000833,portugal-wildfire,test_ood,1024x1024,RGB,0.2401265,0.06264858,0.0,0.0,9.95626449584961,False
portugal-wildfire_00000853,portugal-wildfire,test_ood,1024x1024,RGB,0.33620495,0.10774454,0.0,0.0,8.133975982666016,False
portugal-wildfire_00000873,portugal-wildfire,test_ood,1024x1024,RGB,0.1438074,0.14384381,0.4618806838989258,0.0,5.452046871185303,False
portugal-wildfire_00000900,portugal-wildfire,test_ood,1024x1024,RGB,0.2567583,0.10230914,0.0,0.0,8.740768432617188,False
portugal-wildfire_00000906,portugal-wildfire,test_ood,1024x1024,RGB,0.27328205,0.09197788,0.0,1.1444091796875e-05,7.6943488121032715,False
portugal-wildfire_00000922,portugal-wildfire,test_ood,1024x1024,RGB,0.25502455,0.061893042,3.814697265625e-06,0.0,10.605923652648926,False
portugal-wildfire_00000932,portugal-wildfire,test_ood,1024x1024,RGB,0.26063982,0.116801016,0.0,0.004214286804199219,8.109624862670898,False
portugal-wildfire_00000951,portugal-wildfire,test_ood,1024x1024,RGB,0.2435289,0.0504801,0.0,0.0,7.2143707275390625,False
portugal-wildfire_00000964,portugal-wildfire,test_ood,1024x1024,RGB,0.22900382,0.049994107,0.0,0.0,8.425710678100586,False
portugal-wildfire_00000972,portugal-wildfire,test_ood,1024x1024,RGB,0.23840605,0.09245686,0.0,0.0,9.193943977355957,False
portugal-wildfire_00000991,portugal-wildfire,test_ood,1024x1024,RGB,0.40364757,0.20030473,0.0,0.010657310485839844,8.719145774841309,False
portugal-wildfire_00001027,portugal-wildfire,test_ood,1024x1024,RGB,0.24439175,0.041984465,0.0,0.0,6.793352127075195,False
portugal-wildfire_00001043,portugal-wildfire,test_ood,1024x1024,RGB,0.2602161,0.06802261,0.0,0.0,9.581995010375977,False
portugal-wildfire_00001057,portugal-wildfire,test_ood,1024x1024,RGB,0.25397044,0.085672185,0.0,3.814697265625e-06,8.529714584350586,False
portugal-wildfire_00001103,portugal-wildfire,test_ood,1024x1024,RGB,0.25213048,0.112318404,0.0,0.00037384033203125,9.250049591064453,False
portugal-wildfire_00001112,portugal-wildfire,test_ood,1024x1024,RGB,0.20297743,0.07994296,0.0,0.0,8.057594299316406,False
portugal-wildfire_00001120,portugal-wildfire,test_ood,1024x1024,RGB,0.24945822,0.08881785,0.0,0.0,8.160788536071777,False
portugal-wildfire_00001122,portugal-wildfire,test_ood,1024x1024,RGB,0.30672094,0.13824682,9.5367431640625e-07,0.0010328292846679688,13.74699592590332,False
portugal-wildfire_00001124,portugal-wildfire,test_ood,1024x1024,RGB,0.2546873,0.0856408,0.0,1.430511474609375e-05,10.034055709838867,False
portugal-wildfire_00001139,portugal-wildfire,test_ood,1024x1024,RGB,0.23784488,0.07999332,0.0,1.621246337890625e-05,8.77737045288086,False
portugal-wildfire_00001142,portugal-wildfire,test_ood,1024x1024,RGB,0.19136368,0.16683844,0.34455204010009766,0.00027561187744140625,6.900119781494141,False
portugal-wildfire_00001169,portugal-wildfire,test_ood,1024x1024,RGB,0.33154297,0.09273285,0.0,0.0,10.048283576965332,False
portugal-wildfire_00001196,portugal-wildfire,test_ood,1024x1024,RGB,0.12612258,0.11822579,0.4394826889038086,0.0,3.393281936645508,False
portugal-wildfire_00001210,portugal-wildfire,test_ood,1024x1024,RGB,0.26583108,0.08152409,0.0,0.00014019012451171875,9.659513473510742,False
portugal-wildfire_00001270,portugal-wildfire,test_ood,1024x1024,RGB,0.27029648,0.10254358,0.0,1.811981201171875e-05,9.06431770324707,False
portugal-wildfire_00001285,portugal-wildfire,test_ood,1024x1024,RGB,0.22846848,0.079767264,0.0,0.0,10.629449844360352,False
portugal-wildfire_00001289,portugal-wildfire,test_ood,1024x1024,RGB,0.28497064,0.079977125,0.0,0.0,7.3792266845703125,False
portugal-wildfire_00001315,portugal-wildfire,test_ood,1024x1024,RGB,0.2288004,0.046219233,0.0,0.0,6.074206352233887,False
portugal-wildfire_00001379,portugal-wildfire,test_ood,1024x1024,RGB,0.28793916,0.07852259,0.0,0.0,8.617456436157227,False
portugal-wildfire_00001380,portugal-wildfire,test_ood,1024x1024,RGB,0.12942941,0.14232193,0.5112981796264648,6.580352783203125e-05,4.006410121917725,False
portugal-wildfire_00001399,portugal-wildfire,test_ood,1024x1024,RGB,0.3922067,0.1589441,0.0,0.0003414154052734375,9.101546287536621,False
portugal-wildfire_00001414,portugal-wildfire,test_ood,1024x1024,RGB,0.15911527,0.1943649,0.5172243118286133,0.0030279159545898438,5.090690612792969,False
portugal-wildfire_00001440,portugal-wildfire,test_ood,1024x1024,RGB,0.28824574,0.10978276,0.0,2.384185791015625e-05,10.410956382751465,False
portugal-wildfire_00001441,portugal-wildfire,test_ood,1024x1024,RGB,0.21491036,0.105322696,0.11761856079101562,9.5367431640625e-07,8.414552688598633,False
portugal-wildfire_00001477,portugal-wildfire,test_ood,1024x1024,RGB,0.23451295,0.08511238,0.0,5.435943603515625e-05,7.608084201812744,False
portugal-wildfire_00001479,portugal-wildfire,test_ood,1024x1024,RGB,0.23845243,0.087775365,0.0,1.239776611328125e-05,8.655016899108887,False
portugal-wildfire_00001497,portugal-wildfire,test_ood,1024x1024,RGB,0.25590166,0.07491753,0.0,0.00012969970703125,7.784045219421387,False
portugal-wildfire_00001505,portugal-wildfire,test_ood,1024x1024,RGB,0.22726211,0.13582605,0.14596271514892578,3.814697265625e-06,9.470616340637207,False
portugal-wildfire_00001531,portugal-wildfire,test_ood,1024x1024,RGB,0.31478626,0.081919804,0.0,0.0,9.052064895629883,False
portugal-wildfire_00001541,portugal-wildfire,test_ood,1024x1024,RGB,0.23118418,0.055005725,0.0,0.0,8.80756664276123,False
portugal-wildfire_00001604,portugal-wildfire,test_ood,1024x1024,RGB,0.22087543,0.056856748,0.0,0.0,9.096139907836914,False
portugal-wildfire_00001628,portugal-wildfire,test_ood,1024x1024,RGB,0.2364433,0.05375161,0.0,0.0,8.106599807739258,False
portugal-wildfire_00001639,portugal-wildfire,test_ood,1024x1024,RGB,0.24416603,0.057558488,0.0,0.0,7.582764148712158,False
portugal-wildfire_00001650,portugal-wildfire,test_ood,1024x1024,RGB,0.30224884,0.094390616,0.0,0.0,9.327707290649414,False
portugal-wildfire_00001669,portugal-wildfire,test_ood,1024x1024,RGB,0.27030116,0.08402678,9.5367431640625e-07,2.193450927734375e-05,9.713062286376953,False
portugal-wildfire_00001687,portugal-wildfire,test_ood,1024x1024,RGB,0.27402797,0.101800755,0.0,0.0006208419799804688,9.820128440856934,False
portugal-wildfire_00001690,portugal-wildfire,test_ood,1024x1024,RGB,0.24287897,0.066164345,0.0,0.0,9.94597053527832,False
portugal-wildfire_00001727,portugal-wildfire,test_ood,1024x1024,RGB,0.25421125,0.08868108,0.0,0.00026988983154296875,10.745088577270508,False
portugal-wildfire_00001751,portugal-wildfire,test_ood,1024x1024,RGB,0.2481352,0.06099006,0.0,0.0,7.802464485168457,False
portugal-wildfire_00001792,portugal-wildfire,test_ood,1024x1024,RGB,0.30241933,0.09389278,1.33514404296875e-05,1.811981201171875e-05,9.16097640991211,False
portugal-wildfire_00001823,portugal-wildfire,test_ood,1024x1024,RGB,0.23488931,0.043742407,0.0,0.0,7.720560073852539,False
portugal-wildfire_00001848,portugal-wildfire,test_ood,1024x1024,RGB,0.1234274,0.13272023,0.503687858581543,0.0,4.956016540527344,False
portugal-wildfire_00001852,portugal-wildfire,test_ood,1024x1024,RGB,0.12637044,0.14766487,0.5215826034545898,1.71661376953125e-05,5.366193771362305,False
portugal-wildfire_00001864,portugal-wildfire,test_ood,1024x1024,RGB,0.24823336,0.05301222,0.0,0.0,7.943761825561523,False
santa-rosa-wildfire_00000002,santa-rosa-wildfire,test_ood,1024x1024,RGB,0.34865177,0.1339097,0.036319732666015625,0.000240325927734375,12.117622375488281,False
santa-rosa-wildfire_00000123,santa-rosa-wildfire,test_ood,1024x1024,RGB,0.40587655,0.10566774,9.5367431640625e-07,0.000736236572265625,10.707429885864258,False
santa-rosa-wildfire_00000126,santa-rosa-wildfire,test_ood,1024x1024,RGB,0.38903102,0.14762236,0.0,0.000591278076171875,11.015922546386719,False
santa-rosa-wildfire_00000173,santa-rosa-wildfire,test_ood,1024x1024,RGB,0.36627328,0.10372265,2.574920654296875e-05,0.00011539459228515625,10.582494735717773,False
santa-rosa-wildfire_00000177,santa-rosa-wildfire,test_ood,1024x1024,RGB,0.35219964,0.10350532,5.7220458984375e-06,4.482269287109375e-05,9.560830116271973,False
santa-rosa-wildfire_00000179,santa-rosa-wildfire,test_ood,1024x1024,RGB,0.36229992,0.12948582,1.621246337890625e-05,0.0019168853759765625,11.698877334594727,False
santa-rosa-wildfire_00000181,santa-rosa-wildfire,test_ood,1024x1024,RGB,0.32697085,0.121818826,0.0,0.0,32.24931335449219,False
santa-rosa-wildfire_00000200,santa-rosa-wildfire,test_ood,1024x1024,RGB,0.38935667,0.12123308,0.0,0.00036144256591796875,15.877594947814941,False
santa-rosa-wildfire_00000204,santa-rosa-wildfire,test_ood,1024x1024,RGB,0.24073832,0.11230904,9.5367431640625e-07,9.72747802734375e-05,18.93423843383789,False
santa-rosa-wildfire_00000233,santa-rosa-wildfire,test_ood,1024x1024,RGB,0.13571745,0.08522911,0.0006256103515625,0.0,11.120502471923828,False
santa-rosa-wildfire_00000262,santa-rosa-wildfire,test_ood,1024x1024,RGB,0.309386,0.06921884,0.0,0.0,12.921692848205566,False
santa-rosa-wildfire_00000281,santa-rosa-wildfire,test_ood,1024x1024,RGB,0.3948438,0.1379272,5.7220458984375e-06,0.0001201629638671875,17.93450927734375,False
santa-rosa-wildfire_00000295,santa-rosa-wildfire,test_ood,1024x1024,RGB,0.3289175,0.15701705,0.0,0.0,37.700008392333984,False
santa-rosa-wildfire_00000307,santa-rosa-wildfire,test_ood,1024x1024,RGB,0.24512035,0.16186772,0.00051116943359375,0.0006132125854492188,28.67092514038086,False
santa-rosa-wildfire_00000372,santa-rosa-wildfire,test_ood,1024x1024,RGB,0.4060802,0.10070238,1.9073486328125e-06,8.869171142578125e-05,12.77488899230957,False
socal-fire_00000001,socal-fire,test_ood,1024x1024,RGB,0.31582582,0.08175649,0.0,0.0,8.233808517456055,False
socal-fire_00000019,socal-fire,test_ood,1024x1024,RGB,0.38339078,0.123595506,0.0,0.0,9.777484893798828,False
socal-fire_00000041,socal-fire,test_ood,1024x1024,RGB,0.2840214,0.15390022,9.5367431640625e-07,0.0007228851318359375,9.735193252563477,False
socal-fire_00000045,socal-fire,test_ood,1024x1024,RGB,0.38443446,0.10467638,0.0,0.000152587890625,11.546699523925781,False
socal-fire_00000046,socal-fire,test_ood,1024x1024,RGB,0.2408864,0.1429525,1.9073486328125e-06,0.0012769699096679688,9.766213417053223,False
socal-fire_00000048,socal-fire,test_ood,1024x1024,RGB,0.30294624,0.11836717,0.0,0.00017261505126953125,9.533988952636719,False
socal-fire_00000050,socal-fire,test_ood,1024x1024,RGB,0.30681944,0.111960016,0.0,0.00039196014404296875,10.363729476928711,False
socal-fire_00000066,socal-fire,test_ood,1024x1024,RGB,0.3021914,0.10122343,1.1444091796875e-05,3.814697265625e-06,7.8286943435668945,False
socal-fire_00000105,socal-fire,test_ood,1024x1024,RGB,0.32479572,0.09851212,0.0,0.0,9.367809295654297,False
socal-fire_00000109,socal-fire,test_ood,1024x1024,RGB,0.33748767,0.12152372,7.62939453125e-06,0.0008068084716796875,9.826030731201172,False
socal-fire_00000136,socal-fire,test_ood,1024x1024,RGB,0.4216455,0.1472751,0.0,0.0010404586791992188,8.006851196289062,False
socal-fire_00000170,socal-fire,test_ood,1024x1024,RGB,0.3378237,0.10577315,0.0054302215576171875,0.00015163421630859375,9.179627418518066,False
socal-fire_00000179,socal-fire,test_ood,1024x1024,RGB,0.3394335,0.07866616,9.5367431640625e-07,5.245208740234375e-05,8.115793228149414,False
socal-fire_00000188,socal-fire,test_ood,1024x1024,RGB,0.34298572,0.08921291,0.0,0.0013017654418945312,8.196372985839844,False
socal-fire_00000190,socal-fire,test_ood,1024x1024,RGB,0.27600417,0.12031965,0.0,0.00042438507080078125,9.651994705200195,False
socal-fire_00000198,socal-fire,test_ood,1024x1024,RGB,0.33973524,0.08097619,0.0,0.00013828277587890625,7.584531784057617,False
socal-fire_00000199,socal-fire,test_ood,1024x1024,RGB,0.26985785,0.106429316,0.0,0.00022411346435546875,9.47485637664795,False
socal-fire_00000214,socal-fire,test_ood,1024x1024,RGB,0.30707902,0.07819535,9.5367431640625e-07,0.0,7.323928356170654,False
socal-fire_00000215,socal-fire,test_ood,1024x1024,RGB,0.33311918,0.08353985,9.5367431640625e-07,0.000400543212890625,8.079526901245117,False
socal-fire_00000239,socal-fire,test_ood,1024x1024,RGB,0.38086438,0.14220355,9.5367431640625e-06,0.0003147125244140625,11.633745193481445,False
socal-fire_00000245,socal-fire,test_ood,1024x1024,RGB,0.30726427,0.10265056,0.0,0.0004978179931640625,9.918844223022461,False
socal-fire_00000248,socal-fire,test_ood,1024x1024,RGB,0.13652289,0.07252731,0.0,0.0,11.839387893676758,False
socal-fire_00000251,socal-fire,test_ood,1024x1024,RGB,0.1652992,0.20314871,0.5470294952392578,0.00045299530029296875,5.110666275024414,False
socal-fire_00000257,socal-fire,test_ood,1024x1024,RGB,0.29177573,0.09975545,9.5367431640625e-07,0.001720428466796875,10.290098190307617,False
socal-fire_00000258,socal-fire,test_ood,1024x1024,RGB,0.14215575,0.18143703,0.5828523635864258,0.0,2.877659797668457,False
socal-fire_00000285,socal-fire,test_ood,1024x1024,RGB,0.27141657,0.093713455,0.0,0.0,9.235843658447266,False
socal-fire_00000289,socal-fire,test_ood,1024x1024,RGB,0.34061974,0.096949965,0.0,4.673004150390625e-05,7.387725353240967,False
socal-fire_00000306,socal-fire,test_ood,1024x1024,RGB,0.24661832,0.087486394,4.1961669921875e-05,0.0,6.753998756408691,False
socal-fire_00000312,socal-fire,test_ood,1024x1024,RGB,0.33788967,0.11709526,5.7220458984375e-06,4.291534423828125e-05,10.269527435302734,False
socal-fire_00000319,socal-fire,test_ood,1024x1024,RGB,0.13238668,0.18569297,0.6261701583862305,3.337860107421875e-05,3.5494093894958496,False
socal-fire_00000333,socal-fire,test_ood,1024x1024,RGB,0.28609267,0.06430845,0.0,0.0,5.260959148406982,False
socal-fire_00000358,socal-fire,test_ood,1024x1024,RGB,0.38851967,0.094159774,0.0,8.58306884765625e-06,7.225011825561523,False
socal-fire_00000368,socal-fire,test_ood,1024x1024,RGB,0.2670002,0.120787926,2.86102294921875e-06,8.106231689453125e-05,9.497639656066895,False
socal-fire_00000369,socal-fire,test_ood,1024x1024,RGB,0.34331036,0.10231913,0.0,0.000274658203125,9.212193489074707,False
socal-fire_00000372,socal-fire,test_ood,1024x1024,RGB,0.32698452,0.06040304,0.0,0.0,5.39666748046875,False
socal-fire_00000382,socal-fire,test_ood,1024x1024,RGB,0.31658095,0.04676479,0.0,0.0,5.879056930541992,False
socal-fire_00000422,socal-fire,test_ood,1024x1024,RGB,0.31028095,0.15738483,9.5367431640625e-07,0.0007486343383789062,8.749805450439453,False
socal-fire_00000424,socal-fire,test_ood,1024x1024,RGB,0.3090017,0.07958846,0.0,0.0,8.365042686462402,False
socal-fire_00000428,socal-fire,test_ood,1024x1024,RGB,0.29473445,0.14900185,0.15522098541259766,0.0005369186401367188,6.361376762390137,False
socal-fire_00000462,socal-fire,test_ood,1024x1024,RGB,0.33505878,0.13534038,3.814697265625e-06,2.002716064453125e-05,10.262446403503418,False
socal-fire_00000531,socal-fire,test_ood,1024x1024,RGB,0.32984498,0.09794348,0.0,0.0,8.489519119262695,False
socal-fire_00000542,socal-fire,test_ood,1024x1024,RGB,0.41386175,0.13962406,0.0,0.00047016143798828125,11.137463569641113,False
socal-fire_00000543,socal-fire,test_ood,1024x1024,RGB,0.28945085,0.09264688,0.0,0.0,6.655893802642822,False
socal-fire_00000566,socal-fire,test_ood,1024x1024,RGB,0.29009452,0.09747726,0.0,3.814697265625e-05,7.440361022949219,False
socal-fire_00000623,socal-fire,test_ood,1024x1024,RGB,0.2984004,0.21306369,0.25600337982177734,0.0023794174194335938,7.876948833465576,False
socal-fire_00000631,socal-fire,test_ood,1024x1024,RGB,0.39667144,0.108459376,1.9073486328125e-06,0.0005273818969726562,10.64462661743164,False
socal-fire_00000649,socal-fire,test_ood,1024x1024,RGB,0.31540257,0.07199372,9.5367431640625e-07,0.0,5.503108024597168,False
socal-fire_00000669,socal-fire,test_ood,1024x1024,RGB,0.37282655,0.09972451,0.0,0.00017547607421875,7.575843811035156,False
socal-fire_00000674,socal-fire,test_ood,1024x1024,RGB,0.22792135,0.12278155,0.17107677459716797,0.0,4.559277534484863,False
socal-fire_00000683,socal-fire,test_ood,1024x1024,RGB,0.36468178,0.09353038,0.0,4.57763671875e-05,7.714954376220703,False
socal-fire_00000754,socal-fire,test_ood,1024x1024,RGB,0.21867979,0.09635474,0.0,0.0,6.35737419128418,False
socal-fire_00000756,socal-fire,test_ood,1024x1024,RGB,0.37009236,0.10198938,0.0,0.0002269744873046875,7.135867118835449,False
socal-fire_00000766,socal-fire,test_ood,1024x1024,RGB,0.2997373,0.12353649,0.0,1.9073486328125e-05,7.040772438049316,False
socal-fire_00000771,socal-fire,test_ood,1024x1024,RGB,0.29386765,0.1316672,0.05909156799316406,1.9073486328125e-06,8.345907211303711,False
socal-fire_00000775,socal-fire,test_ood,1024x1024,RGB,0.21766788,0.13891771,0.2201709747314453,0.0,4.993403434753418,False
socal-fire_00000780,socal-fire,test_ood,1024x1024,RGB,0.23272589,0.1142051,5.53131103515625e-05,0.0,7.337404251098633,False
socal-fire_00000785,socal-fire,test_ood,1024x1024,RGB,0.3357487,0.09330858,0.0,9.822845458984375e-05,8.059741973876953,False
socal-fire_00000787,socal-fire,test_ood,1024x1024,RGB,0.19246648,0.13395366,0.23745059967041016,0.0,4.975296974182129,False
socal-fire_00000796,socal-fire,test_ood,1024x1024,RGB,0.4543138,0.1446652,0.0,0.0016231536865234375,9.364755630493164,False
socal-fire_00000803,socal-fire,test_ood,1024x1024,RGB,0.29886898,0.1372041,3.814697265625e-06,0.0009946823120117188,10.008745193481445,False
socal-fire_00000810,socal-fire,test_ood,1024x1024,RGB,0.2945884,0.083582886,9.5367431640625e-07,3.528594970703125e-05,7.376009941101074,False
socal-fire_00000814,socal-fire,test_ood,1024x1024,RGB,0.35808817,0.08815035,0.0,0.0,7.289531707763672,False
socal-fire_00000819,socal-fire,test_ood,1024x1024,RGB,0.35454568,0.08808311,0.0,9.822845458984375e-05,9.216184616088867,False
socal-fire_00000847,socal-fire,test_ood,1024x1024,RGB,0.18529832,0.1574303,0.3448324203491211,0.0001049041748046875,4.466245651245117,False
socal-fire_00000850,socal-fire,test_ood,1024x1024,RGB,0.36200973,0.06722225,0.0,0.0,7.457225799560547,False
socal-fire_00000854,socal-fire,test_ood,1024x1024,RGB,0.32395396,0.09784264,0.0,2.6702880859375e-05,6.185918807983398,False
socal-fire_00000861,socal-fire,test_ood,1024x1024,RGB,0.30468506,0.10990795,0.0,0.00044536590576171875,8.822639465332031,False
socal-fire_00000866,socal-fire,test_ood,1024x1024,RGB,0.3227543,0.15945318,0.13071346282958984,0.000812530517578125,7.939702987670898,False
socal-fire_00000872,socal-fire,test_ood,1024x1024,RGB,0.28413677,0.07150272,3.814697265625e-06,0.0,5.478024482727051,False
socal-fire_00000912,socal-fire,test_ood,1024x1024,RGB,0.36627218,0.108941905,0.0,0.0,8.136237144470215,False
socal-fire_00000917,socal-fire,test_ood,1024x1024,RGB,0.28152427,0.11862413,5.14984130859375e-05,0.0007381439208984375,10.107734680175781,False
socal-fire_00000919,socal-fire,test_ood,1024x1024,RGB,0.32029393,0.08890493,0.0,0.0,6.883630752563477,False
socal-fire_00000935,socal-fire,test_ood,1024x1024,RGB,0.38025364,0.12822826,4.76837158203125e-06,0.00023174285888671875,9.977676391601562,False
socal-fire_00000941,socal-fire,test_ood,1024x1024,RGB,0.3683765,0.11654812,0.0,0.00013446807861328125,8.502110481262207,False
socal-fire_00000982,socal-fire,test_ood,1024x1024,RGB,0.32625338,0.1065517,1.9073486328125e-06,8.296966552734375e-05,9.397844314575195,False
socal-fire_00000983,socal-fire,test_ood,1024x1024,RGB,0.28687558,0.09689699,2.86102294921875e-06,2.86102294921875e-05,6.515539646148682,False
socal-fire_00000996,socal-fire,test_ood,1024x1024,RGB,0.33809966,0.11180002,0.0,0.00013446807861328125,8.190338134765625,False
socal-fire_00001001,socal-fire,test_ood,1024x1024,RGB,0.3417545,0.15709865,0.07667827606201172,2.384185791015625e-05,10.401594161987305,False
socal-fire_00001084,socal-fire,test_ood,1024x1024,RGB,0.3806416,0.16788839,0.0,0.0,6.987883567810059,False
socal-fire_00001088,socal-fire,test_ood,1024x1024,RGB,0.3183927,0.11308013,9.5367431640625e-07,7.62939453125e-05,9.213251113891602,False
socal-fire_00001097,socal-fire,test_ood,1024x1024,RGB,0.30125397,0.09525891,0.0,5.245208740234375e-05,8.144460678100586,False
socal-fire_00001120,socal-fire,test_ood,1024x1024,RGB,0.32372642,0.075273454,0.0,0.0,6.372308731079102,False
socal-fire_00001127,socal-fire,test_ood,1024x1024,RGB,0.30916893,0.108750746,0.0,0.0025081634521484375,7.287053108215332,False
socal-fire_00001167,socal-fire,test_ood,1024x1024,RGB,0.38991335,0.21381044,0.0,0.00041103363037109375,7.550656318664551,False
socal-fire_00001196,socal-fire,test_ood,1024x1024,RGB,0.3872858,0.116181776,0.0,0.0,8.430295944213867,False
socal-fire_00001201,socal-fire,test_ood,1024x1024,RGB,0.2716645,0.07641384,0.0,0.00010776519775390625,7.048232078552246,False
socal-fire_00001222,socal-fire,test_ood,1024x1024,RGB,0.3016535,0.121017314,2.86102294921875e-06,0.0006723403930664062,6.379504203796387,False
socal-fire_00001233,socal-fire,test_ood,1024x1024,RGB,0.22846644,0.24839309,0.4687166213989258,0.0003032684326171875,4.73537540435791,False
socal-fire_00001277,socal-fire,test_ood,1024x1024,RGB,0.37378788,0.1214219,9.5367431640625e-07,0.00038051605224609375,10.190272331237793,False
socal-fire_00001289,socal-fire,test_ood,1024x1024,RGB,0.32788116,0.099891834,0.0,0.0,8.42624568939209,False
socal-fire_00001303,socal-fire,test_ood,1024x1024,RGB,0.3302148,0.1159316,0.0,0.0001354217529296875,7.913917064666748,False
socal-fire_00001332,socal-fire,test_ood,1024x1024,RGB,0.27029103,0.08441524,9.5367431640625e-07,0.0,6.336832523345947,False
socal-fire_00001334,socal-fire,test_ood,1024x1024,RGB,0.30289444,0.08364713,0.0,0.0,6.7440314292907715,False
socal-fire_00001336,socal-fire,test_ood,1024x1024,RGB,0.4033093,0.16853654,0.0,0.00027942657470703125,8.588830947875977,False
socal-fire_00001341,socal-fire,test_ood,1024x1024,RGB,0.39663112,0.13010326,0.0,0.0002613067626953125,8.802451133728027,False
socal-fire_00001377,socal-fire,test_ood,1024x1024,RGB,0.3196801,0.13168839,0.0,8.106231689453125e-05,8.128253936767578,False
socal-fire_00001381,socal-fire,test_ood,1024x1024,RGB,0.10674151,0.1192047,0.39772891998291016,7.343292236328125e-05,5.233120918273926,False
socal-fire_00001395,socal-fire,test_ood,1024x1024,RGB,0.22568311,0.10100494,2.765655517578125e-05,0.0,6.729925632476807,False
woolsey-fire_00000005,woolsey-fire,test_ood,1024x1024,RGB,0.34139392,0.14866501,0.0,0.001796722412109375,12.395302772521973,False
woolsey-fire_00000010,woolsey-fire,test_ood,1024x1024,RGB,0.3666949,0.09355522,0.02079296112060547,2.86102294921875e-06,10.819361686706543,False
woolsey-fire_00000059,woolsey-fire,test_ood,1024x1024,RGB,0.12696919,0.14069436,0.41909313201904297,0.0,5.41994571685791,False
woolsey-fire_00000071,woolsey-fire,test_ood,1024x1024,RGB,0.3397322,0.15546326,0.11368465423583984,5.7220458984375e-05,10.234606742858887,False
woolsey-fire_00000085,woolsey-fire,test_ood,1024x1024,RGB,0.37837902,0.11376976,0.0,0.000164031982421875,11.183206558227539,False
woolsey-fire_00000114,woolsey-fire,test_ood,1024x1024,RGB,0.36686763,0.14329629,0.0,0.0002841949462890625,14.077149391174316,False
woolsey-fire_00000158,woolsey-fire,test_ood,1024x1024,RGB,0.35785678,0.1405834,0.0,0.0001735687255859375,12.659473419189453,False
woolsey-fire_00000186,woolsey-fire,test_ood,1024x1024,RGB,0.29191506,0.08080465,0.0,0.0,9.666683197021484,False
woolsey-fire_00000238,woolsey-fire,test_ood,1024x1024,RGB,0.4446197,0.11672873,0.0,0.0001392364501953125,10.530620574951172,False
woolsey-fire_00000249,woolsey-fire,test_ood,1024x1024,RGB,0.19126453,0.19591564,0.44953441619873047,6.103515625e-05,7.557865142822266,False
woolsey-fire_00000294,woolsey-fire,test_ood,1024x1024,RGB,0.3531037,0.10448982,0.0,0.0002918243408203125,10.653438568115234,False
woolsey-fire_00000296,woolsey-fire,test_ood,1024x1024,RGB,0.2967299,0.15185128,0.05602836608886719,3.910064697265625e-05,13.099313735961914,False
woolsey-fire_00000313,woolsey-fire,test_ood,1024x1024,RGB,0.34891894,0.100196235,0.0,0.0001068115234375,11.337453842163086,False
woolsey-fire_00000317,woolsey-fire,test_ood,1024x1024,RGB,0.2918836,0.095045775,9.5367431640625e-07,6.67572021484375e-06,10.138639450073242,False
woolsey-fire_00000328,woolsey-fire,test_ood,1024x1024,RGB,0.2527364,0.07047899,9.5367431640625e-07,0.0,8.737199783325195,False
woolsey-fire_00000355,woolsey-fire,test_ood,1024x1024,RGB,0.26073462,0.09984892,0.0,0.0,10.24485969543457,False
woolsey-fire_00000405,woolsey-fire,test_ood,1024x1024,RGB,0.34932005,0.0730687,0.0,0.0,10.6635160446167,False
woolsey-fire_00000419,woolsey-fire,test_ood,1024x1024,RGB,0.3532404,0.09194056,0.0,3.910064697265625e-05,10.019453048706055,False
woolsey-fire_00000422,woolsey-fire,test_ood,1024x1024,RGB,0.35243243,0.08579933,0.0,1.430511474609375e-05,10.971612930297852,False
woolsey-fire_00000426,woolsey-fire,test_ood,1024x1024,RGB,0.31767926,0.07254353,0.0,0.0,9.256990432739258,False
woolsey-fire_00000460,woolsey-fire,test_ood,1024x1024,RGB,0.2456589,0.15477848,3.337860107421875e-05,0.0005092620849609375,13.650602340698242,False
woolsey-fire_00000471,woolsey-fire,test_ood,1024x1024,RGB,0.2592181,0.13794121,2.86102294921875e-06,7.534027099609375e-05,12.800376892089844,False
woolsey-fire_00000484,woolsey-fire,test_ood,1024x1024,RGB,0.37623242,0.11989507,0.0,0.0022993087768554688,11.892555236816406,False
woolsey-fire_00000539,woolsey-fire,test_ood,1024x1024,RGB,0.24797851,0.09446352,0.0,9.5367431640625e-07,10.97899055480957,False
woolsey-fire_00000555,woolsey-fire,test_ood,1024x1024,RGB,0.27638984,0.102241136,9.5367431640625e-07,0.00010013580322265625,10.050203323364258,False
woolsey-fire_00000565,woolsey-fire,test_ood,1024x1024,RGB,0.35583165,0.08149098,0.0,3.814697265625e-06,9.938587188720703,False
woolsey-fire_00000572,woolsey-fire,test_ood,1024x1024,RGB,0.22692074,0.127306,0.1612720489501953,0.0,8.970247268676758,False
woolsey-fire_00000580,woolsey-fire,test_ood,1024x1024,RGB,0.32517555,0.10185353,0.0,0.0006761550903320312,10.398012161254883,False
woolsey-fire_00000615,woolsey-fire,test_ood,1024x1024,RGB,0.38432872,0.16982253,9.5367431640625e-07,0.00016307830810546875,14.271177291870117,False
woolsey-fire_00000623,woolsey-fire,test_ood,1024x1024,RGB,0.34082395,0.069785856,0.0,0.0,9.27315902709961,False
woolsey-fire_00000629,woolsey-fire,test_ood,1024x1024,RGB,0.20940268,0.15118389,0.3079500198364258,0.0,6.442702770233154,False
woolsey-fire_00000632,woolsey-fire,test_ood,1024x1024,RGB,0.33104357,0.07979649,0.0,9.632110595703125e-05,9.26548957824707,False
woolsey-fire_00000648,woolsey-fire,test_ood,1024x1024,RGB,0.24952641,0.10362897,0.0,6.008148193359375e-05,12.600930213928223,False
woolsey-fire_00000654,woolsey-fire,test_ood,1024x1024,RGB,0.3321776,0.086284176,0.0,0.0,9.73987865447998,False
woolsey-fire_00000657,woolsey-fire,test_ood,1024x1024,RGB,0.30627263,0.13295425,0.0,5.7220458984375e-06,11.872886657714844,False
woolsey-fire_00000688,woolsey-fire,test_ood,1024x1024,RGB,0.3136751,0.083072186,9.5367431640625e-07,0.0003833770751953125,9.217361450195312,False
woolsey-fire_00000692,woolsey-fire,test_ood,1024x1024,RGB,0.31388932,0.13690367,2.86102294921875e-06,0.0003185272216796875,14.49781322479248,False
woolsey-fire_00000713,woolsey-fire,test_ood,1024x1024,RGB,0.2574455,0.13438255,4.76837158203125e-06,0.00010585784912109375,11.4574613571167,False
woolsey-fire_00000730,woolsey-fire,test_ood,1024x1024,RGB,0.27694127,0.09052475,0.0,0.0,9.47313117980957,False
woolsey-fire_00000738,woolsey-fire,test_ood,1024x1024,RGB,0.32772267,0.08721566,0.0,0.0,8.765644073486328,False
woolsey-fire_00000818,woolsey-fire,test_ood,1024x1024,RGB,0.21470983,0.09088746,2.86102294921875e-06,9.5367431640625e-07,8.974933624267578,False
woolsey-fire_00000824,woolsey-fire,test_ood,1024x1024,RGB,0.23903327,0.098666355,0.0,0.0,8.818841934204102,False
woolsey-fire_00000849,woolsey-fire,test_ood,1024x1024,RGB,0.16713569,0.06679043,0.0,0.0,10.39663314819336,False
woolsey-fire_00000863,woolsey-fire,test_ood,1024x1024,RGB,0.2758947,0.122248985,0.0,6.008148193359375e-05,13.904275894165039,False
guatemala-volcano_00000000,guatemala-volcano,train,1024x1024,RGB,0.20734543,0.07429753,0.0,1.9073486328125e-06,9.16623306274414,False
guatemala-volcano_00000025,guatemala-volcano,train,1024x1024,RGB,0.31639382,0.2382455,0.0,0.0,8.014203071594238,False
hurricane-florence_00000028,hurricane-florence,train,1024x1024,RGB,0.39800218,0.19341181,1.9073486328125e-05,0.0014085769653320312,4.499452114105225,False
hurricane-florence_00000066,hurricane-florence,train,1024x1024,RGB,0.20931567,0.08221526,9.5367431640625e-07,0.0016374588012695312,5.7091827392578125,False
hurricane-florence_00000078,hurricane-florence,train,1024x1024,RGB,0.11165569,0.09437752,0.37300777435302734,0.0,5.984488487243652,False
hurricane-florence_00000099,hurricane-florence,train,1024x1024,RGB,0.25703648,0.06365192,0.0,2.86102294921875e-06,5.140353679656982,False
hurricane-florence_00000111,hurricane-florence,train,1024x1024,RGB,0.19102058,0.042504247,0.0,0.0,9.372249603271484,False
hurricane-florence_00000118,hurricane-florence,train,1024x1024,RGB,0.101409465,0.063452855,0.0001621246337890625,5.435943603515625e-05,3.924191951751709,False
hurricane-florence_00000164,hurricane-florence,train,1024x1024,RGB,0.21945104,0.06460485,4.76837158203125e-06,0.0006771087646484375,5.227610111236572,False
hurricane-florence_00000165,hurricane-florence,train,1024x1024,RGB,0.1742283,0.06481285,2.86102294921875e-06,4.291534423828125e-05,5.469072341918945,False
hurricane-florence_00000251,hurricane-florence,train,1024x1024,RGB,0.17901845,0.08728406,4.76837158203125e-06,0.000171661376953125,6.292545318603516,False
hurricane-florence_00000293,hurricane-florence,train,1024x1024,RGB,0.23699862,0.08925732,5.7220458984375e-06,0.0006933212280273438,6.797607421875,False
hurricane-florence_00000296,hurricane-florence,train,1024x1024,RGB,0.23103419,0.08888535,1.049041748046875e-05,0.0002288818359375,6.898952007293701,False
hurricane-florence_00000303,hurricane-florence,train,1024x1024,RGB,0.20876703,0.07349337,0.0,3.814697265625e-06,6.3005876541137695,False
hurricane-florence_00000334,hurricane-florence,train,1024x1024,RGB,0.26800674,0.12011073,0.0,0.00037097930908203125,6.350903034210205,False
hurricane-florence_00000372,hurricane-florence,train,1024x1024,RGB,0.18566188,0.0709646,1.9073486328125e-06,0.00010776519775390625,5.2921247482299805,False
hurricane-florence_00000389,hurricane-florence,train,1024x1024,RGB,0.48519734,0.22107883,0.0,0.0019788742065429688,5.088945388793945,False
hurricane-florence_00000409,hurricane-florence,train,1024x1024,RGB,0.2567876,0.07699433,0.0,3.814697265625e-06,9.58930778503418,False
hurricane-florence_00000469,hurricane-florence,train,1024x1024,RGB,0.22870046,0.04491674,0.0,0.0,9.4828519821167,False
hurricane-florence_00000473,hurricane-florence,train,1024x1024,RGB,0.277552,0.07417121,1.9073486328125e-06,0.00044155120849609375,7.577385902404785,False
hurricane-florence_00000504,hurricane-florence,train,1024x1024,RGB,0.17689505,0.041686237,0.0,7.62939453125e-06,9.17709732055664,False
hurricane-florence_00000510,hurricane-florence,train,1024x1024,RGB,0.20299023,0.08026474,2.86102294921875e-06,0.00029087066650390625,5.327054500579834,False
hurricane-florence_00000515,hurricane-florence,train,1024x1024,RGB,0.1927453,0.12547907,0.22676849365234375,0.0005064010620117188,4.9355268478393555,False
hurricane-harvey_00000026,hurricane-harvey,train,1024x1024,RGB,0.33815116,0.100287445,0.0,0.0,6.202826499938965,False
hurricane-harvey_00000039,hurricane-harvey,train,1024x1024,RGB,0.3068546,0.115732305,0.0,0.0010213851928710938,5.644701957702637,False
hurricane-harvey_00000085,hurricane-harvey,train,1024x1024,RGB,0.30835295,0.2307225,0.27100563049316406,0.001766204833984375,4.553674697875977,False
hurricane-harvey_00000104,hurricane-harvey,train,1024x1024,RGB,0.3174645,0.09081995,0.0,5.7220458984375e-06,6.930702209472656,False
hurricane-harvey_00000130,hurricane-harvey,train,1024x1024,RGB,0.41816813,0.17452833,0.009288787841796875,0.0,6.6389312744140625,False
hurricane-harvey_00000146,hurricane-harvey,train,1024x1024,RGB,0.30227074,0.10241645,0.0,7.62939453125e-06,6.8260040283203125,False
hurricane-harvey_00000197,hurricane-harvey,train,1024x1024,RGB,0.33407205,0.13060382,0.0,0.00038051605224609375,7.177818298339844,False
hurricane-harvey_00000204,hurricane-harvey,train,1024x1024,RGB,0.25244406,0.0671557,0.0,8.58306884765625e-06,6.0767645835876465,False
hurricane-harvey_00000241,hurricane-harvey,train,1024x1024,RGB,0.4139483,0.15839267,0.0,0.0,5.705574035644531,False
hurricane-harvey_00000260,hurricane-harvey,train,1024x1024,RGB,0.34545824,0.21367742,0.0,0.0,7.664144039154053,False
hurricane-harvey_00000264,hurricane-harvey,train,1024x1024,RGB,0.32036895,0.16544983,0.0,5.7220458984375e-05,5.1500349044799805,False
hurricane-harvey_00000268,hurricane-harvey,train,1024x1024,RGB,0.25488144,0.15654023,0.0,7.62939453125e-06,5.293179512023926,False
hurricane-harvey_00000277,hurricane-harvey,train,1024x1024,RGB,0.19061193,0.13606836,0.0,0.0,4.533580780029297,False
hurricane-harvey_00000280,hurricane-harvey,train,1024x1024,RGB,0.42638728,0.11476715,0.0,7.05718994140625e-05,5.128410339355469,False
hurricane-harvey_00000288,hurricane-harvey,train,1024x1024,RGB,0.40099534,0.14639261,0.0,0.0,4.904299736022949,False
hurricane-harvey_00000307,hurricane-harvey,train,1024x1024,RGB,0.3398045,0.22216184,0.1840677261352539,0.0009279251098632812,5.923519134521484,False
hurricane-harvey_00000319,hurricane-harvey,train,1024x1024,RGB,0.30773735,0.16855668,3.814697265625e-06,0.0005693435668945312,5.158538818359375,False
hurricane-harvey_00000397,hurricane-harvey,train,1024x1024,RGB,0.39272204,0.18384202,0.0,0.00012302398681640625,7.624167442321777,False
hurricane-harvey_00000429,hurricane-harvey,train,1024x1024,RGB,0.31657687,0.096559465,0.0,0.000110626220703125,7.3982439041137695,False
hurricane-harvey_00000435,hurricane-harvey,train,1024x1024,RGB,0.34968936,0.10180797,0.0,6.008148193359375e-05,6.948016166687012,False
hurricane-harvey_00000463,hurricane-harvey,train,1024x1024,RGB,0.30206245,0.092359744,0.0,0.00038623809814453125,6.212596893310547,False
hurricane-matthew_00000000,hurricane-matthew,train,1024x1024,RGB,0.28056225,0.13244785,0.1263580322265625,0.0001220703125,5.630931854248047,False
hurricane-matthew_00000001,hurricane-matthew,train,1024x1024,RGB,0.26363304,0.10511141,0.11261940002441406,0.0,4.71823787689209,False
hurricane-matthew_00000021,hurricane-matthew,train,1024x1024,RGB,0.35559908,0.08002946,0.0,4.00543212890625e-05,5.960485458374023,False
hurricane-matthew_00000064,hurricane-matthew,train,1024x1024,RGB,0.30584806,0.039295655,0.0,0.0,4.645871162414551,False
hurricane-matthew_00000132,hurricane-matthew,train,1024x1024,RGB,0.2718497,0.07317269,0.0,0.00018310546875,10.884607315063477,False
hurricane-matthew_00000136,hurricane-matthew,train,1024x1024,RGB,0.32533163,0.0602616,0.0,0.00016498565673828125,5.112819194793701,False
hurricane-matthew_00000164,hurricane-matthew,train,1024x1024,RGB,0.33774066,0.09517929,0.0,0.0001888275146484375,15.712133407592773,False
hurricane-matthew_00000167,hurricane-matthew,train,1024x1024,RGB,0.31362826,0.10162128,0.0,1.9073486328125e-05,14.951305389404297,False
hurricane-matthew_00000178,hurricane-matthew,train,1024x1024,RGB,0.32996234,0.091962084,0.0,0.000423431396484375,15.332683563232422,False
hurricane-matthew_00000195,hurricane-matthew,train,1024x1024,RGB,0.2617937,0.07077859,0.0,9.5367431640625e-07,11.060422897338867,False
hurricane-matthew_00000202,hurricane-matthew,train,1024x1024,RGB,0.30242172,0.06982611,0.0,3.0517578125e-05,11.765115737915039,False
hurricane-matthew_00000209,hurricane-matthew,train,1024x1024,RGB,0.38339257,0.11309939,0.0,0.0,9.074785232543945,False
hurricane-matthew_00000226,hurricane-matthew,train,1024x1024,RGB,0.3379455,0.12589225,0.0,9.5367431640625e-06,15.778690338134766,False
hurricane-matthew_00000243,hurricane-matthew,train,1024x1024,RGB,0.32533184,0.10725743,6.67572021484375e-06,0.00018215179443359375,15.23590087890625,False
hurricane-matthew_00000250,hurricane-matthew,train,1024x1024,RGB,0.48009244,0.22750127,0.0,2.193450927734375e-05,4.39646053314209,False
hurricane-matthew_00000252,hurricane-matthew,train,1024x1024,RGB,0.2633759,0.092526026,0.0,0.00040149688720703125,5.712757110595703,False
hurricane-matthew_00000261,hurricane-matthew,train,1024x1024,RGB,0.2681841,0.05742161,0.0,0.0,12.526817321777344,False
hurricane-matthew_00000268,hurricane-matthew,train,1024x1024,RGB,0.3141829,0.09147194,9.5367431640625e-07,2.193450927734375e-05,13.576425552368164,False
hurricane-matthew_00000289,hurricane-matthew,train,1024x1024,RGB,0.35157835,0.13116951,0.0,0.0028839111328125,14.88026237487793,False
hurricane-matthew_00000293,hurricane-matthew,train,1024x1024,RGB,0.31667158,0.08787674,4.76837158203125e-06,0.0003147125244140625,12.463165283203125,False
hurricane-matthew_00000305,hurricane-matthew,train,1024x1024,RGB,0.31963968,0.08823957,9.5367431640625e-07,0.0001735687255859375,15.22049617767334,False
hurricane-matthew_00000316,hurricane-matthew,train,1024x1024,RGB,0.34318376,0.098256476,9.5367431640625e-07,0.00018596649169921875,15.07734489440918,False
hurricane-matthew_00000329,hurricane-matthew,train,1024x1024,RGB,0.2574796,0.05907486,0.0,2.47955322265625e-05,5.266515731811523,False
hurricane-matthew_00000336,hurricane-matthew,train,1024x1024,RGB,0.24993885,0.047006987,9.5367431640625e-07,3.814697265625e-05,5.592555046081543,False
hurricane-matthew_00000353,hurricane-matthew,train,1024x1024,RGB,0.31099284,0.07691828,0.0,4.1961669921875e-05,14.221012115478516,False
hurricane-matthew_00000354,hurricane-matthew,train,1024x1024,RGB,0.15737365,0.1426271,0.4146099090576172,2.09808349609375e-05,8.029269218444824,False
hurricane-matthew_00000373,hurricane-matthew,train,1024x1024,RGB,0.32112116,0.081756294,5.7220458984375e-06,0.00011539459228515625,14.860698699951172,False
hurricane-michael_00000013,hurricane-michael,train,1024x1024,RGB,0.12135457,0.13121904,9.5367431640625e-06,0.0003833770751953125,5.941075325012207,False
hurricane-michael_00000045,hurricane-michael,train,1024x1024,RGB,0.4217975,0.146642,3.814697265625e-06,9.5367431640625e-06,8.463865280151367,False
hurricane-michael_00000047,hurricane-michael,train,1024x1024,RGB,0.3218937,0.12925367,0.0,0.00011730194091796875,9.145730972290039,False
hurricane-michael_00000130,hurricane-michael,train,1024x1024,RGB,0.22221576,0.16399787,0.0,0.0,7.911508560180664,False
hurricane-michael_00000133,hurricane-michael,train,1024x1024,RGB,0.3876213,0.13002661,0.0,0.0009183883666992188,11.265579223632812,False
hurricane-michael_00000137,hurricane-michael,train,1024x1024,RGB,0.34238467,0.1032818,0.0,0.00043964385986328125,9.538071632385254,False
hurricane-michael_00000196,hurricane-michael,train,1024x1024,RGB,0.34798878,0.10760313,0.0,0.00022602081298828125,9.440658569335938,False
hurricane-michael_00000285,hurricane-michael,train,1024x1024,RGB,0.11023884,0.17153761,0.5117979049682617,1.1444091796875e-05,3.6196913719177246,False
hurricane-michael_00000339,hurricane-michael,train,1024x1024,RGB,0.31411353,0.13042217,0.03787422180175781,0.00039196014404296875,9.033416748046875,False
hurricane-michael_00000351,hurricane-michael,train,1024x1024,RGB,0.3637225,0.1472815,0.0,0.00010204315185546875,9.605361938476562,False
hurricane-michael_00000497,hurricane-michael,train,1024x1024,RGB,0.2625683,0.14586164,0.0,0.0004863739013671875,9.537433624267578,False
hurricane-michael_00000538,hurricane-michael,train,1024x1024,RGB,0.18785243,0.10656426,0.0,1.9073486328125e-06,6.6797990798950195,False
hurricane-michael_00000541,hurricane-michael,train,1024x1024,RGB,0.17238176,0.098826416,0.0,6.008148193359375e-05,6.653903961181641,False
hurricane-michael_00000543,hurricane-michael,train,1024x1024,RGB,0.34141374,0.13015658,0.0,0.00016689300537109375,8.791765213012695,False
joplin-tornado_00000001,joplin-tornado,train,1024x1024,RGB,0.40692848,0.10947225,1.049041748046875e-05,0.0007419586181640625,12.09318733215332,False
joplin-tornado_00000002,joplin-tornado,train,1024x1024,RGB,0.37735516,0.124301426,2.574920654296875e-05,0.00091552734375,9.017465591430664,False
joplin-tornado_00000010,joplin-tornado,train,1024x1024,RGB,0.38361734,0.15305072,2.86102294921875e-06,0.00019359588623046875,7.605254650115967,False
joplin-tornado_00000013,joplin-tornado,train,1024x1024,RGB,0.04293868,0.12798102,0.8834142684936523,0.00014591217041015625,1.0347130298614502,False
joplin-tornado_00000015,joplin-tornado,train,1024x1024,RGB,0.45637944,0.17191602,0.0,8.487701416015625e-05,7.6360273361206055,False
joplin-tornado_00000034,joplin-tornado,train,1024x1024,RGB,0.25663075,0.07048584,9.5367431640625e-07,6.67572021484375e-06,6.840910911560059,False
joplin-tornado_00000051,joplin-tornado,train,1024x1024,RGB,0.36504015,0.21670295,0.1894674301147461,0.0010194778442382812,7.48671817779541,False
joplin-tornado_00000070,joplin-tornado,train,1024x1024,RGB,0.3256271,0.1073682,0.0,7.82012939453125e-05,6.641857147216797,False
joplin-tornado_00000089,joplin-tornado,train,1024x1024,RGB,0.36975914,0.10374573,1.049041748046875e-05,0.00020885467529296875,10.2896146774292,False
joplin-tornado_00000132,joplin-tornado,train,1024x1024,RGB,0.34820405,0.14124943,1.33514404296875e-05,4.00543212890625e-05,7.579174518585205,False
lower-puna-volcano_00000008,lower-puna-volcano,train,1024x1024,RGB,0.29896498,0.061769046,0.0,0.000629425048828125,7.006222248077393,False
lower-puna-volcano_00000018,lower-puna-volcano,train,1024x1024,RGB,0.24735945,0.12621348,0.0,0.0,8.999238967895508,False
lower-puna-volcano_00000029,lower-puna-volcano,train,1024x1024,RGB,0.27671102,0.045990337,0.0,0.0005121231079101562,5.548632621765137,False
lower-puna-volcano_00000034,lower-puna-volcano,train,1024x1024,RGB,0.2682472,0.023097763,0.0,0.0,4.153868675231934,False
lower-puna-volcano_00000044,lower-puna-volcano,train,1024x1024,RGB,0.26543847,0.064000785,0.0,0.0,6.062828063964844,False
lower-puna-volcano_00000055,lower-puna-volcano,train,1024x1024,RGB,0.25885865,0.066650175,0.0,0.0014190673828125,5.174622535705566,False
lower-puna-volcano_00000057,lower-puna-volcano,train,1024x1024,RGB,0.21781877,0.103497066,0.041759490966796875,8.869171142578125e-05,7.5421366691589355,False
lower-puna-volcano_00000060,lower-puna-volcano,train,1024x1024,RGB,0.26462868,0.06669538,0.0,9.5367431640625e-07,4.690868854522705,False
lower-puna-volcano_00000072,lower-puna-volcano,train,1024x1024,RGB,0.24508625,0.055663824,2.86102294921875e-06,6.67572021484375e-06,4.709750175476074,False
lower-puna-volcano_00000082,lower-puna-volcano,train,1024x1024,RGB,0.25842655,0.07555502,0.0,0.0,5.244057655334473,False
lower-puna-volcano_00000083,lower-puna-volcano,train,1024x1024,RGB,0.5463315,0.3281441,0.0,0.31083011627197266,5.201458930969238,False
lower-puna-volcano_00000087,lower-puna-volcano,train,1024x1024,RGB,0.2937755,0.053099662,0.0,0.0,7.65303897857666,False
lower-puna-volcano_00000090,lower-puna-volcano,train,1024x1024,RGB,0.25298145,0.030293696,0.0,0.0,4.327264785766602,False
lower-puna-volcano_00000096,lower-puna-volcano,train,1024x1024,RGB,0.99223316,0.049292974,0.0,0.9682788848876953,0.19588875770568848,False
lower-puna-volcano_00000105,lower-puna-volcano,train,1024x1024,RGB,0.26846856,0.052193478,0.0,0.00054168701171875,5.03028678894043,False
lower-puna-volcano_00000114,lower-puna-volcano,train,1024x1024,RGB,0.26856178,0.052033123,0.0,0.0009307861328125,5.077817440032959,False
lower-puna-volcano_00000120,lower-puna-volcano,train,1024x1024,RGB,0.38454297,0.21511133,0.0,0.04572582244873047,6.830836772918701,False
lower-puna-volcano_00000122,lower-puna-volcano,train,1024x1024,RGB,0.2612045,0.086481825,0.0,1.1444091796875e-05,6.55584192276001,False
lower-puna-volcano_00000127,lower-puna-volcano,train,1024x1024,RGB,0.27242437,0.048227794,0.0,0.000171661376953125,5.2107038497924805,False
lower-puna-volcano_00000129,lower-puna-volcano,train,1024x1024,RGB,0.43398526,0.28935954,6.67572021484375e-06,0.10967636108398438,5.134103775024414,False
lower-puna-volcano_00000133,lower-puna-volcano,train,1024x1024,RGB,0.28594324,0.060201634,0.0,3.814697265625e-06,7.496547698974609,False
lower-puna-volcano_00000134,lower-puna-volcano,train,1024x1024,RGB,0.22819042,0.11353428,0.19252490997314453,0.0,4.028450012207031,False
lower-puna-volcano_00000139,lower-puna-volcano,train,1024x1024,RGB,0.504578,0.36876795,0.0,0.22579383850097656,3.832303762435913,False
lower-puna-volcano_00000145,lower-puna-volcano,train,1024x1024,RGB,0.24509741,0.08306134,0.0,0.0,6.858548164367676,False
lower-puna-volcano_00000146,lower-puna-volcano,train,1024x1024,RGB,0.24115118,0.09888386,0.0,0.0,5.420987129211426,False
lower-puna-volcano_00000168,lower-puna-volcano,train,1024x1024,RGB,0.20456997,0.13598162,0.2793283462524414,0.000335693359375,3.9731712341308594,False
lower-puna-volcano_00000169,lower-puna-volcano,train,1024x1024,RGB,0.1853372,0.10004381,0.18639564514160156,0.000274658203125,5.876906394958496,False
lower-puna-volcano_00000179,lower-puna-volcano,train,1024x1024,RGB,0.28098518,0.08277938,0.0,0.0,5.43818473815918,False
lower-puna-volcano_00000181,lower-puna-volcano,train,1024x1024,RGB,0.34815824,0.13124554,0.0,0.005183219909667969,5.919843673706055,False
lower-puna-volcano_00000185,lower-puna-volcano,train,1024x1024,RGB,0.21159573,0.07846026,0.0,0.0,5.278796195983887,False
lower-puna-volcano_00000193,lower-puna-volcano,train,1024x1024,RGB,0.28506678,0.03359233,0.0,0.000457763671875,4.460600852966309,False
lower-puna-volcano_00000201,lower-puna-volcano,train,1024x1024,RGB,0.25655392,0.063900635,0.0,9.5367431640625e-07,4.646725654602051,False
lower-puna-volcano_00000204,lower-puna-volcano,train,1024x1024,RGB,0.2642636,0.06624056,0.0,0.0004291534423828125,5.026572227478027,False
lower-puna-volcano_00000208,lower-puna-volcano,train,1024x1024,RGB,0.3019839,0.20356981,0.0,0.0,12.027671813964844,False
lower-puna-volcano_00000224,lower-puna-volcano,train,1024x1024,RGB,0.2602803,0.048659608,0.0,0.0,5.392199516296387,False
lower-puna-volcano_00000232,lower-puna-volcano,train,1024x1024,RGB,0.30633184,0.15689228,0.0,0.0005779266357421875,6.546622276306152,False
lower-puna-volcano_00000235,lower-puna-volcano,train,1024x1024,RGB,0.6063559,0.3789676,0.0,0.40955543518066406,3.3643651008605957,False
lower-puna-volcano_00000239,lower-puna-volcano,train,1024x1024,RGB,0.26982096,0.07046229,0.0,0.0,6.826626777648926,False
lower-puna-volcano_00000250,lower-puna-volcano,train,1024x1024,RGB,0.24488573,0.06356386,0.0,0.0,7.3366546630859375,False
lower-puna-volcano_00000260,lower-puna-volcano,train,1024x1024,RGB,0.27884564,0.046683364,0.0,0.0005292892456054688,6.486662864685059,False
lower-puna-volcano_00000270,lower-puna-volcano,train,1024x1024,RGB,0.2764873,0.06573556,0.0,0.000736236572265625,6.135708808898926,False
lower-puna-volcano_00000290,lower-puna-volcano,train,1024x1024,RGB,0.11429865,0.11525888,0.4853181838989258,8.0108642578125e-05,3.6633527278900146,False
mexico-earthquake_00000023,mexico-earthquake,train,1024x1024,RGB,0.3711222,0.10611776,1.9073486328125e-06,0.0001678466796875,8.879127502441406,False
mexico-earthquake_00000164,mexico-earthquake,train,1024x1024,RGB,0.24919058,0.05212148,0.0,0.0,5.573624134063721,False
mexico-earthquake_00000176,mexico-earthquake,train,1024x1024,RGB,0.24579638,0.21844187,0.362548828125,0.0,5.701819896697998,False
mexico-earthquake_00000191,mexico-earthquake,train,1024x1024,RGB,0.22613294,0.20383224,0.35730934143066406,0.000797271728515625,7.529903411865234,False
midwest-flooding_00000209,midwest-flooding,train,1024x1024,RGB,0.25874963,0.022792967,0.0,0.0,5.83949089050293,False
midwest-flooding_00000214,midwest-flooding,train,1024x1024,RGB,0.26162454,0.038557302,0.0,0.0,7.242288589477539,False
midwest-flooding_00000228,midwest-flooding,train,1024x1024,RGB,0.21819241,0.07520707,1.9073486328125e-06,3.147125244140625e-05,10.084792137145996,False
midwest-flooding_00000234,midwest-flooding,train,1024x1024,RGB,0.3209566,0.087496854,9.5367431640625e-07,0.0001239776611328125,8.5955810546875,False
midwest-flooding_00000239,midwest-flooding,train,1024x1024,RGB,0.24399951,0.091826566,9.5367431640625e-07,0.00225830078125,10.642213821411133,False
midwest-flooding_00000244,midwest-flooding,train,1024x1024,RGB,0.19499677,0.112644926,0.18049144744873047,7.43865966796875e-05,6.904726982116699,False
midwest-flooding_00000267,midwest-flooding,train,1024x1024,RGB,0.3021154,0.06622955,0.0,8.58306884765625e-06,9.29037094116211,False
midwest-flooding_00000281,midwest-flooding,train,1024x1024,RGB,0.36939526,0.13179238,3.147125244140625e-05,0.000255584716796875,10.500543594360352,False
midwest-flooding_00000285,midwest-flooding,train,1024x1024,RGB,0.19332737,0.07092862,0.0,1.1444091796875e-05,8.304815292358398,False
midwest-flooding_00000339,midwest-flooding,train,1024x1024,RGB,0.24589871,0.06710988,0.0,5.7220458984375e-06,9.244101524353027,False
midwest-flooding_00000389,midwest-flooding,train,1024x1024,RGB,0.3052624,0.083360694,5.7220458984375e-06,1.9073486328125e-05,9.538803100585938,False
midwest-flooding_00000403,midwest-flooding,train,1024x1024,RGB,0.2797819,0.07604374,5.7220458984375e-06,0.00041103363037109375,8.366586685180664,False
moore-tornado_00000023,moore-tornado,train,1024x1024,RGB,0.40775958,0.11486125,4.863739013671875e-05,0.00043582916259765625,10.810142517089844,False
moore-tornado_00000040,moore-tornado,train,1024x1024,RGB,0.28695688,0.13954833,0.16614627838134766,1.52587890625e-05,4.440944194793701,False
moore-tornado_00000053,moore-tornado,train,1024x1024,RGB,0.40410438,0.10629907,0.0,0.00015544891357421875,7.232778549194336,False
moore-tornado_00000087,moore-tornado,train,1024x1024,RGB,0.088963166,0.18075979,0.7841453552246094,0.00011444091796875,2.4542417526245117,False
moore-tornado_00000090,moore-tornado,train,1024x1024,RGB,0.39178556,0.14617497,0.026719093322753906,0.0001811981201171875,8.56600570678711,False
moore-tornado_00000108,moore-tornado,train,1024x1024,RGB,0.31490543,0.05407042,0.0,0.0,4.707623481750488,False
moore-tornado_00000111,moore-tornado,train,1024x1024,RGB,0.38190877,0.13820572,2.193450927734375e-05,0.000225067138671875,9.649188995361328,False
moore-tornado_00000140,moore-tornado,train,1024x1024,RGB,0.41321266,0.113098525,3.528594970703125e-05,0.00044155120849609375,12.183530807495117,False
moore-tornado_00000143,moore-tornado,train,1024x1024,RGB,0.32227498,0.08764818,7.62939453125e-06,4.9591064453125e-05,6.752154350280762,False
moore-tornado_00000172,moore-tornado,train,1024x1024,RGB,0.43190032,0.14052275,9.1552734375e-05,0.0010862350463867188,9.257383346557617,False
moore-tornado_00000178,moore-tornado,train,1024x1024,RGB,0.36093804,0.11532442,0.0,0.008124351501464844,5.38243293762207,False
moore-tornado_00000180,moore-tornado,train,1024x1024,RGB,0.42649725,0.15234262,9.1552734375e-05,0.0010099411010742188,8.906225204467773,False
moore-tornado_00000185,moore-tornado,train,1024x1024,RGB,0.41999272,0.13027279,2.86102294921875e-05,0.00106048583984375,9.617716789245605,False
moore-tornado_00000188,moore-tornado,train,1024x1024,RGB,0.34803724,0.106824346,8.58306884765625e-06,0.00018978118896484375,6.301630973815918,False
nepal-flooding_00000059,nepal-flooding,train,1024x1024,RGB,0.24384841,0.036595073,0.0,4.76837158203125e-06,6.849757194519043,False
nepal-flooding_00000060,nepal-flooding,train,1024x1024,RGB,0.29108432,0.10616438,0.0,0.0003757476806640625,6.0253190994262695,False
nepal-flooding_00000062,nepal-flooding,train,1024x1024,RGB,0.40300477,0.036506344,0.0,0.00014400482177734375,4.729095935821533,False
nepal-flooding_00000107,nepal-flooding,train,1024x1024,RGB,0.07871568,0.11518616,0.5908565521240234,0.0005130767822265625,3.448418617248535,False
nepal-flooding_00000108,nepal-flooding,train,1024x1024,RGB,0.3007938,0.111196816,0.0,0.0,5.599399566650391,False
nepal-flooding_00000110,nepal-flooding,train,1024x1024,RGB,0.09072509,0.121129304,0.6287851333618164,9.632110595703125e-05,2.339081287384033,False
nepal-flooding_00000132,nepal-flooding,train,1024x1024,RGB,0.2758845,0.096145034,0.0,0.00013828277587890625,5.31601095199585,False
nepal-flooding_00000134,nepal-flooding,train,1024x1024,RGB,0.40095323,0.04504964,0.0,0.0,4.797576904296875,False
nepal-flooding_00000140,nepal-flooding,train,1024x1024,RGB,0.39342237,0.07993624,5.626678466796875e-05,0.00021839141845703125,19.19414710998535,False
nepal-flooding_00000150,nepal-flooding,train,1024x1024,RGB,0.32450262,0.1356257,9.5367431640625e-07,3.814697265625e-06,5.1562347412109375,False
nepal-flooding_00000159,nepal-flooding,train,1024x1024,RGB,0.41327986,0.094975755,1.9073486328125e-06,4.00543212890625e-05,5.088376045227051,False
nepal-flooding_00000161,nepal-flooding,train,1024x1024,RGB,0.35860613,0.09749102,0.030691146850585938,0.0,5.478671550750732,False
nepal-flooding_00000172,nepal-flooding,train,1024x1024,RGB,0.36386922,0.10288134,0.0,0.0,6.36812162399292,False
nepal-flooding_00000176,nepal-flooding,train,1024x1024,RGB,0.14685626,0.11322341,0.3142890930175781,2.384185791015625e-05,3.422667980194092,False
nepal-flooding_00000220,nepal-flooding,train,1024x1024,RGB,0.3149499,0.055075463,0.0,8.58306884765625e-06,6.060275554656982,False
nepal-flooding_00000223,nepal-flooding,train,1024x1024,RGB,0.21200922,0.17983353,0.36986351013183594,0.00017452239990234375,3.6739044189453125,False
nepal-flooding_00000258,nepal-flooding,train,1024x1024,RGB,0.225908,0.14366081,0.23417949676513672,0.00013828277587890625,4.709023475646973,False
nepal-flooding_00000273,nepal-flooding,train,1024x1024,RGB,0.30813026,0.13478632,0.0,0.00022602081298828125,6.18704080581665,False
nepal-flooding_00000279,nepal-flooding,train,1024x1024,RGB,0.2941447,0.052317698,0.0,4.9591064453125e-05,8.024330139160156,False
nepal-flooding_00000294,nepal-flooding,train,1024x1024,RGB,0.21528597,0.16327707,0.2724132537841797,0.0,4.254448890686035,False
nepal-flooding_00000312,nepal-flooding,train,1024x1024,RGB,0.342629,0.13053957,9.5367431640625e-07,0.00030231475830078125,6.054600715637207,False
nepal-flooding_00000332,nepal-flooding,train,1024x1024,RGB,0.2730941,0.11377378,3.814697265625e-06,0.000873565673828125,6.339961528778076,False
nepal-flooding_00000336,nepal-flooding,train,1024x1024,RGB,0.27602196,0.06566268,1.049041748046875e-05,0.000102996826171875,5.1636061668396,False
nepal-flooding_00000445,nepal-flooding,train,1024x1024,RGB,0.22420745,0.035573687,0.0,5.054473876953125e-05,11.18276596069336,False
nepal-flooding_00000457,nepal-flooding,train,1024x1024,RGB,0.21916525,0.10481014,9.5367431640625e-07,0.00014972686767578125,7.678345680236816,False
nepal-flooding_00000472,nepal-flooding,train,1024x1024,RGB,0.35804877,0.069484346,0.0,0.0,11.792959213256836,False
nepal-flooding_00000488,nepal-flooding,train,1024x1024,RGB,0.38017398,0.08714198,0.0,1.9073486328125e-05,5.287214756011963,False
nepal-flooding_00000491,nepal-flooding,train,1024x1024,RGB,0.29595834,0.100975886,3.814697265625e-06,6.67572021484375e-05,7.4709248542785645,False
nepal-flooding_00000502,nepal-flooding,train,1024x1024,RGB,0.44365975,0.016170071,0.0,0.0,4.874811172485352,True
nepal-flooding_00000514,nepal-flooding,train,1024x1024,RGB,0.33822158,0.25879902,9.5367431640625e-07,0.03174018859863281,7.749202728271484,False
nepal-flooding_00000534,nepal-flooding,train,1024x1024,RGB,0.3059645,0.054116014,0.0,0.001178741455078125,10.169599533081055,False
nepal-flooding_00000548,nepal-flooding,train,1024x1024,RGB,0.3260201,0.09854571,0.0,0.00024890899658203125,7.628252029418945,False
nepal-flooding_00000567,nepal-flooding,train,1024x1024,RGB,0.33383656,0.102563776,1.9073486328125e-06,0.0009784698486328125,9.712387084960938,False
nepal-flooding_00000570,nepal-flooding,train,1024x1024,RGB,0.29247767,0.062698126,0.0,4.00543212890625e-05,20.406295776367188,False
nepal-flooding_00000573,nepal-flooding,train,1024x1024,RGB,0.27613512,0.029585242,0.0,0.0,10.773423194885254,False
nepal-flooding_00000579,nepal-flooding,train,1024x1024,RGB,0.3101364,0.06548025,0.0,0.00032711029052734375,11.43702507019043,False
nepal-flooding_00000585,nepal-flooding,train,1024x1024,RGB,0.37481886,0.16066803,0.0,0.00016880035400390625,7.530270576477051,False
nepal-flooding_00000589,nepal-flooding,train,1024x1024,RGB,0.29100993,0.089564756,0.0,0.00021839141845703125,8.091497421264648,False
nepal-flooding_00000598,nepal-flooding,train,1024x1024,RGB,0.27823445,0.031069221,0.0,0.0,7.570312976837158,False
nepal-flooding_00000604,nepal-flooding,train,1024x1024,RGB,0.31434146,0.08290592,0.0,0.0002765655517578125,5.394746780395508,False
nepal-flooding_00000610,nepal-flooding,train,1024x1024,RGB,0.4223133,0.2221935,0.0,0.021905899047851562,6.178194046020508,False
nepal-flooding_00000613,nepal-flooding,train,1024x1024,RGB,0.31961098,0.08569491,4.76837158203125e-06,0.00014591217041015625,8.856776237487793,False
palu-tsunami_00000011,palu-tsunami,train,1024x1024,RGB,0.46891928,0.2709825,1.239776611328125e-05,0.11260223388671875,6.943126678466797,False
palu-tsunami_00000030,palu-tsunami,train,1024x1024,RGB,0.21247058,0.12096005,0.0,0.0,10.137177467346191,False
palu-tsunami_00000071,palu-tsunami,train,1024x1024,RGB,0.3485058,0.12380406,0.0,4.1961669921875e-05,6.595398426055908,False
palu-tsunami_00000131,palu-tsunami,train,1024x1024,RGB,0.37546167,0.13243982,0.0,0.00011539459228515625,10.571434020996094,False
palu-tsunami_00000161,palu-tsunami,train,1024x1024,RGB,0.3674953,0.12283948,1.9073486328125e-06,0.000423431396484375,8.501886367797852,False
sunda-tsunami_00000002,sunda-tsunami,train,1024x1024,RGB,0.5524658,0.15335122,0.03180217742919922,0.0010395050048828125,7.321181297302246,False
sunda-tsunami_00000006,sunda-tsunami,train,1024x1024,RGB,0.3974138,0.1344063,0.0,2.6702880859375e-05,7.969501495361328,False
sunda-tsunami_00000011,sunda-tsunami,train,1024x1024,RGB,0.5514857,0.13940914,0.0,0.0,6.073913097381592,False
sunda-tsunami_00000013,sunda-tsunami,train,1024x1024,RGB,0.5246644,0.15410088,0.0,0.0060214996337890625,9.71584701538086,False
sunda-tsunami_00000017,sunda-tsunami,train,1024x1024,RGB,0.650983,0.09887268,0.0,0.0,5.929292678833008,False
sunda-tsunami_00000019,sunda-tsunami,train,1024x1024,RGB,0.54800534,0.19423981,0.0,0.0005292892456054688,8.336326599121094,False
sunda-tsunami_00000024,sunda-tsunami,train,1024x1024,RGB,0.51699233,0.16731636,0.0,0.0,7.870077133178711,False
sunda-tsunami_00000025,sunda-tsunami,train,1024x1024,RGB,0.61195034,0.11656441,0.0,0.0,6.9569807052612305,False
sunda-tsunami_00000026,sunda-tsunami,train,1024x1024,RGB,0.62606597,0.24662766,0.0,0.04820823669433594,7.568614959716797,False
sunda-tsunami_00000027,sunda-tsunami,train,1024x1024,RGB,0.4455948,0.086759634,0.0,5.340576171875e-05,7.503241539001465,False
sunda-tsunami_00000035,sunda-tsunami,train,1024x1024,RGB,0.56141084,0.10968845,0.0,0.0,6.930911064147949,False
sunda-tsunami_00000036,sunda-tsunami,train,1024x1024,RGB,0.6371601,0.105411336,0.0,0.0,6.380814552307129,False
sunda-tsunami_00000037,sunda-tsunami,train,1024x1024,RGB,0.3995366,0.06784858,0.0,0.0,6.266345500946045,False
sunda-tsunami_00000038,sunda-tsunami,train,1024x1024,RGB,0.7314272,0.069629125,0.0,0.0,6.158666610717773,False
sunda-tsunami_00000042,sunda-tsunami,train,1024x1024,RGB,0.39396292,0.12693314,9.5367431640625e-07,0.0004730224609375,9.355023384094238,False
sunda-tsunami_00000047,sunda-tsunami,train,1024x1024,RGB,0.34357852,0.1195621,0.0,7.62939453125e-06,6.867434501647949,False
sunda-tsunami_00000051,sunda-tsunami,train,1024x1024,RGB,0.500171,0.14614828,0.03347969055175781,0.0018682479858398438,9.330696105957031,False
sunda-tsunami_00000056,sunda-tsunami,train,1024x1024,RGB,0.6399263,0.16995046,0.0,0.014105796813964844,7.482419967651367,False
sunda-tsunami_00000058,sunda-tsunami,train,1024x1024,RGB,0.56151253,0.07130066,0.0,0.0,6.627256393432617,False
sunda-tsunami_00000060,sunda-tsunami,train,1024x1024,RGB,0.48613507,0.14817226,0.0,0.0001678466796875,9.130806922912598,False
sunda-tsunami_00000062,sunda-tsunami,train,1024x1024,RGB,0.33012906,0.032668117,0.0,0.0,8.537581443786621,False
sunda-tsunami_00000073,sunda-tsunami,train,1024x1024,RGB,0.49620482,0.19076957,0.0,1.9073486328125e-06,10.29460334777832,False
sunda-tsunami_00000078,sunda-tsunami,train,1024x1024,RGB,0.62330264,0.0944823,0.0,9.5367431640625e-07,7.318002700805664,False
sunda-tsunami_00000080,sunda-tsunami,train,1024x1024,RGB,0.5323668,0.2192654,0.0,0.0,8.652617454528809,False
sunda-tsunami_00000082,sunda-tsunami,train,1024x1024,RGB,0.534269,0.0772653,0.0,0.0,7.414841175079346,False
sunda-tsunami_00000085,sunda-tsunami,train,1024x1024,RGB,0.459033,0.13149118,0.0,0.0,8.237306594848633,False
sunda-tsunami_00000095,sunda-tsunami,train,1024x1024,RGB,0.5131944,0.06602379,0.0,0.0002841949462890625,7.566715240478516,False
sunda-tsunami_00000098,sunda-tsunami,train,1024x1024,RGB,0.44715434,0.15265156,0.0,9.72747802734375e-05,6.330110549926758,False
sunda-tsunami_00000103,sunda-tsunami,train,1024x1024,RGB,0.2831799,0.067654386,0.0,2.193450927734375e-05,9.383743286132812,False
sunda-tsunami_00000105,sunda-tsunami,train,1024x1024,RGB,0.27411997,0.06657624,0.0,8.869171142578125e-05,8.258525848388672,False
sunda-tsunami_00000108,sunda-tsunami,train,1024x1024,RGB,0.5417947,0.10343448,0.0,0.0,6.572238922119141,False
sunda-tsunami_00000110,sunda-tsunami,train,1024x1024,RGB,0.76256603,0.05329231,0.0,0.0,5.579415321350098,False
sunda-tsunami_00000119,sunda-tsunami,train,1024x1024,RGB,0.5521746,0.19086139,0.0,0.000484466552734375,9.105565071105957,False
sunda-tsunami_00000121,sunda-tsunami,train,1024x1024,RGB,0.41778898,0.0575951,0.0,0.0002193450927734375,8.200807571411133,False
sunda-tsunami_00000139,sunda-tsunami,train,1024x1024,RGB,0.7933918,0.21343388,0.0,0.31232261657714844,5.221773624420166,False
sunda-tsunami_00000140,sunda-tsunami,train,1024x1024,RGB,0.42484862,0.13582568,0.0,0.001071929931640625,8.749183654785156,False
sunda-tsunami_00000147,sunda-tsunami,train,1024x1024,RGB,0.88459426,0.15834497,0.0,0.3768434524536133,2.950723171234131,False
tuscaloosa-tornado_00000000,tuscaloosa-tornado,train,1024x1024,RGB,0.36852986,0.10493866,0.0,2.574920654296875e-05,6.442200660705566,False
tuscaloosa-tornado_00000003,tuscaloosa-tornado,train,1024x1024,RGB,0.21444987,0.1218614,0.09493827819824219,0.0013818740844726562,7.37819242477417,False
tuscaloosa-tornado_00000018,tuscaloosa-tornado,train,1024x1024,RGB,0.27955556,0.1386406,0.007287025451660156,0.002349853515625,9.143939971923828,False
tuscaloosa-tornado_00000054,tuscaloosa-tornado,train,1024x1024,RGB,0.22305532,0.08899356,0.033794403076171875,6.67572021484375e-06,6.721799850463867,False
tuscaloosa-tornado_00000067,tuscaloosa-tornado,train,1024x1024,RGB,0.23712294,0.089893654,0.04328727722167969,0.0001888275146484375,7.636175632476807,False
tuscaloosa-tornado_00000076,tuscaloosa-tornado,train,1024x1024,RGB,0.30101198,0.11422265,1.52587890625e-05,0.0009088516235351562,9.123510360717773,False
tuscaloosa-tornado_00000079,tuscaloosa-tornado,train,1024x1024,RGB,0.38346905,0.13508725,0.052634239196777344,0.00020122528076171875,11.121910095214844,False
tuscaloosa-tornado_00000084,tuscaloosa-tornado,train,1024x1024,RGB,0.19317576,0.21319205,0.4830961227416992,0.0002288818359375,5.137590408325195,False
tuscaloosa-tornado_00000094,tuscaloosa-tornado,train,1024x1024,RGB,0.14315948,0.16632338,0.5191612243652344,4.291534423828125e-05,3.790879249572754,False
tuscaloosa-tornado_00000104,tuscaloosa-tornado,train,1024x1024,RGB,0.25496593,0.10996839,9.5367431640625e-06,0.00016021728515625,7.993692398071289,False
tuscaloosa-tornado_00000137,tuscaloosa-tornado,train,1024x1024,RGB,0.27530277,0.12118539,7.62939453125e-06,0.0003566741943359375,8.953117370605469,False
tuscaloosa-tornado_00000147,tuscaloosa-tornado,train,1024x1024,RGB,0.3524844,0.16633719,9.5367431640625e-07,0.0002155303955078125,9.51789665222168,False
tuscaloosa-tornado_00000171,tuscaloosa-tornado,train,1024x1024,RGB,0.47816825,0.15157834,0.0,0.004651069641113281,12.130233764648438,False
tuscaloosa-tornado_00000180,tuscaloosa-tornado,train,1024x1024,RGB,0.1745408,0.052714936,0.0,0.0,7.258999824523926,False
tuscaloosa-tornado_00000182,tuscaloosa-tornado,train,1024x1024,RGB,0.30882373,0.11264331,9.5367431640625e-07,0.00023174285888671875,9.553792953491211,False
tuscaloosa-tornado_00000184,tuscaloosa-tornado,train,1024x1024,RGB,0.18487144,0.038304966,0.0,0.0,6.969038963317871,False
tuscaloosa-tornado_00000191,tuscaloosa-tornado,train,1024x1024,RGB,0.28171584,0.11266589,4.76837158203125e-06,0.00013065338134765625,8.818290710449219,False
tuscaloosa-tornado_00000194,tuscaloosa-tornado,train,1024x1024,RGB,0.27954212,0.13818006,0.10148811340332031,0.00036144256591796875,6.313207626342773,False
tuscaloosa-tornado_00000202,tuscaloosa-tornado,train,1024x1024,RGB,0.30971727,0.10956,3.814697265625e-06,5.340576171875e-05,9.126535415649414,False
tuscaloosa-tornado_00000205,tuscaloosa-tornado,train,1024x1024,RGB,0.3642244,0.116646096,0.0,6.103515625e-05,10.126090049743652,False
tuscaloosa-tornado_00000207,tuscaloosa-tornado,train,1024x1024,RGB,0.3477726,0.106991425,6.67572021484375e-06,0.00011920928955078125,11.469343185424805,False
tuscaloosa-tornado_00000208,tuscaloosa-tornado,train,1024x1024,RGB,0.2559321,0.11680574,8.58306884765625e-06,0.0001697540283203125,7.561910629272461,False
tuscaloosa-tornado_00000231,tuscaloosa-tornado,train,1024x1024,RGB,0.3148073,0.12033241,6.67572021484375e-06,0.00018024444580078125,8.699810981750488,False
tuscaloosa-tornado_00000232,tuscaloosa-tornado,train,1024x1024,RGB,0.21747531,0.1509604,0.24248409271240234,8.869171142578125e-05,6.150052070617676,False
tuscaloosa-tornado_00000241,tuscaloosa-tornado,train,1024x1024,RGB,0.2604325,0.17422374,0.22430038452148438,0.00014591217041015625,8.443034172058105,False
tuscaloosa-tornado_00000254,tuscaloosa-tornado,train,1024x1024,RGB,0.2567062,0.109407686,1.9073486328125e-06,0.00011157989501953125,8.059414863586426,False
tuscaloosa-tornado_00000266,tuscaloosa-tornado,train,1024x1024,RGB,0.32047036,0.12009127,1.33514404296875e-05,0.00034618377685546875,10.07165813446045,False
tuscaloosa-tornado_00000273,tuscaloosa-tornado,train,1024x1024,RGB,0.3587384,0.11713891,0.0,0.00029277801513671875,8.05530071258545,False
tuscaloosa-tornado_00000278,tuscaloosa-tornado,train,1024x1024,RGB,0.28398332,0.08660264,1.9073486328125e-06,4.76837158203125e-05,10.671436309814453,False
tuscaloosa-tornado_00000302,tuscaloosa-tornado,train,1024x1024,RGB,0.2956751,0.128791,7.62939453125e-06,0.00017547607421875,8.555201530456543,False
tuscaloosa-tornado_00000305,tuscaloosa-tornado,train,1024x1024,RGB,0.39217034,0.1192011,0.0,0.0006809234619140625,8.664094924926758,False
tuscaloosa-tornado_00000320,tuscaloosa-tornado,train,1024x1024,RGB,0.43682232,0.10957811,0.0,0.0003070831298828125,11.967561721801758,False
tuscaloosa-tornado_00000321,tuscaloosa-tornado,train,1024x1024,RGB,0.26547286,0.12092394,6.67572021484375e-06,7.43865966796875e-05,10.704141616821289,False
tuscaloosa-tornado_00000336,tuscaloosa-tornado,train,1024x1024,RGB,0.22528791,0.087231845,4.76837158203125e-06,8.7738037109375e-05,7.371722221374512,False
tuscaloosa-tornado_00000339,tuscaloosa-tornado,train,1024x1024,RGB,0.34039068,0.17684907,0.09119701385498047,0.00016307830810546875,7.258502960205078,False
hurricane-florence_00000079,hurricane-florence,val,1024x1024,RGB,0.19733874,0.055634588,5.7220458984375e-06,2.384185791015625e-05,5.977546691894531,False
hurricane-florence_00000096,hurricane-florence,val,1024x1024,RGB,0.36264062,0.13361524,9.5367431640625e-06,0.0012998580932617188,8.558558464050293,False
hurricane-florence_00000349,hurricane-florence,val,1024x1024,RGB,0.39998874,0.15541464,9.5367431640625e-06,0.0016374588012695312,7.461055755615234,False
hurricane-florence_00000455,hurricane-florence,val,1024x1024,RGB,0.2831988,0.091899015,2.86102294921875e-06,0.00042724609375,7.439997673034668,False
hurricane-harvey_00000080,hurricane-harvey,val,1024x1024,RGB,0.35020584,0.21617913,0.17920207977294922,5.626678466796875e-05,3.612170696258545,False
hurricane-harvey_00000278,hurricane-harvey,val,1024x1024,RGB,0.19209886,0.1664165,0.3707427978515625,2.86102294921875e-06,4.230611801147461,False
hurricane-harvey_00000299,hurricane-harvey,val,1024x1024,RGB,0.2366398,0.16605641,0.0,0.0,4.989984512329102,False
hurricane-harvey_00000512,hurricane-harvey,val,1024x1024,RGB,0.36744252,0.12466228,0.0,0.0003910064697265625,5.838027477264404,False
hurricane-matthew_00000004,hurricane-matthew,val,1024x1024,RGB,0.34772146,0.06590903,0.0,0.0,4.993278503417969,False
hurricane-matthew_00000009,hurricane-matthew,val,1024x1024,RGB,0.36447865,0.2035861,0.09199905395507812,0.00021076202392578125,5.5096116065979,False
hurricane-matthew_00000060,hurricane-matthew,val,1024x1024,RGB,0.33245987,0.13132556,0.06789970397949219,0.00045490264892578125,7.670158386230469,False
hurricane-michael_00000331,hurricane-michael,val,1024x1024,RGB,0.34061623,0.10968549,0.0,0.0006313323974609375,8.970876693725586,False
joplin-tornado_00000085,joplin-tornado,val,1024x1024,RGB,0.48193443,0.09914414,5.7220458984375e-06,0.0004949569702148438,11.035154342651367,False
joplin-tornado_00000119,joplin-tornado,val,1024x1024,RGB,0.4175722,0.10230928,0.0,6.008148193359375e-05,8.896428108215332,False
lower-puna-volcano_00000003,lower-puna-volcano,val,1024x1024,RGB,0.22896644,0.113719694,0.1827383041381836,0.0,4.4358110427856445,False
lower-puna-volcano_00000175,lower-puna-volcano,val,1024x1024,RGB,0.4031078,0.29544538,0.0,0.08784198760986328,5.612240314483643,False
lower-puna-volcano_00000182,lower-puna-volcano,val,1024x1024,RGB,0.2441422,0.0438813,0.0,0.0,4.324067115783691,False
mexico-earthquake_00000007,mexico-earthquake,val,1024x1024,RGB,0.35753793,0.1325479,5.14984130859375e-05,0.0005712509155273438,10.071067810058594,False
midwest-flooding_00000172,midwest-flooding,val,1024x1024,RGB,0.273027,0.13080353,2.86102294921875e-06,0.0014362335205078125,13.180643081665039,False
moore-tornado_00000084,moore-tornado,val,1024x1024,RGB,0.29648316,0.053597935,0.0,2.09808349609375e-05,4.253842353820801,False
nepal-flooding_00000116,nepal-flooding,val,1024x1024,RGB,0.39712363,0.08092191,1.9073486328125e-06,0.000102996826171875,5.2255048751831055,False
nepal-flooding_00000243,nepal-flooding,val,1024x1024,RGB,0.33677876,0.058145747,9.5367431640625e-07,0.0,5.35198974609375,False
nepal-flooding_00000380,nepal-flooding,val,1024x1024,RGB,0.2668613,0.043870278,0.0,0.0004978179931640625,7.069155693054199,False
nepal-flooding_00000418,nepal-flooding,val,1024x1024,RGB,0.35123652,0.21880463,0.09573745727539062,0.0005578994750976562,9.731321334838867,False
nepal-flooding_00000435,nepal-flooding,val,1024x1024,RGB,0.4104543,0.030147385,0.0,0.0,5.112072944641113,False
nepal-flooding_00000560,nepal-flooding,val,1024x1024,RGB,0.34881467,0.09371101,0.0,0.0008821487426757812,11.8658447265625,False
palu-tsunami_00000155,palu-tsunami,val,1024x1024,RGB,0.34529006,0.09421108,0.0,0.0002422332763671875,7.013514518737793,False
sunda-tsunami_00000020,sunda-tsunami,val,1024x1024,RGB,0.5125715,0.06702012,0.0,9.5367431640625e-07,6.869446754455566,False
sunda-tsunami_00000032,sunda-tsunami,val,1024x1024,RGB,0.48887497,0.08340996,0.0,0.0,6.974146842956543,False
sunda-tsunami_00000033,sunda-tsunami,val,1024x1024,RGB,0.6105945,0.19730379,0.0,0.0,7.242034912109375,False
sunda-tsunami_00000057,sunda-tsunami,val,1024x1024,RGB,0.41544327,0.0942504,0.0,0.0,5.48403787612915,False
sunda-tsunami_00000074,sunda-tsunami,val,1024x1024,RGB,0.65015787,0.10999052,0.0,0.0,7.053930282592773,False
sunda-tsunami_00000081,sunda-tsunami,val,1024x1024,RGB,0.8257841,0.04713749,0.0,0.0,4.57913875579834,False
sunda-tsunami_00000090,sunda-tsunami,val,1024x1024,RGB,0.4254625,0.076987304,0.0,4.100799560546875e-05,8.675983428955078,False
tuscaloosa-tornado_00000037,tuscaloosa-tornado,val,1024x1024,RGB,0.4164076,0.10003695,5.7220458984375e-06,9.822845458984375e-05,11.516247749328613,False
tuscaloosa-tornado_00000086,tuscaloosa-tornado,val,1024x1024,RGB,0.2760236,0.10165062,1.9073486328125e-06,5.435943603515625e-05,7.959022521972656,False
tuscaloosa-tornado_00000236,tuscaloosa-tornado,val,1024x1024,RGB,0.25320232,0.1516486,0.23330307006835938,1.9073486328125e-06,8.477907180786133,False
tuscaloosa-tornado_00000261,tuscaloosa-tornado,val,1024x1024,RGB,0.2433405,0.07772191,3.814697265625e-06,5.7220458984375e-06,7.575763702392578,False
tuscaloosa-tornado_00000311,tuscaloosa-tornado,val,1024x1024,RGB,0.18508433,0.073012695,2.86102294921875e-06,0.0,7.791358947753906,False
