scene_id,disaster,origin,split,is_fire,indexed_files,existing_files,complete_on_disk,one_split_only,image_label_roles_present
guatemala-volcano_00000003,guatemala-volcano,test,test_id,False,7,7,True,True,True
guatemala-volcano_00000004,guatemala-volcano,hold,test_id,False,7,7,True,True,True
guatemala-volcano_00000005,guatemala-volcano,test,test_id,False,7,7,True,True,True
guatemala-volcano_00000009,guatemala-volcano,test,test_id,False,7,7,True,True,True
guatemala-volcano_00000011,guatemala-volcano,test,test_id,False,7,7,True,True,True
guatemala-volcano_00000012,guatemala-volcano,hold,test_id,False,7,7,True,True,True
guatemala-volcano_00000014,guatemala-volcano,hold,test_id,False,7,7,True,True,True
guatemala-volcano_00000020,guatemala-volcano,hold,test_id,False,7,7,True,True,True
guatemala-volcano_00000021,guatemala-volcano,test,test_id,False,7,7,True,True,True
guatemala-volcano_00000022,guatemala-volcano,hold,test_id,False,7,7,True,True,True
hurricane-florence_00000004,hurricane-florence,test,test_id,False,7,7,True,True,True
hurricane-florence_00000005,hurricane-florence,test,test_id,False,7,7,True,True,True
hurricane-florence_00000006,hurricane-florence,hold,test_id,False,7,7,True,True,True
hurricane-florence_00000007,hurricane-florence,test,test_id,False,7,7,True,True,True
hurricane-florence_00000009,hurricane-florence,hold,test_id,False,7,7,True,True,True
hurricane-florence_00000010,hurricane-florence,hold,test_id,False,7,7,True,True,True
hurricane-florence_00000011,hurricane-florence,hold,test_id,False,7,7,True,True,True
hurricane-florence_00000013,hurricane-florence,test,test_id,False,7,7,True,True,True
hurricane-florence_00000014,hurricane-florence,hold,test_id,False,7,7,True,True,True
hurricane-florence_00000017,hurricane-florence,hold,test_id,False,7,7,True,True,True
hurricane-florence_00000019,hurricane-florence,test,test_id,False,7,7,True,True,True
hurricane-florence_00000021,hurricane-florence,hold,test_id,False,7,7,True,True,True
hurricane-florence_00000025,hurricane-florence,hold,test_id,False,7,7,True,True,True
hurricane-florence_00000029,hurricane-florence,test,test_id,False,7,7,True,True,True
hurricane-florence_00000033,hurricane-florence,hold,test_id,False,7,7,True,True,True
hurricane-florence_00000034,hurricane-florence,hold,test_id,False,7,7,True,True,True
hurricane-florence_00000035,hurricane-florence,hold,test_id,False,7,7,True,True,True
hurricane-florence_00000038,hurricane-florence,hold,test_id,False,7,7,True,True,True
hurricane-florence_00000039,hurricane-florence,test,test_id,False,7,7,True,True,True
hurricane-florence_00000040,hurricane-florence,hold,test_id,False,7,7,True,True,True
hurricane-florence_00000041,hurricane-florence,hold,test_id,False,7,7,True,True,True
hurricane-florence_00000046,hurricane-florence,test,test_id,False,7,7,True,True,True
hurricane-florence_00000047,hurricane-florence,hold,test_id,False,7,7,True,True,True
hurricane-florence_00000050,hurricane-florence,hold,test_id,False,7,7,True,True,True
hurricane-florence_00000052,hurricane-florence,hold,test_id,False,7,7,True,True,True
hurricane-florence_00000056,hurricane-florence,test,test_id,False,7,7,True,True,True
hurricane-florence_00000068,hurricane-florence,hold,test_id,False,7,7,True,True,True
hurricane-florence_00000071,hurricane-florence,hold,test_id,False,7,7,True,True,True
hurricane-florence_00000074,hurricane-florence,hold,test_id,False,7,7,True,True,True
hurricane-florence_00000076,hurricane-florence,test,test_id,False,7,7,True,True,True
hurricane-florence_00000077,hurricane-florence,test,test_id,False,7,7,True,True,True
hurricane-florence_00000081,hurricane-florence,hold,test_id,False,7,7,True,True,True
hurricane-florence_00000082,hurricane-florence,test,test_id,False,7,7,True,True,True
hurricane-florence_00000087,hurricane-florence,test,test_id,False,7,7,True,True,True
hurricane-florence_00000089,hurricane-florence,hold,test_id,False,7,7,True,True,True
hurricane-florence_00000090,hurricane-florence,hold,test_id,False,7,7,True,True,True
hurricane-florence_00000092,hurricane-florence,test,test_id,False,7,7,True,True,True
hurricane-florence_00000095,hurricane-florence,test,test_id,False,7,7,True,True,True
hurricane-florence_00000097,hurricane-florence,hold,test_id,False,7,7,True,True,True
hurricane-florence_00000098,hurricane-florence,hold,test_id,False,7,7,True,True,True
hurricane-florence_00000105,hurricane-florence,hold,test_id,False,7,7,True,True,True
hurricane-florence_00000107,hurricane-florence,hold,test_id,False,7,7,True,True,True
hurricane-florence_00000108,hurricane-florence,hold,test_id,False,7,7,True,True,True
hurricane-florence_00000109,hurricane-florence,hold,test_id,False,7,7,True,True,True
hurricane-florence_00000112,hurricane-florence,test,test_id,False,7,7,True,True,True
hurricane-florence_00000113,hurricane-florence,test,test_id,False,7,7,True,True,True
hurricane-florence_00000116,hurricane-florence,test,test_id,False,7,7,True,True,True
hurricane-florence_00000117,hurricane-florence,test,test_id,False,7,7,True,True,True
hurricane-florence_00000119,hurricane-florence,test,test_id,False,7,7,True,True,True
hurricane-florence_00000121,hurricane-florence,hold,test_id,False,7,7,True,True,True
hurricane-florence_00000124,hurricane-florence,hold,test_id,False,7,7,True,True,True
hurricane-florence_00000125,hurricane-florence,test,test_id,False,7,7,True,True,True
hurricane-florence_00000127,hurricane-florence,test,test_id,False,7,7,True,True,True
hurricane-florence_00000128,hurricane-florence,test,test_id,False,7,7,True,True,True
hurricane-florence_00000129,hurricane-florence,test,test_id,False,7,7,True,True,True
hurricane-florence_00000130,hurricane-florence,hold,test_id,False,7,7,True,True,True
hurricane-florence_00000131,hurricane-florence,test,test_id,False,7,7,True,True,True
hurricane-florence_00000133,hurricane-florence,test,test_id,False,7,7,True,True,True
hurricane-florence_00000134,hurricane-florence,hold,test_id,False,7,7,True,True,True
hurricane-florence_00000135,hurricane-florence,test,test_id,False,7,7,True,True,True
hurricane-florence_00000137,hurricane-florence,hold,test_id,False,7,7,True,True,True
hurricane-florence_00000141,hurricane-florence,test,test_id,False,7,7,True,True,True
hurricane-florence_00000143,hurricane-florence,test,test_id,False,7,7,True,True,True
hurricane-florence_00000145,hurricane-florence,test,test_id,False,7,7,True,True,True
hurricane-florence_00000150,hurricane-florence,test,test_id,False,7,7,True,True,True
hurricane-florence_00000152,hurricane-florence,test,test_id,False,7,7,True,True,True
hurricane-florence_00000154,hurricane-florence,hold,test_id,False,7,7,True,True,True
hurricane-florence_00000155,hurricane-florence,hold,test_id,False,7,7,True,True,True
hurricane-florence_00000157,hurricane-florence,hold,test_id,False,7,7,True,True,True
hurricane-florence_00000160,hurricane-florence,test,test_id,False,7,7,True,True,True
hurricane-florence_00000161,hurricane-florence,hold,test_id,False,7,7,True,True,True
hurricane-florence_00000162,hurricane-florence,hold,test_id,False,7,7,True,True,True
hurricane-florence_00000167,hurricane-florence,test,test_id,False,7,7,True,True,True
hurricane-florence_00000169,hurricane-florence,test,test_id,False,7,7,True,True,True
hurricane-florence_00000170,hurricane-florence,hold,test_id,False,7,7,True,True,True
hurricane-florence_00000171,hurricane-florence,test,test_id,False,7,7,True,True,True
hurricane-florence_00000172,hurricane-florence,test,test_id,False,7,7,True,True,True
hurricane-florence_00000173,hurricane-florence,test,test_id,False,7,7,True,True,True
hurricane-florence_00000175,hurricane-florence,hold,test_id,False,7,7,True,True,True
hurricane-florence_00000176,hurricane-florence,test,test_id,False,7,7,True,True,True
hurricane-florence_00000177,hurricane-florence,test,test_id,False,7,7,True,True,True
hurricane-florence_00000179,hurricane-florence,test,test_id,False,7,7,True,True,True
hurricane-florence_00000182,hurricane-florence,test,test_id,False,7,7,True,True,True
hurricane-florence_00000184,hurricane-florence,test,test_id,False,7,7,True,True,True
hurricane-florence_00000186,hurricane-florence,test,test_id,False,7,7,True,True,True
hurricane-florence_00000187,hurricane-florence,test,test_id,False,7,7,True,True,True
hurricane-florence_00000196,hurricane-florence,test,test_id,False,7,7,True,True,True
hurricane-florence_00000197,hurricane-florence,test,test_id,False,7,7,True,True,True
hurricane-florence_00000198,hurricane-florence,hold,test_id,False,7,7,True,True,True
hurricane-florence_00000200,hurricane-florence,test,test_id,False,7,7,True,True,True
hurricane-florence_00000201,hurricane-florence,hold,test_id,False,7,7,True,True,True
hurricane-florence_00000202,hurricane-florence,hold,test_id,False,7,7,True,True,True
hurricane-florence_00000204,hurricane-florence,test,test_id,False,7,7,True,True,True
hurricane-florence_00000205,hurricane-florence,hold,test_id,False,7,7,True,True,True
hurricane-florence_00000206,hurricane-florence,hold,test_id,False,7,7,True,True,True
hurricane-florence_00000207,hurricane-florence,hold,test_id,False,7,7,True,True,True
hurricane-florence_00000208,hurricane-florence,test,test_id,False,7,7,True,True,True
hurricane-florence_00000209,hurricane-florence,hold,test_id,False,7,7,True,True,True
hurricane-florence_00000211,hurricane-florence,test,test_id,False,7,7,True,True,True
hurricane-florence_00000213,hurricane-florence,hold,test_id,False,7,7,True,True,True
hurricane-florence_00000214,hurricane-florence,hold,test_id,False,7,7,True,True,True
hurricane-florence_00000215,hurricane-florence,test,test_id,False,7,7,True,True,True
hurricane-florence_00000220,hurricane-florence,hold,test_id,False,7,7,True,True,True
hurricane-florence_00000223,hurricane-florence,hold,test_id,False,7,7,True,True,True
hurricane-florence_00000225,hurricane-florence,test,test_id,False,7,7,True,True,True
hurricane-florence_00000227,hurricane-florence,hold,test_id,False,7,7,True,True,True
hurricane-florence_00000228,hurricane-florence,test,test_id,False,7,7,True,True,True
hurricane-florence_00000230,hurricane-florence,hold,test_id,False,7,7,True,True,True
hurricane-florence_00000234,hurricane-florence,hold,test_id,False,7,7,True,True,True
hurricane-florence_00000235,hurricane-florence,test,test_id,False,7,7,True,True,True
hurricane-florence_00000236,hurricane-florence,hold,test_id,False,7,7,True,True,True
hurricane-florence_00000238,hurricane-florence,hold,test_id,False,7,7,True,True,True
hurricane-florence_00000239,hurricane-florence,hold,test_id,False,7,7,True,True,True
hurricane-florence_00000240,hurricane-florence,test,test_id,False,7,7,True,True,True
hurricane-florence_00000241,hurricane-florence,hold,test_id,False,7,7,True,True,True
hurricane-florence_00000243,hurricane-florence,hold,test_id,False,7,7,True,True,True
hurricane-florence_00000246,hurricane-florence,hold,test_id,False,7,7,True,True,True
hurricane-florence_00000248,hurricane-florence,hold,test_id,False,7,7,True,True,True
hurricane-florence_00000249,hurricane-florence,test,test_id,False,7,7,True,True,True
hurricane-florence_00000250,hurricane-florence,hold,test_id,False,7,7,True,True,True
hurricane-florence_00000253,hurricane-florence,test,test_id,False,7,7,True,True,True
hurricane-florence_00000254,hurricane-florence,hold,test_id,False,7,7,True,True,True
hurricane-florence_00000257,hurricane-florence,hold,test_id,False,7,7,True,True,True
hurricane-florence_00000258,hurricane-florence,hold,test_id,False,7,7,True,True,True
hurricane-florence_00000261,hurricane-florence,hold,test_id,False,7,7,True,True,True
hurricane-florence_00000262,hurricane-florence,test,test_id,False,7,7,True,True,True
hurricane-florence_00000265,hurricane-florence,test,test_id,False,7,7,True,True,True
hurricane-florence_00000267,hurricane-florence,test,test_id,False,7,7,True,True,True
hurricane-florence_00000268,hurricane-florence,test,test_id,False,7,7,True,True,True
hurricane-florence_00000270,hurricane-florence,hold,test_id,False,7,7,True,True,True
hurricane-florence_00000271,hurricane-florence,hold,test_id,False,7,7,True,True,True
hurricane-florence_00000276,hurricane-florence,test,test_id,False,7,7,True,True,True
hurricane-florence_00000280,hurricane-florence,hold,test_id,False,7,7,True,True,True
hurricane-florence_00000281,hurricane-florence,hold,test_id,False,7,7,True,True,True
hurricane-florence_00000283,hurricane-florence,hold,test_id,False,7,7,True,True,True
hurricane-florence_00000286,hurricane-florence,test,test_id,False,7,7,True,True,True
hurricane-florence_00000287,hurricane-florence,hold,test_id,False,7,7,True,True,True
hurricane-florence_00000288,hurricane-florence,test,test_id,False,7,7,True,True,True
hurricane-florence_00000291,hurricane-florence,hold,test_id,False,7,7,True,True,True
hurricane-florence_00000292,hurricane-florence,test,test_id,False,7,7,True,True,True
hurricane-florence_00000294,hurricane-florence,test,test_id,False,7,7,True,True,True
hurricane-florence_00000295,hurricane-florence,hold,test_id,False,7,7,True,True,True
hurricane-florence_00000299,hurricane-florence,hold,test_id,False,7,7,True,True,True
hurricane-florence_00000301,hurricane-florence,test,test_id,False,7,7,True,True,True
hurricane-florence_00000305,hurricane-florence,hold,test_id,False,7,7,True,True,True
hurricane-florence_00000307,hurricane-florence,test,test_id,False,7,7,True,True,True
hurricane-florence_00000311,hurricane-florence,hold,test_id,False,7,7,True,True,True
hurricane-florence_00000317,hurricane-florence,test,test_id,False,7,7,True,True,True
hurricane-florence_00000318,hurricane-florence,test,test_id,False,7,7,True,True,True
hurricane-florence_00000321,hurricane-florence,test,test_id,False,7,7,True,True,True
hurricane-florence_00000322,hurricane-florence,hold,test_id,False,7,7,True,True,True
hurricane-florence_00000323,hurricane-florence,test,test_id,False,7,7,True,True,True
hurricane-florence_00000326,hurricane-florence,test,test_id,False,7,7,True,True,True
hurricane-florence_00000327,hurricane-florence,hold,test_id,False,7,7,True,True,True
hurricane-florence_00000339,hurricane-florence,hold,test_id,False,7,7,True,True,True
hurricane-florence_00000342,hurricane-florence,test,test_id,False,7,7,True,True,True
hurricane-florence_00000343,hurricane-florence,test,test_id,False,7,7,True,True,True
hurricane-florence_00000348,hurricane-florence,hold,test_id,False,7,7,True,True,True
hurricane-florence_00000351,hurricane-florence,hold,test_id,False,7,7,True,True,True
hurricane-florence_00000352,hurricane-florence,hold,test_id,False,7,7,True,True,True
hurricane-florence_00000354,hurricane-florence,hold,test_id,False,7,7,True,True,True
hurricane-florence_00000358,hurricane-florence,hold,test_id,False,7,7,True,True,True
hurricane-florence_00000363,hurricane-florence,test,test_id,False,7,7,True,True,True
hurricane-florence_00000364,hurricane-florence,test,test_id,False,7,7,True,True,True
hurricane-florence_00000367,hurricane-florence,hold,test_id,False,7,7,True,True,True
hurricane-florence_00000373,hurricane-florence,hold,test_id,False,7,7,True,True,True
hurricane-florence_00000375,hurricane-florence,test,test_id,False,7,7,True,True,True
hurricane-florence_00000377,hurricane-florence,test,test_id,False,7,7,True,True,True
hurricane-florence_00000378,hurricane-florence,test,test_id,False,7,7,True,True,True
hurricane-florence_00000383,hurricane-florence,hold,test_id,False,7,7,True,True,True
hurricane-florence_00000384,hurricane-florence,test,test_id,False,7,7,True,True,True
hurricane-florence_00000385,hurricane-florence,hold,test_id,False,7,7,True,True,True
hurricane-florence_00000386,hurricane-florence,test,test_id,False,7,7,True,True,True
hurricane-florence_00000391,hurricane-florence,hold,test_id,False,7,7,True,True,True
hurricane-florence_00000396,hurricane-florence,test,test_id,False,7,7,True,True,True
hurricane-florence_00000400,hurricane-florence,test,test_id,False,7,7,True,True,True
hurricane-florence_00000402,hurricane-florence,hold,test_id,False,7,7,True,True,True
hurricane-florence_00000412,hurricane-florence,hold,test_id,False,7,7,True,True,True
hurricane-florence_00000413,hurricane-florence,hold,test_id,False,7,7,True,True,True
hurricane-florence_00000415,hurricane-florence,test,test_id,False,7,7,True,True,True
hurricane-florence_00000417,hurricane-florence,test,test_id,False,7,7,True,True,True
hurricane-florence_00000421,hurricane-florence,test,test_id,False,7,7,True,True,True
hurricane-florence_00000422,hurricane-florence,hold,test_id,False,7,7,True,True,True
hurricane-florence_00000429,hurricane-florence,hold,test_id,False,7,7,True,True,True
hurricane-florence_00000430,hurricane-florence,hold,test_id,False,7,7,True,True,True
hurricane-florence_00000432,hurricane-florence,hold,test_id,False,7,7,True,True,True
hurricane-florence_00000434,hurricane-florence,test,test_id,False,7,7,True,True,True
hurricane-florence_00000439,hurricane-florence,hold,test_id,False,7,7,True,True,True
hurricane-florence_00000440,hurricane-florence,hold,test_id,False,7,7,True,True,True
hurricane-florence_00000447,hurricane-florence,hold,test_id,False,7,7,True,True,True
hurricane-florence_00000448,hurricane-florence,test,test_id,False,7,7,True,True,True
hurricane-florence_00000456,hurricane-florence,test,test_id,False,7,7,True,True,True
hurricane-florence_00000458,hurricane-florence,hold,test_id,False,7,7,True,True,True
hurricane-florence_00000463,hurricane-florence,hold,test_id,False,7,7,True,True,True
hurricane-florence_00000465,hurricane-florence,hold,test_id,False,7,7,True,True,True
hurricane-florence_00000466,hurricane-florence,test,test_id,False,7,7,True,True,True
hurricane-florence_00000468,hurricane-florence,test,test_id,False,7,7,True,True,True
hurricane-florence_00000471,hurricane-florence,test,test_id,False,7,7,True,True,True
hurricane-florence_00000479,hurricane-florence,hold,test_id,False,7,7,True,True,True
hurricane-florence_00000480,hurricane-florence,test,test_id,False,7,7,True,True,True
hurricane-florence_00000483,hurricane-florence,test,test_id,False,7,7,True,True,True
hurricane-florence_00000487,hurricane-florence,hold,test_id,False,7,7,True,True,True
hurricane-florence_00000488,hurricane-florence,test,test_id,False,7,7,True,True,True
hurricane-florence_00000489,hurricane-florence,hold,test_id,False,7,7,True,True,True
hurricane-florence_00000491,hurricane-florence,test,test_id,False,7,7,True,True,True
hurricane-florence_00000495,hurricane-florence,hold,test_id,False,7,7,True,True,True
hurricane-florence_00000499,hurricane-florence,hold,test_id,False,7,7,True,True,True
hurricane-florence_00000502,hurricane-florence,hold,test_id,False,7,7,True,True,True
hurricane-florence_00000505,hurricane-florence,hold,test_id,False,7,7,True,True,True
hurricane-florence_00000507,hurricane-florence,test,test_id,False,7,7,True,True,True
hurricane-florence_00000509,hurricane-florence,test,test_id,False,7,7,True,True,True
hurricane-florence_00000511,hurricane-florence,hold,test_id,False,7,7,True,True,True
hurricane-florence_00000518,hurricane-florence,hold,test_id,False,7,7,True,True,True
hurricane-florence_00000519,hurricane-florence,test,test_id,False,7,7,True,True,True
hurricane-florence_00000520,hurricane-florence,hold,test_id,False,7,7,True,True,True
hurricane-florence_00000521,hurricane-florence,hold,test_id,False,7,7,True,True,True
hurricane-florence_00000524,hurricane-florence,hold,test_id,False,7,7,True,True,True
hurricane-florence_00000525,hurricane-florence,test,test_id,False,7,7,True,True,True
hurricane-florence_00000528,hurricane-florence,test,test_id,False,7,7,True,True,True
hurricane-florence_00000530,hurricane-florence,test,test_id,False,7,7,True,True,True
hurricane-florence_00000532,hurricane-florence,hold,test_id,False,7,7,True,True,True
hurricane-florence_00000534,hurricane-florence,hold,test_id,False,7,7,True,True,True
hurricane-florence_00000535,hurricane-florence,test,test_id,False,7,7,True,True,True
hurricane-florence_00000539,hurricane-florence,hold,test_id,False,7,7,True,True,True
hurricane-florence_00000541,hurricane-florence,test,test_id,False,7,7,True,True,True
hurricane-florence_00000543,hurricane-florence,test,test_id,False,7,7,True,True,True
hurricane-florence_00000544,hurricane-florence,test,test_id,False,7,7,True,True,True
hurricane-harvey_00000003,hurricane-harvey,test,test_id,False,7,7,True,True,True
hurricane-harvey_00000004,hurricane-harvey,hold,test_id,False,7,7,True,True,True
hurricane-harvey_00000005,hurricane-harvey,hold,test_id,False,7,7,True,True,True
hurricane-harvey_00000011,hurricane-harvey,test,test_id,False,7,7,True,True,True
hurricane-harvey_00000013,hurricane-harvey,hold,test_id,False,7,7,True,True,True
hurricane-harvey_00000014,hurricane-harvey,hold,test_id,False,7,7,True,True,True
hurricane-harvey_00000018,hurricane-harvey,test,test_id,False,7,7,True,True,True
hurricane-harvey_00000021,hurricane-harvey,hold,test_id,False,7,7,True,True,True
hurricane-harvey_00000023,hurricane-harvey,test,test_id,False,7,7,True,True,True
hurricane-harvey_00000027,hurricane-harvey,hold,test_id,False,7,7,True,True,True
hurricane-harvey_00000031,hurricane-harvey,hold,test_id,False,7,7,True,True,True
hurricane-harvey_00000032,hurricane-harvey,hold,test_id,False,7,7,True,True,True
hurricane-harvey_00000033,hurricane-harvey,test,test_id,False,7,7,True,True,True
hurricane-harvey_00000034,hurricane-harvey,hold,test_id,False,7,7,True,True,True
hurricane-harvey_00000036,hurricane-harvey,test,test_id,False,7,7,True,True,True
hurricane-harvey_00000037,hurricane-harvey,test,test_id,False,7,7,True,True,True
hurricane-harvey_00000038,hurricane-harvey,hold,test_id,False,7,7,True,True,True
hurricane-harvey_00000044,hurricane-harvey,test,test_id,False,7,7,True,True,True
hurricane-harvey_00000050,hurricane-harvey,hold,test_id,False,7,7,True,True,True
hurricane-harvey_00000058,hurricane-harvey,test,test_id,False,7,7,True,True,True
hurricane-harvey_00000062,hurricane-harvey,test,test_id,False,7,7,True,True,True
hurricane-harvey_00000063,hurricane-harvey,test,test_id,False,7,7,True,True,True
hurricane-harvey_00000064,hurricane-harvey,test,test_id,False,7,7,True,True,True
hurricane-harvey_00000065,hurricane-harvey,hold,test_id,False,7,7,True,True,True
hurricane-harvey_00000067,hurricane-harvey,hold,test_id,False,7,7,True,True,True
hurricane-harvey_00000068,hurricane-harvey,test,test_id,False,7,7,True,True,True
hurricane-harvey_00000074,hurricane-harvey,hold,test_id,False,7,7,True,True,True
hurricane-harvey_00000078,hurricane-harvey,test,test_id,False,7,7,True,True,True
hurricane-harvey_00000083,hurricane-harvey,hold,test_id,False,7,7,True,True,True
hurricane-harvey_00000086,hurricane-harvey,hold,test_id,False,7,7,True,True,True
hurricane-harvey_00000087,hurricane-harvey,hold,test_id,False,7,7,True,True,True
hurricane-harvey_00000093,hurricane-harvey,test,test_id,False,7,7,True,True,True
hurricane-harvey_00000095,hurricane-harvey,hold,test_id,False,7,7,True,True,True
hurricane-harvey_00000096,hurricane-harvey,test,test_id,False,7,7,True,True,True
hurricane-harvey_00000097,hurricane-harvey,test,test_id,False,7,7,True,True,True
hurricane-harvey_00000102,hurricane-harvey,hold,test_id,False,7,7,True,True,True
hurricane-harvey_00000103,hurricane-harvey,test,test_id,False,7,7,True,True,True
hurricane-harvey_00000105,hurricane-harvey,test,test_id,False,7,7,True,True,True
hurricane-harvey_00000106,hurricane-harvey,hold,test_id,False,7,7,True,True,True
hurricane-harvey_00000110,hurricane-harvey,hold,test_id,False,7,7,True,True,True
hurricane-harvey_00000112,hurricane-harvey,test,test_id,False,7,7,True,True,True
hurricane-harvey_00000117,hurricane-harvey,hold,test_id,False,7,7,True,True,True
hurricane-harvey_00000120,hurricane-harvey,test,test_id,False,7,7,True,True,True
hurricane-harvey_00000121,hurricane-harvey,hold,test_id,False,7,7,True,True,True
hurricane-harvey_00000122,hurricane-harvey,test,test_id,False,7,7,True,True,True
hurricane-harvey_00000124,hurricane-harvey,hold,test_id,False,7,7,True,True,True
hurricane-harvey_00000125,hurricane-harvey,hold,test_id,False,7,7,True,True,True
hurricane-harvey_00000127,hurricane-harvey,test,test_id,False,7,7,True,True,True
hurricane-harvey_00000131,hurricane-harvey,test,test_id,False,7,7,True,True,True
hurricane-harvey_00000133,hurricane-harvey,test,test_id,False,7,7,True,True,True
hurricane-harvey_00000135,hurricane-harvey,test,test_id,False,7,7,True,True,True
hurricane-harvey_00000139,hurricane-harvey,test,test_id,False,7,7,True,True,True
hurricane-harvey_00000140,hurricane-harvey,hold,test_id,False,7,7,True,True,True
hurricane-harvey_00000143,hurricane-harvey,test,test_id,False,7,7,True,True,True
hurricane-harvey_00000148,hurricane-harvey,hold,test_id,False,7,7,True,True,True
hurricane-harvey_00000149,hurricane-harvey,hold,test_id,False,7,7,True,True,True
hurricane-harvey_00000150,hurricane-harvey,test,test_id,False,7,7,True,True,True
hurricane-harvey_00000155,hurricane-harvey,test,test_id,False,7,7,True,True,True
hurricane-harvey_00000161,hurricane-harvey,test,test_id,False,7,7,True,True,True
hurricane-harvey_00000162,hurricane-harvey,test,test_id,False,7,7,True,True,True
hurricane-harvey_00000163,hurricane-harvey,test,test_id,False,7,7,True,True,True
hurricane-harvey_00000164,hurricane-harvey,test,test_id,False,7,7,True,True,True
hurricane-harvey_00000166,hurricane-harvey,test,test_id,False,7,7,True,True,True
hurricane-harvey_00000173,hurricane-harvey,test,test_id,False,7,7,True,True,True
hurricane-harvey_00000175,hurricane-harvey,hold,test_id,False,7,7,True,True,True
hurricane-harvey_00000179,hurricane-harvey,test,test_id,False,7,7,True,True,True
hurricane-harvey_00000181,hurricane-harvey,hold,test_id,False,7,7,True,True,True
hurricane-harvey_00000182,hurricane-harvey,test,test_id,False,7,7,True,True,True
hurricane-harvey_00000183,hurricane-harvey,hold,test_id,False,7,7,True,True,True
hurricane-harvey_00000184,hurricane-harvey,hold,test_id,False,7,7,True,True,True
hurricane-harvey_00000185,hurricane-harvey,test,test_id,False,7,7,True,True,True
hurricane-harvey_00000186,hurricane-harvey,test,test_id,False,7,7,True,True,True
hurricane-harvey_00000188,hurricane-harvey,hold,test_id,False,7,7,True,True,True
hurricane-harvey_00000190,hurricane-harvey,hold,test_id,False,7,7,True,True,True
hurricane-harvey_00000191,hurricane-harvey,test,test_id,False,7,7,True,True,True
hurricane-harvey_00000192,hurricane-harvey,test,test_id,False,7,7,True,True,True
hurricane-harvey_00000193,hurricane-harvey,hold,test_id,False,7,7,True,True,True
hurricane-harvey_00000198,hurricane-harvey,hold,test_id,False,7,7,True,True,True
hurricane-harvey_00000199,hurricane-harvey,hold,test_id,False,7,7,True,True,True
hurricane-harvey_00000201,hurricane-harvey,hold,test_id,False,7,7,True,True,True
hurricane-harvey_00000202,hurricane-harvey,test,test_id,False,7,7,True,True,True
hurricane-harvey_00000209,hurricane-harvey,hold,test_id,False,7,7,True,True,True
hurricane-harvey_00000211,hurricane-harvey,test,test_id,False,7,7,True,True,True
hurricane-harvey_00000215,hurricane-harvey,hold,test_id,False,7,7,True,True,True
hurricane-harvey_00000219,hurricane-harvey,hold,test_id,False,7,7,True,True,True
hurricane-harvey_00000223,hurricane-harvey,test,test_id,False,7,7,True,True,True
hurricane-harvey_00000225,hurricane-harvey,test,test_id,False,7,7,True,True,True
hurricane-harvey_00000227,hurricane-harvey,test,test_id,False,7,7,True,True,True
hurricane-harvey_00000229,hurricane-harvey,hold,test_id,False,7,7,True,True,True
hurricane-harvey_00000230,hurricane-harvey,test,test_id,False,7,7,True,True,True
hurricane-harvey_00000234,hurricane-harvey,hold,test_id,False,7,7,True,True,True
hurricane-harvey_00000236,hurricane-harvey,hold,test_id,False,7,7,True,True,True
hurricane-harvey_00000240,hurricane-harvey,hold,test_id,False,7,7,True,True,True
hurricane-harvey_00000246,hurricane-harvey,test,test_id,False,7,7,True,True,True
hurricane-harvey_00000247,hurricane-harvey,hold,test_id,False,7,7,True,True,True
hurricane-harvey_00000250,hurricane-harvey,test,test_id,False,7,7,True,True,True
hurricane-harvey_00000252,hurricane-harvey,test,test_id,False,7,7,True,True,True
hurricane-harvey_00000253,hurricane-harvey,hold,test_id,False,7,7,True,True,True
hurricane-harvey_00000254,hurricane-harvey,test,test_id,False,7,7,True,True,True
hurricane-harvey_00000256,hurricane-harvey,hold,test_id,False,7,7,True,True,True
hurricane-harvey_00000259,hurricane-harvey,test,test_id,False,7,7,True,True,True
hurricane-harvey_00000263,hurricane-harvey,hold,test_id,False,7,7,True,True,True
hurricane-harvey_00000276,hurricane-harvey,test,test_id,False,7,7,True,True,True
hurricane-harvey_00000279,hurricane-harvey,hold,test_id,False,7,7,True,True,True
hurricane-harvey_00000282,hurricane-harvey,hold,test_id,False,7,7,True,True,True
hurricane-harvey_00000283,hurricane-harvey,test,test_id,False,7,7,True,True,True
hurricane-harvey_00000287,hurricane-harvey,test,test_id,False,7,7,True,True,True
hurricane-harvey_00000290,hurricane-harvey,hold,test_id,False,7,7,True,True,True
hurricane-harvey_00000293,hurricane-harvey,hold,test_id,False,7,7,True,True,True
hurricane-harvey_00000294,hurricane-harvey,test,test_id,False,7,7,True,True,True
hurricane-harvey_00000295,hurricane-harvey,hold,test_id,False,7,7,True,True,True
hurricane-harvey_00000296,hurricane-harvey,hold,test_id,False,7,7,True,True,True
hurricane-harvey_00000297,hurricane-harvey,test,test_id,False,7,7,True,True,True
hurricane-harvey_00000298,hurricane-harvey,test,test_id,False,7,7,True,True,True
hurricane-harvey_00000301,hurricane-harvey,test,test_id,False,7,7,True,True,True
hurricane-harvey_00000303,hurricane-harvey,test,test_id,False,7,7,True,True,True
hurricane-harvey_00000304,hurricane-harvey,test,test_id,False,7,7,True,True,True
hurricane-harvey_00000305,hurricane-harvey,test,test_id,False,7,7,True,True,True
hurricane-harvey_00000306,hurricane-harvey,hold,test_id,False,7,7,True,True,True
hurricane-harvey_00000308,hurricane-harvey,test,test_id,False,7,7,True,True,True
hurricane-harvey_00000310,hurricane-harvey,test,test_id,False,7,7,True,True,True
hurricane-harvey_00000311,hurricane-harvey,hold,test_id,False,7,7,True,True,True
hurricane-harvey_00000314,hurricane-harvey,test,test_id,False,7,7,True,True,True
hurricane-harvey_00000321,hurricane-harvey,hold,test_id,False,7,7,True,True,True
hurricane-harvey_00000322,hurricane-harvey,hold,test_id,False,7,7,True,True,True
hurricane-harvey_00000324,hurricane-harvey,test,test_id,False,7,7,True,True,True
hurricane-harvey_00000326,hurricane-harvey,test,test_id,False,7,7,True,True,True
hurricane-harvey_00000328,hurricane-harvey,test,test_id,False,7,7,True,True,True
hurricane-harvey_00000331,hurricane-harvey,test,test_id,False,7,7,True,True,True
hurricane-harvey_00000334,hurricane-harvey,hold,test_id,False,7,7,True,True,True
hurricane-harvey_00000339,hurricane-harvey,test,test_id,False,7,7,True,True,True
hurricane-harvey_00000340,hurricane-harvey,test,test_id,False,7,7,True,True,True
hurricane-harvey_00000341,hurricane-harvey,test,test_id,False,7,7,True,True,True
hurricane-harvey_00000342,hurricane-harvey,test,test_id,False,7,7,True,True,True
hurricane-harvey_00000343,hurricane-harvey,hold,test_id,False,7,7,True,True,True
hurricane-harvey_00000349,hurricane-harvey,hold,test_id,False,7,7,True,True,True
hurricane-harvey_00000350,hurricane-harvey,hold,test_id,False,7,7,True,True,True
hurricane-harvey_00000352,hurricane-harvey,hold,test_id,False,7,7,True,True,True
hurricane-harvey_00000353,hurricane-harvey,test,test_id,False,7,7,True,True,True
hurricane-harvey_00000355,hurricane-harvey,test,test_id,False,7,7,True,True,True
hurricane-harvey_00000359,hurricane-harvey,hold,test_id,False,7,7,True,True,True
hurricane-harvey_00000360,hurricane-harvey,test,test_id,False,7,7,True,True,True
hurricane-harvey_00000362,hurricane-harvey,hold,test_id,False,7,7,True,True,True
hurricane-harvey_00000363,hurricane-harvey,hold,test_id,False,7,7,True,True,True
hurricane-harvey_00000364,hurricane-harvey,test,test_id,False,7,7,True,True,True
hurricane-harvey_00000368,hurricane-harvey,test,test_id,False,7,7,True,True,True
hurricane-harvey_00000370,hurricane-harvey,test,test_id,False,7,7,True,True,True
hurricane-harvey_00000371,hurricane-harvey,hold,test_id,False,7,7,True,True,True
hurricane-harvey_00000372,hurricane-harvey,hold,test_id,False,7,7,True,True,True
hurricane-harvey_00000376,hurricane-harvey,hold,test_id,False,7,7,True,True,True
hurricane-harvey_00000377,hurricane-harvey,test,test_id,False,7,7,True,True,True
hurricane-harvey_00000378,hurricane-harvey,test,test_id,False,7,7,True,True,True
hurricane-harvey_00000383,hurricane-harvey,hold,test_id,False,7,7,True,True,True
hurricane-harvey_00000385,hurricane-harvey,hold,test_id,False,7,7,True,True,True
hurricane-harvey_00000386,hurricane-harvey,hold,test_id,False,7,7,True,True,True
hurricane-harvey_00000390,hurricane-harvey,test,test_id,False,7,7,True,True,True
hurricane-harvey_00000394,hurricane-harvey,test,test_id,False,7,7,True,True,True
hurricane-harvey_00000395,hurricane-harvey,hold,test_id,False,7,7,True,True,True
hurricane-harvey_00000399,hurricane-harvey,hold,test_id,False,7,7,True,True,True
hurricane-harvey_00000401,hurricane-harvey,hold,test_id,False,7,7,True,True,True
hurricane-harvey_00000403,hurricane-harvey,hold,test_id,False,7,7,True,True,True
hurricane-harvey_00000404,hurricane-harvey,hold,test_id,False,7,7,True,True,True
hurricane-harvey_00000405,hurricane-harvey,hold,test_id,False,7,7,True,True,True
hurricane-harvey_00000407,hurricane-harvey,test,test_id,False,7,7,True,True,True
hurricane-harvey_00000409,hurricane-harvey,hold,test_id,False,7,7,True,True,True
hurricane-harvey_00000414,hurricane-harvey,hold,test_id,False,7,7,True,True,True
hurricane-harvey_00000415,hurricane-harvey,test,test_id,False,7,7,True,True,True
hurricane-harvey_00000416,hurricane-harvey,test,test_id,False,7,7,True,True,True
hurricane-harvey_00000417,hurricane-harvey,hold,test_id,False,7,7,True,True,True
hurricane-harvey_00000420,hurricane-harvey,test,test_id,False,7,7,True,True,True
hurricane-harvey_00000421,hurricane-harvey,hold,test_id,False,7,7,True,True,True
hurricane-harvey_00000424,hurricane-harvey,test,test_id,False,7,7,True,True,True
hurricane-harvey_00000428,hurricane-harvey,test,test_id,False,7,7,True,True,True
hurricane-harvey_00000441,hurricane-harvey,test,test_id,False,7,7,True,True,True
hurricane-harvey_00000445,hurricane-harvey,test,test_id,False,7,7,True,True,True
hurricane-harvey_00000447,hurricane-harvey,hold,test_id,False,7,7,True,True,True
hurricane-harvey_00000449,hurricane-harvey,hold,test_id,False,7,7,True,True,True
hurricane-harvey_00000450,hurricane-harvey,hold,test_id,False,7,7,True,True,True
hurricane-harvey_00000453,hurricane-harvey,test,test_id,False,7,7,True,True,True
hurricane-harvey_00000456,hurricane-harvey,test,test_id,False,7,7,True,True,True
hurricane-harvey_00000457,hurricane-harvey,hold,test_id,False,7,7,True,True,True
hurricane-harvey_00000458,hurricane-harvey,test,test_id,False,7,7,True,True,True
hurricane-harvey_00000459,hurricane-harvey,hold,test_id,False,7,7,True,True,True
hurricane-harvey_00000460,hurricane-harvey,test,test_id,False,7,7,True,True,True
hurricane-harvey_00000464,hurricane-harvey,test,test_id,False,7,7,True,True,True
hurricane-harvey_00000465,hurricane-harvey,test,test_id,False,7,7,True,True,True
hurricane-harvey_00000466,hurricane-harvey,test,test_id,False,7,7,True,True,True
hurricane-harvey_00000468,hurricane-harvey,test,test_id,False,7,7,True,True,True
hurricane-harvey_00000475,hurricane-harvey,hold,test_id,False,7,7,True,True,True
hurricane-harvey_00000476,hurricane-harvey,test,test_id,False,7,7,True,True,True
hurricane-harvey_00000479,hurricane-harvey,test,test_id,False,7,7,True,True,True
hurricane-harvey_00000483,hurricane-harvey,test,test_id,False,7,7,True,True,True
hurricane-harvey_00000485,hurricane-harvey,test,test_id,False,7,7,True,True,True
hurricane-harvey_00000487,hurricane-harvey,hold,test_id,False,7,7,True,True,True
hurricane-harvey_00000490,hurricane-harvey,hold,test_id,False,7,7,True,True,True
hurricane-harvey_00000497,hurricane-harvey,hold,test_id,False,7,7,True,True,True
hurricane-harvey_00000498,hurricane-harvey,test,test_id,False,7,7,True,True,True
hurricane-harvey_00000503,hurricane-harvey,hold,test_id,False,7,7,True,True,True
hurricane-harvey_00000504,hurricane-harvey,test,test_id,False,7,7,True,True,True
hurricane-harvey_00000510,hurricane-harvey,test,test_id,False,7,7,True,True,True
hurricane-harvey_00000513,hurricane-harvey,hold,test_id,False,7,7,True,True,True
hurricane-harvey_00000516,hurricane-harvey,test,test_id,False,7,7,True,True,True
hurricane-harvey_00000518,hurricane-harvey,hold,test_id,False,7,7,True,True,True
hurricane-matthew_00000010,hurricane-matthew,test,test_id,False,7,7,True,True,True
hurricane-matthew_00000011,hurricane-matthew,test,test_id,False,7,7,True,True,True
hurricane-matthew_00000012,hurricane-matthew,hold,test_id,False,7,7,True,True,True
hurricane-matthew_00000015,hurricane-matthew,hold,test_id,False,7,7,True,True,True
hurricane-matthew_00000018,hurricane-matthew,test,test_id,False,7,7,True,True,True
hurricane-matthew_00000019,hurricane-matthew,test,test_id,False,7,7,True,True,True
hurricane-matthew_00000020,hurricane-matthew,hold,test_id,False,7,7,True,True,True
hurricane-matthew_00000022,hurricane-matthew,test,test_id,False,7,7,True,True,True
hurricane-matthew_00000024,hurricane-matthew,hold,test_id,False,7,7,True,True,True
hurricane-matthew_00000025,hurricane-matthew,hold,test_id,False,7,7,True,True,True
hurricane-matthew_00000026,hurricane-matthew,hold,test_id,False,7,7,True,True,True
hurricane-matthew_00000027,hurricane-matthew,test,test_id,False,7,7,True,True,True
hurricane-matthew_00000028,hurricane-matthew,test,test_id,False,7,7,True,True,True
hurricane-matthew_00000029,hurricane-matthew,test,test_id,False,7,7,True,True,True
hurricane-matthew_00000032,hurricane-matthew,hold,test_id,False,7,7,True,True,True
hurricane-matthew_00000033,hurricane-matthew,test,test_id,False,7,7,True,True,True
hurricane-matthew_00000036,hurricane-matthew,hold,test_id,False,7,7,True,True,True
hurricane-matthew_00000037,hurricane-matthew,test,test_id,False,7,7,True,True,True
hurricane-matthew_00000038,hurricane-matthew,hold,test_id,False,7,7,True,True,True
hurricane-matthew_00000042,hurricane-matthew,test,test_id,False,7,7,True,True,True
hurricane-matthew_00000046,hurricane-matthew,hold,test_id,False,7,7,True,True,True
hurricane-matthew_00000047,hurricane-matthew,hold,test_id,False,7,7,True,True,True
hurricane-matthew_00000055,hurricane-matthew,hold,test_id,False,7,7,True,True,True
hurricane-matthew_00000057,hurricane-matthew,test,test_id,False,7,7,True,True,True
hurricane-matthew_00000058,hurricane-matthew,hold,test_id,False,7,7,True,True,True
hurricane-matthew_00000059,hurricane-matthew,hold,test_id,False,7,7,True,True,True
hurricane-matthew_00000061,hurricane-matthew,hold,test_id,False,7,7,True,True,True
hurricane-matthew_00000068,hurricane-matthew,hold,test_id,False,7,7,True,True,True
hurricane-matthew_00000073,hurricane-matthew,hold,test_id,False,7,7,True,True,True
hurricane-matthew_00000074,hurricane-matthew,hold,test_id,False,7,7,True,True,True
hurricane-matthew_00000076,hurricane-matthew,test,test_id,False,7,7,True,True,True
hurricane-matthew_00000081,hurricane-matthew,hold,test_id,False,7,7,True,True,True
hurricane-matthew_00000087,hurricane-matthew,hold,test_id,False,7,7,True,True,True
hurricane-matthew_00000088,hurricane-matthew,hold,test_id,False,7,7,True,True,True
hurricane-matthew_00000091,hurricane-matthew,hold,test_id,False,7,7,True,True,True
hurricane-matthew_00000096,hurricane-matthew,test,test_id,False,7,7,True,True,True
hurricane-matthew_00000098,hurricane-matthew,hold,test_id,False,7,7,True,True,True
hurricane-matthew_00000101,hurricane-matthew,test,test_id,False,7,7,True,True,True
hurricane-matthew_00000105,hurricane-matthew,test,test_id,False,7,7,True,True,True
hurricane-matthew_00000106,hurricane-matthew,hold,test_id,False,7,7,True,True,True
hurricane-matthew_00000107,hurricane-matthew,hold,test_id,False,7,7,True,True,True
hurricane-matthew_00000108,hurricane-matthew,test,test_id,False,7,7,True,True,True
hurricane-matthew_00000109,hurricane-matthew,hold,test_id,False,7,7,True,True,True
hurricane-matthew_00000111,hurricane-matthew,test,test_id,False,7,7,True,True,True
hurricane-matthew_00000112,hurricane-matthew,test,test_id,False,7,7,True,True,True
hurricane-matthew_00000113,hurricane-matthew,test,test_id,False,7,7,True,True,True
hurricane-matthew_00000114,hurricane-matthew,test,test_id,False,7,7,True,True,True
hurricane-matthew_00000115,hurricane-matthew,test,test_id,False,7,7,True,True,True
hurricane-matthew_00000117,hurricane-matthew,hold,test_id,False,7,7,True,True,True
hurricane-matthew_00000118,hurricane-matthew,test,test_id,False,7,7,True,True,True
hurricane-matthew_00000121,hurricane-matthew,test,test_id,False,7,7,True,True,True
hurricane-matthew_00000122,hurricane-matthew,test,test_id,False,7,7,True,True,True
hurricane-matthew_00000123,hurricane-matthew,hold,test_id,False,7,7,True,True,True
hurricane-matthew_00000124,hurricane-matthew,hold,test_id,False,7,7,True,True,True
hurricane-matthew_00000127,hurricane-matthew,hold,test_id,False,7,7,True,True,True
hurricane-matthew_00000131,hurricane-matthew,hold,test_id,False,7,7,True,True,True
hurricane-matthew_00000135,hurricane-matthew,test,test_id,False,7,7,True,True,True
hurricane-matthew_00000138,hurricane-matthew,hold,test_id,False,7,7,True,True,True
hurricane-matthew_00000141,hurricane-matthew,hold,test_id,False,7,7,True,True,True
hurricane-matthew_00000142,hurricane-matthew,hold,test_id,False,7,7,True,True,True
hurricane-matthew_00000144,hurricane-matthew,hold,test_id,False,7,7,True,True,True
hurricane-matthew_00000146,hurricane-matthew,test,test_id,False,7,7,True,True,True
hurricane-matthew_00000147,hurricane-matthew,test,test_id,False,7,7,True,True,True
hurricane-matthew_00000148,hurricane-matthew,hold,test_id,False,7,7,True,True,True
hurricane-matthew_00000150,hurricane-matthew,test,test_id,False,7,7,True,True,True
hurricane-matthew_00000151,hurricane-matthew,hold,test_id,False,7,7,True,True,True
hurricane-matthew_00000157,hurricane-matthew,hold,test_id,False,7,7,True,True,True
hurricane-matthew_00000160,hurricane-matthew,test,test_id,False,7,7,True,True,True
hurricane-matthew_00000161,hurricane-matthew,hold,test_id,False,7,7,True,True,True
hurricane-matthew_00000163,hurricane-matthew,test,test_id,False,7,7,True,True,True
hurricane-matthew_00000165,hurricane-matthew,test,test_id,False,7,7,True,True,True
hurricane-matthew_00000177,hurricane-matthew,test,test_id,False,7,7,True,True,True
hurricane-matthew_00000183,hurricane-matthew,test,test_id,False,7,7,True,True,True
hurricane-matthew_00000184,hurricane-matthew,test,test_id,False,7,7,True,True,True
hurricane-matthew_00000189,hurricane-matthew,test,test_id,False,7,7,True,True,True
hurricane-matthew_00000191,hurricane-matthew,hold,test_id,False,7,7,True,True,True
hurricane-matthew_00000194,hurricane-matthew,hold,test_id,False,7,7,True,True,True
hurricane-matthew_00000196,hurricane-matthew,hold,test_id,False,7,7,True,True,True
hurricane-matthew_00000199,hurricane-matthew,hold,test_id,False,7,7,True,True,True
hurricane-matthew_00000201,hurricane-matthew,hold,test_id,False,7,7,True,True,True
hurricane-matthew_00000203,hurricane-matthew,hold,test_id,False,7,7,True,True,True
hurricane-matthew_00000210,hurricane-matthew,test,test_id,False,7,7,True,True,True
hurricane-matthew_00000214,hurricane-matthew,hold,test_id,False,7,7,True,True,True
hurricane-matthew_00000216,hurricane-matthew,hold,test_id,False,7,7,True,True,True
hurricane-matthew_00000217,hurricane-matthew,hold,test_id,False,7,7,True,True,True
hurricane-matthew_00000218,hurricane-matthew,hold,test_id,False,7,7,True,True,True
hurricane-matthew_00000220,hurricane-matthew,hold,test_id,False,7,7,True,True,True
hurricane-matthew_00000224,hurricane-matthew,hold,test_id,False,7,7,True,True,True
hurricane-matthew_00000225,hurricane-matthew,test,test_id,False,7,7,True,True,True
hurricane-matthew_00000227,hurricane-matthew,test,test_id,False,7,7,True,True,True
hurricane-matthew_00000229,hurricane-matthew,hold,test_id,False,7,7,True,True,True
hurricane-matthew_00000230,hurricane-matthew,hold,test_id,False,7,7,True,True,True
hurricane-matthew_00000235,hurricane-matthew,hold,test_id,False,7,7,True,True,True
hurricane-matthew_00000236,hurricane-matthew,test,test_id,False,7,7,True,True,True
hurricane-matthew_00000240,hurricane-matthew,hold,test_id,False,7,7,True,True,True
hurricane-matthew_00000246,hurricane-matthew,hold,test_id,False,7,7,True,True,True
hurricane-matthew_00000247,hurricane-matthew,hold,test_id,False,7,7,True,True,True
hurricane-matthew_00000253,hurricane-matthew,hold,test_id,False,7,7,True,True,True
hurricane-matthew_00000254,hurricane-matthew,hold,test_id,False,7,7,True,True,True
hurricane-matthew_00000255,hurricane-matthew,hold,test_id,False,7,7,True,True,True
hurricane-matthew_00000257,hurricane-matthew,test,test_id,False,7,7,True,True,True
hurricane-matthew_00000258,hurricane-matthew,hold,test_id,False,7,7,True,True,True
hurricane-matthew_00000262,hurricane-matthew,test,test_id,False,7,7,True,True,True
hurricane-matthew_00000266,hurricane-matthew,hold,test_id,False,7,7,True,True,True
hurricane-matthew_00000267,hurricane-matthew,test,test_id,False,7,7,True,True,True
hurricane-matthew_00000270,hurricane-matthew,test,test_id,False,7,7,True,True,True
hurricane-matthew_00000272,hurricane-matthew,test,test_id,False,7,7,True,True,True
hurricane-matthew_00000273,hurricane-matthew,test,test_id,False,7,7,True,True,True
hurricane-matthew_00000274,hurricane-matthew,test,test_id,False,7,7,True,True,True
hurricane-matthew_00000277,hurricane-matthew,test,test_id,False,7,7,True,True,True
hurricane-matthew_00000280,hurricane-matthew,hold,test_id,False,7,7,True,True,True
hurricane-matthew_00000282,hurricane-matthew,hold,test_id,False,7,7,True,True,True
hurricane-matthew_00000286,hurricane-matthew,test,test_id,False,7,7,True,True,True
hurricane-matthew_00000288,hurricane-matthew,hold,test_id,False,7,7,True,True,True
hurricane-matthew_00000290,hurricane-matthew,hold,test_id,False,7,7,True,True,True
hurricane-matthew_00000291,hurricane-matthew,test,test_id,False,7,7,True,True,True
hurricane-matthew_00000292,hurricane-matthew,hold,test_id,False,7,7,True,True,True
hurricane-matthew_00000294,hurricane-matthew,hold,test_id,False,7,7,True,True,True
hurricane-matthew_00000297,hurricane-matthew,test,test_id,False,7,7,True,True,True
hurricane-matthew_00000298,hurricane-matthew,test,test_id,False,7,7,True,True,True
hurricane-matthew_00000299,hurricane-matthew,hold,test_id,False,7,7,True,True,True
hurricane-matthew_00000300,hurricane-matthew,hold,test_id,False,7,7,True,True,True
hurricane-matthew_00000304,hurricane-matthew,test,test_id,False,7,7,True,True,True
hurricane-matthew_00000308,hurricane-matthew,hold,test_id,False,7,7,True,True,True
hurricane-matthew_00000309,hurricane-matthew,hold,test_id,False,7,7,True,True,True
hurricane-matthew_00000313,hurricane-matthew,hold,test_id,False,7,7,True,True,True
hurricane-matthew_00000315,hurricane-matthew,hold,test_id,False,7,7,True,True,True
hurricane-matthew_00000317,hurricane-matthew,test,test_id,False,7,7,True,True,True
hurricane-matthew_00000318,hurricane-matthew,test,test_id,False,7,7,True,True,True
hurricane-matthew_00000320,hurricane-matthew,test,test_id,False,7,7,True,True,True
hurricane-matthew_00000323,hurricane-matthew,hold,test_id,False,7,7,True,True,True
hurricane-matthew_00000324,hurricane-matthew,test,test_id,False,7,7,True,True,True
hurricane-matthew_00000325,hurricane-matthew,test,test_id,False,7,7,True,True,True
hurricane-matthew_00000326,hurricane-matthew,hold,test_id,False,7,7,True,True,True
hurricane-matthew_00000327,hurricane-matthew,hold,test_id,False,7,7,True,True,True
hurricane-matthew_00000330,hurricane-matthew,hold,test_id,False,7,7,True,True,True
hurricane-matthew_00000333,hurricane-matthew,hold,test_id,False,7,7,True,True,True
hurricane-matthew_00000337,hurricane-matthew,test,test_id,False,7,7,True,True,True
hurricane-matthew_00000339,hurricane-matthew,hold,test_id,False,7,7,True,True,True
hurricane-matthew_00000340,hurricane-matthew,test,test_id,False,7,7,True,True,True
hurricane-matthew_00000342,hurricane-matthew,hold,test_id,False,7,7,True,True,True
hurricane-matthew_00000344,hurricane-matthew,hold,test_id,False,7,7,True,True,True
hurricane-matthew_00000345,hurricane-matthew,test,test_id,False,7,7,True,True,True
hurricane-matthew_00000348,hurricane-matthew,test,test_id,False,7,7,True,True,True
hurricane-matthew_00000349,hurricane-matthew,test,test_id,False,7,7,True,True,True
hurricane-matthew_00000351,hurricane-matthew,hold,test_id,False,7,7,True,True,True
hurricane-matthew_00000352,hurricane-matthew,test,test_id,False,7,7,True,True,True
hurricane-matthew_00000356,hurricane-matthew,hold,test_id,False,7,7,True,True,True
hurricane-matthew_00000357,hurricane-matthew,hold,test_id,False,7,7,True,True,True
hurricane-matthew_00000358,hurricane-matthew,test,test_id,False,7,7,True,True,True
hurricane-matthew_00000359,hurricane-matthew,hold,test_id,False,7,7,True,True,True
hurricane-matthew_00000361,hurricane-matthew,test,test_id,False,7,7,True,True,True
hurricane-matthew_00000371,hurricane-matthew,hold,test_id,False,7,7,True,True,True
hurricane-matthew_00000374,hurricane-matthew,hold,test_id,False,7,7,True,True,True
hurricane-matthew_00000377,hurricane-matthew,hold,test_id,False,7,7,True,True,True
hurricane-matthew_00000378,hurricane-matthew,test,test_id,False,7,7,True,True,True
hurricane-matthew_00000382,hurricane-matthew,test,test_id,False,7,7,True,True,True
hurricane-matthew_00000383,hurricane-matthew,test,test_id,False,7,7,True,True,True
hurricane-matthew_00000386,hurricane-matthew,hold,test_id,False,7,7,True,True,True
hurricane-matthew_00000389,hurricane-matthew,hold,test_id,False,7,7,True,True,True
hurricane-matthew_00000391,hurricane-matthew,hold,test_id,False,7,7,True,True,True
hurricane-matthew_00000394,hurricane-matthew,test,test_id,False,7,7,True,True,True
hurricane-matthew_00000395,hurricane-matthew,test,test_id,False,7,7,True,True,True
hurricane-matthew_00000396,hurricane-matthew,test,test_id,False,7,7,True,True,True
hurricane-matthew_00000397,hurricane-matthew,test,test_id,False,7,7,True,True,True
hurricane-matthew_00000403,hurricane-matthew,hold,test_id,False,7,7,True,True,True
hurricane-matthew_00000404,hurricane-matthew,hold,test_id,False,7,7,True,True,True
hurricane-michael_00000002,hurricane-michael,hold,test_id,False,7,7,True,True,True
hurricane-michael_00000006,hurricane-michael,hold,test_id,False,7,7,True,True,True
hurricane-michael_00000007,hurricane-michael,hold,test_id,False,7,7,True,True,True
hurricane-michael_00000015,hurricane-michael,test,test_id,False,7,7,True,True,True
hurricane-michael_00000018,hurricane-michael,test,test_id,False,7,7,True,True,True
hurricane-michael_00000019,hurricane-michael,test,test_id,False,7,7,True,True,True
hurricane-michael_00000022,hurricane-michael,test,test_id,False,7,7,True,True,True
hurricane-michael_00000023,hurricane-michael,hold,test_id,False,7,7,True,True,True
hurricane-michael_00000026,hurricane-michael,hold,test_id,False,7,7,True,True,True
hurricane-michael_00000027,hurricane-michael,hold,test_id,False,7,7,True,True,True
hurricane-michael_00000030,hurricane-michael,test,test_id,False,7,7,True,True,True
hurricane-michael_00000031,hurricane-michael,test,test_id,False,7,7,True,True,True
hurricane-michael_00000032,hurricane-michael,test,test_id,False,7,7,True,True,True
hurricane-michael_00000033,hurricane-michael,hold,test_id,False,7,7,True,True,True
hurricane-michael_00000037,hurricane-michael,hold,test_id,False,7,7,True,True,True
hurricane-michael_00000042,hurricane-michael,test,test_id,False,7,7,True,True,True
hurricane-michael_00000054,hurricane-michael,hold,test_id,False,7,7,True,True,True
hurricane-michael_00000055,hurricane-michael,hold,test_id,False,7,7,True,True,True
hurricane-michael_00000057,hurricane-michael,test,test_id,False,7,7,True,True,True
hurricane-michael_00000062,hurricane-michael,hold,test_id,False,7,7,True,True,True
hurricane-michael_00000063,hurricane-michael,hold,test_id,False,7,7,True,True,True
hurricane-michael_00000064,hurricane-michael,hold,test_id,False,7,7,True,True,True
hurricane-michael_00000065,hurricane-michael,hold,test_id,False,7,7,True,True,True
hurricane-michael_00000069,hurricane-michael,test,test_id,False,7,7,True,True,True
hurricane-michael_00000070,hurricane-michael,test,test_id,False,7,7,True,True,True
hurricane-michael_00000071,hurricane-michael,test,test_id,False,7,7,True,True,True
hurricane-michael_00000073,hurricane-michael,hold,test_id,False,7,7,True,True,True
hurricane-michael_00000074,hurricane-michael,test,test_id,False,7,7,True,True,True
hurricane-michael_00000079,hurricane-michael,test,test_id,False,7,7,True,True,True
hurricane-michael_00000080,hurricane-michael,hold,test_id,False,7,7,True,True,True
hurricane-michael_00000082,hurricane-michael,test,test_id,False,7,7,True,True,True
hurricane-michael_00000084,hurricane-michael,hold,test_id,False,7,7,True,True,True
hurricane-michael_00000086,hurricane-michael,hold,test_id,False,7,7,True,True,True
hurricane-michael_00000089,hurricane-michael,test,test_id,False,7,7,True,True,True
hurricane-michael_00000091,hurricane-michael,test,test_id,False,7,7,True,True,True
hurricane-michael_00000095,hurricane-michael,test,test_id,False,7,7,True,True,True
hurricane-michael_00000105,hurricane-michael,test,test_id,False,7,7,True,True,True
hurricane-michael_00000106,hurricane-michael,test,test_id,False,7,7,True,True,True
hurricane-michael_00000107,hurricane-michael,test,test_id,False,7,7,True,True,True
hurricane-michael_00000108,hurricane-michael,hold,test_id,False,7,7,True,True,True
hurricane-michael_00000111,hurricane-michael,hold,test_id,False,7,7,True,True,True
hurricane-michael_00000113,hurricane-michael,test,test_id,False,7,7,True,True,True
hurricane-michael_00000114,hurricane-michael,hold,test_id,False,7,7,True,True,True
hurricane-michael_00000115,hurricane-michael,hold,test_id,False,7,7,True,True,True
hurricane-michael_00000116,hurricane-michael,test,test_id,False,7,7,True,True,True
hurricane-michael_00000117,hurricane-michael,hold,test_id,False,7,7,True,True,True
hurricane-michael_00000121,hurricane-michael,test,test_id,False,7,7,True,True,True
hurricane-michael_00000123,hurricane-michael,test,test_id,False,7,7,True,True,True
hurricane-michael_00000126,hurricane-michael,hold,test_id,False,7,7,True,True,True
hurricane-michael_00000127,hurricane-michael,hold,test_id,False,7,7,True,True,True
hurricane-michael_00000128,hurricane-michael,test,test_id,False,7,7,True,True,True
hurricane-michael_00000129,hurricane-michael,test,test_id,False,7,7,True,True,True
hurricane-michael_00000131,hurricane-michael,hold,test_id,False,7,7,True,True,True
hurricane-michael_00000132,hurricane-michael,hold,test_id,False,7,7,True,True,True
hurricane-michael_00000138,hurricane-michael,test,test_id,False,7,7,True,True,True
hurricane-michael_00000139,hurricane-michael,test,test_id,False,7,7,True,True,True
hurricane-michael_00000140,hurricane-michael,hold,test_id,False,7,7,True,True,True
hurricane-michael_00000148,hurricane-michael,hold,test_id,False,7,7,True,True,True
hurricane-michael_00000149,hurricane-michael,test,test_id,False,7,7,True,True,True
hurricane-michael_00000155,hurricane-michael,test,test_id,False,7,7,True,True,True
hurricane-michael_00000160,hurricane-michael,hold,test_id,False,7,7,True,True,True
hurricane-michael_00000161,hurricane-michael,hold,test_id,False,7,7,True,True,True
hurricane-michael_00000163,hurricane-michael,test,test_id,False,7,7,True,True,True
hurricane-michael_00000164,hurricane-michael,hold,test_id,False,7,7,True,True,True
hurricane-michael_00000168,hurricane-michael,test,test_id,False,7,7,True,True,True
hurricane-michael_00000169,hurricane-michael,test,test_id,False,7,7,True,True,True
hurricane-michael_00000171,hurricane-michael,hold,test_id,False,7,7,True,True,True
hurricane-michael_00000173,hurricane-michael,hold,test_id,False,7,7,True,True,True
hurricane-michael_00000176,hurricane-michael,test,test_id,False,7,7,True,True,True
hurricane-michael_00000178,hurricane-michael,test,test_id,False,7,7,True,True,True
hurricane-michael_00000179,hurricane-michael,test,test_id,False,7,7,True,True,True
hurricane-michael_00000182,hurricane-michael,test,test_id,False,7,7,True,True,True
hurricane-michael_00000185,hurricane-michael,hold,test_id,False,7,7,True,True,True
hurricane-michael_00000186,hurricane-michael,hold,test_id,False,7,7,True,True,True
hurricane-michael_00000190,hurricane-michael,hold,test_id,False,7,7,True,True,True
hurricane-michael_00000191,hurricane-michael,test,test_id,False,7,7,True,True,True
hurricane-michael_00000193,hurricane-michael,test,test_id,False,7,7,True,True,True
hurricane-michael_00000194,hurricane-michael,hold,test_id,False,7,7,True,True,True
hurricane-michael_00000197,hurricane-michael,test,test_id,False,7,7,True,True,True
hurricane-michael_00000198,hurricane-michael,test,test_id,False,7,7,True,True,True
hurricane-michael_00000201,hurricane-michael,hold,test_id,False,7,7,True,True,True
hurricane-michael_00000203,hurricane-michael,test,test_id,False,7,7,True,True,True
hurricane-michael_00000209,hurricane-michael,hold,test_id,False,7,7,True,True,True
hurricane-michael_00000213,hurricane-michael,hold,test_id,False,7,7,True,True,True
hurricane-michael_00000215,hurricane-michael,hold,test_id,False,7,7,True,True,True
hurricane-michael_00000218,hurricane-michael,test,test_id,False,7,7,True,True,True
hurricane-michael_00000221,hurricane-michael,hold,test_id,False,7,7,True,True,True
hurricane-michael_00000223,hurricane-michael,hold,test_id,False,7,7,True,True,True
hurricane-michael_00000226,hurricane-michael,hold,test_id,False,7,7,True,True,True
hurricane-michael_00000227,hurricane-michael,hold,test_id,False,7,7,True,True,True
hurricane-michael_00000229,hurricane-michael,hold,test_id,False,7,7,True,True,True
hurricane-michael_00000232,hurricane-michael,hold,test_id,False,7,7,True,True,True
hurricane-michael_00000235,hurricane-michael,test,test_id,False,7,7,True,True,True
hurricane-michael_00000237,hurricane-michael,hold,test_id,False,7,7,True,True,True
hurricane-michael_00000242,hurricane-michael,test,test_id,False,7,7,True,True,True
hurricane-michael_00000245,hurricane-michael,hold,test_id,False,7,7,True,True,True
hurricane-michael_00000254,hurricane-michael,test,test_id,False,7,7,True,True,True
hurricane-michael_00000255,hurricane-michael,test,test_id,False,7,7,True,True,True
hurricane-michael_00000256,hurricane-michael,test,test_id,False,7,7,True,True,True
hurricane-michael_00000259,hurricane-michael,hold,test_id,False,7,7,True,True,True
hurricane-michael_00000262,hurricane-michael,hold,test_id,False,7,7,True,True,True
hurricane-michael_00000264,hurricane-michael,test,test_id,False,7,7,True,True,True
hurricane-michael_00000270,hurricane-michael,test,test_id,False,7,7,True,True,True
hurricane-michael_00000274,hurricane-michael,hold,test_id,False,7,7,True,True,True
hurricane-michael_00000277,hurricane-michael,test,test_id,False,7,7,True,True,True
hurricane-michael_00000278,hurricane-michael,test,test_id,False,7,7,True,True,True
hurricane-michael_00000279,hurricane-michael,hold,test_id,False,7,7,True,True,True
hurricane-michael_00000280,hurricane-michael,hold,test_id,False,7,7,True,True,True
hurricane-michael_00000282,hurricane-michael,hold,test_id,False,7,7,True,True,True
hurricane-michael_00000288,hurricane-michael,hold,test_id,False,7,7,True,True,True
hurricane-michael_00000291,hurricane-michael,test,test_id,False,7,7,True,True,True
hurricane-michael_00000297,hurricane-michael,hold,test_id,False,7,7,True,True,True
hurricane-michael_00000298,hurricane-michael,hold,test_id,False,7,7,True,True,True
hurricane-michael_00000314,hurricane-michael,test,test_id,False,7,7,True,True,True
hurricane-michael_00000316,hurricane-michael,test,test_id,False,7,7,True,True,True
hurricane-michael_00000317,hurricane-michael,hold,test_id,False,7,7,True,True,True
hurricane-michael_00000318,hurricane-michael,hold,test_id,False,7,7,True,True,True
hurricane-michael_00000320,hurricane-michael,hold,test_id,False,7,7,True,True,True
hurricane-michael_00000321,hurricane-michael,hold,test_id,False,7,7,True,True,True
hurricane-michael_00000327,hurricane-michael,test,test_id,False,7,7,True,True,True
hurricane-michael_00000332,hurricane-michael,hold,test_id,False,7,7,True,True,True
hurricane-michael_00000335,hurricane-michael,hold,test_id,False,7,7,True,True,True
hurricane-michael_00000336,hurricane-michael,hold,test_id,False,7,7,True,True,True
hurricane-michael_00000342,hurricane-michael,test,test_id,False,7,7,True,True,True
hurricane-michael_00000346,hurricane-michael,test,test_id,False,7,7,True,True,True
hurricane-michael_00000350,hurricane-michael,hold,test_id,False,7,7,True,True,True
hurricane-michael_00000352,hurricane-michael,test,test_id,False,7,7,True,True,True
hurricane-michael_00000354,hurricane-michael,test,test_id,False,7,7,True,True,True
hurricane-michael_00000363,hurricane-michael,hold,test_id,False,7,7,True,True,True
hurricane-michael_00000364,hurricane-michael,hold,test_id,False,7,7,True,True,True
hurricane-michael_00000366,hurricane-michael,test,test_id,False,7,7,True,True,True
hurricane-michael_00000368,hurricane-michael,test,test_id,False,7,7,True,True,True
hurricane-michael_00000370,hurricane-michael,hold,test_id,False,7,7,True,True,True
hurricane-michael_00000372,hurricane-michael,test,test_id,False,7,7,True,True,True
hurricane-michael_00000373,hurricane-michael,test,test_id,False,7,7,True,True,True
hurricane-michael_00000374,hurricane-michael,hold,test_id,False,7,7,True,True,True
hurricane-michael_00000375,hurricane-michael,test,test_id,False,7,7,True,True,True
hurricane-michael_00000376,hurricane-michael,hold,test_id,False,7,7,True,True,True
hurricane-michael_00000378,hurricane-michael,test,test_id,False,7,7,True,True,True
hurricane-michael_00000381,hurricane-michael,hold,test_id,False,7,7,True,True,True
hurricane-michael_00000382,hurricane-michael,hold,test_id,False,7,7,True,True,True
hurricane-michael_00000383,hurricane-michael,hold,test_id,False,7,7,True,True,True
hurricane-michael_00000384,hurricane-michael,test,test_id,False,7,7,True,True,True
hurricane-michael_00000385,hurricane-michael,test,test_id,False,7,7,True,True,True
hurricane-michael_00000390,hurricane-michael,test,test_id,False,7,7,True,True,True
hurricane-michael_00000394,hurricane-michael,hold,test_id,False,7,7,True,True,True
hurricane-michael_00000395,hurricane-michael,test,test_id,False,7,7,True,True,True
hurricane-michael_00000396,hurricane-michael,hold,test_id,False,7,7,True,True,True
hurricane-michael_00000397,hurricane-michael,test,test_id,False,7,7,True,True,True
hurricane-michael_00000398,hurricane-michael,test,test_id,False,7,7,True,True,True
hurricane-michael_00000399,hurricane-michael,test,test_id,False,7,7,True,True,True
hurricane-michael_00000400,hurricane-michael,hold,test_id,False,7,7,True,True,True
hurricane-michael_00000401,hurricane-michael,hold,test_id,False,7,7,True,True,True
hurricane-michael_00000407,hurricane-michael,hold,test_id,False,7,7,True,True,True
hurricane-michael_00000414,hurricane-michael,test,test_id,False,7,7,True,True,True
hurricane-michael_00000418,hurricane-michael,test,test_id,False,7,7,True,True,True
hurricane-michael_00000420,hurricane-michael,test,test_id,False,7,7,True,True,True
hurricane-michael_00000423,hurricane-michael,hold,test_id,False,7,7,True,True,True
hurricane-michael_00000425,hurricane-michael,hold,test_id,False,7,7,True,True,True
hurricane-michael_00000426,hurricane-michael,test,test_id,False,7,7,True,True,True
hurricane-michael_00000428,hurricane-michael,test,test_id,False,7,7,True,True,True
hurricane-michael_00000429,hurricane-michael,test,test_id,False,7,7,True,True,True
hurricane-michael_00000431,hurricane-michael,test,test_id,False,7,7,True,True,True
hurricane-michael_00000432,hurricane-michael,hold,test_id,False,7,7,True,True,True
hurricane-michael_00000433,hurricane-michael,hold,test_id,False,7,7,True,True,True
hurricane-michael_00000434,hurricane-michael,hold,test_id,False,7,7,True,True,True
hurricane-michael_00000436,hurricane-michael,test,test_id,False,7,7,True,True,True
hurricane-michael_00000437,hurricane-michael,test,test_id,False,7,7,True,True,True
hurricane-michael_00000438,hurricane-michael,hold,test_id,False,7,7,True,True,True
hurricane-michael_00000445,hurricane-michael,hold,test_id,False,7,7,True,True,True
hurricane-michael_00000447,hurricane-michael,test,test_id,False,7,7,True,True,True
hurricane-michael_00000448,hurricane-michael,hold,test_id,False,7,7,True,True,True
hurricane-michael_00000449,hurricane-michael,hold,test_id,False,7,7,True,True,True
hurricane-michael_00000450,hurricane-michael,test,test_id,False,7,7,True,True,True
hurricane-michael_00000453,hurricane-michael,hold,test_id,False,7,7,True,True,True
hurricane-michael_00000456,hurricane-michael,hold,test_id,False,7,7,True,True,True
hurricane-michael_00000457,hurricane-michael,hold,test_id,False,7,7,True,True,True
hurricane-michael_00000459,hurricane-michael,test,test_id,False,7,7,True,True,True
hurricane-michael_00000464,hurricane-michael,hold,test_id,False,7,7,True,True,True
hurricane-michael_00000468,hurricane-michael,test,test_id,False,7,7,True,True,True
hurricane-michael_00000469,hurricane-michael,hold,test_id,False,7,7,True,True,True
hurricane-michael_00000470,hurricane-michael,hold,test_id,False,7,7,True,True,True
hurricane-michael_00000471,hurricane-michael,test,test_id,False,7,7,True,True,True
hurricane-michael_00000477,hurricane-michael,test,test_id,False,7,7,True,True,True
hurricane-michael_00000478,hurricane-michael,test,test_id,False,7,7,True,True,True
hurricane-michael_00000481,hurricane-michael,test,test_id,False,7,7,True,True,True
hurricane-michael_00000483,hurricane-michael,hold,test_id,False,7,7,True,True,True
hurricane-michael_00000488,hurricane-michael,hold,test_id,False,7,7,True,True,True
hurricane-michael_00000491,hurricane-michael,hold,test_id,False,7,7,True,True,True
hurricane-michael_00000493,hurricane-michael,hold,test_id,False,7,7,True,True,True
hurricane-michael_00000495,hurricane-michael,hold,test_id,False,7,7,True,True,True
hurricane-michael_00000503,hurricane-michael,hold,test_id,False,7,7,True,True,True
hurricane-michael_00000506,hurricane-michael,hold,test_id,False,7,7,True,True,True
hurricane-michael_00000507,hurricane-michael,test,test_id,False,7,7,True,True,True
hurricane-michael_00000508,hurricane-michael,hold,test_id,False,7,7,True,True,True
hurricane-michael_00000510,hurricane-michael,hold,test_id,False,7,7,True,True,True
hurricane-michael_00000513,hurricane-michael,hold,test_id,False,7,7,True,True,True
hurricane-michael_00000518,hurricane-michael,test,test_id,False,7,7,True,True,True
hurricane-michael_00000520,hurricane-michael,hold,test_id,False,7,7,True,True,True
hurricane-michael_00000525,hurricane-michael,hold,test_id,False,7,7,True,True,True
hurricane-michael_00000526,hurricane-michael,test,test_id,False,7,7,True,True,True
hurricane-michael_00000531,hurricane-michael,hold,test_id,False,7,7,True,True,True
hurricane-michael_00000532,hurricane-michael,hold,test_id,False,7,7,True,True,True
hurricane-michael_00000533,hurricane-michael,test,test_id,False,7,7,True,True,True
hurricane-michael_00000534,hurricane-michael,test,test_id,False,7,7,True,True,True
hurricane-michael_00000544,hurricane-michael,test,test_id,False,7,7,True,True,True
hurricane-michael_00000545,hurricane-michael,test,test_id,False,7,7,True,True,True
mexico-earthquake_00000005,mexico-earthquake,test,test_id,False,7,7,True,True,True
mexico-earthquake_00000006,mexico-earthquake,test,test_id,False,7,7,True,True,True
mexico-earthquake_00000010,mexico-earthquake,test,test_id,False,7,7,True,True,True
mexico-earthquake_00000012,mexico-earthquake,test,test_id,False,7,7,True,True,True
mexico-earthquake_00000014,mexico-earthquake,hold,test_id,False,7,7,True,True,True
mexico-earthquake_00000016,mexico-earthquake,hold,test_id,False,7,7,True,True,True
mexico-earthquake_00000022,mexico-earthquake,test,test_id,False,7,7,True,True,True
mexico-earthquake_00000025,mexico-earthquake,test,test_id,False,7,7,True,True,True
mexico-earthquake_00000026,mexico-earthquake,hold,test_id,False,7,7,True,True,True
mexico-earthquake_00000028,mexico-earthquake,test,test_id,False,7,7,True,True,True
mexico-earthquake_00000036,mexico-earthquake,hold,test_id,False,7,7,True,True,True
mexico-earthquake_00000038,mexico-earthquake,hold,test_id,False,7,7,True,True,True
mexico-earthquake_00000045,mexico-earthquake,hold,test_id,False,7,7,True,True,True
mexico-earthquake_00000050,mexico-earthquake,hold,test_id,False,7,7,True,True,True
mexico-earthquake_00000051,mexico-earthquake,hold,test_id,False,7,7,True,True,True
mexico-earthquake_00000054,mexico-earthquake,hold,test_id,False,7,7,True,True,True
mexico-earthquake_00000056,mexico-earthquake,hold,test_id,False,7,7,True,True,True
mexico-earthquake_00000058,mexico-earthquake,test,test_id,False,7,7,True,True,True
mexico-earthquake_00000060,mexico-earthquake,hold,test_id,False,7,7,True,True,True
mexico-earthquake_00000061,mexico-earthquake,test,test_id,False,7,7,True,True,True
mexico-earthquake_00000062,mexico-earthquake,hold,test_id,False,7,7,True,True,True
mexico-earthquake_00000063,mexico-earthquake,test,test_id,False,7,7,True,True,True
mexico-earthquake_00000065,mexico-earthquake,test,test_id,False,7,7,True,True,True
mexico-earthquake_00000069,mexico-earthquake,test,test_id,False,7,7,True,True,True
mexico-earthquake_00000071,mexico-earthquake,hold,test_id,False,7,7,True,True,True
mexico-earthquake_00000073,mexico-earthquake,hold,test_id,False,7,7,True,True,True
mexico-earthquake_00000076,mexico-earthquake,test,test_id,False,7,7,True,True,True
mexico-earthquake_00000077,mexico-earthquake,hold,test_id,False,7,7,True,True,True
mexico-earthquake_00000080,mexico-earthquake,test,test_id,False,7,7,True,True,True
mexico-earthquake_00000081,mexico-earthquake,hold,test_id,False,7,7,True,True,True
mexico-earthquake_00000090,mexico-earthquake,test,test_id,False,7,7,True,True,True
mexico-earthquake_00000091,mexico-earthquake,hold,test_id,False,7,7,True,True,True
mexico-earthquake_00000094,mexico-earthquake,test,test_id,False,7,7,True,True,True
mexico-earthquake_00000095,mexico-earthquake,test,test_id,False,7,7,True,True,True
mexico-earthquake_00000097,mexico-earthquake,hold,test_id,False,7,7,True,True,True
mexico-earthquake_00000099,mexico-earthquake,hold,test_id,False,7,7,True,True,True
mexico-earthquake_00000106,mexico-earthquake,test,test_id,False,7,7,True,True,True
mexico-earthquake_00000109,mexico-earthquake,test,test_id,False,7,7,True,True,True
mexico-earthquake_00000113,mexico-earthquake,test,test_id,False,7,7,True,True,True
mexico-earthquake_00000116,mexico-earthquake,hold,test_id,False,7,7,True,True,True
mexico-earthquake_00000117,mexico-earthquake,test,test_id,False,7,7,True,True,True
mexico-earthquake_00000121,mexico-earthquake,test,test_id,False,7,7,True,True,True
mexico-earthquake_00000123,mexico-earthquake,hold,test_id,False,7,7,True,True,True
mexico-earthquake_00000124,mexico-earthquake,test,test_id,False,7,7,True,True,True
mexico-earthquake_00000130,mexico-earthquake,hold,test_id,False,7,7,True,True,True
mexico-earthquake_00000131,mexico-earthquake,test,test_id,False,7,7,True,True,True
mexico-earthquake_00000133,mexico-earthquake,hold,test_id,False,7,7,True,True,True
mexico-earthquake_00000134,mexico-earthquake,hold,test_id,False,7,7,True,True,True
mexico-earthquake_00000135,mexico-earthquake,test,test_id,False,7,7,True,True,True
mexico-earthquake_00000137,mexico-earthquake,hold,test_id,False,7,7,True,True,True
mexico-earthquake_00000139,mexico-earthquake,test,test_id,False,7,7,True,True,True
mexico-earthquake_00000145,mexico-earthquake,hold,test_id,False,7,7,True,True,True
mexico-earthquake_00000147,mexico-earthquake,hold,test_id,False,7,7,True,True,True
mexico-earthquake_00000149,mexico-earthquake,hold,test_id,False,7,7,True,True,True
mexico-earthquake_00000156,mexico-earthquake,hold,test_id,False,7,7,True,True,True
mexico-earthquake_00000157,mexico-earthquake,test,test_id,False,7,7,True,True,True
mexico-earthquake_00000161,mexico-earthquake,test,test_id,False,7,7,True,True,True
mexico-earthquake_00000162,mexico-earthquake,hold,test_id,False,7,7,True,True,True
mexico-earthquake_00000163,mexico-earthquake,test,test_id,False,7,7,True,True,True
mexico-earthquake_00000165,mexico-earthquake,hold,test_id,False,7,7,True,True,True
mexico-earthquake_00000167,mexico-earthquake,hold,test_id,False,7,7,True,True,True
mexico-earthquake_00000169,mexico-earthquake,test,test_id,False,7,7,True,True,True
mexico-earthquake_00000170,mexico-earthquake,hold,test_id,False,7,7,True,True,True
mexico-earthquake_00000174,mexico-earthquake,test,test_id,False,7,7,True,True,True
mexico-earthquake_00000175,mexico-earthquake,hold,test_id,False,7,7,True,True,True
mexico-earthquake_00000178,mexico-earthquake,test,test_id,False,7,7,True,True,True
mexico-earthquake_00000180,mexico-earthquake,test,test_id,False,7,7,True,True,True
mexico-earthquake_00000183,mexico-earthquake,test,test_id,False,7,7,True,True,True
mexico-earthquake_00000187,mexico-earthquake,test,test_id,False,7,7,True,True,True
mexico-earthquake_00000188,mexico-earthquake,test,test_id,False,7,7,True,True,True
mexico-earthquake_00000189,mexico-earthquake,test,test_id,False,7,7,True,True,True
mexico-earthquake_00000190,mexico-earthquake,test,test_id,False,7,7,True,True,True
midwest-flooding_00000000,midwest-flooding,test,test_id,False,7,7,True,True,True
midwest-flooding_00000004,midwest-flooding,test,test_id,False,7,7,True,True,True
midwest-flooding_00000006,midwest-flooding,test,test_id,False,7,7,True,True,True
midwest-flooding_00000008,midwest-flooding,test,test_id,False,7,7,True,True,True
midwest-flooding_00000009,midwest-flooding,hold,test_id,False,7,7,True,True,True
midwest-flooding_00000011,midwest-flooding,test,test_id,False,7,7,True,True,True
midwest-flooding_00000014,midwest-flooding,test,test_id,False,7,7,True,True,True
midwest-flooding_00000015,midwest-flooding,hold,test_id,False,7,7,True,True,True
midwest-flooding_00000016,midwest-flooding,test,test_id,False,7,7,True,True,True
midwest-flooding_00000017,midwest-flooding,test,test_id,False,7,7,True,True,True
midwest-flooding_00000026,midwest-flooding,test,test_id,False,7,7,True,True,True
midwest-flooding_00000034,midwest-flooding,hold,test_id,False,7,7,True,True,True
midwest-flooding_00000037,midwest-flooding,hold,test_id,False,7,7,True,True,True
midwest-flooding_00000042,midwest-flooding,hold,test_id,False,7,7,True,True,True
midwest-flooding_00000045,midwest-flooding,hold,test_id,False,7,7,True,True,True
midwest-flooding_00000046,midwest-flooding,hold,test_id,False,7,7,True,True,True
midwest-flooding_00000048,midwest-flooding,test,test_id,False,7,7,True,True,True
midwest-flooding_00000050,midwest-flooding,test,test_id,False,7,7,True,True,True
midwest-flooding_00000051,midwest-flooding,hold,test_id,False,7,7,True,True,True
midwest-flooding_00000052,midwest-flooding,hold,test_id,False,7,7,True,True,True
midwest-flooding_00000053,midwest-flooding,hold,test_id,False,7,7,True,True,True
midwest-flooding_00000055,midwest-flooding,hold,test_id,False,7,7,True,True,True
midwest-flooding_00000056,midwest-flooding,test,test_id,False,7,7,True,True,True
midwest-flooding_00000057,midwest-flooding,hold,test_id,False,7,7,True,True,True
midwest-flooding_00000069,midwest-flooding,hold,test_id,False,7,7,True,True,True
midwest-flooding_00000071,midwest-flooding,test,test_id,False,7,7,True,True,True
midwest-flooding_00000072,midwest-flooding,test,test_id,False,7,7,True,True,True
midwest-flooding_00000080,midwest-flooding,hold,test_id,False,7,7,True,True,True
midwest-flooding_00000088,midwest-flooding,test,test_id,False,7,7,True,True,True
midwest-flooding_00000089,midwest-flooding,hold,test_id,False,7,7,True,True,True
midwest-flooding_00000090,midwest-flooding,test,test_id,False,7,7,True,True,True
midwest-flooding_00000091,midwest-flooding,hold,test_id,False,7,7,True,True,True
midwest-flooding_00000092,midwest-flooding,test,test_id,False,7,7,True,True,True
midwest-flooding_00000094,midwest-flooding,hold,test_id,False,7,7,True,True,True
midwest-flooding_00000097,midwest-flooding,hold,test_id,False,7,7,True,True,True
midwest-flooding_00000098,midwest-flooding,hold,test_id,False,7,7,True,True,True
midwest-flooding_00000101,midwest-flooding,hold,test_id,False,7,7,True,True,True
midwest-flooding_00000104,midwest-flooding,test,test_id,False,7,7,True,True,True
midwest-flooding_00000105,midwest-flooding,test,test_id,False,7,7,True,True,True
midwest-flooding_00000106,midwest-flooding,hold,test_id,False,7,7,True,True,True
midwest-flooding_00000111,midwest-flooding,hold,test_id,False,7,7,True,True,True
midwest-flooding_00000112,midwest-flooding,test,test_id,False,7,7,True,True,True
midwest-flooding_00000116,midwest-flooding,test,test_id,False,7,7,True,True,True
midwest-flooding_00000118,midwest-flooding,hold,test_id,False,7,7,True,True,True
midwest-flooding_00000122,midwest-flooding,test,test_id,False,7,7,True,True,True
midwest-flooding_00000124,midwest-flooding,hold,test_id,False,7,7,True,True,True
midwest-flooding_00000128,midwest-flooding,test,test_id,False,7,7,True,True,True
midwest-flooding_00000129,midwest-flooding,hold,test_id,False,7,7,True,True,True
midwest-flooding_00000133,midwest-flooding,test,test_id,False,7,7,True,True,True
midwest-flooding_00000134,midwest-flooding,hold,test_id,False,7,7,True,True,True
midwest-flooding_00000135,midwest-flooding,test,test_id,False,7,7,True,True,True
midwest-flooding_00000136,midwest-flooding,hold,test_id,False,7,7,True,True,True
midwest-flooding_00000138,midwest-flooding,hold,test_id,False,7,7,True,True,True
midwest-flooding_00000142,midwest-flooding,test,test_id,False,7,7,True,True,True
midwest-flooding_00000146,midwest-flooding,test,test_id,False,7,7,True,True,True
midwest-flooding_00000147,midwest-flooding,hold,test_id,False,7,7,True,True,True
midwest-flooding_00000149,midwest-flooding,hold,test_id,False,7,7,True,True,True
midwest-flooding_00000155,midwest-flooding,hold,test_id,False,7,7,True,True,True
midwest-flooding_00000158,midwest-flooding,hold,test_id,False,7,7,True,True,True
midwest-flooding_00000160,midwest-flooding,test,test_id,False,7,7,True,True,True
midwest-flooding_00000163,midwest-flooding,hold,test_id,False,7,7,True,True,True
midwest-flooding_00000169,midwest-flooding,test,test_id,False,7,7,True,True,True
midwest-flooding_00000174,midwest-flooding,hold,test_id,False,7,7,True,True,True
midwest-flooding_00000176,midwest-flooding,test,test_id,False,7,7,True,True,True
midwest-flooding_00000179,midwest-flooding,test,test_id,False,7,7,True,True,True
midwest-flooding_00000180,midwest-flooding,hold,test_id,False,7,7,True,True,True
midwest-flooding_00000184,midwest-flooding,test,test_id,False,7,7,True,True,True
midwest-flooding_00000185,midwest-flooding,hold,test_id,False,7,7,True,True,True
midwest-flooding_00000187,midwest-flooding,hold,test_id,False,7,7,True,True,True
midwest-flooding_00000189,midwest-flooding,hold,test_id,False,7,7,True,True,True
midwest-flooding_00000192,midwest-flooding,hold,test_id,False,7,7,True,True,True
midwest-flooding_00000195,midwest-flooding,test,test_id,False,7,7,True,True,True
midwest-flooding_00000198,midwest-flooding,test,test_id,False,7,7,True,True,True
midwest-flooding_00000208,midwest-flooding,test,test_id,False,7,7,True,True,True
midwest-flooding_00000210,midwest-flooding,test,test_id,False,7,7,True,True,True
midwest-flooding_00000213,midwest-flooding,hold,test_id,False,7,7,True,True,True
midwest-flooding_00000215,midwest-flooding,test,test_id,False,7,7,True,True,True
midwest-flooding_00000218,midwest-flooding,hold,test_id,False,7,7,True,True,True
midwest-flooding_00000224,midwest-flooding,test,test_id,False,7,7,True,True,True
midwest-flooding_00000226,midwest-flooding,hold,test_id,False,7,7,True,True,True
midwest-flooding_00000227,midwest-flooding,hold,test_id,False,7,7,True,True,True
midwest-flooding_00000232,midwest-flooding,test,test_id,False,7,7,True,True,True
midwest-flooding_00000240,midwest-flooding,hold,test_id,False,7,7,True,True,True
midwest-flooding_00000241,midwest-flooding,hold,test_id,False,7,7,True,True,True
midwest-flooding_00000243,midwest-flooding,test,test_id,False,7,7,True,True,True
midwest-flooding_00000245,midwest-flooding,hold,test_id,False,7,7,True,True,True
midwest-flooding_00000248,midwest-flooding,test,test_id,False,7,7,True,True,True
midwest-flooding_00000250,midwest-flooding,hold,test_id,False,7,7,True,True,True
midwest-flooding_00000254,midwest-flooding,test,test_id,False,7,7,True,True,True
midwest-flooding_00000256,midwest-flooding,test,test_id,False,7,7,True,True,True
midwest-flooding_00000257,midwest-flooding,hold,test_id,False,7,7,True,True,True
midwest-flooding_00000260,midwest-flooding,hold,test_id,False,7,7,True,True,True
midwest-flooding_00000261,midwest-flooding,hold,test_id,False,7,7,True,True,True
midwest-flooding_00000262,midwest-flooding,hold,test_id,False,7,7,True,True,True
midwest-flooding_00000266,midwest-flooding,hold,test_id,False,7,7,True,True,True
midwest-flooding_00000271,midwest-flooding,test,test_id,False,7,7,True,True,True
midwest-flooding_00000274,midwest-flooding,test,test_id,False,7,7,True,True,True
midwest-flooding_00000278,midwest-flooding,hold,test_id,False,7,7,True,True,True
midwest-flooding_00000280,midwest-flooding,hold,test_id,False,7,7,True,True,True
midwest-flooding_00000284,midwest-flooding,test,test_id,False,7,7,True,True,True
midwest-flooding_00000286,midwest-flooding,test,test_id,False,7,7,True,True,True
midwest-flooding_00000287,midwest-flooding,test,test_id,False,7,7,True,True,True
midwest-flooding_00000288,midwest-flooding,hold,test_id,False,7,7,True,True,True
midwest-flooding_00000291,midwest-flooding,hold,test_id,False,7,7,True,True,True
midwest-flooding_00000292,midwest-flooding,test,test_id,False,7,7,True,True,True
midwest-flooding_00000294,midwest-flooding,hold,test_id,False,7,7,True,True,True
midwest-flooding_00000295,midwest-flooding,hold,test_id,False,7,7,True,True,True
midwest-flooding_00000296,midwest-flooding,hold,test_id,False,7,7,True,True,True
midwest-flooding_00000297,midwest-flooding,hold,test_id,False,7,7,True,True,True
midwest-flooding_00000298,midwest-flooding,test,test_id,False,7,7,True,True,True
midwest-flooding_00000300,midwest-flooding,hold,test_id,False,7,7,True,True,True
midwest-flooding_00000302,midwest-flooding,test,test_id,False,7,7,True,True,True
midwest-flooding_00000305,midwest-flooding,hold,test_id,False,7,7,True,True,True
midwest-flooding_00000306,midwest-flooding,hold,test_id,False,7,7,True,True,True
midwest-flooding_00000307,midwest-flooding,hold,test_id,False,7,7,True,True,True
midwest-flooding_00000309,midwest-flooding,test,test_id,False,7,7,True,True,True
midwest-flooding_00000311,midwest-flooding,test,test_id,False,7,7,True,True,True
midwest-flooding_00000312,midwest-flooding,hold,test_id,False,7,7,True,True,True
midwest-flooding_00000315,midwest-flooding,test,test_id,False,7,7,True,True,True
midwest-flooding_00000321,midwest-flooding,hold,test_id,False,7,7,True,True,True
midwest-flooding_00000323,midwest-flooding,test,test_id,False,7,7,True,True,True
midwest-flooding_00000324,midwest-flooding,test,test_id,False,7,7,True,True,True
midwest-flooding_00000325,midwest-flooding,hold,test_id,False,7,7,True,True,True
midwest-flooding_00000327,midwest-flooding,hold,test_id,False,7,7,True,True,True
midwest-flooding_00000332,midwest-flooding,test,test_id,False,7,7,True,True,True
midwest-flooding_00000333,midwest-flooding,test,test_id,False,7,7,True,True,True
midwest-flooding_00000334,midwest-flooding,test,test_id,False,7,7,True,True,True
midwest-flooding_00000335,midwest-flooding,test,test_id,False,7,7,True,True,True
midwest-flooding_00000336,midwest-flooding,test,test_id,False,7,7,True,True,True
midwest-flooding_00000341,midwest-flooding,hold,test_id,False,7,7,True,True,True
midwest-flooding_00000342,midwest-flooding,hold,test_id,False,7,7,True,True,True
midwest-flooding_00000344,midwest-flooding,test,test_id,False,7,7,True,True,True
midwest-flooding_00000349,midwest-flooding,hold,test_id,False,7,7,True,True,True
midwest-flooding_00000354,midwest-flooding,test,test_id,False,7,7,True,True,True
midwest-flooding_00000361,midwest-flooding,test,test_id,False,7,7,True,True,True
midwest-flooding_00000362,midwest-flooding,test,test_id,False,7,7,True,True,True
midwest-flooding_00000363,midwest-flooding,test,test_id,False,7,7,True,True,True
midwest-flooding_00000364,midwest-flooding,hold,test_id,False,7,7,True,True,True
midwest-flooding_00000365,midwest-flooding,test,test_id,False,7,7,True,True,True
midwest-flooding_00000369,midwest-flooding,hold,test_id,False,7,7,True,True,True
midwest-flooding_00000370,midwest-flooding,test,test_id,False,7,7,True,True,True
midwest-flooding_00000372,midwest-flooding,hold,test_id,False,7,7,True,True,True
midwest-flooding_00000373,midwest-flooding,hold,test_id,False,7,7,True,True,True
midwest-flooding_00000375,midwest-flooding,hold,test_id,False,7,7,True,True,True
midwest-flooding_00000382,midwest-flooding,test,test_id,False,7,7,True,True,True
midwest-flooding_00000383,midwest-flooding,hold,test_id,False,7,7,True,True,True
midwest-flooding_00000384,midwest-flooding,hold,test_id,False,7,7,True,True,True
midwest-flooding_00000387,midwest-flooding,hold,test_id,False,7,7,True,True,True
midwest-flooding_00000390,midwest-flooding,hold,test_id,False,7,7,True,True,True
midwest-flooding_00000396,midwest-flooding,test,test_id,False,7,7,True,True,True
midwest-flooding_00000402,midwest-flooding,hold,test_id,False,7,7,True,True,True
midwest-flooding_00000409,midwest-flooding,test,test_id,False,7,7,True,True,True
midwest-flooding_00000412,midwest-flooding,test,test_id,False,7,7,True,True,True
midwest-flooding_00000413,midwest-flooding,test,test_id,False,7,7,True,True,True
midwest-flooding_00000414,midwest-flooding,test,test_id,False,7,7,True,True,True
midwest-flooding_00000419,midwest-flooding,hold,test_id,False,7,7,True,True,True
midwest-flooding_00000420,midwest-flooding,test,test_id,False,7,7,True,True,True
midwest-flooding_00000421,midwest-flooding,test,test_id,False,7,7,True,True,True
midwest-flooding_00000425,midwest-flooding,hold,test_id,False,7,7,True,True,True
midwest-flooding_00000428,midwest-flooding,test,test_id,False,7,7,True,True,True
midwest-flooding_00000432,midwest-flooding,test,test_id,False,7,7,True,True,True
midwest-flooding_00000434,midwest-flooding,hold,test_id,False,7,7,True,True,True
midwest-flooding_00000437,midwest-flooding,test,test_id,False,7,7,True,True,True
midwest-flooding_00000439,midwest-flooding,hold,test_id,False,7,7,True,True,True
midwest-flooding_00000440,midwest-flooding,test,test_id,False,7,7,True,True,True
midwest-flooding_00000443,midwest-flooding,hold,test_id,False,7,7,True,True,True
palu-tsunami_00000004,palu-tsunami,test,test_id,False,7,7,True,True,True
palu-tsunami_00000008,palu-tsunami,test,test_id,False,7,7,True,True,True
palu-tsunami_00000009,palu-tsunami,hold,test_id,False,7,7,True,True,True
palu-tsunami_00000010,palu-tsunami,test,test_id,False,7,7,True,True,True
palu-tsunami_00000012,palu-tsunami,test,test_id,False,7,7,True,True,True
palu-tsunami_00000013,palu-tsunami,hold,test_id,False,7,7,True,True,True
palu-tsunami_00000014,palu-tsunami,hold,test_id,False,7,7,True,True,True
palu-tsunami_00000017,palu-tsunami,hold,test_id,False,7,7,True,True,True
palu-tsunami_00000018,palu-tsunami,hold,test_id,False,7,7,True,True,True
palu-tsunami_00000021,palu-tsunami,test,test_id,False,7,7,True,True,True
palu-tsunami_00000027,palu-tsunami,test,test_id,False,7,7,True,True,True
palu-tsunami_00000028,palu-tsunami,test,test_id,False,7,7,True,True,True
palu-tsunami_00000029,palu-tsunami,hold,test_id,False,7,7,True,True,True
palu-tsunami_00000031,palu-tsunami,hold,test_id,False,7,7,True,True,True
palu-tsunami_00000032,palu-tsunami,test,test_id,False,7,7,True,True,True
palu-tsunami_00000035,palu-tsunami,test,test_id,False,7,7,True,True,True
palu-tsunami_00000036,palu-tsunami,hold,test_id,False,7,7,True,True,True
palu-tsunami_00000037,palu-tsunami,test,test_id,False,7,7,True,True,True
palu-tsunami_00000038,palu-tsunami,test,test_id,False,7,7,True,True,True
palu-tsunami_00000039,palu-tsunami,hold,test_id,False,7,7,True,True,True
palu-tsunami_00000041,palu-tsunami,test,test_id,False,7,7,True,True,True
palu-tsunami_00000046,palu-tsunami,hold,test_id,False,7,7,True,True,True
palu-tsunami_00000052,palu-tsunami,hold,test_id,False,7,7,True,True,True
palu-tsunami_00000055,palu-tsunami,hold,test_id,False,7,7,True,True,True
palu-tsunami_00000059,palu-tsunami,hold,test_id,False,7,7,True,True,True
palu-tsunami_00000060,palu-tsunami,hold,test_id,False,7,7,True,True,True
palu-tsunami_00000062,palu-tsunami,test,test_id,False,7,7,True,True,True
palu-tsunami_00000063,palu-tsunami,hold,test_id,False,7,7,True,True,True
palu-tsunami_00000070,palu-tsunami,hold,test_id,False,7,7,True,True,True
palu-tsunami_00000075,palu-tsunami,hold,test_id,False,7,7,True,True,True
palu-tsunami_00000078,palu-tsunami,hold,test_id,False,7,7,True,True,True
palu-tsunami_00000079,palu-tsunami,hold,test_id,False,7,7,True,True,True
palu-tsunami_00000080,palu-tsunami,hold,test_id,False,7,7,True,True,True
palu-tsunami_00000081,palu-tsunami,test,test_id,False,7,7,True,True,True
palu-tsunami_00000082,palu-tsunami,test,test_id,False,7,7,True,True,True
palu-tsunami_00000085,palu-tsunami,hold,test_id,False,7,7,True,True,True
palu-tsunami_00000089,palu-tsunami,hold,test_id,False,7,7,True,True,True
palu-tsunami_00000091,palu-tsunami,test,test_id,False,7,7,True,True,True
palu-tsunami_00000093,palu-tsunami,hold,test_id,False,7,7,True,True,True
palu-tsunami_00000094,palu-tsunami,test,test_id,False,7,7,True,True,True
palu-tsunami_00000095,palu-tsunami,hold,test_id,False,7,7,True,True,True
palu-tsunami_00000096,palu-tsunami,test,test_id,False,7,7,True,True,True
palu-tsunami_00000104,palu-tsunami,hold,test_id,False,7,7,True,True,True
palu-tsunami_00000105,palu-tsunami,hold,test_id,False,7,7,True,True,True
palu-tsunami_00000113,palu-tsunami,test,test_id,False,7,7,True,True,True
palu-tsunami_00000114,palu-tsunami,test,test_id,False,7,7,True,True,True
palu-tsunami_00000116,palu-tsunami,hold,test_id,False,7,7,True,True,True
palu-tsunami_00000117,palu-tsunami,test,test_id,False,7,7,True,True,True
palu-tsunami_00000120,palu-tsunami,test,test_id,False,7,7,True,True,True
palu-tsunami_00000124,palu-tsunami,test,test_id,False,7,7,True,True,True
palu-tsunami_00000127,palu-tsunami,test,test_id,False,7,7,True,True,True
palu-tsunami_00000129,palu-tsunami,test,test_id,False,7,7,True,True,True
palu-tsunami_00000130,palu-tsunami,hold,test_id,False,7,7,True,True,True
palu-tsunami_00000135,palu-tsunami,test,test_id,False,7,7,True,True,True
palu-tsunami_00000138,palu-tsunami,hold,test_id,False,7,7,True,True,True
palu-tsunami_00000139,palu-tsunami,test,test_id,False,7,7,True,True,True
palu-tsunami_00000141,palu-tsunami,test,test_id,False,7,7,True,True,True
palu-tsunami_00000143,palu-tsunami,test,test_id,False,7,7,True,True,True
palu-tsunami_00000144,palu-tsunami,hold,test_id,False,7,7,True,True,True
palu-tsunami_00000146,palu-tsunami,test,test_id,False,7,7,True,True,True
palu-tsunami_00000147,palu-tsunami,test,test_id,False,7,7,True,True,True
palu-tsunami_00000149,palu-tsunami,hold,test_id,False,7,7,True,True,True
palu-tsunami_00000150,palu-tsunami,hold,test_id,False,7,7,True,True,True
palu-tsunami_00000151,palu-tsunami,test,test_id,False,7,7,True,True,True
palu-tsunami_00000156,palu-tsunami,hold,test_id,False,7,7,True,True,True
palu-tsunami_00000158,palu-tsunami,test,test_id,False,7,7,True,True,True
palu-tsunami_00000159,palu-tsunami,hold,test_id,False,7,7,True,True,True
palu-tsunami_00000162,palu-tsunami,hold,test_id,False,7,7,True,True,True
palu-tsunami_00000163,palu-tsunami,test,test_id,False,7,7,True,True,True
palu-tsunami_00000165,palu-tsunami,test,test_id,False,7,7,True,True,True
palu-tsunami_00000170,palu-tsunami,test,test_id,False,7,7,True,True,True
palu-tsunami_00000172,palu-tsunami,hold,test_id,False,7,7,True,True,True
palu-tsunami_00000173,palu-tsunami,test,test_id,False,7,7,True,True,True
palu-tsunami_00000176,palu-tsunami,hold,test_id,False,7,7,True,True,True
palu-tsunami_00000180,palu-tsunami,hold,test_id,False,7,7,True,True,True
palu-tsunami_00000181,palu-tsunami,test,test_id,False,7,7,True,True,True
palu-tsunami_00000184,palu-tsunami,test,test_id,False,7,7,True,True,True
palu-tsunami_00000185,palu-tsunami,test,test_id,False,7,7,True,True,True
palu-tsunami_00000186,palu-tsunami,hold,test_id,False,7,7,True,True,True
palu-tsunami_00000190,palu-tsunami,hold,test_id,False,7,7,True,True,True
palu-tsunami_00000192,palu-tsunami,hold,test_id,False,7,7,True,True,True
palu-tsunami_00000193,palu-tsunami,test,test_id,False,7,7,True,True,True
palu-tsunami_00000194,palu-tsunami,test,test_id,False,7,7,True,True,True
pinery-bushfire_00000000,pinery-bushfire,tier3,test_ood,True,7,7,True,True,True
pinery-bushfire_00000001,pinery-bushfire,tier3,test_ood,True,7,7,True,True,True
pinery-bushfire_00000002,pinery-bushfire,tier3,test_ood,True,7,7,True,True,True
pinery-bushfire_00000003,pinery-bushfire,tier3,test_ood,True,7,7,True,True,True
pinery-bushfire_00000004,pinery-bushfire,tier3,test_ood,True,7,7,True,True,True
pinery-bushfire_00000005,pinery-bushfire,tier3,test_ood,True,7,7,True,True,True
pinery-bushfire_00000006,pinery-bushfire,tier3,test_ood,True,7,7,True,True,True
pinery-bushfire_00000007,pinery-bushfire,tier3,test_ood,True,7,7,True,True,True
pinery-bushfire_00000008,pinery-bushfire,tier3,test_ood,True,7,7,True,True,True
pinery-bushfire_00000009,pinery-bushfire,tier3,test_ood,True,7,7,True,True,True
pinery-bushfire_00000010,pinery-bushfire,tier3,test_ood,True,7,7,True,True,True
pinery-bushfire_00000011,pinery-bushfire,tier3,test_ood,True,7,7,True,True,True
pinery-bushfire_00000012,pinery-bushfire,tier3,test_ood,True,7,7,True,True,True
pinery-bushfire_00000013,pinery-bushfire,tier3,test_ood,True,7,7,True,True,True
pinery-bushfire_00000014,pinery-bushfire,tier3,test_ood,True,7,7,True,True,True
pinery-bushfire_00000015,pinery-bushfire,tier3,test_ood,True,7,7,True,True,True
pinery-bushfire_00000016,pinery-bushfire,tier3,test_ood,True,7,7,True,True,True
pinery-bushfire_00000017,pinery-bushfire,tier3,test_ood,True,7,7,True,True,True
pinery-bushfire_00000018,pinery-bushfire,tier3,test_ood,True,7,7,True,True,True
pinery-bushfire_00000019,pinery-bushfire,tier3,test_ood,True,7,7,True,True,True
pinery-bushfire_00000020,pinery-bushfire,tier3,test_ood,True,7,7,True,True,True
pinery-bushfire_00000021,pinery-bushfire,tier3,test_ood,True,7,7,True,True,True
pinery-bushfire_00000022,pinery-bushfire,tier3,test_ood,True,7,7,True,True,True
pinery-bushfire_00000023,pinery-bushfire,tier3,test_ood,True,7,7,True,True,True
pinery-bushfire_00000024,pinery-bushfire,tier3,test_ood,True,7,7,True,True,True
pinery-bushfire_00000025,pinery-bushfire,tier3,test_ood,True,7,7,True,True,True
pinery-bushfire_00000026,pinery-bushfire,tier3,test_ood,True,7,7,True,True,True
pinery-bushfire_00000027,pinery-bushfire,tier3,test_ood,True,7,7,True,True,True
pinery-bushfire_00000028,pinery-bushfire,tier3,test_ood,True,7,7,True,True,True
pinery-bushfire_00000029,pinery-bushfire,tier3,test_ood,True,7,7,True,True,True
pinery-bushfire_00000030,pinery-bushfire,tier3,test_ood,True,7,7,True,True,True
pinery-bushfire_00000031,pinery-bushfire,tier3,test_ood,True,7,7,True,True,True
pinery-bushfire_00000032,pinery-bushfire,tier3,test_ood,True,7,7,True,True,True
pinery-bushfire_00000033,pinery-bushfire,tier3,test_ood,True,7,7,True,True,True
pinery-bushfire_00000034,pinery-bushfire,tier3,test_ood,True,7,7,True,True,True
pinery-bushfire_00000035,pinery-bushfire,tier3,test_ood,True,7,7,True,True,True
pinery-bushfire_00000036,pinery-bushfire,tier3,test_ood,True,7,7,True,True,True
pinery-bushfire_00000037,pinery-bushfire,tier3,test_ood,True,7,7,True,True,True
pinery-bushfire_00000038,pinery-bushfire,tier3,test_ood,True,7,7,True,True,True
pinery-bushfire_00000039,pinery-bushfire,tier3,test_ood,True,7,7,True,True,True
pinery-bushfire_00000040,pinery-bushfire,tier3,test_ood,True,7,7,True,True,True
pinery-bushfire_00000041,pinery-bushfire,tier3,test_ood,True,7,7,True,True,True
pinery-bushfire_00000042,pinery-bushfire,tier3,test_ood,True,7,7,True,True,True
pinery-bushfire_00000043,pinery-bushfire,tier3,test_ood,True,7,7,True,True,True
pinery-bushfire_00000044,pinery-bushfire,tier3,test_ood,True,7,7,True,True,True
pinery-bushfire_00000045,pinery-bushfire,tier3,test_ood,True,7,7,True,True,True
pinery-bushfire_00000046,pinery-bushfire,tier3,test_ood,True,7,7,True,True,True
pinery-bushfire_00000047,pinery-bushfire,tier3,test_ood,True,7,7,True,True,True
pinery-bushfire_00000048,pinery-bushfire,tier3,test_ood,True,7,7,True,True,True
pinery-bushfire_00000049,pinery-bushfire,tier3,test_ood,True,7,7,True,True,True
pinery-bushfire_00000050,pinery-bushfire,tier3,test_ood,True,7,7,True,True,True
pinery-bushfire_00000051,pinery-bushfire,tier3,test_ood,True,7,7,True,True,True
pinery-bushfire_00000052,pinery-bushfire,tier3,test_ood,True,7,7,True,True,True
pinery-bushfire_00000053,pinery-bushfire,tier3,test_ood,True,7,7,True,True,True
pinery-bushfire_00000054,pinery-bushfire,tier3,test_ood,True,7,7,True,True,True
pinery-bushfire_00000055,pinery-bushfire,tier3,test_ood,True,7,7,True,True,True
pinery-bushfire_00000056,pinery-bushfire,tier3,test_ood,True,7,7,True,True,True
pinery-bushfire_00000057,pinery-bushfire,tier3,test_ood,True,7,7,True,True,True
pinery-bushfire_00000058,pinery-bushfire,tier3,test_ood,True,7,7,True,True,True
pinery-bushfire_00000059,pinery-bushfire,tier3,test_ood,True,7,7,True,True,True
pinery-bushfire_00000060,pinery-bushfire,tier3,test_ood,True,7,7,True,True,True
pinery-bushfire_00000061,pinery-bushfire,tier3,test_ood,True,7,7,True,True,True
pinery-bushfire_00000062,pinery-bushfire,tier3,test_ood,True,7,7,True,True,True
pinery-bushfire_00000063,pinery-bushfire,tier3,test_ood,True,7,7,True,True,True
pinery-bushfire_00000064,pinery-bushfire,tier3,test_ood,True,7,7,True,True,True
pinery-bushfire_00000065,pinery-bushfire,tier3,test_ood,True,7,7,True,True,True
pinery-bushfire_00000066,pinery-bushfire,tier3,test_ood,True,7,7,True,True,True
pinery-bushfire_00000067,pinery-bushfire,tier3,test_ood,True,7,7,True,True,True
pinery-bushfire_00000068,pinery-bushfire,tier3,test_ood,True,7,7,True,True,True
pinery-bushfire_00000069,pinery-bushfire,tier3,test_ood,True,7,7,True,True,True
pinery-bushfire_00000070,pinery-bushfire,tier3,test_ood,True,7,7,True,True,True
pinery-bushfire_00000071,pinery-bushfire,tier3,test_ood,True,7,7,True,True,True
pinery-bushfire_00000072,pinery-bushfire,tier3,test_ood,True,7,7,True,True,True
pinery-bushfire_00000073,pinery-bushfire,tier3,test_ood,True,7,7,True,True,True
pinery-bushfire_00000074,pinery-bushfire,tier3,test_ood,True,7,7,True,True,True
pinery-bushfire_00000075,pinery-bushfire,tier3,test_ood,True,7,7,True,True,True
pinery-bushfire_00000076,pinery-bushfire,tier3,test_ood,True,7,7,True,True,True
pinery-bushfire_00000077,pinery-bushfire,tier3,test_ood,True,7,7,True,True,True
pinery-bushfire_00000078,pinery-bushfire,tier3,test_ood,True,7,7,True,True,True
pinery-bushfire_00000079,pinery-bushfire,tier3,test_ood,True,7,7,True,True,True
pinery-bushfire_00000080,pinery-bushfire,tier3,test_ood,True,7,7,True,True,True
pinery-bushfire_00000081,pinery-bushfire,tier3,test_ood,True,7,7,True,True,True
pinery-bushfire_00000082,pinery-bushfire,tier3,test_ood,True,7,7,True,True,True
pinery-bushfire_00000083,pinery-bushfire,tier3,test_ood,True,7,7,True,True,True
pinery-bushfire_00000084,pinery-bushfire,tier3,test_ood,True,7,7,True,True,True
pinery-bushfire_00000085,pinery-bushfire,tier3,test_ood,True,7,7,True,True,True
pinery-bushfire_00000086,pinery-bushfire,tier3,test_ood,True,7,7,True,True,True
pinery-bushfire_00000087,pinery-bushfire,tier3,test_ood,True,7,7,True,True,True
pinery-bushfire_00000088,pinery-bushfire,tier3,test_ood,True,7,7,True,True,True
pinery-bushfire_00000089,pinery-bushfire,tier3,test_ood,True,7,7,True,True,True
pinery-bushfire_00000090,pinery-bushfire,tier3,test_ood,True,7,7,True,True,True
pinery-bushfire_00000091,pinery-bushfire,tier3,test_ood,True,7,7,True,True,True
pinery-bushfire_00000092,pinery-bushfire,tier3,test_ood,True,7,7,True,True,True
pinery-bushfire_00000093,pinery-bushfire,tier3,test_ood,True,7,7,True,True,True
pinery-bushfire_00000094,pinery-bushfire,tier3,test_ood,True,7,7,True,True,True
pinery-bushfire_00000095,pinery-bushfire,tier3,test_ood,True,7,7,True,True,True
pinery-bushfire_00000096,pinery-bushfire,tier3,test_ood,True,7,7,True,True,True
pinery-bushfire_00000097,pinery-bushfire,tier3,test_ood,True,7,7,True,True,True
pinery-bushfire_00000098,pinery-bushfire,tier3,test_ood,True,7,7,True,True,True
pinery-bushfire_00000099,pinery-bushfire,tier3,test_ood,True,7,7,True,True,True
pinery-bushfire_00000100,pinery-bushfire,tier3,test_ood,True,7,7,True,True,True
pinery-bushfire_00000101,pinery-bushfire,tier3,test_ood,True,7,7,True,True,True
pinery-bushfire_00000102,pinery-bushfire,tier3,test_ood,True,7,7,True,True,True
pinery-bushfire_00000103,pinery-bushfire,tier3,test_ood,True,7,7,True,True,True
pinery-bushfire_00000104,pinery-bushfire,tier3,test_ood,True,7,7,True,True,True
pinery-bushfire_00000105,pinery-bushfire,tier3,test_ood,True,7,7,True,True,True
pinery-bushfire_00000106,pinery-bushfire,tier3,test_ood,True,7,7,True,True,True
pinery-bushfire_00000107,pinery-bushfire,tier3,test_ood,True,7,7,True,True,True
pinery-bushfire_00000108,pinery-bushfire,tier3,test_ood,True,7,7,True,True,True
pinery-bushfire_00000109,pinery-bushfire,tier3,test_ood,True,7,7,True,True,True
pinery-bushfire_00000110,pinery-bushfire,tier3,test_ood,True,7,7,True,True,True
pinery-bushfire_00000111,pinery-bushfire,tier3,test_ood,True,7,7,True,True,True
pinery-bushfire_00000112,pinery-bushfire,tier3,test_ood,True,7,7,True,True,True
pinery-bushfire_00000113,pinery-bushfire,tier3,test_ood,True,7,7,True,True,True
pinery-bushfire_00000114,pinery-bushfire,tier3,test_ood,True,7,7,True,True,True
pinery-bushfire_00000115,pinery-bushfire,tier3,test_ood,True,7,7,True,True,True
pinery-bushfire_00000116,pinery-bushfire,tier3,test_ood,True,7,7,True,True,True
pinery-bushfire_00000117,pinery-bushfire,tier3,test_ood,True,7,7,True,True,True
pinery-bushfire_00000118,pinery-bushfire,tier3,test_ood,True,7,7,True,True,True
pinery-bushfire_00000119,pinery-bushfire,tier3,test_ood,True,7,7,True,True,True
pinery-bushfire_00000120,pinery-bushfire,tier3,test_ood,True,7,7,True,True,True
pinery-bushfire_00000121,pinery-bushfire,tier3,test_ood,True,7,7,True,True,True
pinery-bushfire_00000122,pinery-bushfire,tier3,test_ood,True,7,7,True,True,True
pinery-bushfire_00000123,pinery-bushfire,tier3,test_ood,True,7,7,True,True,True
pinery-bushfire_00000124,pinery-bushfire,tier3,test_ood,True,7,7,True,True,True
pinery-bushfire_00000125,pinery-bushfire,tier3,test_ood,True,7,7,True,True,True
pinery-bushfire_00000126,pinery-bushfire,tier3,test_ood,True,7,7,True,True,True
pinery-bushfire_00000127,pinery-bushfire,tier3,test_ood,True,7,7,True,True,True
pinery-bushfire_00000128,pinery-bushfire,tier3,test_ood,True,7,7,True,True,True
pinery-bushfire_00000129,pinery-bushfire,tier3,test_ood,True,7,7,True,True,True
pinery-bushfire_00000130,pinery-bushfire,tier3,test_ood,True,7,7,True,True,True
pinery-bushfire_00000131,pinery-bushfire,tier3,test_ood,True,7,7,True,True,True
pinery-bushfire_00000132,pinery-bushfire,tier3,test_ood,True,7,7,True,True,True
pinery-bushfire_00000133,pinery-bushfire,tier3,test_ood,True,7,7,True,True,True
pinery-bushfire_00000134,pinery-bushfire,tier3,test_ood,True,7,7,True,True,True
pinery-bushfire_00000135,pinery-bushfire,tier3,test_ood,True,7,7,True,True,True
pinery-bushfire_00000136,pinery-bushfire,tier3,test_ood,True,7,7,True,True,True
pinery-bushfire_00000137,pinery-bushfire,tier3,test_ood,True,7,7,True,True,True
pinery-bushfire_00000138,pinery-bushfire,tier3,test_ood,True,7,7,True,True,True
pinery-bushfire_00000139,pinery-bushfire,tier3,test_ood,True,7,7,True,True,True
pinery-bushfire_00000140,pinery-bushfire,tier3,test_ood,True,7,7,True,True,True
pinery-bushfire_00000141,pinery-bushfire,tier3,test_ood,True,7,7,True,True,True
pinery-bushfire_00000142,pinery-bushfire,tier3,test_ood,True,7,7,True,True,True
pinery-bushfire_00000143,pinery-bushfire,tier3,test_ood,True,7,7,True,True,True
pinery-bushfire_00000144,pinery-bushfire,tier3,test_ood,True,7,7,True,True,True
pinery-bushfire_00000145,pinery-bushfire,tier3,test_ood,True,7,7,True,True,True
pinery-bushfire_00000146,pinery-bushfire,tier3,test_ood,True,7,7,True,True,True
pinery-bushfire_00000147,pinery-bushfire,tier3,test_ood,True,7,7,True,True,True
pinery-bushfire_00000148,pinery-bushfire,tier3,test_ood,True,7,7,True,True,True
pinery-bushfire_00000149,pinery-bushfire,tier3,test_ood,True,7,7,True,True,True
pinery-bushfire_00000150,pinery-bushfire,tier3,test_ood,True,7,7,True,True,True
pinery-bushfire_00000151,pinery-bushfire,tier3,test_ood,True,7,7,True,True,True
pinery-bushfire_00000152,pinery-bushfire,tier3,test_ood,True,7,7,True,True,True
pinery-bushfire_00000153,pinery-bushfire,tier3,test_ood,True,7,7,True,True,True
pinery-bushfire_00000154,pinery-bushfire,tier3,test_ood,True,7,7,True,True,True
pinery-bushfire_00000155,pinery-bushfire,tier3,test_ood,True,7,7,True,True,True
pinery-bushfire_00000156,pinery-bushfire,tier3,test_ood,True,7,7,True,True,True
pinery-bushfire_00000157,pinery-bushfire,tier3,test_ood,True,7,7,True,True,True
pinery-bushfire_00000158,pinery-bushfire,tier3,test_ood,True,7,7,True,True,True
pinery-bushfire_00000159,pinery-bushfire,tier3,test_ood,True,7,7,True,True,True
pinery-bushfire_00000160,pinery-bushfire,tier3,test_ood,True,7,7,True,True,True
pinery-bushfire_00000161,pinery-bushfire,tier3,test_ood,True,7,7,True,True,True
pinery-bushfire_00000162,pinery-bushfire,tier3,test_ood,True,7,7,True,True,True
pinery-bushfire_00000163,pinery-bushfire,tier3,test_ood,True,7,7,True,True,True
pinery-bushfire_00000164,pinery-bushfire,tier3,test_ood,True,7,7,True,True,True
pinery-bushfire_00000165,pinery-bushfire,tier3,test_ood,True,7,7,True,True,True
pinery-bushfire_00000166,pinery-bushfire,tier3,test_ood,True,7,7,True,True,True
pinery-bushfire_00000167,pinery-bushfire,tier3,test_ood,True,7,7,True,True,True
pinery-bushfire_00000168,pinery-bushfire,tier3,test_ood,True,7,7,True,True,True
pinery-bushfire_00000169,pinery-bushfire,tier3,test_ood,True,7,7,True,True,True
pinery-bushfire_00000170,pinery-bushfire,tier3,test_ood,True,7,7,True,True,True
pinery-bushfire_00000171,pinery-bushfire,tier3,test_ood,True,7,7,True,True,True
pinery-bushfire_00000172,pinery-bushfire,tier3,test_ood,True,7,7,True,True,True
pinery-bushfire_00000173,pinery-bushfire,tier3,test_ood,True,7,7,True,True,True
pinery-bushfire_00000174,pinery-bushfire,tier3,test_ood,True,7,7,True,True,True
pinery-bushfire_00000175,pinery-bushfire,tier3,test_ood,True,7,7,True,True,True
pinery-bushfire_00000176,pinery-bushfire,tier3,test_ood,True,7,7,True,True,True
pinery-bushfire_00000177,pinery-bushfire,tier3,test_ood,True,7,7,True,True,True
pinery-bushfire_00000178,pinery-bushfire,tier3,test_ood,True,7,7,True,True,True
pinery-bushfire_00000179,pinery-bushfire,tier3,test_ood,True,7,7,True,True,True
pinery-bushfire_00000180,pinery-bushfire,tier3,test_ood,True,7,7,True,True,True
pinery-bushfire_00000181,pinery-bushfire,tier3,test_ood,True,7,7,True,True,True
pinery-bushfire_00000182,pinery-bushfire,tier3,test_ood,True,7,7,True,True,True
pinery-bushfire_00000183,pinery-bushfire,tier3,test_ood,True,7,7,True,True,True
pinery-bushfire_00000184,pinery-bushfire,tier3,test_ood,True,7,7,True,True,True
pinery-bushfire_00000185,pinery-bushfire,tier3,test_ood,True,7,7,True,True,True
pinery-bushfire_00000186,pinery-bushfire,tier3,test_ood,True,7,7,True,True,True
pinery-bushfire_00000187,pinery-bushfire,tier3,test_ood,True,7,7,True,True,True
pinery-bushfire_00000188,pinery-bushfire,tier3,test_ood,True,7,7,True,True,True
pinery-bushfire_00000189,pinery-bushfire,tier3,test_ood,True,7,7,True,True,True
pinery-bushfire_00000190,pinery-bushfire,tier3,test_ood,True,7,7,True,True,True
pinery-bushfire_00000191,pinery-bushfire,tier3,test_ood,True,7,7,True,True,True
pinery-bushfire_00000192,pinery-bushfire,tier3,test_ood,True,7,7,True,True,True
pinery-bushfire_00000193,pinery-bushfire,tier3,test_ood,True,7,7,True,True,True
pinery-bushfire_00000194,pinery-bushfire,tier3,test_ood,True,7,7,True,True,True
pinery-bushfire_00000195,pinery-bushfire,tier3,test_ood,True,7,7,True,True,True
pinery-bushfire_00000196,pinery-bushfire,tier3,test_ood,True,7,7,True,True,True
pinery-bushfire_00000197,pinery-bushfire,tier3,test_ood,True,7,7,True,True,True
pinery-bushfire_00000198,pinery-bushfire,tier3,test_ood,True,7,7,True,True,True
pinery-bushfire_00000199,pinery-bushfire,tier3,test_ood,True,7,7,True,True,True
pinery-bushfire_00000200,pinery-bushfire,tier3,test_ood,True,7,7,True,True,True
pinery-bushfire_00000201,pinery-bushfire,tier3,test_ood,True,7,7,True,True,True
pinery-bushfire_00000202,pinery-bushfire,tier3,test_ood,True,7,7,True,True,True
pinery-bushfire_00000203,pinery-bushfire,tier3,test_ood,True,7,7,True,True,True
pinery-bushfire_00000204,pinery-bushfire,tier3,test_ood,True,7,7,True,True,True
pinery-bushfire_00000205,pinery-bushfire,tier3,test_ood,True,7,7,True,True,True
pinery-bushfire_00000206,pinery-bushfire,tier3,test_ood,True,7,7,True,True,True
pinery-bushfire_00000207,pinery-bushfire,tier3,test_ood,True,7,7,True,True,True
pinery-bushfire_00000208,pinery-bushfire,tier3,test_ood,True,7,7,True,True,True
pinery-bushfire_00000209,pinery-bushfire,tier3,test_ood,True,7,7,True,True,True
pinery-bushfire_00000210,pinery-bushfire,tier3,test_ood,True,7,7,True,True,True
pinery-bushfire_00000211,pinery-bushfire,tier3,test_ood,True,7,7,True,True,True
pinery-bushfire_00000212,pinery-bushfire,tier3,test_ood,True,7,7,True,True,True
pinery-bushfire_00000213,pinery-bushfire,tier3,test_ood,True,7,7,True,True,True
pinery-bushfire_00000214,pinery-bushfire,tier3,test_ood,True,7,7,True,True,True
pinery-bushfire_00000215,pinery-bushfire,tier3,test_ood,True,7,7,True,True,True
pinery-bushfire_00000216,pinery-bushfire,tier3,test_ood,True,7,7,True,True,True
pinery-bushfire_00000217,pinery-bushfire,tier3,test_ood,True,7,7,True,True,True
pinery-bushfire_00000218,pinery-bushfire,tier3,test_ood,True,7,7,True,True,True
pinery-bushfire_00000219,pinery-bushfire,tier3,test_ood,True,7,7,True,True,True
pinery-bushfire_00000220,pinery-bushfire,tier3,test_ood,True,7,7,True,True,True
pinery-bushfire_00000221,pinery-bushfire,tier3,test_ood,True,7,7,True,True,True
pinery-bushfire_00000222,pinery-bushfire,tier3,test_ood,True,7,7,True,True,True
pinery-bushfire_00000223,pinery-bushfire,tier3,test_ood,True,7,7,True,True,True
pinery-bushfire_00000224,pinery-bushfire,tier3,test_ood,True,7,7,True,True,True
pinery-bushfire_00000225,pinery-bushfire,tier3,test_ood,True,7,7,True,True,True
pinery-bushfire_00000226,pinery-bushfire,tier3,test_ood,True,7,7,True,True,True
pinery-bushfire_00000227,pinery-bushfire,tier3,test_ood,True,7,7,True,True,True
pinery-bushfire_00000228,pinery-bushfire,tier3,test_ood,True,7,7,True,True,True
pinery-bushfire_00000229,pinery-bushfire,tier3,test_ood,True,7,7,True,True,True
pinery-bushfire_00000230,pinery-bushfire,tier3,test_ood,True,7,7,True,True,True
pinery-bushfire_00000231,pinery-bushfire,tier3,test_ood,True,7,7,True,True,True
pinery-bushfire_00000232,pinery-bushfire,tier3,test_ood,True,7,7,True,True,True
pinery-bushfire_00000233,pinery-bushfire,tier3,test_ood,True,7,7,True,True,True
pinery-bushfire_00000234,pinery-bushfire,tier3,test_ood,True,7,7,True,True,True
pinery-bushfire_00000235,pinery-bushfire,tier3,test_ood,True,7,7,True,True,True
pinery-bushfire_00000236,pinery-bushfire,tier3,test_ood,True,7,7,True,True,True
pinery-bushfire_00000237,pinery-bushfire,tier3,test_ood,True,7,7,True,True,True
pinery-bushfire_00000238,pinery-bushfire,tier3,test_ood,True,7,7,True,True,True
pinery-bushfire_00000239,pinery-bushfire,tier3,test_ood,True,7,7,True,True,True
pinery-bushfire_00000240,pinery-bushfire,tier3,test_ood,True,7,7,True,True,True
pinery-bushfire_00000241,pinery-bushfire,tier3,test_ood,True,7,7,True,True,True
pinery-bushfire_00000242,pinery-bushfire,tier3,test_ood,True,7,7,True,True,True
pinery-bushfire_00000243,pinery-bushfire,tier3,test_ood,True,7,7,True,True,True
pinery-bushfire_00000244,pinery-bushfire,tier3,test_ood,True,7,7,True,True,True
pinery-bushfire_00000245,pinery-bushfire,tier3,test_ood,True,7,7,True,True,True
pinery-bushfire_00000246,pinery-bushfire,tier3,test_ood,True,7,7,True,True,True
pinery-bushfire_00000247,pinery-bushfire,tier3,test_ood,True,7,7,True,True,True
pinery-bushfire_00000248,pinery-bushfire,tier3,test_ood,True,7,7,True,True,True
pinery-bushfire_00000249,pinery-bushfire,tier3,test_ood,True,7,7,True,True,True
pinery-bushfire_00000250,pinery-bushfire,tier3,test_ood,True,7,7,True,True,True
pinery-bushfire_00000251,pinery-bushfire,tier3,test_ood,True,7,7,True,True,True
pinery-bushfire_00000252,pinery-bushfire,tier3,test_ood,True,7,7,True,True,True
pinery-bushfire_00000253,pinery-bushfire,tier3,test_ood,True,7,7,True,True,True
pinery-bushfire_00000254,pinery-bushfire,tier3,test_ood,True,7,7,True,True,True
pinery-bushfire_00000255,pinery-bushfire,tier3,test_ood,True,7,7,True,True,True
pinery-bushfire_00000256,pinery-bushfire,tier3,test_ood,True,7,7,True,True,True
pinery-bushfire_00000257,pinery-bushfire,tier3,test_ood,True,7,7,True,True,True
pinery-bushfire_00000258,pinery-bushfire,tier3,test_ood,True,7,7,True,True,True
pinery-bushfire_00000259,pinery-bushfire,tier3,test_ood,True,7,7,True,True,True
pinery-bushfire_00000260,pinery-bushfire,tier3,test_ood,True,7,7,True,True,True
pinery-bushfire_00000261,pinery-bushfire,tier3,test_ood,True,7,7,True,True,True
pinery-bushfire_00000262,pinery-bushfire,tier3,test_ood,True,7,7,True,True,True
pinery-bushfire_00000263,pinery-bushfire,tier3,test_ood,True,7,7,True,True,True
pinery-bushfire_00000264,pinery-bushfire,tier3,test_ood,True,7,7,True,True,True
pinery-bushfire_00000265,pinery-bushfire,tier3,test_ood,True,7,7,True,True,True
pinery-bushfire_00000266,pinery-bushfire,tier3,test_ood,True,7,7,True,True,True
pinery-bushfire_00000267,pinery-bushfire,tier3,test_ood,True,7,7,True,True,True
pinery-bushfire_00000268,pinery-bushfire,tier3,test_ood,True,7,7,True,True,True
pinery-bushfire_00000269,pinery-bushfire,tier3,test_ood,True,7,7,True,True,True
pinery-bushfire_00000270,pinery-bushfire,tier3,test_ood,True,7,7,True,True,True
pinery-bushfire_00000271,pinery-bushfire,tier3,test_ood,True,7,7,True,True,True
pinery-bushfire_00000272,pinery-bushfire,tier3,test_ood,True,7,7,True,True,True
pinery-bushfire_00000273,pinery-bushfire,tier3,test_ood,True,7,7,True,True,True
pinery-bushfire_00000274,pinery-bushfire,tier3,test_ood,True,7,7,True,True,True
pinery-bushfire_00000275,pinery-bushfire,tier3,test_ood,True,7,7,True,True,True
pinery-bushfire_00000276,pinery-bushfire,tier3,test_ood,True,7,7,True,True,True
pinery-bushfire_00000277,pinery-bushfire,tier3,test_ood,True,7,7,True,True,True
pinery-bushfire_00000278,pinery-bushfire,tier3,test_ood,True,7,7,True,True,True
pinery-bushfire_00000279,pinery-bushfire,tier3,test_ood,True,7,7,True,True,True
pinery-bushfire_00000280,pinery-bushfire,tier3,test_ood,True,7,7,True,True,True
pinery-bushfire_00000281,pinery-bushfire,tier3,test_ood,True,7,7,True,True,True
pinery-bushfire_00000282,pinery-bushfire,tier3,test_ood,True,7,7,True,True,True
pinery-bushfire_00000283,pinery-bushfire,tier3,test_ood,True,7,7,True,True,True
pinery-bushfire_00000284,pinery-bushfire,tier3,test_ood,True,7,7,True,True,True
pinery-bushfire_00000285,pinery-bushfire,tier3,test_ood,True,7,7,True,True,True
pinery-bushfire_00000286,pinery-bushfire,tier3,test_ood,True,7,7,True,True,True
pinery-bushfire_00000287,pinery-bushfire,tier3,test_ood,True,7,7,True,True,True
pinery-bushfire_00000288,pinery-bushfire,tier3,test_ood,True,7,7,True,True,True
pinery-bushfire_00000289,pinery-bushfire,tier3,test_ood,True,7,7,True,True,True
pinery-bushfire_00000290,pinery-bushfire,tier3,test_ood,True,7,7,True,True,True
pinery-bushfire_00000291,pinery-bushfire,tier3,test_ood,True,7,7,True,True,True
pinery-bushfire_00000292,pinery-bushfire,tier3,test_ood,True,7,7,True,True,True
pinery-bushfire_00000293,pinery-bushfire,tier3,test_ood,True,7,7,True,True,True
pinery-bushfire_00000294,pinery-bushfire,tier3,test_ood,True,7,7,True,True,True
pinery-bushfire_00000295,pinery-bushfire,tier3,test_ood,True,7,7,True,True,True
pinery-bushfire_00000296,pinery-bushfire,tier3,test_ood,True,7,7,True,True,True
pinery-bushfire_00000297,pinery-bushfire,tier3,test_ood,True,7,7,True,True,True
pinery-bushfire_00000298,pinery-bushfire,tier3,test_ood,True,7,7,True,True,True
pinery-bushfire_00000299,pinery-bushfire,tier3,test_ood,True,7,7,True,True,True
pinery-bushfire_00000300,pinery-bushfire,tier3,test_ood,True,7,7,True,True,True
pinery-bushfire_00000301,pinery-bushfire,tier3,test_ood,True,7,7,True,True,True
pinery-bushfire_00000302,pinery-bushfire,tier3,test_ood,True,7,7,True,True,True
pinery-bushfire_00000303,pinery-bushfire,tier3,test_ood,True,7,7,True,True,True
pinery-bushfire_00000304,pinery-bushfire,tier3,test_ood,True,7,7,True,True,True
pinery-bushfire_00000305,pinery-bushfire,tier3,test_ood,True,7,7,True,True,True
pinery-bushfire_00000306,pinery-bushfire,tier3,test_ood,True,7,7,True,True,True
pinery-bushfire_00000307,pinery-bushfire,tier3,test_ood,True,7,7,True,True,True
pinery-bushfire_00000308,pinery-bushfire,tier3,test_ood,True,7,7,True,True,True
pinery-bushfire_00000309,pinery-bushfire,tier3,test_ood,True,7,7,True,True,True
pinery-bushfire_00000310,pinery-bushfire,tier3,test_ood,True,7,7,True,True,True
pinery-bushfire_00000311,pinery-bushfire,tier3,test_ood,True,7,7,True,True,True
pinery-bushfire_00000312,pinery-bushfire,tier3,test_ood,True,7,7,True,True,True
pinery-bushfire_00000313,pinery-bushfire,tier3,test_ood,True,7,7,True,True,True
pinery-bushfire_00000314,pinery-bushfire,tier3,test_ood,True,7,7,True,True,True
pinery-bushfire_00000315,pinery-bushfire,tier3,test_ood,True,7,7,True,True,True
pinery-bushfire_00000316,pinery-bushfire,tier3,test_ood,True,7,7,True,True,True
pinery-bushfire_00000317,pinery-bushfire,tier3,test_ood,True,7,7,True,True,True
pinery-bushfire_00000318,pinery-bushfire,tier3,test_ood,True,7,7,True,True,True
pinery-bushfire_00000319,pinery-bushfire,tier3,test_ood,True,7,7,True,True,True
pinery-bushfire_00000320,pinery-bushfire,tier3,test_ood,True,7,7,True,True,True
pinery-bushfire_00000321,pinery-bushfire,tier3,test_ood,True,7,7,True,True,True
pinery-bushfire_00000322,pinery-bushfire,tier3,test_ood,True,7,7,True,True,True
pinery-bushfire_00000323,pinery-bushfire,tier3,test_ood,True,7,7,True,True,True
pinery-bushfire_00000324,pinery-bushfire,tier3,test_ood,True,7,7,True,True,True
pinery-bushfire_00000325,pinery-bushfire,tier3,test_ood,True,7,7,True,True,True
pinery-bushfire_00000326,pinery-bushfire,tier3,test_ood,True,7,7,True,True,True
pinery-bushfire_00000327,pinery-bushfire,tier3,test_ood,True,7,7,True,True,True
pinery-bushfire_00000328,pinery-bushfire,tier3,test_ood,True,7,7,True,True,True
pinery-bushfire_00000329,pinery-bushfire,tier3,test_ood,True,7,7,True,True,True
pinery-bushfire_00000330,pinery-bushfire,tier3,test_ood,True,7,7,True,True,True
pinery-bushfire_00000331,pinery-bushfire,tier3,test_ood,True,7,7,True,True,True
pinery-bushfire_00000332,pinery-bushfire,tier3,test_ood,True,7,7,True,True,True
pinery-bushfire_00000333,pinery-bushfire,tier3,test_ood,True,7,7,True,True,True
pinery-bushfire_00000334,pinery-bushfire,tier3,test_ood,True,7,7,True,True,True
pinery-bushfire_00000335,pinery-bushfire,tier3,test_ood,True,7,7,True,True,True
pinery-bushfire_00000336,pinery-bushfire,tier3,test_ood,True,7,7,True,True,True
pinery-bushfire_00000337,pinery-bushfire,tier3,test_ood,True,7,7,True,True,True
pinery-bushfire_00000338,pinery-bushfire,tier3,test_ood,True,7,7,True,True,True
pinery-bushfire_00000339,pinery-bushfire,tier3,test_ood,True,7,7,True,True,True
pinery-bushfire_00000340,pinery-bushfire,tier3,test_ood,True,7,7,True,True,True
pinery-bushfire_00000341,pinery-bushfire,tier3,test_ood,True,7,7,True,True,True
pinery-bushfire_00000342,pinery-bushfire,tier3,test_ood,True,7,7,True,True,True
pinery-bushfire_00000343,pinery-bushfire,tier3,test_ood,True,7,7,True,True,True
pinery-bushfire_00000344,pinery-bushfire,tier3,test_ood,True,7,7,True,True,True
pinery-bushfire_00000345,pinery-bushfire,tier3,test_ood,True,7,7,True,True,True
pinery-bushfire_00000346,pinery-bushfire,tier3,test_ood,True,7,7,True,True,True
pinery-bushfire_00000347,pinery-bushfire,tier3,test_ood,True,7,7,True,True,True
pinery-bushfire_00000348,pinery-bushfire,tier3,test_ood,True,7,7,True,True,True
pinery-bushfire_00000349,pinery-bushfire,tier3,test_ood,True,7,7,True,True,True
pinery-bushfire_00000350,pinery-bushfire,tier3,test_ood,True,7,7,True,True,True
pinery-bushfire_00000351,pinery-bushfire,tier3,test_ood,True,7,7,True,True,True
pinery-bushfire_00000352,pinery-bushfire,tier3,test_ood,True,7,7,True,True,True
pinery-bushfire_00000353,pinery-bushfire,tier3,test_ood,True,7,7,True,True,True
pinery-bushfire_00000354,pinery-bushfire,tier3,test_ood,True,7,7,True,True,True
pinery-bushfire_00000355,pinery-bushfire,tier3,test_ood,True,7,7,True,True,True
pinery-bushfire_00000356,pinery-bushfire,tier3,test_ood,True,7,7,True,True,True
pinery-bushfire_00000357,pinery-bushfire,tier3,test_ood,True,7,7,True,True,True
pinery-bushfire_00000358,pinery-bushfire,tier3,test_ood,True,7,7,True,True,True
pinery-bushfire_00000359,pinery-bushfire,tier3,test_ood,True,7,7,True,True,True
pinery-bushfire_00000360,pinery-bushfire,tier3,test_ood,True,7,7,True,True,True
pinery-bushfire_00000361,pinery-bushfire,tier3,test_ood,True,7,7,True,True,True
pinery-bushfire_00000362,pinery-bushfire,tier3,test_ood,True,7,7,True,True,True
pinery-bushfire_00000363,pinery-bushfire,tier3,test_ood,True,7,7,True,True,True
pinery-bushfire_00000364,pinery-bushfire,tier3,test_ood,True,7,7,True,True,True
pinery-bushfire_00000365,pinery-bushfire,tier3,test_ood,True,7,7,True,True,True
pinery-bushfire_00000366,pinery-bushfire,tier3,test_ood,True,7,7,True,True,True
pinery-bushfire_00000367,pinery-bushfire,tier3,test_ood,True,7,7,True,True,True
pinery-bushfire_00000368,pinery-bushfire,tier3,test_ood,True,7,7,True,True,True
pinery-bushfire_00000369,pinery-bushfire,tier3,test_ood,True,7,7,True,True,True
pinery-bushfire_00000370,pinery-bushfire,tier3,test_ood,True,7,7,True,True,True
pinery-bushfire_00000371,pinery-bushfire,tier3,test_ood,True,7,7,True,True,True
pinery-bushfire_00000372,pinery-bushfire,tier3,test_ood,True,7,7,True,True,True
pinery-bushfire_00000373,pinery-bushfire,tier3,test_ood,True,7,7,True,True,True
pinery-bushfire_00000374,pinery-bushfire,tier3,test_ood,True,7,7,True,True,True
pinery-bushfire_00000375,pinery-bushfire,tier3,test_ood,True,7,7,True,True,True
pinery-bushfire_00000376,pinery-bushfire,tier3,test_ood,True,7,7,True,True,True
pinery-bushfire_00000377,pinery-bushfire,tier3,test_ood,True,7,7,True,True,True
pinery-bushfire_00000378,pinery-bushfire,tier3,test_ood,True,7,7,True,True,True
pinery-bushfire_00000379,pinery-bushfire,tier3,test_ood,True,7,7,True,True,True
pinery-bushfire_00000380,pinery-bushfire,tier3,test_ood,True,7,7,True,True,True
pinery-bushfire_00000381,pinery-bushfire,tier3,test_ood,True,7,7,True,True,True
pinery-bushfire_00000382,pinery-bushfire,tier3,test_ood,True,7,7,True,True,True
pinery-bushfire_00000383,pinery-bushfire,tier3,test_ood,True,7,7,True,True,True
pinery-bushfire_00000384,pinery-bushfire,tier3,test_ood,True,7,7,True,True,True
pinery-bushfire_00000385,pinery-bushfire,tier3,test_ood,True,7,7,True,True,True
pinery-bushfire_00000386,pinery-bushfire,tier3,test_ood,True,7,7,True,True,True
pinery-bushfire_00000387,pinery-bushfire,tier3,test_ood,True,7,7,True,True,True
pinery-bushfire_00000388,pinery-bushfire,tier3,test_ood,True,7,7,True,True,True
pinery-bushfire_00000389,pinery-bushfire,tier3,test_ood,True,7,7,True,True,True
pinery-bushfire_00000390,pinery-bushfire,tier3,test_ood,True,7,7,True,True,True
pinery-bushfire_00000391,pinery-bushfire,tier3,test_ood,True,7,7,True,True,True
pinery-bushfire_00000392,pinery-bushfire,tier3,test_ood,True,7,7,True,True,True
pinery-bushfire_00000393,pinery-bushfire,tier3,test_ood,True,7,7,True,True,True
pinery-bushfire_00000394,pinery-bushfire,tier3,test_ood,True,7,7,True,True,True
pinery-bushfire_00000395,pinery-bushfire,tier3,test_ood,True,7,7,True,True,True
pinery-bushfire_00000396,pinery-bushfire,tier3,test_ood,True,7,7,True,True,True
pinery-bushfire_00000397,pinery-bushfire,tier3,test_ood,True,7,7,True,True,True
pinery-bushfire_00000398,pinery-bushfire,tier3,test_ood,True,7,7,True,True,True
pinery-bushfire_00000399,pinery-bushfire,tier3,test_ood,True,7,7,True,True,True
pinery-bushfire_00000400,pinery-bushfire,tier3,test_ood,True,7,7,True,True,True
pinery-bushfire_00000401,pinery-bushfire,tier3,test_ood,True,7,7,True,True,True
pinery-bushfire_00000402,pinery-bushfire,tier3,test_ood,True,7,7,True,True,True
pinery-bushfire_00000403,pinery-bushfire,tier3,test_ood,True,7,7,True,True,True
pinery-bushfire_00000404,pinery-bushfire,tier3,test_ood,True,7,7,True,True,True
pinery-bushfire_00000405,pinery-bushfire,tier3,test_ood,True,7,7,True,True,True
pinery-bushfire_00000406,pinery-bushfire,tier3,test_ood,True,7,7,True,True,True
pinery-bushfire_00000407,pinery-bushfire,tier3,test_ood,True,7,7,True,True,True
pinery-bushfire_00000408,pinery-bushfire,tier3,test_ood,True,7,7,True,True,True
pinery-bushfire_00000409,pinery-bushfire,tier3,test_ood,True,7,7,True,True,True
pinery-bushfire_00000410,pinery-bushfire,tier3,test_ood,True,7,7,True,True,True
pinery-bushfire_00000411,pinery-bushfire,tier3,test_ood,True,7,7,True,True,True
pinery-bushfire_00000412,pinery-bushfire,tier3,test_ood,True,7,7,True,True,True
pinery-bushfire_00000413,pinery-bushfire,tier3,test_ood,True,7,7,True,True,True
pinery-bushfire_00000414,pinery-bushfire,tier3,test_ood,True,7,7,True,True,True
pinery-bushfire_00000415,pinery-bushfire,tier3,test_ood,True,7,7,True,True,True
pinery-bushfire_00000416,pinery-bushfire,tier3,test_ood,True,7,7,True,True,True
pinery-bushfire_00000417,pinery-bushfire,tier3,test_ood,True,7,7,True,True,True
pinery-bushfire_00000418,pinery-bushfire,tier3,test_ood,True,7,7,True,True,True
pinery-bushfire_00000419,pinery-bushfire,tier3,test_ood,True,7,7,True,True,True
pinery-bushfire_00000420,pinery-bushfire,tier3,test_ood,True,7,7,True,True,True
pinery-bushfire_00000421,pinery-bushfire,tier3,test_ood,True,7,7,True,True,True
pinery-bushfire_00000422,pinery-bushfire,tier3,test_ood,True,7,7,True,True,True
pinery-bushfire_00000423,pinery-bushfire,tier3,test_ood,True,7,7,True,True,True
pinery-bushfire_00000424,pinery-bushfire,tier3,test_ood,True,7,7,True,True,True
pinery-bushfire_00000425,pinery-bushfire,tier3,test_ood,True,7,7,True,True,True
pinery-bushfire_00000426,pinery-bushfire,tier3,test_ood,True,7,7,True,True,True
pinery-bushfire_00000427,pinery-bushfire,tier3,test_ood,True,7,7,True,True,True
pinery-bushfire_00000428,pinery-bushfire,tier3,test_ood,True,7,7,True,True,True
pinery-bushfire_00000429,pinery-bushfire,tier3,test_ood,True,7,7,True,True,True
pinery-bushfire_00000430,pinery-bushfire,tier3,test_ood,True,7,7,True,True,True
pinery-bushfire_00000431,pinery-bushfire,tier3,test_ood,True,7,7,True,True,True
pinery-bushfire_00000432,pinery-bushfire,tier3,test_ood,True,7,7,True,True,True
pinery-bushfire_00000433,pinery-bushfire,tier3,test_ood,True,7,7,True,True,True
pinery-bushfire_00000434,pinery-bushfire,tier3,test_ood,True,7,7,True,True,True
pinery-bushfire_00000435,pinery-bushfire,tier3,test_ood,True,7,7,True,True,True
pinery-bushfire_00000436,pinery-bushfire,tier3,test_ood,True,7,7,True,True,True
pinery-bushfire_00000437,pinery-bushfire,tier3,test_ood,True,7,7,True,True,True
pinery-bushfire_00000438,pinery-bushfire,tier3,test_ood,True,7,7,True,True,True
pinery-bushfire_00000439,pinery-bushfire,tier3,test_ood,True,7,7,True,True,True
pinery-bushfire_00000440,pinery-bushfire,tier3,test_ood,True,7,7,True,True,True
pinery-bushfire_00000441,pinery-bushfire,tier3,test_ood,True,7,7,True,True,True
pinery-bushfire_00000442,pinery-bushfire,tier3,test_ood,True,7,7,True,True,True
pinery-bushfire_00000443,pinery-bushfire,tier3,test_ood,True,7,7,True,True,True
pinery-bushfire_00000444,pinery-bushfire,tier3,test_ood,True,7,7,True,True,True
pinery-bushfire_00000445,pinery-bushfire,tier3,test_ood,True,7,7,True,True,True
pinery-bushfire_00000446,pinery-bushfire,tier3,test_ood,True,7,7,True,True,True
pinery-bushfire_00000447,pinery-bushfire,tier3,test_ood,True,7,7,True,True,True
pinery-bushfire_00000448,pinery-bushfire,tier3,test_ood,True,7,7,True,True,True
pinery-bushfire_00000449,pinery-bushfire,tier3,test_ood,True,7,7,True,True,True
pinery-bushfire_00000450,pinery-bushfire,tier3,test_ood,True,7,7,True,True,True
pinery-bushfire_00000451,pinery-bushfire,tier3,test_ood,True,7,7,True,True,True
pinery-bushfire_00000452,pinery-bushfire,tier3,test_ood,True,7,7,True,True,True
pinery-bushfire_00000453,pinery-bushfire,tier3,test_ood,True,7,7,True,True,True
pinery-bushfire_00000454,pinery-bushfire,tier3,test_ood,True,7,7,True,True,True
pinery-bushfire_00000455,pinery-bushfire,tier3,test_ood,True,7,7,True,True,True
pinery-bushfire_00000456,pinery-bushfire,tier3,test_ood,True,7,7,True,True,True
pinery-bushfire_00000457,pinery-bushfire,tier3,test_ood,True,7,7,True,True,True
pinery-bushfire_00000458,pinery-bushfire,tier3,test_ood,True,7,7,True,True,True
pinery-bushfire_00000459,pinery-bushfire,tier3,test_ood,True,7,7,True,True,True
pinery-bushfire_00000460,pinery-bushfire,tier3,test_ood,True,7,7,True,True,True
pinery-bushfire_00000461,pinery-bushfire,tier3,test_ood,True,7,7,True,True,True
pinery-bushfire_00000462,pinery-bushfire,tier3,test_ood,True,7,7,True,True,True
pinery-bushfire_00000463,pinery-bushfire,tier3,test_ood,True,7,7,True,True,True
pinery-bushfire_00000464,pinery-bushfire,tier3,test_ood,True,7,7,True,True,True
pinery-bushfire_00000465,pinery-bushfire,tier3,test_ood,True,7,7,True,True,True
pinery-bushfire_00000466,pinery-bushfire,tier3,test_ood,True,7,7,True,True,True
pinery-bushfire_00000467,pinery-bushfire,tier3,test_ood,True,7,7,True,True,True
pinery-bushfire_00000468,pinery-bushfire,tier3,test_ood,True,7,7,True,True,True
pinery-bushfire_00000469,pinery-bushfire,tier3,test_ood,True,7,7,True,True,True
pinery-bushfire_00000470,pinery-bushfire,tier3,test_ood,True,7,7,True,True,True
pinery-bushfire_00000471,pinery-bushfire,tier3,test_ood,True,7,7,True,True,True
pinery-bushfire_00000472,pinery-bushfire,tier3,test_ood,True,7,7,True,True,True
pinery-bushfire_00000473,pinery-bushfire,tier3,test_ood,True,7,7,True,True,True
pinery-bushfire_00000474,pinery-bushfire,tier3,test_ood,True,7,7,True,True,True
pinery-bushfire_00000475,pinery-bushfire,tier3,test_ood,True,7,7,True,True,True
pinery-bushfire_00000476,pinery-bushfire,tier3,test_ood,True,7,7,True,True,True
pinery-bushfire_00000477,pinery-bushfire,tier3,test_ood,True,7,7,True,True,True
pinery-bushfire_00000478,pinery-bushfire,tier3,test_ood,True,7,7,True,True,True
pinery-bushfire_00000479,pinery-bushfire,tier3,test_ood,True,7,7,True,True,True
pinery-bushfire_00000480,pinery-bushfire,tier3,test_ood,True,7,7,True,True,True
pinery-bushfire_00000481,pinery-bushfire,tier3,test_ood,True,7,7,True,True,True
pinery-bushfire_00000482,pinery-bushfire,tier3,test_ood,True,7,7,True,True,True
pinery-bushfire_00000483,pinery-bushfire,tier3,test_ood,True,7,7,True,True,True
pinery-bushfire_00000484,pinery-bushfire,tier3,test_ood,True,7,7,True,True,True
pinery-bushfire_00000485,pinery-bushfire,tier3,test_ood,True,7,7,True,True,True
pinery-bushfire_00000486,pinery-bushfire,tier3,test_ood,True,7,7,True,True,True
pinery-bushfire_00000487,pinery-bushfire,tier3,test_ood,True,7,7,True,True,True
pinery-bushfire_00000488,pinery-bushfire,tier3,test_ood,True,7,7,True,True,True
pinery-bushfire_00000489,pinery-bushfire,tier3,test_ood,True,7,7,True,True,True
pinery-bushfire_00000490,pinery-bushfire,tier3,test_ood,True,7,7,True,True,True
pinery-bushfire_00000491,pinery-bushfire,tier3,test_ood,True,7,7,True,True,True
pinery-bushfire_00000492,pinery-bushfire,tier3,test_ood,True,7,7,True,True,True
pinery-bushfire_00000493,pinery-bushfire,tier3,test_ood,True,7,7,True,True,True
pinery-bushfire_00000494,pinery-bushfire,tier3,test_ood,True,7,7,True,True,True
pinery-bushfire_00000495,pinery-bushfire,tier3,test_ood,True,7,7,True,True,True
pinery-bushfire_00000496,pinery-bushfire,tier3,test_ood,True,7,7,True,True,True
pinery-bushfire_00000497,pinery-bushfire,tier3,test_ood,True,7,7,True,True,True
pinery-bushfire_00000498,pinery-bushfire,tier3,test_ood,True,7,7,True,True,True
pinery-bushfire_00000499,pinery-bushfire,tier3,test_ood,True,7,7,True,True,True
pinery-bushfire_00000500,pinery-bushfire,tier3,test_ood,True,7,7,True,True,True
pinery-bushfire_00000501,pinery-bushfire,tier3,test_ood,True,7,7,True,True,True
pinery-bushfire_00000502,pinery-bushfire,tier3,test_ood,True,7,7,True,True,True
pinery-bushfire_00000503,pinery-bushfire,tier3,test_ood,True,7,7,True,True,True
pinery-bushfire_00000504,pinery-bushfire,tier3,test_ood,True,7,7,True,True,True
pinery-bushfire_00000505,pinery-bushfire,tier3,test_ood,True,7,7,True,True,True
pinery-bushfire_00000506,pinery-bushfire,tier3,test_ood,True,7,7,True,True,True
pinery-bushfire_00000507,pinery-bushfire,tier3,test_ood,True,7,7,True,True,True
pinery-bushfire_00000508,pinery-bushfire,tier3,test_ood,True,7,7,True,True,True
pinery-bushfire_00000509,pinery-bushfire,tier3,test_ood,True,7,7,True,True,True
pinery-bushfire_00000510,pinery-bushfire,tier3,test_ood,True,7,7,True,True,True
pinery-bushfire_00000511,pinery-bushfire,tier3,test_ood,True,7,7,True,True,True
pinery-bushfire_00000512,pinery-bushfire,tier3,test_ood,True,7,7,True,True,True
pinery-bushfire_00000513,pinery-bushfire,tier3,test_ood,True,7,7,True,True,True
pinery-bushfire_00000514,pinery-bushfire,tier3,test_ood,True,7,7,True,True,True
pinery-bushfire_00000515,pinery-bushfire,tier3,test_ood,True,7,7,True,True,True
pinery-bushfire_00000516,pinery-bushfire,tier3,test_ood,True,7,7,True,True,True
pinery-bushfire_00000517,pinery-bushfire,tier3,test_ood,True,7,7,True,True,True
pinery-bushfire_00000518,pinery-bushfire,tier3,test_ood,True,7,7,True,True,True
pinery-bushfire_00000519,pinery-bushfire,tier3,test_ood,True,7,7,True,True,True
pinery-bushfire_00000520,pinery-bushfire,tier3,test_ood,True,7,7,True,True,True
pinery-bushfire_00000521,pinery-bushfire,tier3,test_ood,True,7,7,True,True,True
pinery-bushfire_00000522,pinery-bushfire,tier3,test_ood,True,7,7,True,True,True
pinery-bushfire_00000523,pinery-bushfire,tier3,test_ood,True,7,7,True,True,True
pinery-bushfire_00000524,pinery-bushfire,tier3,test_ood,True,7,7,True,True,True
pinery-bushfire_00000525,pinery-bushfire,tier3,test_ood,True,7,7,True,True,True
pinery-bushfire_00000526,pinery-bushfire,tier3,test_ood,True,7,7,True,True,True
pinery-bushfire_00000527,pinery-bushfire,tier3,test_ood,True,7,7,True,True,True
pinery-bushfire_00000528,pinery-bushfire,tier3,test_ood,True,7,7,True,True,True
pinery-bushfire_00000529,pinery-bushfire,tier3,test_ood,True,7,7,True,True,True
pinery-bushfire_00000530,pinery-bushfire,tier3,test_ood,True,7,7,True,True,True
pinery-bushfire_00000531,pinery-bushfire,tier3,test_ood,True,7,7,True,True,True
pinery-bushfire_00000532,pinery-bushfire,tier3,test_ood,True,7,7,True,True,True
pinery-bushfire_00000533,pinery-bushfire,tier3,test_ood,True,7,7,True,True,True
pinery-bushfire_00000534,pinery-bushfire,tier3,test_ood,True,7,7,True,True,True
pinery-bushfire_00000535,pinery-bushfire,tier3,test_ood,True,7,7,True,True,True
pinery-bushfire_00000536,pinery-bushfire,tier3,test_ood,True,7,7,True,True,True
pinery-bushfire_00000537,pinery-bushfire,tier3,test_ood,True,7,7,True,True,True
pinery-bushfire_00000538,pinery-bushfire,tier3,test_ood,True,7,7,True,True,True
pinery-bushfire_00000539,pinery-bushfire,tier3,test_ood,True,7,7,True,True,True
pinery-bushfire_00000540,pinery-bushfire,tier3,test_ood,True,7,7,True,True,True
pinery-bushfire_00000541,pinery-bushfire,tier3,test_ood,True,7,7,True,True,True
pinery-bushfire_00000542,pinery-bushfire,tier3,test_ood,True,7,7,True,True,True
pinery-bushfire_00000543,pinery-bushfire,tier3,test_ood,True,7,7,True,True,True
pinery-bushfire_00000544,pinery-bushfire,tier3,test_ood,True,7,7,True,True,True
pinery-bushfire_00000545,pinery-bushfire,tier3,test_ood,True,7,7,True,True,True
pinery-bushfire_00000546,pinery-bushfire,tier3,test_ood,True,7,7,True,True,True
pinery-bushfire_00000547,pinery-bushfire,tier3,test_ood,True,7,7,True,True,True
pinery-bushfire_00000548,pinery-bushfire,tier3,test_ood,True,7,7,True,True,True
pinery-bushfire_00000549,pinery-bushfire,tier3,test_ood,True,7,7,True,True,True
pinery-bushfire_00000550,pinery-bushfire,tier3,test_ood,True,7,7,True,True,True
pinery-bushfire_00000551,pinery-bushfire,tier3,test_ood,True,7,7,True,True,True
pinery-bushfire_00000552,pinery-bushfire,tier3,test_ood,True,7,7,True,True,True
pinery-bushfire_00000553,pinery-bushfire,tier3,test_ood,True,7,7,True,True,True
pinery-bushfire_00000554,pinery-bushfire,tier3,test_ood,True,7,7,True,True,True
pinery-bushfire_00000555,pinery-bushfire,tier3,test_ood,True,7,7,True,True,True
pinery-bushfire_00000556,pinery-bushfire,tier3,test_ood,True,7,7,True,True,True
pinery-bushfire_00000557,pinery-bushfire,tier3,test_ood,True,7,7,True,True,True
pinery-bushfire_00000558,pinery-bushfire,tier3,test_ood,True,7,7,True,True,True
pinery-bushfire_00000559,pinery-bushfire,tier3,test_ood,True,7,7,True,True,True
pinery-bushfire_00000560,pinery-bushfire,tier3,test_ood,True,7,7,True,True,True
pinery-bushfire_00000561,pinery-bushfire,tier3,test_ood,True,7,7,True,True,True
pinery-bushfire_00000562,pinery-bushfire,tier3,test_ood,True,7,7,True,True,True
pinery-bushfire_00000563,pinery-bushfire,tier3,test_ood,True,7,7,True,True,True
pinery-bushfire_00000564,pinery-bushfire,tier3,test_ood,True,7,7,True,True,True
pinery-bushfire_00000565,pinery-bushfire,tier3,test_ood,True,7,7,True,True,True
pinery-bushfire_00000566,pinery-bushfire,tier3,test_ood,True,7,7,True,True,True
pinery-bushfire_00000567,pinery-bushfire,tier3,test_ood,True,7,7,True,True,True
pinery-bushfire_00000568,pinery-bushfire,tier3,test_ood,True,7,7,True,True,True
pinery-bushfire_00000569,pinery-bushfire,tier3,test_ood,True,7,7,True,True,True
pinery-bushfire_00000570,pinery-bushfire,tier3,test_ood,True,7,7,True,True,True
pinery-bushfire_00000571,pinery-bushfire,tier3,test_ood,True,7,7,True,True,True
pinery-bushfire_00000572,pinery-bushfire,tier3,test_ood,True,7,7,True,True,True
pinery-bushfire_00000573,pinery-bushfire,tier3,test_ood,True,7,7,True,True,True
pinery-bushfire_00000574,pinery-bushfire,tier3,test_ood,True,7,7,True,True,True
pinery-bushfire_00000575,pinery-bushfire,tier3,test_ood,True,7,7,True,True,True
pinery-bushfire_00000576,pinery-bushfire,tier3,test_ood,True,7,7,True,True,True
pinery-bushfire_00000577,pinery-bushfire,tier3,test_ood,True,7,7,True,True,True
pinery-bushfire_00000578,pinery-bushfire,tier3,test_ood,True,7,7,True,True,True
pinery-bushfire_00000579,pinery-bushfire,tier3,test_ood,True,7,7,True,True,True
pinery-bushfire_00000580,pinery-bushfire,tier3,test_ood,True,7,7,True,True,True
pinery-bushfire_00000581,pinery-bushfire,tier3,test_ood,True,7,7,True,True,True
pinery-bushfire_00000582,pinery-bushfire,tier3,test_ood,True,7,7,True,True,True
pinery-bushfire_00000583,pinery-bushfire,tier3,test_ood,True,7,7,True,True,True
pinery-bushfire_00000584,pinery-bushfire,tier3,test_ood,True,7,7,True,True,True
pinery-bushfire_00000585,pinery-bushfire,tier3,test_ood,True,7,7,True,True,True
pinery-bushfire_00000586,pinery-bushfire,tier3,test_ood,True,7,7,True,True,True
pinery-bushfire_00000587,pinery-bushfire,tier3,test_ood,True,7,7,True,True,True
pinery-bushfire_00000588,pinery-bushfire,tier3,test_ood,True,7,7,True,True,True
pinery-bushfire_00000589,pinery-bushfire,tier3,test_ood,True,7,7,True,True,True
pinery-bushfire_00000590,pinery-bushfire,tier3,test_ood,True,7,7,True,True,True
pinery-bushfire_00000591,pinery-bushfire,tier3,test_ood,True,7,7,True,True,True
pinery-bushfire_00000592,pinery-bushfire,tier3,test_ood,True,7,7,True,True,True
pinery-bushfire_00000593,pinery-bushfire,tier3,test_ood,True,7,7,True,True,True
pinery-bushfire_00000594,pinery-bushfire,tier3,test_ood,True,7,7,True,True,True
pinery-bushfire_00000595,pinery-bushfire,tier3,test_ood,True,7,7,True,True,True
pinery-bushfire_00000596,pinery-bushfire,tier3,test_ood,True,7,7,True,True,True
pinery-bushfire_00000597,pinery-bushfire,tier3,test_ood,True,7,7,True,True,True
pinery-bushfire_00000598,pinery-bushfire,tier3,test_ood,True,7,7,True,True,True
pinery-bushfire_00000599,pinery-bushfire,tier3,test_ood,True,7,7,True,True,True
pinery-bushfire_00000600,pinery-bushfire,tier3,test_ood,True,7,7,True,True,True
pinery-bushfire_00000601,pinery-bushfire,tier3,test_ood,True,7,7,True,True,True
pinery-bushfire_00000602,pinery-bushfire,tier3,test_ood,True,7,7,True,True,True
pinery-bushfire_00000603,pinery-bushfire,tier3,test_ood,True,7,7,True,True,True
pinery-bushfire_00000604,pinery-bushfire,tier3,test_ood,True,7,7,True,True,True
pinery-bushfire_00000605,pinery-bushfire,tier3,test_ood,True,7,7,True,True,True
pinery-bushfire_00000606,pinery-bushfire,tier3,test_ood,True,7,7,True,True,True
pinery-bushfire_00000607,pinery-bushfire,tier3,test_ood,True,7,7,True,True,True
pinery-bushfire_00000608,pinery-bushfire,tier3,test_ood,True,7,7,True,True,True
pinery-bushfire_00000609,pinery-bushfire,tier3,test_ood,True,7,7,True,True,True
pinery-bushfire_00000610,pinery-bushfire,tier3,test_ood,True,7,7,True,True,True
pinery-bushfire_00000611,pinery-bushfire,tier3,test_ood,True,7,7,True,True,True
pinery-bushfire_00000612,pinery-bushfire,tier3,test_ood,True,7,7,True,True,True
pinery-bushfire_00000613,pinery-bushfire,tier3,test_ood,True,7,7,True,True,True
pinery-bushfire_00000614,pinery-bushfire,tier3,test_ood,True,7,7,True,True,True
pinery-bushfire_00000615,pinery-bushfire,tier3,test_ood,True,7,7,True,True,True
pinery-bushfire_00000616,pinery-bushfire,tier3,test_ood,True,7,7,True,True,True
pinery-bushfire_00000617,pinery-bushfire,tier3,test_ood,True,7,7,True,True,True
pinery-bushfire_00000618,pinery-bushfire,tier3,test_ood,True,7,7,True,True,True
pinery-bushfire_00000619,pinery-bushfire,tier3,test_ood,True,7,7,True,True,True
pinery-bushfire_00000620,pinery-bushfire,tier3,test_ood,True,7,7,True,True,True
pinery-bushfire_00000621,pinery-bushfire,tier3,test_ood,True,7,7,True,True,True
pinery-bushfire_00000622,pinery-bushfire,tier3,test_ood,True,7,7,True,True,True
pinery-bushfire_00000623,pinery-bushfire,tier3,test_ood,True,7,7,True,True,True
pinery-bushfire_00000624,pinery-bushfire,tier3,test_ood,True,7,7,True,True,True
pinery-bushfire_00000625,pinery-bushfire,tier3,test_ood,True,7,7,True,True,True
pinery-bushfire_00000626,pinery-bushfire,tier3,test_ood,True,7,7,True,True,True
pinery-bushfire_00000627,pinery-bushfire,tier3,test_ood,True,7,7,True,True,True
pinery-bushfire_00000628,pinery-bushfire,tier3,test_ood,True,7,7,True,True,True
pinery-bushfire_00000629,pinery-bushfire,tier3,test_ood,True,7,7,True,True,True
pinery-bushfire_00000630,pinery-bushfire,tier3,test_ood,True,7,7,True,True,True
pinery-bushfire_00000631,pinery-bushfire,tier3,test_ood,True,7,7,True,True,True
pinery-bushfire_00000632,pinery-bushfire,tier3,test_ood,True,7,7,True,True,True
pinery-bushfire_00000633,pinery-bushfire,tier3,test_ood,True,7,7,True,True,True
pinery-bushfire_00000634,pinery-bushfire,tier3,test_ood,True,7,7,True,True,True
pinery-bushfire_00000635,pinery-bushfire,tier3,test_ood,True,7,7,True,True,True
pinery-bushfire_00000636,pinery-bushfire,tier3,test_ood,True,7,7,True,True,True
pinery-bushfire_00000637,pinery-bushfire,tier3,test_ood,True,7,7,True,True,True
pinery-bushfire_00000638,pinery-bushfire,tier3,test_ood,True,7,7,True,True,True
pinery-bushfire_00000639,pinery-bushfire,tier3,test_ood,True,7,7,True,True,True
pinery-bushfire_00000640,pinery-bushfire,tier3,test_ood,True,7,7,True,True,True
pinery-bushfire_00000641,pinery-bushfire,tier3,test_ood,True,7,7,True,True,True
pinery-bushfire_00000642,pinery-bushfire,tier3,test_ood,True,7,7,True,True,True
pinery-bushfire_00000643,pinery-bushfire,tier3,test_ood,True,7,7,True,True,True
pinery-bushfire_00000644,pinery-bushfire,tier3,test_ood,True,7,7,True,True,True
pinery-bushfire_00000645,pinery-bushfire,tier3,test_ood,True,7,7,True,True,True
pinery-bushfire_00000646,pinery-bushfire,tier3,test_ood,True,7,7,True,True,True
pinery-bushfire_00000647,pinery-bushfire,tier3,test_ood,True,7,7,True,True,True
pinery-bushfire_00000648,pinery-bushfire,tier3,test_ood,True,7,7,True,True,True
pinery-bushfire_00000649,pinery-bushfire,tier3,test_ood,True,7,7,True,True,True
pinery-bushfire_00000650,pinery-bushfire,tier3,test_ood,True,7,7,True,True,True
pinery-bushfire_00000651,pinery-bushfire,tier3,test_ood,True,7,7,True,True,True
pinery-bushfire_00000652,pinery-bushfire,tier3,test_ood,True,7,7,True,True,True
pinery-bushfire_00000653,pinery-bushfire,tier3,test_ood,True,7,7,True,True,True
pinery-bushfire_00000654,pinery-bushfire,tier3,test_ood,True,7,7,True,True,True
pinery-bushfire_00000655,pinery-bushfire,tier3,test_ood,True,7,7,True,True,True
pinery-bushfire_00000656,pinery-bushfire,tier3,test_ood,True,7,7,True,True,True
pinery-bushfire_00000657,pinery-bushfire,tier3,test_ood,True,7,7,True,True,True
pinery-bushfire_00000658,pinery-bushfire,tier3,test_ood,True,7,7,True,True,True
pinery-bushfire_00000659,pinery-bushfire,tier3,test_ood,True,7,7,True,True,True
pinery-bushfire_00000660,pinery-bushfire,tier3,test_ood,True,7,7,True,True,True
pinery-bushfire_00000661,pinery-bushfire,tier3,test_ood,True,7,7,True,True,True
pinery-bushfire_00000662,pinery-bushfire,tier3,test_ood,True,7,7,True,True,True
pinery-bushfire_00000663,pinery-bushfire,tier3,test_ood,True,7,7,True,True,True
pinery-bushfire_00000664,pinery-bushfire,tier3,test_ood,True,7,7,True,True,True
pinery-bushfire_00000665,pinery-bushfire,tier3,test_ood,True,7,7,True,True,True
pinery-bushfire_00000666,pinery-bushfire,tier3,test_ood,True,7,7,True,True,True
pinery-bushfire_00000667,pinery-bushfire,tier3,test_ood,True,7,7,True,True,True
pinery-bushfire_00000668,pinery-bushfire,tier3,test_ood,True,7,7,True,True,True
pinery-bushfire_00000669,pinery-bushfire,tier3,test_ood,True,7,7,True,True,True
pinery-bushfire_00000670,pinery-bushfire,tier3,test_ood,True,7,7,True,True,True
pinery-bushfire_00000671,pinery-bushfire,tier3,test_ood,True,7,7,True,True,True
pinery-bushfire_00000672,pinery-bushfire,tier3,test_ood,True,7,7,True,True,True
pinery-bushfire_00000673,pinery-bushfire,tier3,test_ood,True,7,7,True,True,True
pinery-bushfire_00000674,pinery-bushfire,tier3,test_ood,True,7,7,True,True,True
pinery-bushfire_00000675,pinery-bushfire,tier3,test_ood,True,7,7,True,True,True
pinery-bushfire_00000676,pinery-bushfire,tier3,test_ood,True,7,7,True,True,True
pinery-bushfire_00000677,pinery-bushfire,tier3,test_ood,True,7,7,True,True,True
pinery-bushfire_00000678,pinery-bushfire,tier3,test_ood,True,7,7,True,True,True
pinery-bushfire_00000679,pinery-bushfire,tier3,test_ood,True,7,7,True,True,True
pinery-bushfire_00000680,pinery-bushfire,tier3,test_ood,True,7,7,True,True,True
pinery-bushfire_00000681,pinery-bushfire,tier3,test_ood,True,7,7,True,True,True
pinery-bushfire_00000682,pinery-bushfire,tier3,test_ood,True,7,7,True,True,True
pinery-bushfire_00000683,pinery-bushfire,tier3,test_ood,True,7,7,True,True,True
pinery-bushfire_00000684,pinery-bushfire,tier3,test_ood,True,7,7,True,True,True
pinery-bushfire_00000685,pinery-bushfire,tier3,test_ood,True,7,7,True,True,True
pinery-bushfire_00000686,pinery-bushfire,tier3,test_ood,True,7,7,True,True,True
pinery-bushfire_00000687,pinery-bushfire,tier3,test_ood,True,7,7,True,True,True
pinery-bushfire_00000688,pinery-bushfire,tier3,test_ood,True,7,7,True,True,True
pinery-bushfire_00000689,pinery-bushfire,tier3,test_ood,True,7,7,True,True,True
pinery-bushfire_00000690,pinery-bushfire,tier3,test_ood,True,7,7,True,True,True
pinery-bushfire_00000691,pinery-bushfire,tier3,test_ood,True,7,7,True,True,True
pinery-bushfire_00000692,pinery-bushfire,tier3,test_ood,True,7,7,True,True,True
pinery-bushfire_00000693,pinery-bushfire,tier3,test_ood,True,7,7,True,True,True
pinery-bushfire_00000694,pinery-bushfire,tier3,test_ood,True,7,7,True,True,True
pinery-bushfire_00000695,pinery-bushfire,tier3,test_ood,True,7,7,True,True,True
pinery-bushfire_00000696,pinery-bushfire,tier3,test_ood,True,7,7,True,True,True
pinery-bushfire_00000697,pinery-bushfire,tier3,test_ood,True,7,7,True,True,True
pinery-bushfire_00000698,pinery-bushfire,tier3,test_ood,True,7,7,True,True,True
pinery-bushfire_00000699,pinery-bushfire,tier3,test_ood,True,7,7,True,True,True
pinery-bushfire_00000700,pinery-bushfire,tier3,test_ood,True,7,7,True,True,True
pinery-bushfire_00000701,pinery-bushfire,tier3,test_ood,True,7,7,True,True,True
pinery-bushfire_00000702,pinery-bushfire,tier3,test_ood,True,7,7,True,True,True
pinery-bushfire_00000703,pinery-bushfire,tier3,test_ood,True,7,7,True,True,True
pinery-bushfire_00000704,pinery-bushfire,tier3,test_ood,True,7,7,True,True,True
pinery-bushfire_00000705,pinery-bushfire,tier3,test_ood,True,7,7,True,True,True
pinery-bushfire_00000706,pinery-bushfire,tier3,test_ood,True,7,7,True,True,True
pinery-bushfire_00000707,pinery-bushfire,tier3,test_ood,True,7,7,True,True,True
pinery-bushfire_00000708,pinery-bushfire,tier3,test_ood,True,7,7,True,True,True
pinery-bushfire_00000709,pinery-bushfire,tier3,test_ood,True,7,7,True,True,True
pinery-bushfire_00000710,pinery-bushfire,tier3,test_ood,True,7,7,True,True,True
pinery-bushfire_00000711,pinery-bushfire,tier3,test_ood,True,7,7,True,True,True
pinery-bushfire_00000712,pinery-bushfire,tier3,test_ood,True,7,7,True,True,True
pinery-bushfire_00000713,pinery-bushfire,tier3,test_ood,True,7,7,True,True,True
pinery-bushfire_00000714,pinery-bushfire,tier3,test_ood,True,7,7,True,True,True
pinery-bushfire_00000715,pinery-bushfire,tier3,test_ood,True,7,7,True,True,True
pinery-bushfire_00000716,pinery-bushfire,tier3,test_ood,True,7,7,True,True,True
pinery-bushfire_00000717,pinery-bushfire,tier3,test_ood,True,7,7,True,True,True
pinery-bushfire_00000718,pinery-bushfire,tier3,test_ood,True,7,7,True,True,True
pinery-bushfire_00000719,pinery-bushfire,tier3,test_ood,True,7,7,True,True,True
pinery-bushfire_00000720,pinery-bushfire,tier3,test_ood,True,7,7,True,True,True
pinery-bushfire_00000721,pinery-bushfire,tier3,test_ood,True,7,7,True,True,True
pinery-bushfire_00000722,pinery-bushfire,tier3,test_ood,True,7,7,True,True,True
pinery-bushfire_00000723,pinery-bushfire,tier3,test_ood,True,7,7,True,True,True
pinery-bushfire_00000724,pinery-bushfire,tier3,test_ood,True,7,7,True,True,True
pinery-bushfire_00000725,pinery-bushfire,tier3,test_ood,True,7,7,True,True,True
pinery-bushfire_00000726,pinery-bushfire,tier3,test_ood,True,7,7,True,True,True
pinery-bushfire_00000727,pinery-bushfire,tier3,test_ood,True,7,7,True,True,True
pinery-bushfire_00000728,pinery-bushfire,tier3,test_ood,True,7,7,True,True,True
pinery-bushfire_00000729,pinery-bushfire,tier3,test_ood,True,7,7,True,True,True
pinery-bushfire_00000730,pinery-bushfire,tier3,test_ood,True,7,7,True,True,True
pinery-bushfire_00000731,pinery-bushfire,tier3,test_ood,True,7,7,True,True,True
pinery-bushfire_00000732,pinery-bushfire,tier3,test_ood,True,7,7,True,True,True
pinery-bushfire_00000733,pinery-bushfire,tier3,test_ood,True,7,7,True,True,True
pinery-bushfire_00000734,pinery-bushfire,tier3,test_ood,True,7,7,True,True,True
pinery-bushfire_00000735,pinery-bushfire,tier3,test_ood,True,7,7,True,True,True
pinery-bushfire_00000736,pinery-bushfire,tier3,test_ood,True,7,7,True,True,True
pinery-bushfire_00000737,pinery-bushfire,tier3,test_ood,True,7,7,True,True,True
pinery-bushfire_00000738,pinery-bushfire,tier3,test_ood,True,7,7,True,True,True
pinery-bushfire_00000739,pinery-bushfire,tier3,test_ood,True,7,7,True,True,True
pinery-bushfire_00000740,pinery-bushfire,tier3,test_ood,True,7,7,True,True,True
pinery-bushfire_00000741,pinery-bushfire,tier3,test_ood,True,7,7,True,True,True
pinery-bushfire_00000742,pinery-bushfire,tier3,test_ood,True,7,7,True,True,True
pinery-bushfire_00000743,pinery-bushfire,tier3,test_ood,True,7,7,True,True,True
pinery-bushfire_00000744,pinery-bushfire,tier3,test_ood,True,7,7,True,True,True
pinery-bushfire_00000745,pinery-bushfire,tier3,test_ood,True,7,7,True,True,True
pinery-bushfire_00000746,pinery-bushfire,tier3,test_ood,True,7,7,True,True,True
pinery-bushfire_00000747,pinery-bushfire,tier3,test_ood,True,7,7,True,True,True
pinery-bushfire_00000748,pinery-bushfire,tier3,test_ood,True,7,7,True,True,True
pinery-bushfire_00000749,pinery-bushfire,tier3,test_ood,True,7,7,True,True,True
pinery-bushfire_00000750,pinery-bushfire,tier3,test_ood,True,7,7,True,True,True
pinery-bushfire_00000751,pinery-bushfire,tier3,test_ood,True,7,7,True,True,True
pinery-bushfire_00000752,pinery-bushfire,tier3,test_ood,True,7,7,True,True,True
pinery-bushfire_00000753,pinery-bushfire,tier3,test_ood,True,7,7,True,True,True
pinery-bushfire_00000754,pinery-bushfire,tier3,test_ood,True,7,7,True,True,True
pinery-bushfire_00000755,pinery-bushfire,tier3,test_ood,True,7,7,True,True,True
pinery-bushfire_00000756,pinery-bushfire,tier3,test_ood,True,7,7,True,True,True
pinery-bushfire_00000757,pinery-bushfire,tier3,test_ood,True,7,7,True,True,True
pinery-bushfire_00000758,pinery-bushfire,tier3,test_ood,True,7,7,True,True,True
pinery-bushfire_00000759,pinery-bushfire,tier3,test_ood,True,7,7,True,True,True
pinery-bushfire_00000760,pinery-bushfire,tier3,test_ood,True,7,7,True,True,True
pinery-bushfire_00000761,pinery-bushfire,tier3,test_ood,True,7,7,True,True,True
pinery-bushfire_00000762,pinery-bushfire,tier3,test_ood,True,7,7,True,True,True
pinery-bushfire_00000763,pinery-bushfire,tier3,test_ood,True,7,7,True,True,True
pinery-bushfire_00000764,pinery-bushfire,tier3,test_ood,True,7,7,True,True,True
pinery-bushfire_00000765,pinery-bushfire,tier3,test_ood,True,7,7,True,True,True
pinery-bushfire_00000766,pinery-bushfire,tier3,test_ood,True,7,7,True,True,True
pinery-bushfire_00000767,pinery-bushfire,tier3,test_ood,True,7,7,True,True,True
pinery-bushfire_00000768,pinery-bushfire,tier3,test_ood,True,7,7,True,True,True
pinery-bushfire_00000769,pinery-bushfire,tier3,test_ood,True,7,7,True,True,True
pinery-bushfire_00000770,pinery-bushfire,tier3,test_ood,True,7,7,True,True,True
pinery-bushfire_00000771,pinery-bushfire,tier3,test_ood,True,7,7,True,True,True
pinery-bushfire_00000772,pinery-bushfire,tier3,test_ood,True,7,7,True,True,True
pinery-bushfire_00000773,pinery-bushfire,tier3,test_ood,True,7,7,True,True,True
pinery-bushfire_00000774,pinery-bushfire,tier3,test_ood,True,7,7,True,True,True
pinery-bushfire_00000775,pinery-bushfire,tier3,test_ood,True,7,7,True,True,True
pinery-bushfire_00000776,pinery-bushfire,tier3,test_ood,True,7,7,True,True,True
pinery-bushfire_00000777,pinery-bushfire,tier3,test_ood,True,7,7,True,True,True
pinery-bushfire_00000778,pinery-bushfire,tier3,test_ood,True,7,7,True,True,True
pinery-bushfire_00000779,pinery-bushfire,tier3,test_ood,True,7,7,True,True,True
pinery-bushfire_00000780,pinery-bushfire,tier3,test_ood,True,7,7,True,True,True
pinery-bushfire_00000781,pinery-bushfire,tier3,test_ood,True,7,7,True,True,True
pinery-bushfire_00000782,pinery-bushfire,tier3,test_ood,True,7,7,True,True,True
pinery-bushfire_00000783,pinery-bushfire,tier3,test_ood,True,7,7,True,True,True
pinery-bushfire_00000784,pinery-bushfire,tier3,test_ood,True,7,7,True,True,True
pinery-bushfire_00000785,pinery-bushfire,tier3,test_ood,True,7,7,True,True,True
pinery-bushfire_00000786,pinery-bushfire,tier3,test_ood,True,7,7,True,True,True
pinery-bushfire_00000787,pinery-bushfire,tier3,test_ood,True,7,7,True,True,True
pinery-bushfire_00000788,pinery-bushfire,tier3,test_ood,True,7,7,True,True,True
pinery-bushfire_00000789,pinery-bushfire,tier3,test_ood,True,7,7,True,True,True
pinery-bushfire_00000790,pinery-bushfire,tier3,test_ood,True,7,7,True,True,True
pinery-bushfire_00000791,pinery-bushfire,tier3,test_ood,True,7,7,True,True,True
pinery-bushfire_00000792,pinery-bushfire,tier3,test_ood,True,7,7,True,True,True
pinery-bushfire_00000793,pinery-bushfire,tier3,test_ood,True,7,7,True,True,True
pinery-bushfire_00000794,pinery-bushfire,tier3,test_ood,True,7,7,True,True,True
pinery-bushfire_00000795,pinery-bushfire,tier3,test_ood,True,7,7,True,True,True
pinery-bushfire_00000796,pinery-bushfire,tier3,test_ood,True,7,7,True,True,True
pinery-bushfire_00000797,pinery-bushfire,tier3,test_ood,True,7,7,True,True,True
pinery-bushfire_00000798,pinery-bushfire,tier3,test_ood,True,7,7,True,True,True
pinery-bushfire_00000799,pinery-bushfire,tier3,test_ood,True,7,7,True,True,True
pinery-bushfire_00000800,pinery-bushfire,tier3,test_ood,True,7,7,True,True,True
pinery-bushfire_00000801,pinery-bushfire,tier3,test_ood,True,7,7,True,True,True
pinery-bushfire_00000802,pinery-bushfire,tier3,test_ood,True,7,7,True,True,True
pinery-bushfire_00000803,pinery-bushfire,tier3,test_ood,True,7,7,True,True,True
pinery-bushfire_00000804,pinery-bushfire,tier3,test_ood,True,7,7,True,True,True
pinery-bushfire_00000805,pinery-bushfire,tier3,test_ood,True,7,7,True,True,True
pinery-bushfire_00000806,pinery-bushfire,tier3,test_ood,True,7,7,True,True,True
pinery-bushfire_00000807,pinery-bushfire,tier3,test_ood,True,7,7,True,True,True
pinery-bushfire_00000808,pinery-bushfire,tier3,test_ood,True,7,7,True,True,True
pinery-bushfire_00000809,pinery-bushfire,tier3,test_ood,True,7,7,True,True,True
pinery-bushfire_00000810,pinery-bushfire,tier3,test_ood,True,7,7,True,True,True
pinery-bushfire_00000811,pinery-bushfire,tier3,test_ood,True,7,7,True,True,True
pinery-bushfire_00000812,pinery-bushfire,tier3,test_ood,True,7,7,True,True,True
pinery-bushfire_00000813,pinery-bushfire,tier3,test_ood,True,7,7,True,True,True
pinery-bushfire_00000814,pinery-bushfire,tier3,test_ood,True,7,7,True,True,True
pinery-bushfire_00000815,pinery-bushfire,tier3,test_ood,True,7,7,True,True,True
pinery-bushfire_00000816,pinery-bushfire,tier3,test_ood,True,7,7,True,True,True
pinery-bushfire_00000817,pinery-bushfire,tier3,test_ood,True,7,7,True,True,True
pinery-bushfire_00000818,pinery-bushfire,tier3,test_ood,True,7,7,True,True,True
pinery-bushfire_00000819,pinery-bushfire,tier3,test_ood,True,7,7,True,True,True
pinery-bushfire_00000820,pinery-bushfire,tier3,test_ood,True,7,7,True,True,True
pinery-bushfire_00000821,pinery-bushfire,tier3,test_ood,True,7,7,True,True,True
pinery-bushfire_00000822,pinery-bushfire,tier3,test_ood,True,7,7,True,True,True
pinery-bushfire_00000823,pinery-bushfire,tier3,test_ood,True,7,7,True,True,True
pinery-bushfire_00000824,pinery-bushfire,tier3,test_ood,True,7,7,True,True,True
pinery-bushfire_00000825,pinery-bushfire,tier3,test_ood,True,7,7,True,True,True
pinery-bushfire_00000826,pinery-bushfire,tier3,test_ood,True,7,7,True,True,True
pinery-bushfire_00000827,pinery-bushfire,tier3,test_ood,True,7,7,True,True,True
pinery-bushfire_00000828,pinery-bushfire,tier3,test_ood,True,7,7,True,True,True
pinery-bushfire_00000829,pinery-bushfire,tier3,test_ood,True,7,7,True,True,True
pinery-bushfire_00000830,pinery-bushfire,tier3,test_ood,True,7,7,True,True,True
pinery-bushfire_00000831,pinery-bushfire,tier3,test_ood,True,7,7,True,True,True
pinery-bushfire_00000832,pinery-bushfire,tier3,test_ood,True,7,7,True,True,True
pinery-bushfire_00000833,pinery-bushfire,tier3,test_ood,True,7,7,True,True,True
pinery-bushfire_00000834,pinery-bushfire,tier3,test_ood,True,7,7,True,True,True
pinery-bushfire_00000835,pinery-bushfire,tier3,test_ood,True,7,7,True,True,True
pinery-bushfire_00000836,pinery-bushfire,tier3,test_ood,True,7,7,True,True,True
pinery-bushfire_00000837,pinery-bushfire,tier3,test_ood,True,7,7,True,True,True
pinery-bushfire_00000838,pinery-bushfire,tier3,test_ood,True,7,7,True,True,True
pinery-bushfire_00000839,pinery-bushfire,tier3,test_ood,True,7,7,True,True,True
pinery-bushfire_00000840,pinery-bushfire,tier3,test_ood,True,7,7,True,True,True
pinery-bushfire_00000841,pinery-bushfire,tier3,test_ood,True,7,7,True,True,True
pinery-bushfire_00000842,pinery-bushfire,tier3,test_ood,True,7,7,True,True,True
pinery-bushfire_00000843,pinery-bushfire,tier3,test_ood,True,7,7,True,True,True
pinery-bushfire_00000844,pinery-bushfire,tier3,test_ood,True,7,7,True,True,True
pinery-bushfire_00000845,pinery-bushfire,tier3,test_ood,True,7,7,True,True,True
pinery-bushfire_00000846,pinery-bushfire,tier3,test_ood,True,7,7,True,True,True
pinery-bushfire_00000847,pinery-bushfire,tier3,test_ood,True,7,7,True,True,True
pinery-bushfire_00000848,pinery-bushfire,tier3,test_ood,True,7,7,True,True,True
pinery-bushfire_00000849,pinery-bushfire,tier3,test_ood,True,7,7,True,True,True
pinery-bushfire_00000850,pinery-bushfire,tier3,test_ood,True,7,7,True,True,True
pinery-bushfire_00000851,pinery-bushfire,tier3,test_ood,True,7,7,True,True,True
pinery-bushfire_00000852,pinery-bushfire,tier3,test_ood,True,7,7,True,True,True
pinery-bushfire_00000853,pinery-bushfire,tier3,test_ood,True,7,7,True,True,True
pinery-bushfire_00000854,pinery-bushfire,tier3,test_ood,True,7,7,True,True,True
pinery-bushfire_00000855,pinery-bushfire,tier3,test_ood,True,7,7,True,True,True
pinery-bushfire_00000856,pinery-bushfire,tier3,test_ood,True,7,7,True,True,True
pinery-bushfire_00000857,pinery-bushfire,tier3,test_ood,True,7,7,True,True,True
pinery-bushfire_00000858,pinery-bushfire,tier3,test_ood,True,7,7,True,True,True
pinery-bushfire_00000859,pinery-bushfire,tier3,test_ood,True,7,7,True,True,True
pinery-bushfire_00000860,pinery-bushfire,tier3,test_ood,True,7,7,True,True,True
pinery-bushfire_00000861,pinery-bushfire,tier3,test_ood,True,7,7,True,True,True
pinery-bushfire_00000862,pinery-bushfire,tier3,test_ood,True,7,7,True,True,True
pinery-bushfire_00000863,pinery-bushfire,tier3,test_ood,True,7,7,True,True,True
pinery-bushfire_00000864,pinery-bushfire,tier3,test_ood,True,7,7,True,True,True
pinery-bushfire_00000865,pinery-bushfire,tier3,test_ood,True,7,7,True,True,True
pinery-bushfire_00000866,pinery-bushfire,tier3,test_ood,True,7,7,True,True,True
pinery-bushfire_00000867,pinery-bushfire,tier3,test_ood,True,7,7,True,True,True
pinery-bushfire_00000868,pinery-bushfire,tier3,test_ood,True,7,7,True,True,True
pinery-bushfire_00000869,pinery-bushfire,tier3,test_ood,True,7,7,True,True,True
pinery-bushfire_00000870,pinery-bushfire,tier3,test_ood,True,7,7,True,True,True
pinery-bushfire_00000871,pinery-bushfire,tier3,test_ood,True,7,7,True,True,True
pinery-bushfire_00000872,pinery-bushfire,tier3,test_ood,True,7,7,True,True,True
pinery-bushfire_00000873,pinery-bushfire,tier3,test_ood,True,7,7,True,True,True
pinery-bushfire_00000874,pinery-bushfire,tier3,test_ood,True,7,7,True,True,True
pinery-bushfire_00000875,pinery-bushfire,tier3,test_ood,True,7,7,True,True,True
pinery-bushfire_00000876,pinery-bushfire,tier3,test_ood,True,7,7,True,True,True
pinery-bushfire_00000877,pinery-bushfire,tier3,test_ood,True,7,7,True,True,True
pinery-bushfire_00000878,pinery-bushfire,tier3,test_ood,True,7,7,True,True,True
pinery-bushfire_00000879,pinery-bushfire,tier3,test_ood,True,7,7,True,True,True
pinery-bushfire_00000880,pinery-bushfire,tier3,test_ood,True,7,7,True,True,True
pinery-bushfire_00000881,pinery-bushfire,tier3,test_ood,True,7,7,True,True,True
pinery-bushfire_00000882,pinery-bushfire,tier3,test_ood,True,7,7,True,True,True
pinery-bushfire_00000883,pinery-bushfire,tier3,test_ood,True,7,7,True,True,True
pinery-bushfire_00000884,pinery-bushfire,tier3,test_ood,True,7,7,True,True,True
pinery-bushfire_00000885,pinery-bushfire,tier3,test_ood,True,7,7,True,True,True
pinery-bushfire_00000886,pinery-bushfire,tier3,test_ood,True,7,7,True,True,True
pinery-bushfire_00000887,pinery-bushfire,tier3,test_ood,True,7,7,True,True,True
pinery-bushfire_00000888,pinery-bushfire,tier3,test_ood,True,7,7,True,True,True
pinery-bushfire_00000889,pinery-bushfire,tier3,test_ood,True,7,7,True,True,True
pinery-bushfire_00000890,pinery-bushfire,tier3,test_ood,True,7,7,True,True,True
pinery-bushfire_00000891,pinery-bushfire,tier3,test_ood,True,7,7,True,True,True
pinery-bushfire_00000892,pinery-bushfire,tier3,test_ood,True,7,7,True,True,True
pinery-bushfire_00000893,pinery-bushfire,tier3,test_ood,True,7,7,True,True,True
pinery-bushfire_00000894,pinery-bushfire,tier3,test_ood,True,7,7,True,True,True
pinery-bushfire_00000895,pinery-bushfire,tier3,test_ood,True,7,7,True,True,True
pinery-bushfire_00000896,pinery-bushfire,tier3,test_ood,True,7,7,True,True,True
pinery-bushfire_00000897,pinery-bushfire,tier3,test_ood,True,7,7,True,True,True
pinery-bushfire_00000898,pinery-bushfire,tier3,test_ood,True,7,7,True,True,True
pinery-bushfire_00000899,pinery-bushfire,tier3,test_ood,True,7,7,True,True,True
pinery-bushfire_00000900,pinery-bushfire,tier3,test_ood,True,7,7,True,True,True
pinery-bushfire_00000901,pinery-bushfire,tier3,test_ood,True,7,7,True,True,True
pinery-bushfire_00000902,pinery-bushfire,tier3,test_ood,True,7,7,True,True,True
pinery-bushfire_00000903,pinery-bushfire,tier3,test_ood,True,7,7,True,True,True
pinery-bushfire_00000904,pinery-bushfire,tier3,test_ood,True,7,7,True,True,True
pinery-bushfire_00000905,pinery-bushfire,tier3,test_ood,True,7,7,True,True,True
pinery-bushfire_00000906,pinery-bushfire,tier3,test_ood,True,7,7,True,True,True
pinery-bushfire_00000907,pinery-bushfire,tier3,test_ood,True,7,7,True,True,True
pinery-bushfire_00000908,pinery-bushfire,tier3,test_ood,True,7,7,True,True,True
pinery-bushfire_00000909,pinery-bushfire,tier3,test_ood,True,7,7,True,True,True
pinery-bushfire_00000910,pinery-bushfire,tier3,test_ood,True,7,7,True,True,True
pinery-bushfire_00000911,pinery-bushfire,tier3,test_ood,True,7,7,True,True,True
pinery-bushfire_00000912,pinery-bushfire,tier3,test_ood,True,7,7,True,True,True
pinery-bushfire_00000913,pinery-bushfire,tier3,test_ood,True,7,7,True,True,True
pinery-bushfire_00000914,pinery-bushfire,tier3,test_ood,True,7,7,True,True,True
pinery-bushfire_00000915,pinery-bushfire,tier3,test_ood,True,7,7,True,True,True
pinery-bushfire_00000916,pinery-bushfire,tier3,test_ood,True,7,7,True,True,True
pinery-bushfire_00000917,pinery-bushfire,tier3,test_ood,True,7,7,True,True,True
pinery-bushfire_00000918,pinery-bushfire,tier3,test_ood,True,7,7,True,True,True
pinery-bushfire_00000919,pinery-bushfire,tier3,test_ood,True,7,7,True,True,True
pinery-bushfire_00000920,pinery-bushfire,tier3,test_ood,True,7,7,True,True,True
pinery-bushfire_00000921,pinery-bushfire,tier3,test_ood,True,7,7,True,True,True
pinery-bushfire_00000922,pinery-bushfire,tier3,test_ood,True,7,7,True,True,True
pinery-bushfire_00000923,pinery-bushfire,tier3,test_ood,True,7,7,True,True,True
pinery-bushfire_00000924,pinery-bushfire,tier3,test_ood,True,7,7,True,True,True
pinery-bushfire_00000925,pinery-bushfire,tier3,test_ood,True,7,7,True,True,True
pinery-bushfire_00000926,pinery-bushfire,tier3,test_ood,True,7,7,True,True,True
pinery-bushfire_00000927,pinery-bushfire,tier3,test_ood,True,7,7,True,True,True
pinery-bushfire_00000928,pinery-bushfire,tier3,test_ood,True,7,7,True,True,True
pinery-bushfire_00000929,pinery-bushfire,tier3,test_ood,True,7,7,True,True,True
pinery-bushfire_00000930,pinery-bushfire,tier3,test_ood,True,7,7,True,True,True
pinery-bushfire_00000931,pinery-bushfire,tier3,test_ood,True,7,7,True,True,True
pinery-bushfire_00000932,pinery-bushfire,tier3,test_ood,True,7,7,True,True,True
pinery-bushfire_00000933,pinery-bushfire,tier3,test_ood,True,7,7,True,True,True
pinery-bushfire_00000934,pinery-bushfire,tier3,test_ood,True,7,7,True,True,True
pinery-bushfire_00000935,pinery-bushfire,tier3,test_ood,True,7,7,True,True,True
pinery-bushfire_00000936,pinery-bushfire,tier3,test_ood,True,7,7,True,True,True
pinery-bushfire_00000937,pinery-bushfire,tier3,test_ood,True,7,7,True,True,True
pinery-bushfire_00000938,pinery-bushfire,tier3,test_ood,True,7,7,True,True,True
pinery-bushfire_00000939,pinery-bushfire,tier3,test_ood,True,7,7,True,True,True
pinery-bushfire_00000940,pinery-bushfire,tier3,test_ood,True,7,7,True,True,True
pinery-bushfire_00000941,pinery-bushfire,tier3,test_ood,True,7,7,True,True,True
pinery-bushfire_00000942,pinery-bushfire,tier3,test_ood,True,7,7,True,True,True
pinery-bushfire_00000943,pinery-bushfire,tier3,test_ood,True,7,7,True,True,True
pinery-bushfire_00000944,pinery-bushfire,tier3,test_ood,True,7,7,True,True,True
pinery-bushfire_00000945,pinery-bushfire,tier3,test_ood,True,7,7,True,True,True
pinery-bushfire_00000946,pinery-bushfire,tier3,test_ood,True,7,7,True,True,True
pinery-bushfire_00000947,pinery-bushfire,tier3,test_ood,True,7,7,True,True,True
pinery-bushfire_00000948,pinery-bushfire,tier3,test_ood,True,7,7,True,True,True
pinery-bushfire_00000949,pinery-bushfire,tier3,test_ood,True,7,7,True,True,True
pinery-bushfire_00000950,pinery-bushfire,tier3,test_ood,True,7,7,True,True,True
pinery-bushfire_00000951,pinery-bushfire,tier3,test_ood,True,7,7,True,True,True
pinery-bushfire_00000952,pinery-bushfire,tier3,test_ood,True,7,7,True,True,True
pinery-bushfire_00000953,pinery-bushfire,tier3,test_ood,True,7,7,True,True,True
pinery-bushfire_00000954,pinery-bushfire,tier3,test_ood,True,7,7,True,True,True
pinery-bushfire_00000955,pinery-bushfire,tier3,test_ood,True,7,7,True,True,True
pinery-bushfire_00000956,pinery-bushfire,tier3,test_ood,True,7,7,True,True,True
pinery-bushfire_00000957,pinery-bushfire,tier3,test_ood,True,7,7,True,True,True
pinery-bushfire_00000958,pinery-bushfire,tier3,test_ood,True,7,7,True,True,True
pinery-bushfire_00000959,pinery-bushfire,tier3,test_ood,True,7,7,True,True,True
pinery-bushfire_00000960,pinery-bushfire,tier3,test_ood,True,7,7,True,True,True
pinery-bushfire_00000961,pinery-bushfire,tier3,test_ood,True,7,7,True,True,True
pinery-bushfire_00000962,pinery-bushfire,tier3,test_ood,True,7,7,True,True,True
pinery-bushfire_00000963,pinery-bushfire,tier3,test_ood,True,7,7,True,True,True
pinery-bushfire_00000964,pinery-bushfire,tier3,test_ood,True,7,7,True,True,True
pinery-bushfire_00000965,pinery-bushfire,tier3,test_ood,True,7,7,True,True,True
pinery-bushfire_00000966,pinery-bushfire,tier3,test_ood,True,7,7,True,True,True
pinery-bushfire_00000967,pinery-bushfire,tier3,test_ood,True,7,7,True,True,True
pinery-bushfire_00000968,pinery-bushfire,tier3,test_ood,True,7,7,True,True,True
pinery-bushfire_00000969,pinery-bushfire,tier3,test_ood,True,7,7,True,True,True
pinery-bushfire_00000970,pinery-bushfire,tier3,test_ood,True,7,7,True,True,True
pinery-bushfire_00000971,pinery-bushfire,tier3,test_ood,True,7,7,True,True,True
pinery-bushfire_00000972,pinery-bushfire,tier3,test_ood,True,7,7,True,True,True
pinery-bushfire_00000973,pinery-bushfire,tier3,test_ood,True,7,7,True,True,True
pinery-bushfire_00000974,pinery-bushfire,tier3,test_ood,True,7,7,True,True,True
pinery-bushfire_00000975,pinery-bushfire,tier3,test_ood,True,7,7,True,True,True
pinery-bushfire_00000976,pinery-bushfire,tier3,test_ood,True,7,7,True,True,True
pinery-bushfire_00000977,pinery-bushfire,tier3,test_ood,True,7,7,True,True,True
pinery-bushfire_00000978,pinery-bushfire,tier3,test_ood,True,7,7,True,True,True
pinery-bushfire_00000979,pinery-bushfire,tier3,test_ood,True,7,7,True,True,True
pinery-bushfire_00000980,pinery-bushfire,tier3,test_ood,True,7,7,True,True,True
pinery-bushfire_00000981,pinery-bushfire,tier3,test_ood,True,7,7,True,True,True
pinery-bushfire_00000982,pinery-bushfire,tier3,test_ood,True,7,7,True,True,True
pinery-bushfire_00000983,pinery-bushfire,tier3,test_ood,True,7,7,True,True,True
pinery-bushfire_00000984,pinery-bushfire,tier3,test_ood,True,7,7,True,True,True
pinery-bushfire_00000985,pinery-bushfire,tier3,test_ood,True,7,7,True,True,True
pinery-bushfire_00000986,pinery-bushfire,tier3,test_ood,True,7,7,True,True,True
pinery-bushfire_00000987,pinery-bushfire,tier3,test_ood,True,7,7,True,True,True
pinery-bushfire_00000988,pinery-bushfire,tier3,test_ood,True,7,7,True,True,True
pinery-bushfire_00000989,pinery-bushfire,tier3,test_ood,True,7,7,True,True,True
pinery-bushfire_00000990,pinery-bushfire,tier3,test_ood,True,7,7,True,True,True
pinery-bushfire_00000991,pinery-bushfire,tier3,test_ood,True,7,7,True,True,True
pinery-bushfire_00000992,pinery-bushfire,tier3,test_ood,True,7,7,True,True,True
pinery-bushfire_00000993,pinery-bushfire,tier3,test_ood,True,7,7,True,True,True
pinery-bushfire_00000994,pinery-bushfire,tier3,test_ood,True,7,7,True,True,True
pinery-bushfire_00000995,pinery-bushfire,tier3,test_ood,True,7,7,True,True,True
pinery-bushfire_00000996,pinery-bushfire,tier3,test_ood,True,7,7,True,True,True
pinery-bushfire_00000997,pinery-bushfire,tier3,test_ood,True,7,7,True,True,True
pinery-bushfire_00000998,pinery-bushfire,tier3,test_ood,True,7,7,True,True,True
pinery-bushfire_00000999,pinery-bushfire,tier3,test_ood,True,7,7,True,True,True
pinery-bushfire_00001000,pinery-bushfire,tier3,test_ood,True,7,7,True,True,True
pinery-bushfire_00001001,pinery-bushfire,tier3,test_ood,True,7,7,True,True,True
pinery-bushfire_00001002,pinery-bushfire,tier3,test_ood,True,7,7,True,True,True
pinery-bushfire_00001003,pinery-bushfire,tier3,test_ood,True,7,7,True,True,True
pinery-bushfire_00001004,pinery-bushfire,tier3,test_ood,True,7,7,True,True,True
pinery-bushfire_00001005,pinery-bushfire,tier3,test_ood,True,7,7,True,True,True
pinery-bushfire_00001006,pinery-bushfire,tier3,test_ood,True,7,7,True,True,True
pinery-bushfire_00001007,pinery-bushfire,tier3,test_ood,True,7,7,True,True,True
pinery-bushfire_00001008,pinery-bushfire,tier3,test_ood,True,7,7,True,True,True
pinery-bushfire_00001009,pinery-bushfire,tier3,test_ood,True,7,7,True,True,True
pinery-bushfire_00001010,pinery-bushfire,tier3,test_ood,True,7,7,True,True,True
pinery-bushfire_00001011,pinery-bushfire,tier3,test_ood,True,7,7,True,True,True
pinery-bushfire_00001012,pinery-bushfire,tier3,test_ood,True,7,7,True,True,True
pinery-bushfire_00001013,pinery-bushfire,tier3,test_ood,True,7,7,True,True,True
pinery-bushfire_00001014,pinery-bushfire,tier3,test_ood,True,7,7,True,True,True
pinery-bushfire_00001015,pinery-bushfire,tier3,test_ood,True,7,7,True,True,True
pinery-bushfire_00001016,pinery-bushfire,tier3,test_ood,True,7,7,True,True,True
pinery-bushfire_00001017,pinery-bushfire,tier3,test_ood,True,7,7,True,True,True
pinery-bushfire_00001018,pinery-bushfire,tier3,test_ood,True,7,7,True,True,True
pinery-bushfire_00001019,pinery-bushfire,tier3,test_ood,True,7,7,True,True,True
pinery-bushfire_00001020,pinery-bushfire,tier3,test_ood,True,7,7,True,True,True
pinery-bushfire_00001021,pinery-bushfire,tier3,test_ood,True,7,7,True,True,True
pinery-bushfire_00001022,pinery-bushfire,tier3,test_ood,True,7,7,True,True,True
pinery-bushfire_00001023,pinery-bushfire,tier3,test_ood,True,7,7,True,True,True
pinery-bushfire_00001024,pinery-bushfire,tier3,test_ood,True,7,7,True,True,True
pinery-bushfire_00001025,pinery-bushfire,tier3,test_ood,True,7,7,True,True,True
pinery-bushfire_00001026,pinery-bushfire,tier3,test_ood,True,7,7,True,True,True
pinery-bushfire_00001027,pinery-bushfire,tier3,test_ood,True,7,7,True,True,True
pinery-bushfire_00001028,pinery-bushfire,tier3,test_ood,True,7,7,True,True,True
pinery-bushfire_00001029,pinery-bushfire,tier3,test_ood,True,7,7,True,True,True
pinery-bushfire_00001030,pinery-bushfire,tier3,test_ood,True,7,7,True,True,True
pinery-bushfire_00001031,pinery-bushfire,tier3,test_ood,True,7,7,True,True,True
pinery-bushfire_00001032,pinery-bushfire,tier3,test_ood,True,7,7,True,True,True
pinery-bushfire_00001033,pinery-bushfire,tier3,test_ood,True,7,7,True,True,True
pinery-bushfire_00001034,pinery-bushfire,tier3,test_ood,True,7,7,True,True,True
pinery-bushfire_00001035,pinery-bushfire,tier3,test_ood,True,7,7,True,True,True
pinery-bushfire_00001036,pinery-bushfire,tier3,test_ood,True,7,7,True,True,True
pinery-bushfire_00001037,pinery-bushfire,tier3,test_ood,True,7,7,True,True,True
pinery-bushfire_00001038,pinery-bushfire,tier3,test_ood,True,7,7,True,True,True
pinery-bushfire_00001039,pinery-bushfire,tier3,test_ood,True,7,7,True,True,True
pinery-bushfire_00001040,pinery-bushfire,tier3,test_ood,True,7,7,True,True,True
pinery-bushfire_00001041,pinery-bushfire,tier3,test_ood,True,7,7,True,True,True
pinery-bushfire_00001042,pinery-bushfire,tier3,test_ood,True,7,7,True,True,True
pinery-bushfire_00001043,pinery-bushfire,tier3,test_ood,True,7,7,True,True,True
pinery-bushfire_00001044,pinery-bushfire,tier3,test_ood,True,7,7,True,True,True
pinery-bushfire_00001045,pinery-bushfire,tier3,test_ood,True,7,7,True,True,True
pinery-bushfire_00001046,pinery-bushfire,tier3,test_ood,True,7,7,True,True,True
pinery-bushfire_00001047,pinery-bushfire,tier3,test_ood,True,7,7,True,True,True
pinery-bushfire_00001048,pinery-bushfire,tier3,test_ood,True,7,7,True,True,True
pinery-bushfire_00001049,pinery-bushfire,tier3,test_ood,True,7,7,True,True,True
pinery-bushfire_00001050,pinery-bushfire,tier3,test_ood,True,7,7,True,True,True
pinery-bushfire_00001051,pinery-bushfire,tier3,test_ood,True,7,7,True,True,True
pinery-bushfire_00001052,pinery-bushfire,tier3,test_ood,True,7,7,True,True,True
pinery-bushfire_00001053,pinery-bushfire,tier3,test_ood,True,7,7,True,True,True
pinery-bushfire_00001054,pinery-bushfire,tier3,test_ood,True,7,7,True,True,True
pinery-bushfire_00001055,pinery-bushfire,tier3,test_ood,True,7,7,True,True,True
pinery-bushfire_00001056,pinery-bushfire,tier3,test_ood,True,7,7,True,True,True
pinery-bushfire_00001057,pinery-bushfire,tier3,test_ood,True,7,7,True,True,True
pinery-bushfire_00001058,pinery-bushfire,tier3,test_ood,True,7,7,True,True,True
pinery-bushfire_00001059,pinery-bushfire,tier3,test_ood,True,7,7,True,True,True
pinery-bushfire_00001060,pinery-bushfire,tier3,test_ood,True,7,7,True,True,True
pinery-bushfire_00001061,pinery-bushfire,tier3,test_ood,True,7,7,True,True,True
pinery-bushfire_00001062,pinery-bushfire,tier3,test_ood,True,7,7,True,True,True
pinery-bushfire_00001063,pinery-bushfire,tier3,test_ood,True,7,7,True,True,True
pinery-bushfire_00001064,pinery-bushfire,tier3,test_ood,True,7,7,True,True,True
pinery-bushfire_00001065,pinery-bushfire,tier3,test_ood,True,7,7,True,True,True
pinery-bushfire_00001066,pinery-bushfire,tier3,test_ood,True,7,7,True,True,True
pinery-bushfire_00001067,pinery-bushfire,tier3,test_ood,True,7,7,True,True,True
pinery-bushfire_00001068,pinery-bushfire,tier3,test_ood,True,7,7,True,True,True
pinery-bushfire_00001069,pinery-bushfire,tier3,test_ood,True,7,7,True,True,True
pinery-bushfire_00001070,pinery-bushfire,tier3,test_ood,True,7,7,True,True,True
pinery-bushfire_00001071,pinery-bushfire,tier3,test_ood,True,7,7,True,True,True
pinery-bushfire_00001072,pinery-bushfire,tier3,test_ood,True,7,7,True,True,True
pinery-bushfire_00001073,pinery-bushfire,tier3,test_ood,True,7,7,True,True,True
pinery-bushfire_00001074,pinery-bushfire,tier3,test_ood,True,7,7,True,True,True
pinery-bushfire_00001075,pinery-bushfire,tier3,test_ood,True,7,7,True,True,True
pinery-bushfire_00001076,pinery-bushfire,tier3,test_ood,True,7,7,True,True,True
pinery-bushfire_00001077,pinery-bushfire,tier3,test_ood,True,7,7,True,True,True
pinery-bushfire_00001078,pinery-bushfire,tier3,test_ood,True,7,7,True,True,True
pinery-bushfire_00001079,pinery-bushfire,tier3,test_ood,True,7,7,True,True,True
pinery-bushfire_00001080,pinery-bushfire,tier3,test_ood,True,7,7,True,True,True
pinery-bushfire_00001081,pinery-bushfire,tier3,test_ood,True,7,7,True,True,True
pinery-bushfire_00001082,pinery-bushfire,tier3,test_ood,True,7,7,True,True,True
pinery-bushfire_00001083,pinery-bushfire,tier3,test_ood,True,7,7,True,True,True
pinery-bushfire_00001084,pinery-bushfire,tier3,test_ood,True,7,7,True,True,True
pinery-bushfire_00001085,pinery-bushfire,tier3,test_ood,True,7,7,True,True,True
pinery-bushfire_00001086,pinery-bushfire,tier3,test_ood,True,7,7,True,True,True
pinery-bushfire_00001087,pinery-bushfire,tier3,test_ood,True,7,7,True,True,True
pinery-bushfire_00001088,pinery-bushfire,tier3,test_ood,True,7,7,True,True,True
pinery-bushfire_00001089,pinery-bushfire,tier3,test_ood,True,7,7,True,True,True
pinery-bushfire_00001090,pinery-bushfire,tier3,test_ood,True,7,7,True,True,True
pinery-bushfire_00001091,pinery-bushfire,tier3,test_ood,True,7,7,True,True,True
pinery-bushfire_00001092,pinery-bushfire,tier3,test_ood,True,7,7,True,True,True
pinery-bushfire_00001093,pinery-bushfire,tier3,test_ood,True,7,7,True,True,True
pinery-bushfire_00001094,pinery-bushfire,tier3,test_ood,True,7,7,True,True,True
pinery-bushfire_00001095,pinery-bushfire,tier3,test_ood,True,7,7,True,True,True
pinery-bushfire_00001096,pinery-bushfire,tier3,test_ood,True,7,7,True,True,True
pinery-bushfire_00001097,pinery-bushfire,tier3,test_ood,True,7,7,True,True,True
pinery-bushfire_00001098,pinery-bushfire,tier3,test_ood,True,7,7,True,True,True
pinery-bushfire_00001099,pinery-bushfire,tier3,test_ood,True,7,7,True,True,True
pinery-bushfire_00001100,pinery-bushfire,tier3,test_ood,True,7,7,True,True,True
pinery-bushfire_00001101,pinery-bushfire,tier3,test_ood,True,7,7,True,True,True
pinery-bushfire_00001102,pinery-bushfire,tier3,test_ood,True,7,7,True,True,True
pinery-bushfire_00001103,pinery-bushfire,tier3,test_ood,True,7,7,True,True,True
pinery-bushfire_00001104,pinery-bushfire,tier3,test_ood,True,7,7,True,True,True
pinery-bushfire_00001105,pinery-bushfire,tier3,test_ood,True,7,7,True,True,True
pinery-bushfire_00001106,pinery-bushfire,tier3,test_ood,True,7,7,True,True,True
pinery-bushfire_00001107,pinery-bushfire,tier3,test_ood,True,7,7,True,True,True
pinery-bushfire_00001108,pinery-bushfire,tier3,test_ood,True,7,7,True,True,True
pinery-bushfire_00001109,pinery-bushfire,tier3,test_ood,True,7,7,True,True,True
pinery-bushfire_00001110,pinery-bushfire,tier3,test_ood,True,7,7,True,True,True
pinery-bushfire_00001111,pinery-bushfire,tier3,test_ood,True,7,7,True,True,True
pinery-bushfire_00001112,pinery-bushfire,tier3,test_ood,True,7,7,True,True,True
pinery-bushfire_00001113,pinery-bushfire,tier3,test_ood,True,7,7,True,True,True
pinery-bushfire_00001114,pinery-bushfire,tier3,test_ood,True,7,7,True,True,True
pinery-bushfire_00001115,pinery-bushfire,tier3,test_ood,True,7,7,True,True,True
pinery-bushfire_00001116,pinery-bushfire,tier3,test_ood,True,7,7,True,True,True
pinery-bushfire_00001117,pinery-bushfire,tier3,test_ood,True,7,7,True,True,True
pinery-bushfire_00001118,pinery-bushfire,tier3,test_ood,True,7,7,True,True,True
pinery-bushfire_00001119,pinery-bushfire,tier3,test_ood,True,7,7,True,True,True
pinery-bushfire_00001120,pinery-bushfire,tier3,test_ood,True,7,7,True,True,True
pinery-bushfire_00001121,pinery-bushfire,tier3,test_ood,True,7,7,True,True,True
pinery-bushfire_00001122,pinery-bushfire,tier3,test_ood,True,7,7,True,True,True
pinery-bushfire_00001123,pinery-bushfire,tier3,test_ood,True,7,7,True,True,True
pinery-bushfire_00001124,pinery-bushfire,tier3,test_ood,True,7,7,True,True,True
pinery-bushfire_00001125,pinery-bushfire,tier3,test_ood,True,7,7,True,True,True
pinery-bushfire_00001126,pinery-bushfire,tier3,test_ood,True,7,7,True,True,True
pinery-bushfire_00001127,pinery-bushfire,tier3,test_ood,True,7,7,True,True,True
pinery-bushfire_00001128,pinery-bushfire,tier3,test_ood,True,7,7,True,True,True
pinery-bushfire_00001129,pinery-bushfire,tier3,test_ood,True,7,7,True,True,True
pinery-bushfire_00001130,pinery-bushfire,tier3,test_ood,True,7,7,True,True,True
pinery-bushfire_00001131,pinery-bushfire,tier3,test_ood,True,7,7,True,True,True
pinery-bushfire_00001132,pinery-bushfire,tier3,test_ood,True,7,7,True,True,True
pinery-bushfire_00001133,pinery-bushfire,tier3,test_ood,True,7,7,True,True,True
pinery-bushfire_00001134,pinery-bushfire,tier3,test_ood,True,7,7,True,True,True
pinery-bushfire_00001135,pinery-bushfire,tier3,test_ood,True,7,7,True,True,True
pinery-bushfire_00001136,pinery-bushfire,tier3,test_ood,True,7,7,True,True,True
pinery-bushfire_00001137,pinery-bushfire,tier3,test_ood,True,7,7,True,True,True
pinery-bushfire_00001138,pinery-bushfire,tier3,test_ood,True,7,7,True,True,True
pinery-bushfire_00001139,pinery-bushfire,tier3,test_ood,True,7,7,True,True,True
pinery-bushfire_00001140,pinery-bushfire,tier3,test_ood,True,7,7,True,True,True
pinery-bushfire_00001141,pinery-bushfire,tier3,test_ood,True,7,7,True,True,True
pinery-bushfire_00001142,pinery-bushfire,tier3,test_ood,True,7,7,True,True,True
pinery-bushfire_00001143,pinery-bushfire,tier3,test_ood,True,7,7,True,True,True
pinery-bushfire_00001144,pinery-bushfire,tier3,test_ood,True,7,7,True,True,True
pinery-bushfire_00001145,pinery-bushfire,tier3,test_ood,True,7,7,True,True,True
pinery-bushfire_00001146,pinery-bushfire,tier3,test_ood,True,7,7,True,True,True
pinery-bushfire_00001147,pinery-bushfire,tier3,test_ood,True,7,7,True,True,True
pinery-bushfire_00001148,pinery-bushfire,tier3,test_ood,True,7,7,True,True,True
pinery-bushfire_00001149,pinery-bushfire,tier3,test_ood,True,7,7,True,True,True
pinery-bushfire_00001150,pinery-bushfire,tier3,test_ood,True,7,7,True,True,True
pinery-bushfire_00001151,pinery-bushfire,tier3,test_ood,True,7,7,True,True,True
pinery-bushfire_00001152,pinery-bushfire,tier3,test_ood,True,7,7,True,True,True
pinery-bushfire_00001153,pinery-bushfire,tier3,test_ood,True,7,7,True,True,True
pinery-bushfire_00001154,pinery-bushfire,tier3,test_ood,True,7,7,True,True,True
pinery-bushfire_00001155,pinery-bushfire,tier3,test_ood,True,7,7,True,True,True
pinery-bushfire_00001156,pinery-bushfire,tier3,test_ood,True,7,7,True,True,True
pinery-bushfire_00001157,pinery-bushfire,tier3,test_ood,True,7,7,True,True,True
pinery-bushfire_00001158,pinery-bushfire,tier3,test_ood,True,7,7,True,True,True
pinery-bushfire_00001159,pinery-bushfire,tier3,test_ood,True,7,7,True,True,True
pinery-bushfire_00001160,pinery-bushfire,tier3,test_ood,True,7,7,True,True,True
pinery-bushfire_00001161,pinery-bushfire,tier3,test_ood,True,7,7,True,True,True
pinery-bushfire_00001162,pinery-bushfire,tier3,test_ood,True,7,7,True,True,True
pinery-bushfire_00001163,pinery-bushfire,tier3,test_ood,True,7,7,True,True,True
pinery-bushfire_00001164,pinery-bushfire,tier3,test_ood,True,7,7,True,True,True
pinery-bushfire_00001165,pinery-bushfire,tier3,test_ood,True,7,7,True,True,True
pinery-bushfire_00001166,pinery-bushfire,tier3,test_ood,True,7,7,True,True,True
pinery-bushfire_00001167,pinery-bushfire,tier3,test_ood,True,7,7,True,True,True
pinery-bushfire_00001168,pinery-bushfire,tier3,test_ood,True,7,7,True,True,True
pinery-bushfire_00001169,pinery-bushfire,tier3,test_ood,True,7,7,True,True,True
pinery-bushfire_00001170,pinery-bushfire,tier3,test_ood,True,7,7,True,True,True
pinery-bushfire_00001171,pinery-bushfire,tier3,test_ood,True,7,7,True,True,True
pinery-bushfire_00001172,pinery-bushfire,tier3,test_ood,True,7,7,True,True,True
pinery-bushfire_00001173,pinery-bushfire,tier3,test_ood,True,7,7,True,True,True
pinery-bushfire_00001174,pinery-bushfire,tier3,test_ood,True,7,7,True,True,True
pinery-bushfire_00001175,pinery-bushfire,tier3,test_ood,True,7,7,True,True,True
pinery-bushfire_00001176,pinery-bushfire,tier3,test_ood,True,7,7,True,True,True
pinery-bushfire_00001177,pinery-bushfire,tier3,test_ood,True,7,7,True,True,True
pinery-bushfire_00001178,pinery-bushfire,tier3,test_ood,True,7,7,True,True,True
pinery-bushfire_00001179,pinery-bushfire,tier3,test_ood,True,7,7,True,True,True
pinery-bushfire_00001180,pinery-bushfire,tier3,test_ood,True,7,7,True,True,True
pinery-bushfire_00001181,pinery-bushfire,tier3,test_ood,True,7,7,True,True,True
pinery-bushfire_00001182,pinery-bushfire,tier3,test_ood,True,7,7,True,True,True
pinery-bushfire_00001183,pinery-bushfire,tier3,test_ood,True,7,7,True,True,True
pinery-bushfire_00001184,pinery-bushfire,tier3,test_ood,True,7,7,True,True,True
pinery-bushfire_00001185,pinery-bushfire,tier3,test_ood,True,7,7,True,True,True
pinery-bushfire_00001186,pinery-bushfire,tier3,test_ood,True,7,7,True,True,True
pinery-bushfire_00001187,pinery-bushfire,tier3,test_ood,True,7,7,True,True,True
pinery-bushfire_00001188,pinery-bushfire,tier3,test_ood,True,7,7,True,True,True
pinery-bushfire_00001189,pinery-bushfire,tier3,test_ood,True,7,7,True,True,True
pinery-bushfire_00001190,pinery-bushfire,tier3,test_ood,True,7,7,True,True,True
pinery-bushfire_00001191,pinery-bushfire,tier3,test_ood,True,7,7,True,True,True
pinery-bushfire_00001192,pinery-bushfire,tier3,test_ood,True,7,7,True,True,True
pinery-bushfire_00001193,pinery-bushfire,tier3,test_ood,True,7,7,True,True,True
pinery-bushfire_00001194,pinery-bushfire,tier3,test_ood,True,7,7,True,True,True
pinery-bushfire_00001195,pinery-bushfire,tier3,test_ood,True,7,7,True,True,True
pinery-bushfire_00001196,pinery-bushfire,tier3,test_ood,True,7,7,True,True,True
pinery-bushfire_00001197,pinery-bushfire,tier3,test_ood,True,7,7,True,True,True
pinery-bushfire_00001198,pinery-bushfire,tier3,test_ood,True,7,7,True,True,True
pinery-bushfire_00001199,pinery-bushfire,tier3,test_ood,True,7,7,True,True,True
pinery-bushfire_00001200,pinery-bushfire,tier3,test_ood,True,7,7,True,True,True
pinery-bushfire_00001201,pinery-bushfire,tier3,test_ood,True,7,7,True,True,True
pinery-bushfire_00001202,pinery-bushfire,tier3,test_ood,True,7,7,True,True,True
pinery-bushfire_00001203,pinery-bushfire,tier3,test_ood,True,7,7,True,True,True
pinery-bushfire_00001204,pinery-bushfire,tier3,test_ood,True,7,7,True,True,True
pinery-bushfire_00001205,pinery-bushfire,tier3,test_ood,True,7,7,True,True,True
pinery-bushfire_00001206,pinery-bushfire,tier3,test_ood,True,7,7,True,True,True
pinery-bushfire_00001207,pinery-bushfire,tier3,test_ood,True,7,7,True,True,True
pinery-bushfire_00001208,pinery-bushfire,tier3,test_ood,True,7,7,True,True,True
pinery-bushfire_00001209,pinery-bushfire,tier3,test_ood,True,7,7,True,True,True
pinery-bushfire_00001210,pinery-bushfire,tier3,test_ood,True,7,7,True,True,True
pinery-bushfire_00001211,pinery-bushfire,tier3,test_ood,True,7,7,True,True,True
pinery-bushfire_00001212,pinery-bushfire,tier3,test_ood,True,7,7,True,True,True
pinery-bushfire_00001213,pinery-bushfire,tier3,test_ood,True,7,7,True,True,True
pinery-bushfire_00001214,pinery-bushfire,tier3,test_ood,True,7,7,True,True,True
pinery-bushfire_00001215,pinery-bushfire,tier3,test_ood,True,7,7,True,True,True
pinery-bushfire_00001216,pinery-bushfire,tier3,test_ood,True,7,7,True,True,True
pinery-bushfire_00001217,pinery-bushfire,tier3,test_ood,True,7,7,True,True,True
pinery-bushfire_00001218,pinery-bushfire,tier3,test_ood,True,7,7,True,True,True
pinery-bushfire_00001219,pinery-bushfire,tier3,test_ood,True,7,7,True,True,True
pinery-bushfire_00001220,pinery-bushfire,tier3,test_ood,True,7,7,True,True,True
pinery-bushfire_00001221,pinery-bushfire,tier3,test_ood,True,7,7,True,True,True
pinery-bushfire_00001222,pinery-bushfire,tier3,test_ood,True,7,7,True,True,True
pinery-bushfire_00001223,pinery-bushfire,tier3,test_ood,True,7,7,True,True,True
pinery-bushfire_00001224,pinery-bushfire,tier3,test_ood,True,7,7,True,True,True
pinery-bushfire_00001225,pinery-bushfire,tier3,test_ood,True,7,7,True,True,True
pinery-bushfire_00001226,pinery-bushfire,tier3,test_ood,True,7,7,True,True,True
pinery-bushfire_00001227,pinery-bushfire,tier3,test_ood,True,7,7,True,True,True
pinery-bushfire_00001228,pinery-bushfire,tier3,test_ood,True,7,7,True,True,True
pinery-bushfire_00001229,pinery-bushfire,tier3,test_ood,True,7,7,True,True,True
pinery-bushfire_00001230,pinery-bushfire,tier3,test_ood,True,7,7,True,True,True
pinery-bushfire_00001231,pinery-bushfire,tier3,test_ood,True,7,7,True,True,True
pinery-bushfire_00001232,pinery-bushfire,tier3,test_ood,True,7,7,True,True,True
pinery-bushfire_00001233,pinery-bushfire,tier3,test_ood,True,7,7,True,True,True
pinery-bushfire_00001234,pinery-bushfire,tier3,test_ood,True,7,7,True,True,True
pinery-bushfire_00001235,pinery-bushfire,tier3,test_ood,True,7,7,True,True,True
pinery-bushfire_00001236,pinery-bushfire,tier3,test_ood,True,7,7,True,True,True
pinery-bushfire_00001237,pinery-bushfire,tier3,test_ood,True,7,7,True,True,True
pinery-bushfire_00001238,pinery-bushfire,tier3,test_ood,True,7,7,True,True,True
pinery-bushfire_00001239,pinery-bushfire,tier3,test_ood,True,7,7,True,True,True
pinery-bushfire_00001240,pinery-bushfire,tier3,test_ood,True,7,7,True,True,True
pinery-bushfire_00001241,pinery-bushfire,tier3,test_ood,True,7,7,True,True,True
pinery-bushfire_00001242,pinery-bushfire,tier3,test_ood,True,7,7,True,True,True
pinery-bushfire_00001243,pinery-bushfire,tier3,test_ood,True,7,7,True,True,True
pinery-bushfire_00001244,pinery-bushfire,tier3,test_ood,True,7,7,True,True,True
pinery-bushfire_00001245,pinery-bushfire,tier3,test_ood,True,7,7,True,True,True
pinery-bushfire_00001246,pinery-bushfire,tier3,test_ood,True,7,7,True,True,True
pinery-bushfire_00001247,pinery-bushfire,tier3,test_ood,True,7,7,True,True,True
pinery-bushfire_00001248,pinery-bushfire,tier3,test_ood,True,7,7,True,True,True
pinery-bushfire_00001249,pinery-bushfire,tier3,test_ood,True,7,7,True,True,True
pinery-bushfire_00001250,pinery-bushfire,tier3,test_ood,True,7,7,True,True,True
pinery-bushfire_00001251,pinery-bushfire,tier3,test_ood,True,7,7,True,True,True
pinery-bushfire_00001252,pinery-bushfire,tier3,test_ood,True,7,7,True,True,True
pinery-bushfire_00001253,pinery-bushfire,tier3,test_ood,True,7,7,True,True,True
pinery-bushfire_00001254,pinery-bushfire,tier3,test_ood,True,7,7,True,True,True
pinery-bushfire_00001255,pinery-bushfire,tier3,test_ood,True,7,7,True,True,True
pinery-bushfire_00001256,pinery-bushfire,tier3,test_ood,True,7,7,True,True,True
pinery-bushfire_00001257,pinery-bushfire,tier3,test_ood,True,7,7,True,True,True
pinery-bushfire_00001258,pinery-bushfire,tier3,test_ood,True,7,7,True,True,True
pinery-bushfire_00001259,pinery-bushfire,tier3,test_ood,True,7,7,True,True,True
pinery-bushfire_00001260,pinery-bushfire,tier3,test_ood,True,7,7,True,True,True
pinery-bushfire_00001261,pinery-bushfire,tier3,test_ood,True,7,7,True,True,True
pinery-bushfire_00001262,pinery-bushfire,tier3,test_ood,True,7,7,True,True,True
pinery-bushfire_00001263,pinery-bushfire,tier3,test_ood,True,7,7,True,True,True
pinery-bushfire_00001264,pinery-bushfire,tier3,test_ood,True,7,7,True,True,True
pinery-bushfire_00001265,pinery-bushfire,tier3,test_ood,True,7,7,True,True,True
pinery-bushfire_00001266,pinery-bushfire,tier3,test_ood,True,7,7,True,True,True
pinery-bushfire_00001267,pinery-bushfire,tier3,test_ood,True,7,7,True,True,True
pinery-bushfire_00001268,pinery-bushfire,tier3,test_ood,True,7,7,True,True,True
pinery-bushfire_00001269,pinery-bushfire,tier3,test_ood,True,7,7,True,True,True
pinery-bushfire_00001270,pinery-bushfire,tier3,test_ood,True,7,7,True,True,True
pinery-bushfire_00001271,pinery-bushfire,tier3,test_ood,True,7,7,True,True,True
pinery-bushfire_00001272,pinery-bushfire,tier3,test_ood,True,7,7,True,True,True
pinery-bushfire_00001273,pinery-bushfire,tier3,test_ood,True,7,7,True,True,True
pinery-bushfire_00001274,pinery-bushfire,tier3,test_ood,True,7,7,True,True,True
pinery-bushfire_00001275,pinery-bushfire,tier3,test_ood,True,7,7,True,True,True
pinery-bushfire_00001276,pinery-bushfire,tier3,test_ood,True,7,7,True,True,True
pinery-bushfire_00001277,pinery-bushfire,tier3,test_ood,True,7,7,True,True,True
pinery-bushfire_00001278,pinery-bushfire,tier3,test_ood,True,7,7,True,True,True
pinery-bushfire_00001279,pinery-bushfire,tier3,test_ood,True,7,7,True,True,True
pinery-bushfire_00001280,pinery-bushfire,tier3,test_ood,True,7,7,True,True,True
pinery-bushfire_00001281,pinery-bushfire,tier3,test_ood,True,7,7,True,True,True
pinery-bushfire_00001282,pinery-bushfire,tier3,test_ood,True,7,7,True,True,True
pinery-bushfire_00001283,pinery-bushfire,tier3,test_ood,True,7,7,True,True,True
pinery-bushfire_00001284,pinery-bushfire,tier3,test_ood,True,7,7,True,True,True
pinery-bushfire_00001285,pinery-bushfire,tier3,test_ood,True,7,7,True,True,True
pinery-bushfire_00001286,pinery-bushfire,tier3,test_ood,True,7,7,True,True,True
pinery-bushfire_00001287,pinery-bushfire,tier3,test_ood,True,7,7,True,True,True
pinery-bushfire_00001288,pinery-bushfire,tier3,test_ood,True,7,7,True,True,True
pinery-bushfire_00001289,pinery-bushfire,tier3,test_ood,True,7,7,True,True,True
pinery-bushfire_00001290,pinery-bushfire,tier3,test_ood,True,7,7,True,True,True
pinery-bushfire_00001291,pinery-bushfire,tier3,test_ood,True,7,7,True,True,True
pinery-bushfire_00001292,pinery-bushfire,tier3,test_ood,True,7,7,True,True,True
pinery-bushfire_00001293,pinery-bushfire,tier3,test_ood,True,7,7,True,True,True
pinery-bushfire_00001294,pinery-bushfire,tier3,test_ood,True,7,7,True,True,True
pinery-bushfire_00001295,pinery-bushfire,tier3,test_ood,True,7,7,True,True,True
pinery-bushfire_00001296,pinery-bushfire,tier3,test_ood,True,7,7,True,True,True
pinery-bushfire_00001297,pinery-bushfire,tier3,test_ood,True,7,7,True,True,True
pinery-bushfire_00001298,pinery-bushfire,tier3,test_ood,True,7,7,True,True,True
pinery-bushfire_00001299,pinery-bushfire,tier3,test_ood,True,7,7,True,True,True
pinery-bushfire_00001300,pinery-bushfire,tier3,test_ood,True,7,7,True,True,True
pinery-bushfire_00001301,pinery-bushfire,tier3,test_ood,True,7,7,True,True,True
pinery-bushfire_00001302,pinery-bushfire,tier3,test_ood,True,7,7,True,True,True
pinery-bushfire_00001303,pinery-bushfire,tier3,test_ood,True,7,7,True,True,True
pinery-bushfire_00001304,pinery-bushfire,tier3,test_ood,True,7,7,True,True,True
pinery-bushfire_00001305,pinery-bushfire,tier3,test_ood,True,7,7,True,True,True
pinery-bushfire_00001306,pinery-bushfire,tier3,test_ood,True,7,7,True,True,True
pinery-bushfire_00001307,pinery-bushfire,tier3,test_ood,True,7,7,True,True,True
pinery-bushfire_00001308,pinery-bushfire,tier3,test_ood,True,7,7,True,True,True
pinery-bushfire_00001309,pinery-bushfire,tier3,test_ood,True,7,7,True,True,True
pinery-bushfire_00001310,pinery-bushfire,tier3,test_ood,True,7,7,True,True,True
pinery-bushfire_00001311,pinery-bushfire,tier3,test_ood,True,7,7,True,True,True
pinery-bushfire_00001312,pinery-bushfire,tier3,test_ood,True,7,7,True,True,True
pinery-bushfire_00001313,pinery-bushfire,tier3,test_ood,True,7,7,True,True,True
pinery-bushfire_00001314,pinery-bushfire,tier3,test_ood,True,7,7,True,True,True
pinery-bushfire_00001315,pinery-bushfire,tier3,test_ood,True,7,7,True,True,True
pinery-bushfire_00001316,pinery-bushfire,tier3,test_ood,True,7,7,True,True,True
pinery-bushfire_00001317,pinery-bushfire,tier3,test_ood,True,7,7,True,True,True
pinery-bushfire_00001318,pinery-bushfire,tier3,test_ood,True,7,7,True,True,True
pinery-bushfire_00001319,pinery-bushfire,tier3,test_ood,True,7,7,True,True,True
pinery-bushfire_00001320,pinery-bushfire,tier3,test_ood,True,7,7,True,True,True
pinery-bushfire_00001321,pinery-bushfire,tier3,test_ood,True,7,7,True,True,True
pinery-bushfire_00001322,pinery-bushfire,tier3,test_ood,True,7,7,True,True,True
pinery-bushfire_00001323,pinery-bushfire,tier3,test_ood,True,7,7,True,True,True
pinery-bushfire_00001324,pinery-bushfire,tier3,test_ood,True,7,7,True,True,True
pinery-bushfire_00001325,pinery-bushfire,tier3,test_ood,True,7,7,True,True,True
pinery-bushfire_00001326,pinery-bushfire,tier3,test_ood,True,7,7,True,True,True
pinery-bushfire_00001327,pinery-bushfire,tier3,test_ood,True,7,7,True,True,True
pinery-bushfire_00001328,pinery-bushfire,tier3,test_ood,True,7,7,True,True,True
pinery-bushfire_00001329,pinery-bushfire,tier3,test_ood,True,7,7,True,True,True
pinery-bushfire_00001330,pinery-bushfire,tier3,test_ood,True,7,7,True,True,True
pinery-bushfire_00001331,pinery-bushfire,tier3,test_ood,True,7,7,True,True,True
pinery-bushfire_00001332,pinery-bushfire,tier3,test_ood,True,7,7,True,True,True
pinery-bushfire_00001333,pinery-bushfire,tier3,test_ood,True,7,7,True,True,True
pinery-bushfire_00001334,pinery-bushfire,tier3,test_ood,True,7,7,True,True,True
pinery-bushfire_00001335,pinery-bushfire,tier3,test_ood,True,7,7,True,True,True
pinery-bushfire_00001336,pinery-bushfire,tier3,test_ood,True,7,7,True,True,True
pinery-bushfire_00001337,pinery-bushfire,tier3,test_ood,True,7,7,True,True,True
pinery-bushfire_00001338,pinery-bushfire,tier3,test_ood,True,7,7,True,True,True
pinery-bushfire_00001339,pinery-bushfire,tier3,test_ood,True,7,7,True,True,True
pinery-bushfire_00001340,pinery-bushfire,tier3,test_ood,True,7,7,True,True,True
pinery-bushfire_00001341,pinery-bushfire,tier3,test_ood,True,7,7,True,True,True
pinery-bushfire_00001342,pinery-bushfire,tier3,test_ood,True,7,7,True,True,True
pinery-bushfire_00001343,pinery-bushfire,tier3,test_ood,True,7,7,True,True,True
pinery-bushfire_00001344,pinery-bushfire,tier3,test_ood,True,7,7,True,True,True
pinery-bushfire_00001345,pinery-bushfire,tier3,test_ood,True,7,7,True,True,True
pinery-bushfire_00001346,pinery-bushfire,tier3,test_ood,True,7,7,True,True,True
pinery-bushfire_00001347,pinery-bushfire,tier3,test_ood,True,7,7,True,True,True
pinery-bushfire_00001348,pinery-bushfire,tier3,test_ood,True,7,7,True,True,True
pinery-bushfire_00001349,pinery-bushfire,tier3,test_ood,True,7,7,True,True,True
pinery-bushfire_00001350,pinery-bushfire,tier3,test_ood,True,7,7,True,True,True
pinery-bushfire_00001351,pinery-bushfire,tier3,test_ood,True,7,7,True,True,True
pinery-bushfire_00001352,pinery-bushfire,tier3,test_ood,True,7,7,True,True,True
pinery-bushfire_00001353,pinery-bushfire,tier3,test_ood,True,7,7,True,True,True
pinery-bushfire_00001354,pinery-bushfire,tier3,test_ood,True,7,7,True,True,True
pinery-bushfire_00001355,pinery-bushfire,tier3,test_ood,True,7,7,True,True,True
pinery-bushfire_00001356,pinery-bushfire,tier3,test_ood,True,7,7,True,True,True
pinery-bushfire_00001357,pinery-bushfire,tier3,test_ood,True,7,7,True,True,True
pinery-bushfire_00001358,pinery-bushfire,tier3,test_ood,True,7,7,True,True,True
pinery-bushfire_00001359,pinery-bushfire,tier3,test_ood,True,7,7,True,True,True
pinery-bushfire_00001360,pinery-bushfire,tier3,test_ood,True,7,7,True,True,True
pinery-bushfire_00001361,pinery-bushfire,tier3,test_ood,True,7,7,True,True,True
pinery-bushfire_00001362,pinery-bushfire,tier3,test_ood,True,7,7,True,True,True
pinery-bushfire_00001363,pinery-bushfire,tier3,test_ood,True,7,7,True,True,True
pinery-bushfire_00001364,pinery-bushfire,tier3,test_ood,True,7,7,True,True,True
pinery-bushfire_00001365,pinery-bushfire,tier3,test_ood,True,7,7,True,True,True
pinery-bushfire_00001366,pinery-bushfire,tier3,test_ood,True,7,7,True,True,True
pinery-bushfire_00001367,pinery-bushfire,tier3,test_ood,True,7,7,True,True,True
pinery-bushfire_00001368,pinery-bushfire,tier3,test_ood,True,7,7,True,True,True
pinery-bushfire_00001369,pinery-bushfire,tier3,test_ood,True,7,7,True,True,True
pinery-bushfire_00001370,pinery-bushfire,tier3,test_ood,True,7,7,True,True,True
pinery-bushfire_00001371,pinery-bushfire,tier3,test_ood,True,7,7,True,True,True
pinery-bushfire_00001372,pinery-bushfire,tier3,test_ood,True,7,7,True,True,True
pinery-bushfire_00001373,pinery-bushfire,tier3,test_ood,True,7,7,True,True,True
pinery-bushfire_00001374,pinery-bushfire,tier3,test_ood,True,7,7,True,True,True
pinery-bushfire_00001375,pinery-bushfire,tier3,test_ood,True,7,7,True,True,True
pinery-bushfire_00001376,pinery-bushfire,tier3,test_ood,True,7,7,True,True,True
pinery-bushfire_00001377,pinery-bushfire,tier3,test_ood,True,7,7,True,True,True
pinery-bushfire_00001378,pinery-bushfire,tier3,test_ood,True,7,7,True,True,True
pinery-bushfire_00001379,pinery-bushfire,tier3,test_ood,True,7,7,True,True,True
pinery-bushfire_00001380,pinery-bushfire,tier3,test_ood,True,7,7,True,True,True
pinery-bushfire_00001381,pinery-bushfire,tier3,test_ood,True,7,7,True,True,True
pinery-bushfire_00001382,pinery-bushfire,tier3,test_ood,True,7,7,True,True,True
pinery-bushfire_00001383,pinery-bushfire,tier3,test_ood,True,7,7,True,True,True
pinery-bushfire_00001384,pinery-bushfire,tier3,test_ood,True,7,7,True,True,True
pinery-bushfire_00001385,pinery-bushfire,tier3,test_ood,True,7,7,True,True,True
pinery-bushfire_00001386,pinery-bushfire,tier3,test_ood,True,7,7,True,True,True
pinery-bushfire_00001387,pinery-bushfire,tier3,test_ood,True,7,7,True,True,True
pinery-bushfire_00001388,pinery-bushfire,tier3,test_ood,True,7,7,True,True,True
pinery-bushfire_00001389,pinery-bushfire,tier3,test_ood,True,7,7,True,True,True
pinery-bushfire_00001390,pinery-bushfire,tier3,test_ood,True,7,7,True,True,True
pinery-bushfire_00001391,pinery-bushfire,tier3,test_ood,True,7,7,True,True,True
pinery-bushfire_00001392,pinery-bushfire,tier3,test_ood,True,7,7,True,True,True
pinery-bushfire_00001393,pinery-bushfire,tier3,test_ood,True,7,7,True,True,True
pinery-bushfire_00001394,pinery-bushfire,tier3,test_ood,True,7,7,True,True,True
pinery-bushfire_00001395,pinery-bushfire,tier3,test_ood,True,7,7,True,True,True
pinery-bushfire_00001396,pinery-bushfire,tier3,test_ood,True,7,7,True,True,True
pinery-bushfire_00001397,pinery-bushfire,tier3,test_ood,True,7,7,True,True,True
pinery-bushfire_00001398,pinery-bushfire,tier3,test_ood,True,7,7,True,True,True
pinery-bushfire_00001399,pinery-bushfire,tier3,test_ood,True,7,7,True,True,True
pinery-bushfire_00001400,pinery-bushfire,tier3,test_ood,True,7,7,True,True,True
pinery-bushfire_00001401,pinery-bushfire,tier3,test_ood,True,7,7,True,True,True
pinery-bushfire_00001402,pinery-bushfire,tier3,test_ood,True,7,7,True,True,True
pinery-bushfire_00001403,pinery-bushfire,tier3,test_ood,True,7,7,True,True,True
pinery-bushfire_00001404,pinery-bushfire,tier3,test_ood,True,7,7,True,True,True
pinery-bushfire_00001405,pinery-bushfire,tier3,test_ood,True,7,7,True,True,True
pinery-bushfire_00001406,pinery-bushfire,tier3,test_ood,True,7,7,True,True,True
pinery-bushfire_00001407,pinery-bushfire,tier3,test_ood,True,7,7,True,True,True
pinery-bushfire_00001408,pinery-bushfire,tier3,test_ood,True,7,7,True,True,True
pinery-bushfire_00001409,pinery-bushfire,tier3,test_ood,True,7,7,True,True,True
pinery-bushfire_00001410,pinery-bushfire,tier3,test_ood,True,7,7,True,True,True
pinery-bushfire_00001411,pinery-bushfire,tier3,test_ood,True,7,7,True,True,True
pinery-bushfire_00001412,pinery-bushfire,tier3,test_ood,True,7,7,True,True,True
pinery-bushfire_00001413,pinery-bushfire,tier3,test_ood,True,7,7,True,True,True
pinery-bushfire_00001414,pinery-bushfire,tier3,test_ood,True,7,7,True,True,True
pinery-bushfire_00001415,pinery-bushfire,tier3,test_ood,True,7,7,True,True,True
pinery-bushfire_00001416,pinery-bushfire,tier3,test_ood,True,7,7,True,True,True
pinery-bushfire_00001417,pinery-bushfire,tier3,test_ood,True,7,7,True,True,True
pinery-bushfire_00001418,pinery-bushfire,tier3,test_ood,True,7,7,True,True,True
pinery-bushfire_00001419,pinery-bushfire,tier3,test_ood,True,7,7,True,True,True
pinery-bushfire_00001420,pinery-bushfire,tier3,test_ood,True,7,7,True,True,True
pinery-bushfire_00001421,pinery-bushfire,tier3,test_ood,True,7,7,True,True,True
pinery-bushfire_00001422,pinery-bushfire,tier3,test_ood,True,7,7,True,True,True
pinery-bushfire_00001423,pinery-bushfire,tier3,test_ood,True,7,7,True,True,True
pinery-bushfire_00001424,pinery-bushfire,tier3,test_ood,True,7,7,True,True,True
pinery-bushfire_00001425,pinery-bushfire,tier3,test_ood,True,7,7,True,True,True
pinery-bushfire_00001426,pinery-bushfire,tier3,test_ood,True,7,7,True,True,True
pinery-bushfire_00001427,pinery-bushfire,tier3,test_ood,True,7,7,True,True,True
pinery-bushfire_00001428,pinery-bushfire,tier3,test_ood,True,7,7,True,True,True
pinery-bushfire_00001429,pinery-bushfire,tier3,test_ood,True,7,7,True,True,True
pinery-bushfire_00001430,pinery-bushfire,tier3,test_ood,True,7,7,True,True,True
pinery-bushfire_00001431,pinery-bushfire,tier3,test_ood,True,7,7,True,True,True
pinery-bushfire_00001432,pinery-bushfire,tier3,test_ood,True,7,7,True,True,True
pinery-bushfire_00001433,pinery-bushfire,tier3,test_ood,True,7,7,True,True,True
pinery-bushfire_00001434,pinery-bushfire,tier3,test_ood,True,7,7,True,True,True
pinery-bushfire_00001435,pinery-bushfire,tier3,test_ood,True,7,7,True,True,True
pinery-bushfire_00001436,pinery-bushfire,tier3,test_ood,True,7,7,True,True,True
pinery-bushfire_00001437,pinery-bushfire,tier3,test_ood,True,7,7,True,True,True
pinery-bushfire_00001438,pinery-bushfire,tier3,test_ood,True,7,7,True,True,True
pinery-bushfire_00001439,pinery-bushfire,tier3,test_ood,True,7,7,True,True,True
pinery-bushfire_00001440,pinery-bushfire,tier3,test_ood,True,7,7,True,True,True
pinery-bushfire_00001441,pinery-bushfire,tier3,test_ood,True,7,7,True,True,True
pinery-bushfire_00001442,pinery-bushfire,tier3,test_ood,True,7,7,True,True,True
pinery-bushfire_00001443,pinery-bushfire,tier3,test_ood,True,7,7,True,True,True
pinery-bushfire_00001444,pinery-bushfire,tier3,test_ood,True,7,7,True,True,True
pinery-bushfire_00001445,pinery-bushfire,tier3,test_ood,True,7,7,True,True,True
pinery-bushfire_00001446,pinery-bushfire,tier3,test_ood,True,7,7,True,True,True
pinery-bushfire_00001447,pinery-bushfire,tier3,test_ood,True,7,7,True,True,True
pinery-bushfire_00001448,pinery-bushfire,tier3,test_ood,True,7,7,True,True,True
pinery-bushfire_00001449,pinery-bushfire,tier3,test_ood,True,7,7,True,True,True
pinery-bushfire_00001450,pinery-bushfire,tier3,test_ood,True,7,7,True,True,True
pinery-bushfire_00001451,pinery-bushfire,tier3,test_ood,True,7,7,True,True,True
pinery-bushfire_00001452,pinery-bushfire,tier3,test_ood,True,7,7,True,True,True
pinery-bushfire_00001453,pinery-bushfire,tier3,test_ood,True,7,7,True,True,True
pinery-bushfire_00001454,pinery-bushfire,tier3,test_ood,True,7,7,True,True,True
pinery-bushfire_00001455,pinery-bushfire,tier3,test_ood,True,7,7,True,True,True
pinery-bushfire_00001456,pinery-bushfire,tier3,test_ood,True,7,7,True,True,True
pinery-bushfire_00001457,pinery-bushfire,tier3,test_ood,True,7,7,True,True,True
pinery-bushfire_00001458,pinery-bushfire,tier3,test_ood,True,7,7,True,True,True
pinery-bushfire_00001459,pinery-bushfire,tier3,test_ood,True,7,7,True,True,True
pinery-bushfire_00001460,pinery-bushfire,tier3,test_ood,True,7,7,True,True,True
pinery-bushfire_00001461,pinery-bushfire,tier3,test_ood,True,7,7,True,True,True
pinery-bushfire_00001462,pinery-bushfire,tier3,test_ood,True,7,7,True,True,True
pinery-bushfire_00001463,pinery-bushfire,tier3,test_ood,True,7,7,True,True,True
pinery-bushfire_00001464,pinery-bushfire,tier3,test_ood,True,7,7,True,True,True
pinery-bushfire_00001465,pinery-bushfire,tier3,test_ood,True,7,7,True,True,True
pinery-bushfire_00001466,pinery-bushfire,tier3,test_ood,True,7,7,True,True,True
pinery-bushfire_00001467,pinery-bushfire,tier3,test_ood,True,7,7,True,True,True
pinery-bushfire_00001468,pinery-bushfire,tier3,test_ood,True,7,7,True,True,True
pinery-bushfire_00001469,pinery-bushfire,tier3,test_ood,True,7,7,True,True,True
pinery-bushfire_00001470,pinery-bushfire,tier3,test_ood,True,7,7,True,True,True
pinery-bushfire_00001471,pinery-bushfire,tier3,test_ood,True,7,7,True,True,True
pinery-bushfire_00001472,pinery-bushfire,tier3,test_ood,True,7,7,True,True,True
pinery-bushfire_00001473,pinery-bushfire,tier3,test_ood,True,7,7,True,True,True
pinery-bushfire_00001474,pinery-bushfire,tier3,test_ood,True,7,7,True,True,True
pinery-bushfire_00001475,pinery-bushfire,tier3,test_ood,True,7,7,True,True,True
pinery-bushfire_00001476,pinery-bushfire,tier3,test_ood,True,7,7,True,True,True
pinery-bushfire_00001477,pinery-bushfire,tier3,test_ood,True,7,7,True,True,True
pinery-bushfire_00001478,pinery-bushfire,tier3,test_ood,True,7,7,True,True,True
pinery-bushfire_00001479,pinery-bushfire,tier3,test_ood,True,7,7,True,True,True
pinery-bushfire_00001480,pinery-bushfire,tier3,test_ood,True,7,7,True,True,True
pinery-bushfire_00001481,pinery-bushfire,tier3,test_ood,True,7,7,True,True,True
pinery-bushfire_00001482,pinery-bushfire,tier3,test_ood,True,7,7,True,True,True
pinery-bushfire_00001483,pinery-bushfire,tier3,test_ood,True,7,7,True,True,True
pinery-bushfire_00001484,pinery-bushfire,tier3,test_ood,True,7,7,True,True,True
pinery-bushfire_00001485,pinery-bushfire,tier3,test_ood,True,7,7,True,True,True
pinery-bushfire_00001486,pinery-bushfire,tier3,test_ood,True,7,7,True,True,True
pinery-bushfire_00001487,pinery-bushfire,tier3,test_ood,True,7,7,True,True,True
pinery-bushfire_00001488,pinery-bushfire,tier3,test_ood,True,7,7,True,True,True
pinery-bushfire_00001489,pinery-bushfire,tier3,test_ood,True,7,7,True,True,True
pinery-bushfire_00001490,pinery-bushfire,tier3,test_ood,True,7,7,True,True,True
pinery-bushfire_00001491,pinery-bushfire,tier3,test_ood,True,7,7,True,True,True
pinery-bushfire_00001492,pinery-bushfire,tier3,test_ood,True,7,7,True,True,True
pinery-bushfire_00001493,pinery-bushfire,tier3,test_ood,True,7,7,True,True,True
pinery-bushfire_00001494,pinery-bushfire,tier3,test_ood,True,7,7,True,True,True
pinery-bushfire_00001495,pinery-bushfire,tier3,test_ood,True,7,7,True,True,True
pinery-bushfire_00001496,pinery-bushfire,tier3,test_ood,True,7,7,True,True,True
pinery-bushfire_00001497,pinery-bushfire,tier3,test_ood,True,7,7,True,True,True
pinery-bushfire_00001498,pinery-bushfire,tier3,test_ood,True,7,7,True,True,True
pinery-bushfire_00001499,pinery-bushfire,tier3,test_ood,True,7,7,True,True,True
pinery-bushfire_00001500,pinery-bushfire,tier3,test_ood,True,7,7,True,True,True
pinery-bushfire_00001501,pinery-bushfire,tier3,test_ood,True,7,7,True,True,True
pinery-bushfire_00001502,pinery-bushfire,tier3,test_ood,True,7,7,True,True,True
pinery-bushfire_00001503,pinery-bushfire,tier3,test_ood,True,7,7,True,True,True
pinery-bushfire_00001504,pinery-bushfire,tier3,test_ood,True,7,7,True,True,True
pinery-bushfire_00001505,pinery-bushfire,tier3,test_ood,True,7,7,True,True,True
pinery-bushfire_00001506,pinery-bushfire,tier3,test_ood,True,7,7,True,True,True
pinery-bushfire_00001507,pinery-bushfire,tier3,test_ood,True,7,7,True,True,True
pinery-bushfire_00001508,pinery-bushfire,tier3,test_ood,True,7,7,True,True,True
pinery-bushfire_00001509,pinery-bushfire,tier3,test_ood,True,7,7,True,True,True
pinery-bushfire_00001510,pinery-bushfire,tier3,test_ood,True,7,7,True,True,True
pinery-bushfire_00001511,pinery-bushfire,tier3,test_ood,True,7,7,True,True,True
pinery-bushfire_00001512,pinery-bushfire,tier3,test_ood,True,7,7,True,True,True
pinery-bushfire_00001513,pinery-bushfire,tier3,test_ood,True,7,7,True,True,True
pinery-bushfire_00001514,pinery-bushfire,tier3,test_ood,True,7,7,True,True,True
pinery-bushfire_00001515,pinery-bushfire,tier3,test_ood,True,7,7,True,True,True
pinery-bushfire_00001516,pinery-bushfire,tier3,test_ood,True,7,7,True,True,True
pinery-bushfire_00001517,pinery-bushfire,tier3,test_ood,True,7,7,True,True,True
pinery-bushfire_00001518,pinery-bushfire,tier3,test_ood,True,7,7,True,True,True
pinery-bushfire_00001519,pinery-bushfire,tier3,test_ood,True,7,7,True,True,True
pinery-bushfire_00001520,pinery-bushfire,tier3,test_ood,True,7,7,True,True,True
pinery-bushfire_00001521,pinery-bushfire,tier3,test_ood,True,7,7,True,True,True
pinery-bushfire_00001522,pinery-bushfire,tier3,test_ood,True,7,7,True,True,True
pinery-bushfire_00001523,pinery-bushfire,tier3,test_ood,True,7,7,True,True,True
pinery-bushfire_00001524,pinery-bushfire,tier3,test_ood,True,7,7,True,True,True
pinery-bushfire_00001525,pinery-bushfire,tier3,test_ood,True,7,7,True,True,True
pinery-bushfire_00001526,pinery-bushfire,tier3,test_ood,True,7,7,True,True,True
pinery-bushfire_00001527,pinery-bushfire,tier3,test_ood,True,7,7,True,True,True
pinery-bushfire_00001528,pinery-bushfire,tier3,test_ood,True,7,7,True,True,True
pinery-bushfire_00001529,pinery-bushfire,tier3,test_ood,True,7,7,True,True,True
pinery-bushfire_00001530,pinery-bushfire,tier3,test_ood,True,7,7,True,True,True
pinery-bushfire_00001531,pinery-bushfire,tier3,test_ood,True,7,7,True,True,True
pinery-bushfire_00001532,pinery-bushfire,tier3,test_ood,True,7,7,True,True,True
pinery-bushfire_00001533,pinery-bushfire,tier3,test_ood,True,7,7,True,True,True
pinery-bushfire_00001534,pinery-bushfire,tier3,test_ood,True,7,7,True,True,True
pinery-bushfire_00001535,pinery-bushfire,tier3,test_ood,True,7,7,True,True,True
pinery-bushfire_00001536,pinery-bushfire,tier3,test_ood,True,7,7,True,True,True
pinery-bushfire_00001537,pinery-bushfire,tier3,test_ood,True,7,7,True,True,True
pinery-bushfire_00001538,pinery-bushfire,tier3,test_ood,True,7,7,True,True,True
pinery-bushfire_00001539,pinery-bushfire,tier3,test_ood,True,7,7,True,True,True
pinery-bushfire_00001540,pinery-bushfire,tier3,test_ood,True,7,7,True,True,True
pinery-bushfire_00001541,pinery-bushfire,tier3,test_ood,True,7,7,True,True,True
pinery-bushfire_00001542,pinery-bushfire,tier3,test_ood,True,7,7,True,True,True
pinery-bushfire_00001543,pinery-bushfire,tier3,test_ood,True,7,7,True,True,True
pinery-bushfire_00001544,pinery-bushfire,tier3,test_ood,True,7,7,True,True,True
pinery-bushfire_00001545,pinery-bushfire,tier3,test_ood,True,7,7,True,True,True
pinery-bushfire_00001546,pinery-bushfire,tier3,test_ood,True,7,7,True,True,True
pinery-bushfire_00001547,pinery-bushfire,tier3,test_ood,True,7,7,True,True,True
pinery-bushfire_00001548,pinery-bushfire,tier3,test_ood,True,7,7,True,True,True
pinery-bushfire_00001549,pinery-bushfire,tier3,test_ood,True,7,7,True,True,True
pinery-bushfire_00001550,pinery-bushfire,tier3,test_ood,True,7,7,True,True,True
pinery-bushfire_00001551,pinery-bushfire,tier3,test_ood,True,7,7,True,True,True
pinery-bushfire_00001552,pinery-bushfire,tier3,test_ood,True,7,7,True,True,True
pinery-bushfire_00001553,pinery-bushfire,tier3,test_ood,True,7,7,True,True,True
pinery-bushfire_00001554,pinery-bushfire,tier3,test_ood,True,7,7,True,True,True
pinery-bushfire_00001555,pinery-bushfire,tier3,test_ood,True,7,7,True,True,True
pinery-bushfire_00001556,pinery-bushfire,tier3,test_ood,True,7,7,True,True,True
pinery-bushfire_00001557,pinery-bushfire,tier3,test_ood,True,7,7,True,True,True
pinery-bushfire_00001558,pinery-bushfire,tier3,test_ood,True,7,7,True,True,True
pinery-bushfire_00001559,pinery-bushfire,tier3,test_ood,True,7,7,True,True,True
pinery-bushfire_00001560,pinery-bushfire,tier3,test_ood,True,7,7,True,True,True
pinery-bushfire_00001561,pinery-bushfire,tier3,test_ood,True,7,7,True,True,True
pinery-bushfire_00001562,pinery-bushfire,tier3,test_ood,True,7,7,True,True,True
pinery-bushfire_00001563,pinery-bushfire,tier3,test_ood,True,7,7,True,True,True
pinery-bushfire_00001564,pinery-bushfire,tier3,test_ood,True,7,7,True,True,True
pinery-bushfire_00001565,pinery-bushfire,tier3,test_ood,True,7,7,True,True,True
pinery-bushfire_00001566,pinery-bushfire,tier3,test_ood,True,7,7,True,True,True
pinery-bushfire_00001567,pinery-bushfire,tier3,test_ood,True,7,7,True,True,True
pinery-bushfire_00001568,pinery-bushfire,tier3,test_ood,True,7,7,True,True,True
pinery-bushfire_00001569,pinery-bushfire,tier3,test_ood,True,7,7,True,True,True
pinery-bushfire_00001570,pinery-bushfire,tier3,test_ood,True,7,7,True,True,True
pinery-bushfire_00001571,pinery-bushfire,tier3,test_ood,True,7,7,True,True,True
pinery-bushfire_00001572,pinery-bushfire,tier3,test_ood,True,7,7,True,True,True
pinery-bushfire_00001573,pinery-bushfire,tier3,test_ood,True,7,7,True,True,True
pinery-bushfire_00001574,pinery-bushfire,tier3,test_ood,True,7,7,True,True,True
pinery-bushfire_00001575,pinery-bushfire,tier3,test_ood,True,7,7,True,True,True
pinery-bushfire_00001576,pinery-bushfire,tier3,test_ood,True,7,7,True,True,True
pinery-bushfire_00001577,pinery-bushfire,tier3,test_ood,True,7,7,True,True,True
pinery-bushfire_00001578,pinery-bushfire,tier3,test_ood,True,7,7,True,True,True
pinery-bushfire_00001579,pinery-bushfire,tier3,test_ood,True,7,7,True,True,True
pinery-bushfire_00001580,pinery-bushfire,tier3,test_ood,True,7,7,True,True,True
pinery-bushfire_00001581,pinery-bushfire,tier3,test_ood,True,7,7,True,True,True
pinery-bushfire_00001582,pinery-bushfire,tier3,test_ood,True,7,7,True,True,True
pinery-bushfire_00001583,pinery-bushfire,tier3,test_ood,True,7,7,True,True,True
pinery-bushfire_00001584,pinery-bushfire,tier3,test_ood,True,7,7,True,True,True
pinery-bushfire_00001585,pinery-bushfire,tier3,test_ood,True,7,7,True,True,True
pinery-bushfire_00001586,pinery-bushfire,tier3,test_ood,True,7,7,True,True,True
pinery-bushfire_00001587,pinery-bushfire,tier3,test_ood,True,7,7,True,True,True
pinery-bushfire_00001588,pinery-bushfire,tier3,test_ood,True,7,7,True,True,True
pinery-bushfire_00001589,pinery-bushfire,tier3,test_ood,True,7,7,True,True,True
pinery-bushfire_00001590,pinery-bushfire,tier3,test_ood,True,7,7,True,True,True
pinery-bushfire_00001591,pinery-bushfire,tier3,test_ood,True,7,7,True,True,True
pinery-bushfire_00001592,pinery-bushfire,tier3,test_ood,True,7,7,True,True,True
pinery-bushfire_00001593,pinery-bushfire,tier3,test_ood,True,7,7,True,True,True
pinery-bushfire_00001594,pinery-bushfire,tier3,test_ood,True,7,7,True,True,True
pinery-bushfire_00001595,pinery-bushfire,tier3,test_ood,True,7,7,True,True,True
pinery-bushfire_00001596,pinery-bushfire,tier3,test_ood,True,7,7,True,True,True
pinery-bushfire_00001597,pinery-bushfire,tier3,test_ood,True,7,7,True,True,True
pinery-bushfire_00001598,pinery-bushfire,tier3,test_ood,True,7,7,True,True,True
pinery-bushfire_00001599,pinery-bushfire,tier3,test_ood,True,7,7,True,True,True
pinery-bushfire_00001600,pinery-bushfire,tier3,test_ood,True,7,7,True,True,True
pinery-bushfire_00001601,pinery-bushfire,tier3,test_ood,True,7,7,True,True,True
pinery-bushfire_00001602,pinery-bushfire,tier3,test_ood,True,7,7,True,True,True
pinery-bushfire_00001603,pinery-bushfire,tier3,test_ood,True,7,7,True,True,True
pinery-bushfire_00001604,pinery-bushfire,tier3,test_ood,True,7,7,True,True,True
pinery-bushfire_00001605,pinery-bushfire,tier3,test_ood,True,7,7,True,True,True
pinery-bushfire_00001606,pinery-bushfire,tier3,test_ood,True,7,7,True,True,True
pinery-bushfire_00001607,pinery-bushfire,tier3,test_ood,True,7,7,True,True,True
pinery-bushfire_00001608,pinery-bushfire,tier3,test_ood,True,7,7,True,True,True
pinery-bushfire_00001609,pinery-bushfire,tier3,test_ood,True,7,7,True,True,True
pinery-bushfire_00001610,pinery-bushfire,tier3,test_ood,True,7,7,True,True,True
pinery-bushfire_00001611,pinery-bushfire,tier3,test_ood,True,7,7,True,True,True
pinery-bushfire_00001612,pinery-bushfire,tier3,test_ood,True,7,7,True,True,True
pinery-bushfire_00001613,pinery-bushfire,tier3,test_ood,True,7,7,True,True,True
pinery-bushfire_00001614,pinery-bushfire,tier3,test_ood,True,7,7,True,True,True
pinery-bushfire_00001615,pinery-bushfire,tier3,test_ood,True,7,7,True,True,True
pinery-bushfire_00001616,pinery-bushfire,tier3,test_ood,True,7,7,True,True,True
pinery-bushfire_00001617,pinery-bushfire,tier3,test_ood,True,7,7,True,True,True
pinery-bushfire_00001618,pinery-bushfire,tier3,test_ood,True,7,7,True,True,True
pinery-bushfire_00001619,pinery-bushfire,tier3,test_ood,True,7,7,True,True,True
pinery-bushfire_00001620,pinery-bushfire,tier3,test_ood,True,7,7,True,True,True
pinery-bushfire_00001621,pinery-bushfire,tier3,test_ood,True,7,7,True,True,True
pinery-bushfire_00001622,pinery-bushfire,tier3,test_ood,True,7,7,True,True,True
pinery-bushfire_00001623,pinery-bushfire,tier3,test_ood,True,7,7,True,True,True
pinery-bushfire_00001624,pinery-bushfire,tier3,test_ood,True,7,7,True,True,True
pinery-bushfire_00001625,pinery-bushfire,tier3,test_ood,True,7,7,True,True,True
pinery-bushfire_00001626,pinery-bushfire,tier3,test_ood,True,7,7,True,True,True
pinery-bushfire_00001627,pinery-bushfire,tier3,test_ood,True,7,7,True,True,True
pinery-bushfire_00001628,pinery-bushfire,tier3,test_ood,True,7,7,True,True,True
pinery-bushfire_00001629,pinery-bushfire,tier3,test_ood,True,7,7,True,True,True
pinery-bushfire_00001630,pinery-bushfire,tier3,test_ood,True,7,7,True,True,True
pinery-bushfire_00001631,pinery-bushfire,tier3,test_ood,True,7,7,True,True,True
pinery-bushfire_00001632,pinery-bushfire,tier3,test_ood,True,7,7,True,True,True
pinery-bushfire_00001633,pinery-bushfire,tier3,test_ood,True,7,7,True,True,True
pinery-bushfire_00001634,pinery-bushfire,tier3,test_ood,True,7,7,True,True,True
pinery-bushfire_00001635,pinery-bushfire,tier3,test_ood,True,7,7,True,True,True
pinery-bushfire_00001636,pinery-bushfire,tier3,test_ood,True,7,7,True,True,True
pinery-bushfire_00001637,pinery-bushfire,tier3,test_ood,True,7,7,True,True,True
pinery-bushfire_00001638,pinery-bushfire,tier3,test_ood,True,7,7,True,True,True
pinery-bushfire_00001639,pinery-bushfire,tier3,test_ood,True,7,7,True,True,True
pinery-bushfire_00001640,pinery-bushfire,tier3,test_ood,True,7,7,True,True,True
pinery-bushfire_00001641,pinery-bushfire,tier3,test_ood,True,7,7,True,True,True
pinery-bushfire_00001642,pinery-bushfire,tier3,test_ood,True,7,7,True,True,True
pinery-bushfire_00001643,pinery-bushfire,tier3,test_ood,True,7,7,True,True,True
pinery-bushfire_00001644,pinery-bushfire,tier3,test_ood,True,7,7,True,True,True
pinery-bushfire_00001645,pinery-bushfire,tier3,test_ood,True,7,7,True,True,True
pinery-bushfire_00001646,pinery-bushfire,tier3,test_ood,True,7,7,True,True,True
pinery-bushfire_00001647,pinery-bushfire,tier3,test_ood,True,7,7,True,True,True
pinery-bushfire_00001648,pinery-bushfire,tier3,test_ood,True,7,7,True,True,True
pinery-bushfire_00001649,pinery-bushfire,tier3,test_ood,True,7,7,True,True,True
pinery-bushfire_00001650,pinery-bushfire,tier3,test_ood,True,7,7,True,True,True
pinery-bushfire_00001651,pinery-bushfire,tier3,test_ood,True,7,7,True,True,True
pinery-bushfire_00001652,pinery-bushfire,tier3,test_ood,True,7,7,True,True,True
pinery-bushfire_00001653,pinery-bushfire,tier3,test_ood,True,7,7,True,True,True
pinery-bushfire_00001654,pinery-bushfire,tier3,test_ood,True,7,7,True,True,True
pinery-bushfire_00001655,pinery-bushfire,tier3,test_ood,True,7,7,True,True,True
pinery-bushfire_00001656,pinery-bushfire,tier3,test_ood,True,7,7,True,True,True
pinery-bushfire_00001657,pinery-bushfire,tier3,test_ood,True,7,7,True,True,True
pinery-bushfire_00001658,pinery-bushfire,tier3,test_ood,True,7,7,True,True,True
pinery-bushfire_00001659,pinery-bushfire,tier3,test_ood,True,7,7,True,True,True
pinery-bushfire_00001660,pinery-bushfire,tier3,test_ood,True,7,7,True,True,True
pinery-bushfire_00001661,pinery-bushfire,tier3,test_ood,True,7,7,True,True,True
pinery-bushfire_00001662,pinery-bushfire,tier3,test_ood,True,7,7,True,True,True
pinery-bushfire_00001663,pinery-bushfire,tier3,test_ood,True,7,7,True,True,True
pinery-bushfire_00001664,pinery-bushfire,tier3,test_ood,True,7,7,True,True,True
pinery-bushfire_00001665,pinery-bushfire,tier3,test_ood,True,7,7,True,True,True
pinery-bushfire_00001666,pinery-bushfire,tier3,test_ood,True,7,7,True,True,True
pinery-bushfire_00001667,pinery-bushfire,tier3,test_ood,True,7,7,True,True,True
pinery-bushfire_00001668,pinery-bushfire,tier3,test_ood,True,7,7,True,True,True
pinery-bushfire_00001669,pinery-bushfire,tier3,test_ood,True,7,7,True,True,True
pinery-bushfire_00001670,pinery-bushfire,tier3,test_ood,True,7,7,True,True,True
pinery-bushfire_00001671,pinery-bushfire,tier3,test_ood,True,7,7,True,True,True
pinery-bushfire_00001672,pinery-bushfire,tier3,test_ood,True,7,7,True,True,True
pinery-bushfire_00001673,pinery-bushfire,tier3,test_ood,True,7,7,True,True,True
pinery-bushfire_00001674,pinery-bushfire,tier3,test_ood,True,7,7,True,True,True
pinery-bushfire_00001675,pinery-bushfire,tier3,test_ood,True,7,7,True,True,True
pinery-bushfire_00001676,pinery-bushfire,tier3,test_ood,True,7,7,True,True,True
pinery-bushfire_00001677,pinery-bushfire,tier3,test_ood,True,7,7,True,True,True
pinery-bushfire_00001678,pinery-bushfire,tier3,test_ood,True,7,7,True,True,True
pinery-bushfire_00001679,pinery-bushfire,tier3,test_ood,True,7,7,True,True,True
pinery-bushfire_00001680,pinery-bushfire,tier3,test_ood,True,7,7,True,True,True
pinery-bushfire_00001681,pinery-bushfire,tier3,test_ood,True,7,7,True,True,True
pinery-bushfire_00001682,pinery-bushfire,tier3,test_ood,True,7,7,True,True,True
pinery-bushfire_00001683,pinery-bushfire,tier3,test_ood,True,7,7,True,True,True
pinery-bushfire_00001684,pinery-bushfire,tier3,test_ood,True,7,7,True,True,True
pinery-bushfire_00001685,pinery-bushfire,tier3,test_ood,True,7,7,True,True,True
pinery-bushfire_00001686,pinery-bushfire,tier3,test_ood,True,7,7,True,True,True
pinery-bushfire_00001687,pinery-bushfire,tier3,test_ood,True,7,7,True,True,True
pinery-bushfire_00001688,pinery-bushfire,tier3,test_ood,True,7,7,True,True,True
pinery-bushfire_00001689,pinery-bushfire,tier3,test_ood,True,7,7,True,True,True
pinery-bushfire_00001690,pinery-bushfire,tier3,test_ood,True,7,7,True,True,True
pinery-bushfire_00001691,pinery-bushfire,tier3,test_ood,True,7,7,True,True,True
pinery-bushfire_00001692,pinery-bushfire,tier3,test_ood,True,7,7,True,True,True
pinery-bushfire_00001693,pinery-bushfire,tier3,test_ood,True,7,7,True,True,True
pinery-bushfire_00001694,pinery-bushfire,tier3,test_ood,True,7,7,True,True,True
pinery-bushfire_00001695,pinery-bushfire,tier3,test_ood,True,7,7,True,True,True
pinery-bushfire_00001696,pinery-bushfire,tier3,test_ood,True,7,7,True,True,True
pinery-bushfire_00001697,pinery-bushfire,tier3,test_ood,True,7,7,True,True,True
pinery-bushfire_00001698,pinery-bushfire,tier3,test_ood,True,7,7,True,True,True
pinery-bushfire_00001699,pinery-bushfire,tier3,test_ood,True,7,7,True,True,True
pinery-bushfire_00001700,pinery-bushfire,tier3,test_ood,True,7,7,True,True,True
pinery-bushfire_00001701,pinery-bushfire,tier3,test_ood,True,7,7,True,True,True
pinery-bushfire_00001702,pinery-bushfire,tier3,test_ood,True,7,7,True,True,True
pinery-bushfire_00001703,pinery-bushfire,tier3,test_ood,True,7,7,True,True,True
pinery-bushfire_00001704,pinery-bushfire,tier3,test_ood,True,7,7,True,True,True
pinery-bushfire_00001705,pinery-bushfire,tier3,test_ood,True,7,7,True,True,True
pinery-bushfire_00001706,pinery-bushfire,tier3,test_ood,True,7,7,True,True,True
pinery-bushfire_00001707,pinery-bushfire,tier3,test_ood,True,7,7,True,True,True
pinery-bushfire_00001708,pinery-bushfire,tier3,test_ood,True,7,7,True,True,True
pinery-bushfire_00001709,pinery-bushfire,tier3,test_ood,True,7,7,True,True,True
pinery-bushfire_00001710,pinery-bushfire,tier3,test_ood,True,7,7,True,True,True
pinery-bushfire_00001711,pinery-bushfire,tier3,test_ood,True,7,7,True,True,True
pinery-bushfire_00001712,pinery-bushfire,tier3,test_ood,True,7,7,True,True,True
pinery-bushfire_00001713,pinery-bushfire,tier3,test_ood,True,7,7,True,True,True
pinery-bushfire_00001714,pinery-bushfire,tier3,test_ood,True,7,7,True,True,True
pinery-bushfire_00001715,pinery-bushfire,tier3,test_ood,True,7,7,True,True,True
pinery-bushfire_00001716,pinery-bushfire,tier3,test_ood,True,7,7,True,True,True
pinery-bushfire_00001717,pinery-bushfire,tier3,test_ood,True,7,7,True,True,True
pinery-bushfire_00001718,pinery-bushfire,tier3,test_ood,True,7,7,True,True,True
pinery-bushfire_00001719,pinery-bushfire,tier3,test_ood,True,7,7,True,True,True
pinery-bushfire_00001720,pinery-bushfire,tier3,test_ood,True,7,7,True,True,True
pinery-bushfire_00001721,pinery-bushfire,tier3,test_ood,True,7,7,True,True,True
pinery-bushfire_00001722,pinery-bushfire,tier3,test_ood,True,7,7,True,True,True
pinery-bushfire_00001723,pinery-bushfire,tier3,test_ood,True,7,7,True,True,True
pinery-bushfire_00001724,pinery-bushfire,tier3,test_ood,True,7,7,True,True,True
pinery-bushfire_00001725,pinery-bushfire,tier3,test_ood,True,7,7,True,True,True
pinery-bushfire_00001726,pinery-bushfire,tier3,test_ood,True,7,7,True,True,True
pinery-bushfire_00001727,pinery-bushfire,tier3,test_ood,True,7,7,True,True,True
pinery-bushfire_00001728,pinery-bushfire,tier3,test_ood,True,7,7,True,True,True
pinery-bushfire_00001729,pinery-bushfire,tier3,test_ood,True,7,7,True,True,True
pinery-bushfire_00001730,pinery-bushfire,tier3,test_ood,True,7,7,True,True,True
pinery-bushfire_00001731,pinery-bushfire,tier3,test_ood,True,7,7,True,True,True
pinery-bushfire_00001732,pinery-bushfire,tier3,test_ood,True,7,7,True,True,True
pinery-bushfire_00001733,pinery-bushfire,tier3,test_ood,True,7,7,True,True,True
pinery-bushfire_00001734,pinery-bushfire,tier3,test_ood,True,7,7,True,True,True
pinery-bushfire_00001735,pinery-bushfire,tier3,test_ood,True,7,7,True,True,True
pinery-bushfire_00001736,pinery-bushfire,tier3,test_ood,True,7,7,True,True,True
pinery-bushfire_00001737,pinery-bushfire,tier3,test_ood,True,7,7,True,True,True
pinery-bushfire_00001738,pinery-bushfire,tier3,test_ood,True,7,7,True,True,True
pinery-bushfire_00001739,pinery-bushfire,tier3,test_ood,True,7,7,True,True,True
pinery-bushfire_00001740,pinery-bushfire,tier3,test_ood,True,7,7,True,True,True
pinery-bushfire_00001741,pinery-bushfire,tier3,test_ood,True,7,7,True,True,True
pinery-bushfire_00001742,pinery-bushfire,tier3,test_ood,True,7,7,True,True,True
pinery-bushfire_00001743,pinery-bushfire,tier3,test_ood,True,7,7,True,True,True
pinery-bushfire_00001744,pinery-bushfire,tier3,test_ood,True,7,7,True,True,True
pinery-bushfire_00001745,pinery-bushfire,tier3,test_ood,True,7,7,True,True,True
pinery-bushfire_00001746,pinery-bushfire,tier3,test_ood,True,7,7,True,True,True
pinery-bushfire_00001747,pinery-bushfire,tier3,test_ood,True,7,7,True,True,True
pinery-bushfire_00001748,pinery-bushfire,tier3,test_ood,True,7,7,True,True,True
pinery-bushfire_00001749,pinery-bushfire,tier3,test_ood,True,7,7,True,True,True
pinery-bushfire_00001750,pinery-bushfire,tier3,test_ood,True,7,7,True,True,True
pinery-bushfire_00001751,pinery-bushfire,tier3,test_ood,True,7,7,True,True,True
pinery-bushfire_00001752,pinery-bushfire,tier3,test_ood,True,7,7,True,True,True
pinery-bushfire_00001753,pinery-bushfire,tier3,test_ood,True,7,7,True,True,True
pinery-bushfire_00001754,pinery-bushfire,tier3,test_ood,True,7,7,True,True,True
pinery-bushfire_00001755,pinery-bushfire,tier3,test_ood,True,7,7,True,True,True
pinery-bushfire_00001756,pinery-bushfire,tier3,test_ood,True,7,7,True,True,True
pinery-bushfire_00001757,pinery-bushfire,tier3,test_ood,True,7,7,True,True,True
pinery-bushfire_00001758,pinery-bushfire,tier3,test_ood,True,7,7,True,True,True
pinery-bushfire_00001759,pinery-bushfire,tier3,test_ood,True,7,7,True,True,True
pinery-bushfire_00001760,pinery-bushfire,tier3,test_ood,True,7,7,True,True,True
pinery-bushfire_00001761,pinery-bushfire,tier3,test_ood,True,7,7,True,True,True
pinery-bushfire_00001762,pinery-bushfire,tier3,test_ood,True,7,7,True,True,True
pinery-bushfire_00001763,pinery-bushfire,tier3,test_ood,True,7,7,True,True,True
pinery-bushfire_00001764,pinery-bushfire,tier3,test_ood,True,7,7,True,True,True
pinery-bushfire_00001765,pinery-bushfire,tier3,test_ood,True,7,7,True,True,True
pinery-bushfire_00001766,pinery-bushfire,tier3,test_ood,True,7,7,True,True,True
pinery-bushfire_00001767,pinery-bushfire,tier3,test_ood,True,7,7,True,True,True
pinery-bushfire_00001768,pinery-bushfire,tier3,test_ood,True,7,7,True,True,True
pinery-bushfire_00001769,pinery-bushfire,tier3,test_ood,True,7,7,True,True,True
pinery-bushfire_00001770,pinery-bushfire,tier3,test_ood,True,7,7,True,True,True
pinery-bushfire_00001771,pinery-bushfire,tier3,test_ood,True,7,7,True,True,True
pinery-bushfire_00001772,pinery-bushfire,tier3,test_ood,True,7,7,True,True,True
pinery-bushfire_00001773,pinery-bushfire,tier3,test_ood,True,7,7,True,True,True
pinery-bushfire_00001774,pinery-bushfire,tier3,test_ood,True,7,7,True,True,True
pinery-bushfire_00001775,pinery-bushfire,tier3,test_ood,True,7,7,True,True,True
pinery-bushfire_00001776,pinery-bushfire,tier3,test_ood,True,7,7,True,True,True
pinery-bushfire_00001777,pinery-bushfire,tier3,test_ood,True,7,7,True,True,True
pinery-bushfire_00001778,pinery-bushfire,tier3,test_ood,True,7,7,True,True,True
pinery-bushfire_00001779,pinery-bushfire,tier3,test_ood,True,7,7,True,True,True
pinery-bushfire_00001780,pinery-bushfire,tier3,test_ood,True,7,7,True,True,True
pinery-bushfire_00001781,pinery-bushfire,tier3,test_ood,True,7,7,True,True,True
pinery-bushfire_00001782,pinery-bushfire,tier3,test_ood,True,7,7,True,True,True
pinery-bushfire_00001783,pinery-bushfire,tier3,test_ood,True,7,7,True,True,True
pinery-bushfire_00001784,pinery-bushfire,tier3,test_ood,True,7,7,True,True,True
pinery-bushfire_00001785,pinery-bushfire,tier3,test_ood,True,7,7,True,True,True
pinery-bushfire_00001786,pinery-bushfire,tier3,test_ood,True,7,7,True,True,True
pinery-bushfire_00001787,pinery-bushfire,tier3,test_ood,True,7,7,True,True,True
pinery-bushfire_00001788,pinery-bushfire,tier3,test_ood,True,7,7,True,True,True
pinery-bushfire_00001789,pinery-bushfire,tier3,test_ood,True,7,7,True,True,True
pinery-bushfire_00001790,pinery-bushfire,tier3,test_ood,True,7,7,True,True,True
pinery-bushfire_00001791,pinery-bushfire,tier3,test_ood,True,7,7,True,True,True
pinery-bushfire_00001792,pinery-bushfire,tier3,test_ood,True,7,7,True,True,True
pinery-bushfire_00001793,pinery-bushfire,tier3,test_ood,True,7,7,True,True,True
pinery-bushfire_00001794,pinery-bushfire,tier3,test_ood,True,7,7,True,True,True
pinery-bushfire_00001795,pinery-bushfire,tier3,test_ood,True,7,7,True,True,True
pinery-bushfire_00001796,pinery-bushfire,tier3,test_ood,True,7,7,True,True,True
pinery-bushfire_00001797,pinery-bushfire,tier3,test_ood,True,7,7,True,True,True
pinery-bushfire_00001798,pinery-bushfire,tier3,test_ood,True,7,7,True,True,True
pinery-bushfire_00001799,pinery-bushfire,tier3,test_ood,True,7,7,True,True,True
pinery-bushfire_00001800,pinery-bushfire,tier3,test_ood,True,7,7,True,True,True
pinery-bushfire_00001801,pinery-bushfire,tier3,test_ood,True,7,7,True,True,True
pinery-bushfire_00001802,pinery-bushfire,tier3,test_ood,True,7,7,True,True,True
pinery-bushfire_00001803,pinery-bushfire,tier3,test_ood,True,7,7,True,True,True
pinery-bushfire_00001804,pinery-bushfire,tier3,test_ood,True,7,7,True,True,True
pinery-bushfire_00001805,pinery-bushfire,tier3,test_ood,True,7,7,True,True,True
pinery-bushfire_00001806,pinery-bushfire,tier3,test_ood,True,7,7,True,True,True
pinery-bushfire_00001807,pinery-bushfire,tier3,test_ood,True,7,7,True,True,True
pinery-bushfire_00001808,pinery-bushfire,tier3,test_ood,True,7,7,True,True,True
pinery-bushfire_00001809,pinery-bushfire,tier3,test_ood,True,7,7,True,True,True
pinery-bushfire_00001810,pinery-bushfire,tier3,test_ood,True,7,7,True,True,True
pinery-bushfire_00001811,pinery-bushfire,tier3,test_ood,True,7,7,True,True,True
pinery-bushfire_00001812,pinery-bushfire,tier3,test_ood,True,7,7,True,True,True
pinery-bushfire_00001813,pinery-bushfire,tier3,test_ood,True,7,7,True,True,True
pinery-bushfire_00001814,pinery-bushfire,tier3,test_ood,True,7,7,True,True,True
pinery-bushfire_00001815,pinery-bushfire,tier3,test_ood,True,7,7,True,True,True
pinery-bushfire_00001816,pinery-bushfire,tier3,test_ood,True,7,7,True,True,True
pinery-bushfire_00001817,pinery-bushfire,tier3,test_ood,True,7,7,True,True,True
pinery-bushfire_00001818,pinery-bushfire,tier3,test_ood,True,7,7,True,True,True
pinery-bushfire_00001819,pinery-bushfire,tier3,test_ood,True,7,7,True,True,True
pinery-bushfire_00001820,pinery-bushfire,tier3,test_ood,True,7,7,True,True,True
pinery-bushfire_00001821,pinery-bushfire,tier3,test_ood,True,7,7,True,True,True
pinery-bushfire_00001822,pinery-bushfire,tier3,test_ood,True,7,7,True,True,True
pinery-bushfire_00001823,pinery-bushfire,tier3,test_ood,True,7,7,True,True,True
pinery-bushfire_00001824,pinery-bushfire,tier3,test_ood,True,7,7,True,True,True
pinery-bushfire_00001825,pinery-bushfire,tier3,test_ood,True,7,7,True,True,True
pinery-bushfire_00001826,pinery-bushfire,tier3,test_ood,True,7,7,True,True,True
pinery-bushfire_00001827,pinery-bushfire,tier3,test_ood,True,7,7,True,True,True
pinery-bushfire_00001828,pinery-bushfire,tier3,test_ood,True,7,7,True,True,True
pinery-bushfire_00001829,pinery-bushfire,tier3,test_ood,True,7,7,True,True,True
pinery-bushfire_00001830,pinery-bushfire,tier3,test_ood,True,7,7,True,True,True
pinery-bushfire_00001831,pinery-bushfire,tier3,test_ood,True,7,7,True,True,True
pinery-bushfire_00001832,pinery-bushfire,tier3,test_ood,True,7,7,True,True,True
pinery-bushfire_00001833,pinery-bushfire,tier3,test_ood,True,7,7,True,True,True
pinery-bushfire_00001834,pinery-bushfire,tier3,test_ood,True,7,7,True,True,True
pinery-bushfire_00001835,pinery-bushfire,tier3,test_ood,True,7,7,True,True,True
pinery-bushfire_00001836,pinery-bushfire,tier3,test_ood,True,7,7,True,True,True
pinery-bushfire_00001837,pinery-bushfire,tier3,test_ood,True,7,7,True,True,True
pinery-bushfire_00001838,pinery-bushfire,tier3,test_ood,True,7,7,True,True,True
pinery-bushfire_00001839,pinery-bushfire,tier3,test_ood,True,7,7,True,True,True
pinery-bushfire_00001840,pinery-bushfire,tier3,test_ood,True,7,7,True,True,True
pinery-bushfire_00001841,pinery-bushfire,tier3,test_ood,True,7,7,True,True,True
pinery-bushfire_00001842,pinery-bushfire,tier3,test_ood,True,7,7,True,True,True
pinery-bushfire_00001843,pinery-bushfire,tier3,test_ood,True,7,7,True,True,True
pinery-bushfire_00001844,pinery-bushfire,tier3,test_ood,True,7,7,True,True,True
portugal-wildfire_00000000,portugal-wildfire,tier3,test_ood,True,7,7,True,True,True
portugal-wildfire_00000001,portugal-wildfire,tier3,test_ood,True,7,7,True,True,True
portugal-wildfire_00000002,portugal-wildfire,tier3,test_ood,True,7,7,True,True,True
portugal-wildfire_00000003,portugal-wildfire,tier3,test_ood,True,7,7,True,True,True
portugal-wildfire_00000004,portugal-wildfire,tier3,test_ood,True,7,7,True,True,True
portugal-wildfire_00000005,portugal-wildfire,tier3,test_ood,True,7,7,True,True,True
portugal-wildfire_00000006,portugal-wildfire,tier3,test_ood,True,7,7,True,True,True
portugal-wildfire_00000007,portugal-wildfire,tier3,test_ood,True,7,7,True,True,True
portugal-wildfire_00000008,portugal-wildfire,tier3,test_ood,True,7,7,True,True,True
portugal-wildfire_00000009,portugal-wildfire,tier3,test_ood,True,7,7,True,True,True
portugal-wildfire_00000010,portugal-wildfire,tier3,test_ood,True,7,7,True,True,True
portugal-wildfire_00000011,portugal-wildfire,tier3,test_ood,True,7,7,True,True,True
portugal-wildfire_00000012,portugal-wildfire,tier3,test_ood,True,7,7,True,True,True
portugal-wildfire_00000013,portugal-wildfire,tier3,test_ood,True,7,7,True,True,True
portugal-wildfire_00000014,portugal-wildfire,tier3,test_ood,True,7,7,True,True,True
portugal-wildfire_00000015,portugal-wildfire,tier3,test_ood,True,7,7,True,True,True
portugal-wildfire_00000016,portugal-wildfire,tier3,test_ood,True,7,7,True,True,True
portugal-wildfire_00000017,portugal-wildfire,tier3,test_ood,True,7,7,True,True,True
portugal-wildfire_00000018,portugal-wildfire,tier3,test_ood,True,7,7,True,True,True
portugal-wildfire_00000019,portugal-wildfire,tier3,test_ood,True,7,7,True,True,True
portugal-wildfire_00000020,portugal-wildfire,tier3,test_ood,True,7,7,True,True,True
portugal-wildfire_00000021,portugal-wildfire,tier3,test_ood,True,7,7,True,True,True
portugal-wildfire_00000022,portugal-wildfire,tier3,test_ood,True,7,7,True,True,True
portugal-wildfire_00000023,portugal-wildfire,tier3,test_ood,True,7,7,True,True,True
portugal-wildfire_00000024,portugal-wildfire,tier3,test_ood,True,7,7,True,True,True
portugal-wildfire_00000025,portugal-wildfire,tier3,test_ood,True,7,7,True,True,True
portugal-wildfire_00000026,portugal-wildfire,tier3,test_ood,True,7,7,True,True,True
portugal-wildfire_00000027,portugal-wildfire,tier3,test_ood,True,7,7,True,True,True
portugal-wildfire_00000028,portugal-wildfire,tier3,test_ood,True,7,7,True,True,True
portugal-wildfire_00000029,portugal-wildfire,tier3,test_ood,True,7,7,True,True,True
portugal-wildfire_00000030,portugal-wildfire,tier3,test_ood,True,7,7,True,True,True
portugal-wildfire_00000031,portugal-wildfire,tier3,test_ood,True,7,7,True,True,True
portugal-wildfire_00000032,portugal-wildfire,tier3,test_ood,True,7,7,True,True,True
portugal-wildfire_00000033,portugal-wildfire,tier3,test_ood,True,7,7,True,True,True
portugal-wildfire_00000034,portugal-wildfire,tier3,test_ood,True,7,7,True,True,True
portugal-wildfire_00000035,portugal-wildfire,tier3,test_ood,True,7,7,True,True,True
portugal-wildfire_00000036,portugal-wildfire,tier3,test_ood,True,7,7,True,True,True
portugal-wildfire_00000037,portugal-wildfire,tier3,test_ood,True,7,7,True,True,True
portugal-wildfire_00000038,portugal-wildfire,tier3,test_ood,True,7,7,True,True,True
portugal-wildfire_00000039,portugal-wildfire,tier3,test_ood,True,7,7,True,True,True
portugal-wildfire_00000040,portugal-wildfire,tier3,test_ood,True,7,7,True,True,True
portugal-wildfire_00000041,portugal-wildfire,tier3,test_ood,True,7,7,True,True,True
portugal-wildfire_00000042,portugal-wildfire,tier3,test_ood,True,7,7,True,True,True
portugal-wildfire_00000043,portugal-wildfire,tier3,test_ood,True,7,7,True,True,True
portugal-wildfire_00000044,portugal-wildfire,tier3,test_ood,True,7,7,True,True,True
portugal-wildfire_00000045,portugal-wildfire,tier3,test_ood,True,7,7,True,True,True
portugal-wildfire_00000046,portugal-wildfire,tier3,test_ood,True,7,7,True,True,True
portugal-wildfire_00000047,portugal-wildfire,tier3,test_ood,True,7,7,True,True,True
portugal-wildfire_00000048,portugal-wildfire,tier3,test_ood,True,7,7,True,True,True
portugal-wildfire_00000049,portugal-wildfire,tier3,test_ood,True,7,7,True,True,True
portugal-wildfire_00000050,portugal-wildfire,tier3,test_ood,True,7,7,True,True,True
portugal-wildfire_00000051,portugal-wildfire,tier3,test_ood,True,7,7,True,True,True
portugal-wildfire_00000052,portugal-wildfire,tier3,test_ood,True,7,7,True,True,True
portugal-wildfire_00000053,portugal-wildfire,tier3,test_ood,True,7,7,True,True,True
portugal-wildfire_00000054,portugal-wildfire,tier3,test_ood,True,7,7,True,True,True
portugal-wildfire_00000055,portugal-wildfire,tier3,test_ood,True,7,7,True,True,True
portugal-wildfire_00000056,portugal-wildfire,tier3,test_ood,True,7,7,True,True,True
portugal-wildfire_00000057,portugal-wildfire,tier3,test_ood,True,7,7,True,True,True
portugal-wildfire_00000058,portugal-wildfire,tier3,test_ood,True,7,7,True,True,True
portugal-wildfire_00000059,portugal-wildfire,tier3,test_ood,True,7,7,True,True,True
portugal-wildfire_00000060,portugal-wildfire,tier3,test_ood,True,7,7,True,True,True
portugal-wildfire_00000061,portugal-wildfire,tier3,test_ood,True,7,7,True,True,True
portugal-wildfire_00000062,portugal-wildfire,tier3,test_ood,True,7,7,True,True,True
portugal-wildfire_00000063,portugal-wildfire,tier3,test_ood,True,7,7,True,True,True
portugal-wildfire_00000064,portugal-wildfire,tier3,test_ood,True,7,7,True,True,True
portugal-wildfire_00000065,portugal-wildfire,tier3,test_ood,True,7,7,True,True,True
portugal-wildfire_00000066,portugal-wildfire,tier3,test_ood,True,7,7,True,True,True
portugal-wildfire_00000067,portugal-wildfire,tier3,test_ood,True,7,7,True,True,True
portugal-wildfire_00000068,portugal-wildfire,tier3,test_ood,True,7,7,True,True,True
portugal-wildfire_00000069,portugal-wildfire,tier3,test_ood,True,7,7,True,True,True
portugal-wildfire_00000070,portugal-wildfire,tier3,test_ood,True,7,7,True,True,True
portugal-wildfire_00000071,portugal-wildfire,tier3,test_ood,True,7,7,True,True,True
portugal-wildfire_00000072,portugal-wildfire,tier3,test_ood,True,7,7,True,True,True
portugal-wildfire_00000073,portugal-wildfire,tier3,test_ood,True,7,7,True,True,True
portugal-wildfire_00000074,portugal-wildfire,tier3,test_ood,True,7,7,True,True,True
portugal-wildfire_00000075,portugal-wildfire,tier3,test_ood,True,7,7,True,True,True
portugal-wildfire_00000076,portugal-wildfire,tier3,test_ood,True,7,7,True,True,True
portugal-wildfire_00000077,portugal-wildfire,tier3,test_ood,True,7,7,True,True,True
portugal-wildfire_00000078,portugal-wildfire,tier3,test_ood,True,7,7,True,True,True
portugal-wildfire_00000079,portugal-wildfire,tier3,test_ood,True,7,7,True,True,True
portugal-wildfire_00000080,portugal-wildfire,tier3,test_ood,True,7,7,True,True,True
portugal-wildfire_00000081,portugal-wildfire,tier3,test_ood,True,7,7,True,True,True
portugal-wildfire_00000082,portugal-wildfire,tier3,test_ood,True,7,7,True,True,True
portugal-wildfire_00000083,portugal-wildfire,tier3,test_ood,True,7,7,True,True,True
portugal-wildfire_00000084,portugal-wildfire,tier3,test_ood,True,7,7,True,True,True
portugal-wildfire_00000085,portugal-wildfire,tier3,test_ood,True,7,7,True,True,True
portugal-wildfire_00000086,portugal-wildfire,tier3,test_ood,True,7,7,True,True,True
portugal-wildfire_00000087,portugal-wildfire,tier3,test_ood,True,7,7,True,True,True
portugal-wildfire_00000088,portugal-wildfire,tier3,test_ood,True,7,7,True,True,True
portugal-wildfire_00000089,portugal-wildfire,tier3,test_ood,True,7,7,True,True,True
portugal-wildfire_00000090,portugal-wildfire,tier3,test_ood,True,7,7,True,True,True
portugal-wildfire_00000091,portugal-wildfire,tier3,test_ood,True,7,7,True,True,True
portugal-wildfire_00000092,portugal-wildfire,tier3,test_ood,True,7,7,True,True,True
portugal-wildfire_00000093,portugal-wildfire,tier3,test_ood,True,7,7,True,True,True
portugal-wildfire_00000094,portugal-wildfire,tier3,test_ood,True,7,7,True,True,True
portugal-wildfire_00000095,portugal-wildfire,tier3,test_ood,True,7,7,True,True,True
portugal-wildfire_00000096,portugal-wildfire,tier3,test_ood,True,7,7,True,True,True
portugal-wildfire_00000097,portugal-wildfire,tier3,test_ood,True,7,7,True,True,True
portugal-wildfire_00000098,portugal-wildfire,tier3,test_ood,True,7,7,True,True,True
portugal-wildfire_00000099,portugal-wildfire,tier3,test_ood,True,7,7,True,True,True
portugal-wildfire_00000100,portugal-wildfire,tier3,test_ood,True,7,7,True,True,True
portugal-wildfire_00000101,portugal-wildfire,tier3,test_ood,True,7,7,True,True,True
portugal-wildfire_00000102,portugal-wildfire,tier3,test_ood,True,7,7,True,True,True
portugal-wildfire_00000103,portugal-wildfire,tier3,test_ood,True,7,7,True,True,True
portugal-wildfire_00000104,portugal-wildfire,tier3,test_ood,True,7,7,True,True,True
portugal-wildfire_00000105,portugal-wildfire,tier3,test_ood,True,7,7,True,True,True
portugal-wildfire_00000106,portugal-wildfire,tier3,test_ood,True,7,7,True,True,True
portugal-wildfire_00000107,portugal-wildfire,tier3,test_ood,True,7,7,True,True,True
portugal-wildfire_00000108,portugal-wildfire,tier3,test_ood,True,7,7,True,True,True
portugal-wildfire_00000109,portugal-wildfire,tier3,test_ood,True,7,7,True,True,True
portugal-wildfire_00000110,portugal-wildfire,tier3,test_ood,True,7,7,True,True,True
portugal-wildfire_00000111,portugal-wildfire,tier3,test_ood,True,7,7,True,True,True
portugal-wildfire_00000112,portugal-wildfire,tier3,test_ood,True,7,7,True,True,True
portugal-wildfire_00000113,portugal-wildfire,tier3,test_ood,True,7,7,True,True,True
portugal-wildfire_00000114,portugal-wildfire,tier3,test_ood,True,7,7,True,True,True
portugal-wildfire_00000115,portugal-wildfire,tier3,test_ood,True,7,7,True,True,True
portugal-wildfire_00000116,portugal-wildfire,tier3,test_ood,True,7,7,True,True,True
portugal-wildfire_00000117,portugal-wildfire,tier3,test_ood,True,7,7,True,True,True
portugal-wildfire_00000118,portugal-wildfire,tier3,test_ood,True,7,7,True,True,True
portugal-wildfire_00000119,portugal-wildfire,tier3,test_ood,True,7,7,True,True,True
portugal-wildfire_00000120,portugal-wildfire,tier3,test_ood,True,7,7,True,True,True
portugal-wildfire_00000121,portugal-wildfire,tier3,test_ood,True,7,7,True,True,True
portugal-wildfire_00000122,portugal-wildfire,tier3,test_ood,True,7,7,True,True,True
portugal-wildfire_00000123,portugal-wildfire,tier3,test_ood,True,7,7,True,True,True
portugal-wildfire_00000124,portugal-wildfire,tier3,test_ood,True,7,7,True,True,True
portugal-wildfire_00000125,portugal-wildfire,tier3,test_ood,True,7,7,True,True,True
portugal-wildfire_00000126,portugal-wildfire,tier3,test_ood,True,7,7,True,True,True
portugal-wildfire_00000127,portugal-wildfire,tier3,test_ood,True,7,7,True,True,True
portugal-wildfire_00000128,portugal-wildfire,tier3,test_ood,True,7,7,True,True,True
portugal-wildfire_00000129,portugal-wildfire,tier3,test_ood,True,7,7,True,True,True
portugal-wildfire_00000130,portugal-wildfire,tier3,test_ood,True,7,7,True,True,True
portugal-wildfire_00000131,portugal-wildfire,tier3,test_ood,True,7,7,True,True,True
portugal-wildfire_00000132,portugal-wildfire,tier3,test_ood,True,7,7,True,True,True
portugal-wildfire_00000133,portugal-wildfire,tier3,test_ood,True,7,7,True,True,True
portugal-wildfire_00000134,portugal-wildfire,tier3,test_ood,True,7,7,True,True,True
portugal-wildfire_00000135,portugal-wildfire,tier3,test_ood,True,7,7,True,True,True
portugal-wildfire_00000136,portugal-wildfire,tier3,test_ood,True,7,7,True,True,True
portugal-wildfire_00000137,portugal-wildfire,tier3,test_ood,True,7,7,True,True,True
portugal-wildfire_00000138,portugal-wildfire,tier3,test_ood,True,7,7,True,True,True
portugal-wildfire_00000139,portugal-wildfire,tier3,test_ood,True,7,7,True,True,True
portugal-wildfire_00000140,portugal-wildfire,tier3,test_ood,True,7,7,True,True,True
portugal-wildfire_00000141,portugal-wildfire,tier3,test_ood,True,7,7,True,True,True
portugal-wildfire_00000142,portugal-wildfire,tier3,test_ood,True,7,7,True,True,True
portugal-wildfire_00000143,portugal-wildfire,tier3,test_ood,True,7,7,True,True,True
portugal-wildfire_00000144,portugal-wildfire,tier3,test_ood,True,7,7,True,True,True
portugal-wildfire_00000145,portugal-wildfire,tier3,test_ood,True,7,7,True,True,True
portugal-wildfire_00000146,portugal-wildfire,tier3,test_ood,True,7,7,True,True,True
portugal-wildfire_00000147,portugal-wildfire,tier3,test_ood,True,7,7,True,True,True
portugal-wildfire_00000148,portugal-wildfire,tier3,test_ood,True,7,7,True,True,True
portugal-wildfire_00000149,portugal-wildfire,tier3,test_ood,True,7,7,True,True,True
portugal-wildfire_00000150,portugal-wildfire,tier3,test_ood,True,7,7,True,True,True
portugal-wildfire_00000151,portugal-wildfire,tier3,test_ood,True,7,7,True,True,True
portugal-wildfire_00000152,portugal-wildfire,tier3,test_ood,True,7,7,True,True,True
portugal-wildfire_00000153,portugal-wildfire,tier3,test_ood,True,7,7,True,True,True
portugal-wildfire_00000154,portugal-wildfire,tier3,test_ood,True,7,7,True,True,True
portugal-wildfire_00000155,portugal-wildfire,tier3,test_ood,True,7,7,True,True,True
portugal-wildfire_00000156,portugal-wildfire,tier3,test_ood,True,7,7,True,True,True
portugal-wildfire_00000157,portugal-wildfire,tier3,test_ood,True,7,7,True,True,True
portugal-wildfire_00000158,portugal-wildfire,tier3,test_ood,True,7,7,True,True,True
portugal-wildfire_00000159,portugal-wildfire,tier3,test_ood,True,7,7,True,True,True
portugal-wildfire_00000160,portugal-wildfire,tier3,test_ood,True,7,7,True,True,True
portugal-wildfire_00000161,portugal-wildfire,tier3,test_ood,True,7,7,True,True,True
portugal-wildfire_00000162,portugal-wildfire,tier3,test_ood,True,7,7,True,True,True
portugal-wildfire_00000163,portugal-wildfire,tier3,test_ood,True,7,7,True,True,True
portugal-wildfire_00000164,portugal-wildfire,tier3,test_ood,True,7,7,True,True,True
portugal-wildfire_00000165,portugal-wildfire,tier3,test_ood,True,7,7,True,True,True
portugal-wildfire_00000166,portugal-wildfire,tier3,test_ood,True,7,7,True,True,True
portugal-wildfire_00000167,portugal-wildfire,tier3,test_ood,True,7,7,True,True,True
portugal-wildfire_00000168,portugal-wildfire,tier3,test_ood,True,7,7,True,True,True
portugal-wildfire_00000169,portugal-wildfire,tier3,test_ood,True,7,7,True,True,True
portugal-wildfire_00000170,portugal-wildfire,tier3,test_ood,True,7,7,True,True,True
portugal-wildfire_00000171,portugal-wildfire,tier3,test_ood,True,7,7,True,True,True
portugal-wildfire_00000172,portugal-wildfire,tier3,test_ood,True,7,7,True,True,True
portugal-wildfire_00000173,portugal-wildfire,tier3,test_ood,True,7,7,True,True,True
portugal-wildfire_00000174,portugal-wildfire,tier3,test_ood,True,7,7,True,True,True
portugal-wildfire_00000175,portugal-wildfire,tier3,test_ood,True,7,7,True,True,True
portugal-wildfire_00000176,portugal-wildfire,tier3,test_ood,True,7,7,True,True,True
portugal-wildfire_00000177,portugal-wildfire,tier3,test_ood,True,7,7,True,True,True
portugal-wildfire_00000178,portugal-wildfire,tier3,test_ood,True,7,7,True,True,True
portugal-wildfire_00000179,portugal-wildfire,tier3,test_ood,True,7,7,True,True,True
portugal-wildfire_00000180,portugal-wildfire,tier3,test_ood,True,7,7,True,True,True
portugal-wildfire_00000181,portugal-wildfire,tier3,test_ood,True,7,7,True,True,True
portugal-wildfire_00000182,portugal-wildfire,tier3,test_ood,True,7,7,True,True,True
portugal-wildfire_00000183,portugal-wildfire,tier3,test_ood,True,7,7,True,True,True
portugal-wildfire_00000184,portugal-wildfire,tier3,test_ood,True,7,7,True,True,True
portugal-wildfire_00000185,portugal-wildfire,tier3,test_ood,True,7,7,True,True,True
portugal-wildfire_00000186,portugal-wildfire,tier3,test_ood,True,7,7,True,True,True
portugal-wildfire_00000187,portugal-wildfire,tier3,test_ood,True,7,7,True,True,True
portugal-wildfire_00000188,portugal-wildfire,tier3,test_ood,True,7,7,True,True,True
portugal-wildfire_00000189,portugal-wildfire,tier3,test_ood,True,7,7,True,True,True
portugal-wildfire_00000190,portugal-wildfire,tier3,test_ood,True,7,7,True,True,True
portugal-wildfire_00000191,portugal-wildfire,tier3,test_ood,True,7,7,True,True,True
portugal-wildfire_00000192,portugal-wildfire,tier3,test_ood,True,7,7,True,True,True
portugal-wildfire_00000193,portugal-wildfire,tier3,test_ood,True,7,7,True,True,True
portugal-wildfire_00000194,portugal-wildfire,tier3,test_ood,True,7,7,True,True,True
portugal-wildfire_00000195,portugal-wildfire,tier3,test_ood,True,7,7,True,True,True
portugal-wildfire_00000196,portugal-wildfire,tier3,test_ood,True,7,7,True,True,True
portugal-wildfire_00000197,portugal-wildfire,tier3,test_ood,True,7,7,True,True,True
portugal-wildfire_00000198,portugal-wildfire,tier3,test_ood,True,7,7,True,True,True
portugal-wildfire_00000199,portugal-wildfire,tier3,test_ood,True,7,7,True,True,True
portugal-wildfire_00000200,portugal-wildfire,tier3,test_ood,True,7,7,True,True,True
portugal-wildfire_00000201,portugal-wildfire,tier3,test_ood,True,7,7,True,True,True
portugal-wildfire_00000202,portugal-wildfire,tier3,test_ood,True,7,7,True,True,True
portugal-wildfire_00000203,portugal-wildfire,tier3,test_ood,True,7,7,True,True,True
portugal-wildfire_00000204,portugal-wildfire,tier3,test_ood,True,7,7,True,True,True
portugal-wildfire_00000205,portugal-wildfire,tier3,test_ood,True,7,7,True,True,True
portugal-wildfire_00000206,portugal-wildfire,tier3,test_ood,True,7,7,True,True,True
portugal-wildfire_00000207,portugal-wildfire,tier3,test_ood,True,7,7,True,True,True
portugal-wildfire_00000208,portugal-wildfire,tier3,test_ood,True,7,7,True,True,True
portugal-wildfire_00000209,portugal-wildfire,tier3,test_ood,True,7,7,True,True,True
portugal-wildfire_00000210,portugal-wildfire,tier3,test_ood,True,7,7,True,True,True
portugal-wildfire_00000211,portugal-wildfire,tier3,test_ood,True,7,7,True,True,True
portugal-wildfire_00000212,portugal-wildfire,tier3,test_ood,True,7,7,True,True,True
portugal-wildfire_00000213,portugal-wildfire,tier3,test_ood,True,7,7,True,True,True
portugal-wildfire_00000214,portugal-wildfire,tier3,test_ood,True,7,7,True,True,True
portugal-wildfire_00000215,portugal-wildfire,tier3,test_ood,True,7,7,True,True,True
portugal-wildfire_00000216,portugal-wildfire,tier3,test_ood,True,7,7,True,True,True
portugal-wildfire_00000217,portugal-wildfire,tier3,test_ood,True,7,7,True,True,True
portugal-wildfire_00000218,portugal-wildfire,tier3,test_ood,True,7,7,True,True,True
portugal-wildfire_00000219,portugal-wildfire,tier3,test_ood,True,7,7,True,True,True
portugal-wildfire_00000220,portugal-wildfire,tier3,test_ood,True,7,7,True,True,True
portugal-wildfire_00000221,portugal-wildfire,tier3,test_ood,True,7,7,True,True,True
portugal-wildfire_00000222,portugal-wildfire,tier3,test_ood,True,7,7,True,True,True
portugal-wildfire_00000223,portugal-wildfire,tier3,test_ood,True,7,7,True,True,True
portugal-wildfire_00000224,portugal-wildfire,tier3,test_ood,True,7,7,True,True,True
portugal-wildfire_00000225,portugal-wildfire,tier3,test_ood,True,7,7,True,True,True
portugal-wildfire_00000226,portugal-wildfire,tier3,test_ood,True,7,7,True,True,True
portugal-wildfire_00000227,portugal-wildfire,tier3,test_ood,True,7,7,True,True,True
portugal-wildfire_00000228,portugal-wildfire,tier3,test_ood,True,7,7,True,True,True
portugal-wildfire_00000229,portugal-wildfire,tier3,test_ood,True,7,7,True,True,True
portugal-wildfire_00000230,portugal-wildfire,tier3,test_ood,True,7,7,True,True,True
portugal-wildfire_00000231,portugal-wildfire,tier3,test_ood,True,7,7,True,True,True
portugal-wildfire_00000232,portugal-wildfire,tier3,test_ood,True,7,7,True,True,True
portugal-wildfire_00000233,portugal-wildfire,tier3,test_ood,True,7,7,True,True,True
portugal-wildfire_00000234,portugal-wildfire,tier3,test_ood,True,7,7,True,True,True
portugal-wildfire_00000235,portugal-wildfire,tier3,test_ood,True,7,7,True,True,True
portugal-wildfire_00000236,portugal-wildfire,tier3,test_ood,True,7,7,True,True,True
portugal-wildfire_00000237,portugal-wildfire,tier3,test_ood,True,7,7,True,True,True
portugal-wildfire_00000238,portugal-wildfire,tier3,test_ood,True,7,7,True,True,True
portugal-wildfire_00000239,portugal-wildfire,tier3,test_ood,True,7,7,True,True,True
portugal-wildfire_00000240,portugal-wildfire,tier3,test_ood,True,7,7,True,True,True
portugal-wildfire_00000241,portugal-wildfire,tier3,test_ood,True,7,7,True,True,True
portugal-wildfire_00000242,portugal-wildfire,tier3,test_ood,True,7,7,True,True,True
portugal-wildfire_00000243,portugal-wildfire,tier3,test_ood,True,7,7,True,True,True
portugal-wildfire_00000244,portugal-wildfire,tier3,test_ood,True,7,7,True,True,True
portugal-wildfire_00000245,portugal-wildfire,tier3,test_ood,True,7,7,True,True,True
portugal-wildfire_00000246,portugal-wildfire,tier3,test_ood,True,7,7,True,True,True
portugal-wildfire_00000247,portugal-wildfire,tier3,test_ood,True,7,7,True,True,True
portugal-wildfire_00000248,portugal-wildfire,tier3,test_ood,True,7,7,True,True,True
portugal-wildfire_00000249,portugal-wildfire,tier3,test_ood,True,7,7,True,True,True
portugal-wildfire_00000250,portugal-wildfire,tier3,test_ood,True,7,7,True,True,True
portugal-wildfire_00000251,portugal-wildfire,tier3,test_ood,True,7,7,True,True,True
portugal-wildfire_00000252,portugal-wildfire,tier3,test_ood,True,7,7,True,True,True
portugal-wildfire_00000253,portugal-wildfire,tier3,test_ood,True,7,7,True,True,True
portugal-wildfire_00000254,portugal-wildfire,tier3,test_ood,True,7,7,True,True,True
portugal-wildfire_00000255,portugal-wildfire,tier3,test_ood,True,7,7,True,True,True
portugal-wildfire_00000256,portugal-wildfire,tier3,test_ood,True,7,7,True,True,True
portugal-wildfire_00000257,portugal-wildfire,tier3,test_ood,True,7,7,True,True,True
portugal-wildfire_00000258,portugal-wildfire,tier3,test_ood,True,7,7,True,True,True
portugal-wildfire_00000259,portugal-wildfire,tier3,test_ood,True,7,7,True,True,True
portugal-wildfire_00000260,portugal-wildfire,tier3,test_ood,True,7,7,True,True,True
portugal-wildfire_00000261,portugal-wildfire,tier3,test_ood,True,7,7,True,True,True
portugal-wildfire_00000262,portugal-wildfire,tier3,test_ood,True,7,7,True,True,True
portugal-wildfire_00000263,portugal-wildfire,tier3,test_ood,True,7,7,True,True,True
portugal-wildfire_00000264,portugal-wildfire,tier3,test_ood,True,7,7,True,True,True
portugal-wildfire_00000265,portugal-wildfire,tier3,test_ood,True,7,7,True,True,True
portugal-wildfire_00000266,portugal-wildfire,tier3,test_ood,True,7,7,True,True,True
portugal-wildfire_00000267,portugal-wildfire,tier3,test_ood,True,7,7,True,True,True
portugal-wildfire_00000268,portugal-wildfire,tier3,test_ood,True,7,7,True,True,True
portugal-wildfire_00000269,portugal-wildfire,tier3,test_ood,True,7,7,True,True,True
portugal-wildfire_00000270,portugal-wildfire,tier3,test_ood,True,7,7,True,True,True
portugal-wildfire_00000271,portugal-wildfire,tier3,test_ood,True,7,7,True,True,True
portugal-wildfire_00000272,portugal-wildfire,tier3,test_ood,True,7,7,True,True,True
portugal-wildfire_00000273,portugal-wildfire,tier3,test_ood,True,7,7,True,True,True
portugal-wildfire_00000274,portugal-wildfire,tier3,test_ood,True,7,7,True,True,True
portugal-wildfire_00000275,portugal-wildfire,tier3,test_ood,True,7,7,True,True,True
portugal-wildfire_00000276,portugal-wildfire,tier3,test_ood,True,7,7,True,True,True
portugal-wildfire_00000277,portugal-wildfire,tier3,test_ood,True,7,7,True,True,True
portugal-wildfire_00000278,portugal-wildfire,tier3,test_ood,True,7,7,True,True,True
portugal-wildfire_00000279,portugal-wildfire,tier3,test_ood,True,7,7,True,True,True
portugal-wildfire_00000280,portugal-wildfire,tier3,test_ood,True,7,7,True,True,True
portugal-wildfire_00000281,portugal-wildfire,tier3,test_ood,True,7,7,True,True,True
portugal-wildfire_00000282,portugal-wildfire,tier3,test_ood,True,7,7,True,True,True
portugal-wildfire_00000283,portugal-wildfire,tier3,test_ood,True,7,7,True,True,True
portugal-wildfire_00000284,portugal-wildfire,tier3,test_ood,True,7,7,True,True,True
portugal-wildfire_00000285,portugal-wildfire,tier3,test_ood,True,7,7,True,True,True
portugal-wildfire_00000286,portugal-wildfire,tier3,test_ood,True,7,7,True,True,True
portugal-wildfire_00000287,portugal-wildfire,tier3,test_ood,True,7,7,True,True,True
portugal-wildfire_00000288,portugal-wildfire,tier3,test_ood,True,7,7,True,True,True
portugal-wildfire_00000289,portugal-wildfire,tier3,test_ood,True,7,7,True,True,True
portugal-wildfire_00000290,portugal-wildfire,tier3,test_ood,True,7,7,True,True,True
portugal-wildfire_00000291,portugal-wildfire,tier3,test_ood,True,7,7,True,True,True
portugal-wildfire_00000292,portugal-wildfire,tier3,test_ood,True,7,7,True,True,True
portugal-wildfire_00000293,portugal-wildfire,tier3,test_ood,True,7,7,True,True,True
portugal-wildfire_00000294,portugal-wildfire,tier3,test_ood,True,7,7,True,True,True
portugal-wildfire_00000295,portugal-wildfire,tier3,test_ood,True,7,7,True,True,True
portugal-wildfire_00000296,portugal-wildfire,tier3,test_ood,True,7,7,True,True,True
portugal-wildfire_00000297,portugal-wildfire,tier3,test_ood,True,7,7,True,True,True
portugal-wildfire_00000298,portugal-wildfire,tier3,test_ood,True,7,7,True,True,True
portugal-wildfire_00000299,portugal-wildfire,tier3,test_ood,True,7,7,True,True,True
portugal-wildfire_00000300,portugal-wildfire,tier3,test_ood,True,7,7,True,True,True
portugal-wildfire_00000301,portugal-wildfire,tier3,test_ood,True,7,7,True,True,True
portugal-wildfire_00000302,portugal-wildfire,tier3,test_ood,True,7,7,True,True,True
portugal-wildfire_00000303,portugal-wildfire,tier3,test_ood,True,7,7,True,True,True
portugal-wildfire_00000304,portugal-wildfire,tier3,test_ood,True,7,7,True,True,True
portugal-wildfire_00000305,portugal-wildfire,tier3,test_ood,True,7,7,True,True,True
portugal-wildfire_00000306,portugal-wildfire,tier3,test_ood,True,7,7,True,True,True
portugal-wildfire_00000307,portugal-wildfire,tier3,test_ood,True,7,7,True,True,True
portugal-wildfire_00000308,portugal-wildfire,tier3,test_ood,True,7,7,True,True,True
portugal-wildfire_00000309,portugal-wildfire,tier3,test_ood,True,7,7,True,True,True
portugal-wildfire_00000310,portugal-wildfire,tier3,test_ood,True,7,7,True,True,True
portugal-wildfire_00000311,portugal-wildfire,tier3,test_ood,True,7,7,True,True,True
portugal-wildfire_00000312,portugal-wildfire,tier3,test_ood,True,7,7,True,True,True
portugal-wildfire_00000313,portugal-wildfire,tier3,test_ood,True,7,7,True,True,True
portugal-wildfire_00000314,portugal-wildfire,tier3,test_ood,True,7,7,True,True,True
portugal-wildfire_00000315,portugal-wildfire,tier3,test_ood,True,7,7,True,True,True
portugal-wildfire_00000316,portugal-wildfire,tier3,test_ood,True,7,7,True,True,True
portugal-wildfire_00000317,portugal-wildfire,tier3,test_ood,True,7,7,True,True,True
portugal-wildfire_00000318,portugal-wildfire,tier3,test_ood,True,7,7,True,True,True
portugal-wildfire_00000319,portugal-wildfire,tier3,test_ood,True,7,7,True,True,True
portugal-wildfire_00000320,portugal-wildfire,tier3,test_ood,True,7,7,True,True,True
portugal-wildfire_00000321,portugal-wildfire,tier3,test_ood,True,7,7,True,True,True
portugal-wildfire_00000322,portugal-wildfire,tier3,test_ood,True,7,7,True,True,True
portugal-wildfire_00000323,portugal-wildfire,tier3,test_ood,True,7,7,True,True,True
portugal-wildfire_00000324,portugal-wildfire,tier3,test_ood,True,7,7,True,True,True
portugal-wildfire_00000325,portugal-wildfire,tier3,test_ood,True,7,7,True,True,True
portugal-wildfire_00000326,portugal-wildfire,tier3,test_ood,True,7,7,True,True,True
portugal-wildfire_00000327,portugal-wildfire,tier3,test_ood,True,7,7,True,True,True
portugal-wildfire_00000328,portugal-wildfire,tier3,test_ood,True,7,7,True,True,True
portugal-wildfire_00000329,portugal-wildfire,tier3,test_ood,True,7,7,True,True,True
portugal-wildfire_00000330,portugal-wildfire,tier3,test_ood,True,7,7,True,True,True
portugal-wildfire_00000331,portugal-wildfire,tier3,test_ood,True,7,7,True,True,True
portugal-wildfire_00000332,portugal-wildfire,tier3,test_ood,True,7,7,True,True,True
portugal-wildfire_00000333,portugal-wildfire,tier3,test_ood,True,7,7,True,True,True
portugal-wildfire_00000334,portugal-wildfire,tier3,test_ood,True,7,7,True,True,True
portugal-wildfire_00000335,portugal-wildfire,tier3,test_ood,True,7,7,True,True,True
portugal-wildfire_00000336,portugal-wildfire,tier3,test_ood,True,7,7,True,True,True
portugal-wildfire_00000337,portugal-wildfire,tier3,test_ood,True,7,7,True,True,True
portugal-wildfire_00000338,portugal-wildfire,tier3,test_ood,True,7,7,True,True,True
portugal-wildfire_00000339,portugal-wildfire,tier3,test_ood,True,7,7,True,True,True
portugal-wildfire_00000340,portugal-wildfire,tier3,test_ood,True,7,7,True,True,True
portugal-wildfire_00000341,portugal-wildfire,tier3,test_ood,True,7,7,True,True,True
portugal-wildfire_00000342,portugal-wildfire,tier3,test_ood,True,7,7,True,True,True
portugal-wildfire_00000343,portugal-wildfire,tier3,test_ood,True,7,7,True,True,True
portugal-wildfire_00000344,portugal-wildfire,tier3,test_ood,True,7,7,True,True,True
portugal-wildfire_00000345,portugal-wildfire,tier3,test_ood,True,7,7,True,True,True
portugal-wildfire_00000346,portugal-wildfire,tier3,test_ood,True,7,7,True,True,True
portugal-wildfire_00000347,portugal-wildfire,tier3,test_ood,True,7,7,True,True,True
portugal-wildfire_00000348,portugal-wildfire,tier3,test_ood,True,7,7,True,True,True
portugal-wildfire_00000349,portugal-wildfire,tier3,test_ood,True,7,7,True,True,True
portugal-wildfire_00000350,portugal-wildfire,tier3,test_ood,True,7,7,True,True,True
portugal-wildfire_00000351,portugal-wildfire,tier3,test_ood,True,7,7,True,True,True
portugal-wildfire_00000352,portugal-wildfire,tier3,test_ood,True,7,7,True,True,True
portugal-wildfire_00000353,portugal-wildfire,tier3,test_ood,True,7,7,True,True,True
portugal-wildfire_00000354,portugal-wildfire,tier3,test_ood,True,7,7,True,True,True
portugal-wildfire_00000355,portugal-wildfire,tier3,test_ood,True,7,7,True,True,True
portugal-wildfire_00000356,portugal-wildfire,tier3,test_ood,True,7,7,True,True,True
portugal-wildfire_00000357,portugal-wildfire,tier3,test_ood,True,7,7,True,True,True
portugal-wildfire_00000358,portugal-wildfire,tier3,test_ood,True,7,7,True,True,True
portugal-wildfire_00000359,portugal-wildfire,tier3,test_ood,True,7,7,True,True,True
portugal-wildfire_00000360,portugal-wildfire,tier3,test_ood,True,7,7,True,True,True
portugal-wildfire_00000361,portugal-wildfire,tier3,test_ood,True,7,7,True,True,True
portugal-wildfire_00000362,portugal-wildfire,tier3,test_ood,True,7,7,True,True,True
portugal-wildfire_00000363,portugal-wildfire,tier3,test_ood,True,7,7,True,True,True
portugal-wildfire_00000364,portugal-wildfire,tier3,test_ood,True,7,7,True,True,True
portugal-wildfire_00000365,portugal-wildfire,tier3,test_ood,True,7,7,True,True,True
portugal-wildfire_00000366,portugal-wildfire,tier3,test_ood,True,7,7,True,True,True
portugal-wildfire_00000367,portugal-wildfire,tier3,test_ood,True,7,7,True,True,True
portugal-wildfire_00000368,portugal-wildfire,tier3,test_ood,True,7,7,True,True,True
portugal-wildfire_00000369,portugal-wildfire,tier3,test_ood,True,7,7,True,True,True
portugal-wildfire_00000370,portugal-wildfire,tier3,test_ood,True,7,7,True,True,True
portugal-wildfire_00000371,portugal-wildfire,tier3,test_ood,True,7,7,True,True,True
portugal-wildfire_00000372,portugal-wildfire,tier3,test_ood,True,7,7,True,True,True
portugal-wildfire_00000373,portugal-wildfire,tier3,test_ood,True,7,7,True,True,True
portugal-wildfire_00000374,portugal-wildfire,tier3,test_ood,True,7,7,True,True,True
portugal-wildfire_00000375,portugal-wildfire,tier3,test_ood,True,7,7,True,True,True
portugal-wildfire_00000376,portugal-wildfire,tier3,test_ood,True,7,7,True,True,True
portugal-wildfire_00000377,portugal-wildfire,tier3,test_ood,True,7,7,True,True,True
portugal-wildfire_00000378,portugal-wildfire,tier3,test_ood,True,7,7,True,True,True
portugal-wildfire_00000379,portugal-wildfire,tier3,test_ood,True,7,7,True,True,True
portugal-wildfire_00000380,portugal-wildfire,tier3,test_ood,True,7,7,True,True,True
portugal-wildfire_00000381,portugal-wildfire,tier3,test_ood,True,7,7,True,True,True
portugal-wildfire_00000382,portugal-wildfire,tier3,test_ood,True,7,7,True,True,True
portugal-wildfire_00000383,portugal-wildfire,tier3,test_ood,True,7,7,True,True,True
portugal-wildfire_00000384,portugal-wildfire,tier3,test_ood,True,7,7,True,True,True
portugal-wildfire_00000385,portugal-wildfire,tier3,test_ood,True,7,7,True,True,True
portugal-wildfire_00000386,portugal-wildfire,tier3,test_ood,True,7,7,True,True,True
portugal-wildfire_00000387,portugal-wildfire,tier3,test_ood,True,7,7,True,True,True
portugal-wildfire_00000388,portugal-wildfire,tier3,test_ood,True,7,7,True,True,True
portugal-wildfire_00000389,portugal-wildfire,tier3,test_ood,True,7,7,True,True,True
portugal-wildfire_00000390,portugal-wildfire,tier3,test_ood,True,7,7,True,True,True
portugal-wildfire_00000391,portugal-wildfire,tier3,test_ood,True,7,7,True,True,True
portugal-wildfire_00000392,portugal-wildfire,tier3,test_ood,True,7,7,True,True,True
portugal-wildfire_00000393,portugal-wildfire,tier3,test_ood,True,7,7,True,True,True
portugal-wildfire_00000394,portugal-wildfire,tier3,test_ood,True,7,7,True,True,True
portugal-wildfire_00000395,portugal-wildfire,tier3,test_ood,True,7,7,True,True,True
portugal-wildfire_00000396,portugal-wildfire,tier3,test_ood,True,7,7,True,True,True
portugal-wildfire_00000397,portugal-wildfire,tier3,test_ood,True,7,7,True,True,True
portugal-wildfire_00000398,portugal-wildfire,tier3,test_ood,True,7,7,True,True,True
portugal-wildfire_00000399,portugal-wildfire,tier3,test_ood,True,7,7,True,True,True
portugal-wildfire_00000400,portugal-wildfire,tier3,test_ood,True,7,7,True,True,True
portugal-wildfire_00000401,portugal-wildfire,tier3,test_ood,True,7,7,True,True,True
portugal-wildfire_00000402,portugal-wildfire,tier3,test_ood,True,7,7,True,True,True
portugal-wildfire_00000403,portugal-wildfire,tier3,test_ood,True,7,7,True,True,True
portugal-wildfire_00000404,portugal-wildfire,tier3,test_ood,True,7,7,True,True,True
portugal-wildfire_00000405,portugal-wildfire,tier3,test_ood,True,7,7,True,True,True
portugal-wildfire_00000406,portugal-wildfire,tier3,test_ood,True,7,7,True,True,True
portugal-wildfire_00000407,portugal-wildfire,tier3,test_ood,True,7,7,True,True,True
portugal-wildfire_00000408,portugal-wildfire,tier3,test_ood,True,7,7,True,True,True
portugal-wildfire_00000409,portugal-wildfire,tier3,test_ood,True,7,7,True,True,True
portugal-wildfire_00000410,portugal-wildfire,tier3,test_ood,True,7,7,True,True,True
portugal-wildfire_00000411,portugal-wildfire,tier3,test_ood,True,7,7,True,True,True
portugal-wildfire_00000412,portugal-wildfire,tier3,test_ood,True,7,7,True,True,True
portugal-wildfire_00000413,portugal-wildfire,tier3,test_ood,True,7,7,True,True,True
portugal-wildfire_00000414,portugal-wildfire,tier3,test_ood,True,7,7,True,True,True
portugal-wildfire_00000415,portugal-wildfire,tier3,test_ood,True,7,7,True,True,True
portugal-wildfire_00000416,portugal-wildfire,tier3,test_ood,True,7,7,True,True,True
portugal-wildfire_00000417,portugal-wildfire,tier3,test_ood,True,7,7,True,True,True
portugal-wildfire_00000418,portugal-wildfire,tier3,test_ood,True,7,7,True,True,True
portugal-wildfire_00000419,portugal-wildfire,tier3,test_ood,True,7,7,True,True,True
portugal-wildfire_00000420,portugal-wildfire,tier3,test_ood,True,7,7,True,True,True
portugal-wildfire_00000421,portugal-wildfire,tier3,test_ood,True,7,7,True,True,True
portugal-wildfire_00000422,portugal-wildfire,tier3,test_ood,True,7,7,True,True,True
portugal-wildfire_00000423,portugal-wildfire,tier3,test_ood,True,7,7,True,True,True
portugal-wildfire_00000424,portugal-wildfire,tier3,test_ood,True,7,7,True,True,True
portugal-wildfire_00000425,portugal-wildfire,tier3,test_ood,True,7,7,True,True,True
portugal-wildfire_00000426,portugal-wildfire,tier3,test_ood,True,7,7,True,True,True
portugal-wildfire_00000427,portugal-wildfire,tier3,test_ood,True,7,7,True,True,True
portugal-wildfire_00000428,portugal-wildfire,tier3,test_ood,True,7,7,True,True,True
portugal-wildfire_00000429,portugal-wildfire,tier3,test_ood,True,7,7,True,True,True
portugal-wildfire_00000430,portugal-wildfire,tier3,test_ood,True,7,7,True,True,True
portugal-wildfire_00000431,portugal-wildfire,tier3,test_ood,True,7,7,True,True,True
portugal-wildfire_00000432,portugal-wildfire,tier3,test_ood,True,7,7,True,True,True
portugal-wildfire_00000433,portugal-wildfire,tier3,test_ood,True,7,7,True,True,True
portugal-wildfire_00000434,portugal-wildfire,tier3,test_ood,True,7,7,True,True,True
portugal-wildfire_00000435,portugal-wildfire,tier3,test_ood,True,7,7,True,True,True
portugal-wildfire_00000436,portugal-wildfire,tier3,test_ood,True,7,7,True,True,True
portugal-wildfire_00000437,portugal-wildfire,tier3,test_ood,True,7,7,True,True,True
portugal-wildfire_00000438,portugal-wildfire,tier3,test_ood,True,7,7,True,True,True
portugal-wildfire_00000439,portugal-wildfire,tier3,test_ood,True,7,7,True,True,True
portugal-wildfire_00000440,portugal-wildfire,tier3,test_ood,True,7,7,True,True,True
portugal-wildfire_00000441,portugal-wildfire,tier3,test_ood,True,7,7,True,True,True
portugal-wildfire_00000442,portugal-wildfire,tier3,test_ood,True,7,7,True,True,True
portugal-wildfire_00000443,portugal-wildfire,tier3,test_ood,True,7,7,True,True,True
portugal-wildfire_00000444,portugal-wildfire,tier3,test_ood,True,7,7,True,True,True
portugal-wildfire_00000445,portugal-wildfire,tier3,test_ood,True,7,7,True,True,True
portugal-wildfire_00000446,portugal-wildfire,tier3,test_ood,True,7,7,True,True,True
portugal-wildfire_00000447,portugal-wildfire,tier3,test_ood,True,7,7,True,True,True
portugal-wildfire_00000448,portugal-wildfire,tier3,test_ood,True,7,7,True,True,True
portugal-wildfire_00000449,portugal-wildfire,tier3,test_ood,True,7,7,True,True,True
portugal-wildfire_00000450,portugal-wildfire,tier3,test_ood,True,7,7,True,True,True
portugal-wildfire_00000451,portugal-wildfire,tier3,test_ood,True,7,7,True,True,True
portugal-wildfire_00000452,portugal-wildfire,tier3,test_ood,True,7,7,True,True,True
portugal-wildfire_00000453,portugal-wildfire,tier3,test_ood,True,7,7,True,True,True
portugal-wildfire_00000454,portugal-wildfire,tier3,test_ood,True,7,7,True,True,True
portugal-wildfire_00000455,portugal-wildfire,tier3,test_ood,True,7,7,True,True,True
portugal-wildfire_00000456,portugal-wildfire,tier3,test_ood,True,7,7,True,True,True
portugal-wildfire_00000457,portugal-wildfire,tier3,test_ood,True,7,7,True,True,True
portugal-wildfire_00000458,portugal-wildfire,tier3,test_ood,True,7,7,True,True,True
portugal-wildfire_00000459,portugal-wildfire,tier3,test_ood,True,7,7,True,True,True
portugal-wildfire_00000460,portugal-wildfire,tier3,test_ood,True,7,7,True,True,True
portugal-wildfire_00000461,portugal-wildfire,tier3,test_ood,True,7,7,True,True,True
portugal-wildfire_00000462,portugal-wildfire,tier3,test_ood,True,7,7,True,True,True
portugal-wildfire_00000463,portugal-wildfire,tier3,test_ood,True,7,7,True,True,True
portugal-wildfire_00000464,portugal-wildfire,tier3,test_ood,True,7,7,True,True,True
portugal-wildfire_00000465,portugal-wildfire,tier3,test_ood,True,7,7,True,True,True
portugal-wildfire_00000466,portugal-wildfire,tier3,test_ood,True,7,7,True,True,True
portugal-wildfire_00000467,portugal-wildfire,tier3,test_ood,True,7,7,True,True,True
portugal-wildfire_00000468,portugal-wildfire,tier3,test_ood,True,7,7,True,True,True
portugal-wildfire_00000469,portugal-wildfire,tier3,test_ood,True,7,7,True,True,True
portugal-wildfire_00000470,portugal-wildfire,tier3,test_ood,True,7,7,True,True,True
portugal-wildfire_00000471,portugal-wildfire,tier3,test_ood,True,7,7,True,True,True
portugal-wildfire_00000472,portugal-wildfire,tier3,test_ood,True,7,7,True,True,True
portugal-wildfire_00000473,portugal-wildfire,tier3,test_ood,True,7,7,True,True,True
portugal-wildfire_00000474,portugal-wildfire,tier3,test_ood,True,7,7,True,True,True
portugal-wildfire_00000475,portugal-wildfire,tier3,test_ood,True,7,7,True,True,True
portugal-wildfire_00000476,portugal-wildfire,tier3,test_ood,True,7,7,True,True,True
portugal-wildfire_00000477,portugal-wildfire,tier3,test_ood,True,7,7,True,True,True
portugal-wildfire_00000478,portugal-wildfire,tier3,test_ood,True,7,7,True,True,True
portugal-wildfire_00000479,portugal-wildfire,tier3,test_ood,True,7,7,True,True,True
portugal-wildfire_00000480,portugal-wildfire,tier3,test_ood,True,7,7,True,True,True
portugal-wildfire_00000481,portugal-wildfire,tier3,test_ood,True,7,7,True,True,True
portugal-wildfire_00000482,portugal-wildfire,tier3,test_ood,True,7,7,True,True,True
portugal-wildfire_00000483,portugal-wildfire,tier3,test_ood,True,7,7,True,True,True
portugal-wildfire_00000484,portugal-wildfire,tier3,test_ood,True,7,7,True,True,True
portugal-wildfire_00000485,portugal-wildfire,tier3,test_ood,True,7,7,True,True,True
portugal-wildfire_00000486,portugal-wildfire,tier3,test_ood,True,7,7,True,True,True
portugal-wildfire_00000487,portugal-wildfire,tier3,test_ood,True,7,7,True,True,True
portugal-wildfire_00000488,portugal-wildfire,tier3,test_ood,True,7,7,True,True,True
portugal-wildfire_00000489,portugal-wildfire,tier3,test_ood,True,7,7,True,True,True
portugal-wildfire_00000490,portugal-wildfire,tier3,test_ood,True,7,7,True,True,True
portugal-wildfire_00000491,portugal-wildfire,tier3,test_ood,True,7,7,True,True,True
portugal-wildfire_00000492,portugal-wildfire,tier3,test_ood,True,7,7,True,True,True
portugal-wildfire_00000493,portugal-wildfire,tier3,test_ood,True,7,7,True,True,True
portugal-wildfire_00000494,portugal-wildfire,tier3,test_ood,True,7,7,True,True,True
portugal-wildfire_00000495,portugal-wildfire,tier3,test_ood,True,7,7,True,True,True
portugal-wildfire_00000496,portugal-wildfire,tier3,test_ood,True,7,7,True,True,True
portugal-wildfire_00000497,portugal-wildfire,tier3,test_ood,True,7,7,True,True,True
portugal-wildfire_00000498,portugal-wildfire,tier3,test_ood,True,7,7,True,True,True
portugal-wildfire_00000499,portugal-wildfire,tier3,test_ood,True,7,7,True,True,True
portugal-wildfire_00000500,portugal-wildfire,tier3,test_ood,True,7,7,True,True,True
portugal-wildfire_00000501,portugal-wildfire,tier3,test_ood,True,7,7,True,True,True
portugal-wildfire_00000502,portugal-wildfire,tier3,test_ood,True,7,7,True,True,True
portugal-wildfire_00000503,portugal-wildfire,tier3,test_ood,True,7,7,True,True,True
portugal-wildfire_00000504,portugal-wildfire,tier3,test_ood,True,7,7,True,True,True
portugal-wildfire_00000505,portugal-wildfire,tier3,test_ood,True,7,7,True,True,True
portugal-wildfire_00000506,portugal-wildfire,tier3,test_ood,True,7,7,True,True,True
portugal-wildfire_00000507,portugal-wildfire,tier3,test_ood,True,7,7,True,True,True
portugal-wildfire_00000508,portugal-wildfire,tier3,test_ood,True,7,7,True,True,True
portugal-wildfire_00000509,portugal-wildfire,tier3,test_ood,True,7,7,True,True,True
portugal-wildfire_00000510,portugal-wildfire,tier3,test_ood,True,7,7,True,True,True
portugal-wildfire_00000511,portugal-wildfire,tier3,test_ood,True,7,7,True,True,True
portugal-wildfire_00000512,portugal-wildfire,tier3,test_ood,True,7,7,True,True,True
portugal-wildfire_00000513,portugal-wildfire,tier3,test_ood,True,7,7,True,True,True
portugal-wildfire_00000514,portugal-wildfire,tier3,test_ood,True,7,7,True,True,True
portugal-wildfire_00000515,portugal-wildfire,tier3,test_ood,True,7,7,True,True,True
portugal-wildfire_00000516,portugal-wildfire,tier3,test_ood,True,7,7,True,True,True
portugal-wildfire_00000517,portugal-wildfire,tier3,test_ood,True,7,7,True,True,True
portugal-wildfire_00000518,portugal-wildfire,tier3,test_ood,True,7,7,True,True,True
portugal-wildfire_00000519,portugal-wildfire,tier3,test_ood,True,7,7,True,True,True
portugal-wildfire_00000520,portugal-wildfire,tier3,test_ood,True,7,7,True,True,True
portugal-wildfire_00000521,portugal-wildfire,tier3,test_ood,True,7,7,True,True,True
portugal-wildfire_00000522,portugal-wildfire,tier3,test_ood,True,7,7,True,True,True
portugal-wildfire_00000523,portugal-wildfire,tier3,test_ood,True,7,7,True,True,True
portugal-wildfire_00000524,portugal-wildfire,tier3,test_ood,True,7,7,True,True,True
portugal-wildfire_00000525,portugal-wildfire,tier3,test_ood,True,7,7,True,True,True
portugal-wildfire_00000526,portugal-wildfire,tier3,test_ood,True,7,7,True,True,True
portugal-wildfire_00000527,portugal-wildfire,tier3,test_ood,True,7,7,True,True,True
portugal-wildfire_00000528,portugal-wildfire,tier3,test_ood,True,7,7,True,True,True
portugal-wildfire_00000529,portugal-wildfire,tier3,test_ood,True,7,7,True,True,True
portugal-wildfire_00000530,portugal-wildfire,tier3,test_ood,True,7,7,True,True,True
portugal-wildfire_00000531,portugal-wildfire,tier3,test_ood,True,7,7,True,True,True
portugal-wildfire_00000532,portugal-wildfire,tier3,test_ood,True,7,7,True,True,True
portugal-wildfire_00000533,portugal-wildfire,tier3,test_ood,True,7,7,True,True,True
portugal-wildfire_00000534,portugal-wildfire,tier3,test_ood,True,7,7,True,True,True
portugal-wildfire_00000535,portugal-wildfire,tier3,test_ood,True,7,7,True,True,True
portugal-wildfire_00000536,portugal-wildfire,tier3,test_ood,True,7,7,True,True,True
portugal-wildfire_00000537,portugal-wildfire,tier3,test_ood,True,7,7,True,True,True
portugal-wildfire_00000538,portugal-wildfire,tier3,test_ood,True,7,7,True,True,True
portugal-wildfire_00000539,portugal-wildfire,tier3,test_ood,True,7,7,True,True,True
portugal-wildfire_00000540,portugal-wildfire,tier3,test_ood,True,7,7,True,True,True
portugal-wildfire_00000541,portugal-wildfire,tier3,test_ood,True,7,7,True,True,True
portugal-wildfire_00000542,portugal-wildfire,tier3,test_ood,True,7,7,True,True,True
portugal-wildfire_00000543,portugal-wildfire,tier3,test_ood,True,7,7,True,True,True
portugal-wildfire_00000544,portugal-wildfire,tier3,test_ood,True,7,7,True,True,True
portugal-wildfire_00000545,portugal-wildfire,tier3,test_ood,True,7,7,True,True,True
portugal-wildfire_00000546,portugal-wildfire,tier3,test_ood,True,7,7,True,True,True
portugal-wildfire_00000547,portugal-wildfire,tier3,test_ood,True,7,7,True,True,True
portugal-wildfire_00000548,portugal-wildfire,tier3,test_ood,True,7,7,True,True,True
portugal-wildfire_00000549,portugal-wildfire,tier3,test_ood,True,7,7,True,True,True
portugal-wildfire_00000550,portugal-wildfire,tier3,test_ood,True,7,7,True,True,True
portugal-wildfire_00000551,portugal-wildfire,tier3,test_ood,True,7,7,True,True,True
portugal-wildfire_00000552,portugal-wildfire,tier3,test_ood,True,7,7,True,True,True
portugal-wildfire_00000553,portugal-wildfire,tier3,test_ood,True,7,7,True,True,True
portugal-wildfire_00000554,portugal-wildfire,tier3,test_ood,True,7,7,True,True,True
portugal-wildfire_00000555,portugal-wildfire,tier3,test_ood,True,7,7,True,True,True
portugal-wildfire_00000556,portugal-wildfire,tier3,test_ood,True,7,7,True,True,True
portugal-wildfire_00000557,portugal-wildfire,tier3,test_ood,True,7,7,True,True,True
portugal-wildfire_00000558,portugal-wildfire,tier3,test_ood,True,7,7,True,True,True
portugal-wildfire_00000559,portugal-wildfire,tier3,test_ood,True,7,7,True,True,True
portugal-wildfire_00000560,portugal-wildfire,tier3,test_ood,True,7,7,True,True,True
portugal-wildfire_00000561,portugal-wildfire,tier3,test_ood,True,7,7,True,True,True
portugal-wildfire_00000562,portugal-wildfire,tier3,test_ood,True,7,7,True,True,True
portugal-wildfire_00000563,portugal-wildfire,tier3,test_ood,True,7,7,True,True,True
portugal-wildfire_00000564,portugal-wildfire,tier3,test_ood,True,7,7,True,True,True
portugal-wildfire_00000565,portugal-wildfire,tier3,test_ood,True,7,7,True,True,True
portugal-wildfire_00000566,portugal-wildfire,tier3,test_ood,True,7,7,True,True,True
portugal-wildfire_00000567,portugal-wildfire,tier3,test_ood,True,7,7,True,True,True
portugal-wildfire_00000568,portugal-wildfire,tier3,test_ood,True,7,7,True,True,True
portugal-wildfire_00000569,portugal-wildfire,tier3,test_ood,True,7,7,True,True,True
portugal-wildfire_00000570,portugal-wildfire,tier3,test_ood,True,7,7,True,True,True
portugal-wildfire_00000571,portugal-wildfire,tier3,test_ood,True,7,7,True,True,True
portugal-wildfire_00000572,portugal-wildfire,tier3,test_ood,True,7,7,True,True,True
portugal-wildfire_00000573,portugal-wildfire,tier3,test_ood,True,7,7,True,True,True
portugal-wildfire_00000574,portugal-wildfire,tier3,test_ood,True,7,7,True,True,True
portugal-wildfire_00000575,portugal-wildfire,tier3,test_ood,True,7,7,True,True,True
portugal-wildfire_00000576,portugal-wildfire,tier3,test_ood,True,7,7,True,True,True
portugal-wildfire_00000577,portugal-wildfire,tier3,test_ood,True,7,7,True,True,True
portugal-wildfire_00000578,portugal-wildfire,tier3,test_ood,True,7,7,True,True,True
portugal-wildfire_00000579,portugal-wildfire,tier3,test_ood,True,7,7,True,True,True
portugal-wildfire_00000580,portugal-wildfire,tier3,test_ood,True,7,7,True,True,True
portugal-wildfire_00000581,portugal-wildfire,tier3,test_ood,True,7,7,True,True,True
portugal-wildfire_00000582,portugal-wildfire,tier3,test_ood,True,7,7,True,True,True
portugal-wildfire_00000583,portugal-wildfire,tier3,test_ood,True,7,7,True,True,True
portugal-wildfire_00000584,portugal-wildfire,tier3,test_ood,True,7,7,True,True,True
portugal-wildfire_00000585,portugal-wildfire,tier3,test_ood,True,7,7,True,True,True
portugal-wildfire_00000586,portugal-wildfire,tier3,test_ood,True,7,7,True,True,True
portugal-wildfire_00000587,portugal-wildfire,tier3,test_ood,True,7,7,True,True,True
portugal-wildfire_00000588,portugal-wildfire,tier3,test_ood,True,7,7,True,True,True
portugal-wildfire_00000589,portugal-wildfire,tier3,test_ood,True,7,7,True,True,True
portugal-wildfire_00000590,portugal-wildfire,tier3,test_ood,True,7,7,True,True,True
portugal-wildfire_00000591,portugal-wildfire,tier3,test_ood,True,7,7,True,True,True
portugal-wildfire_00000592,portugal-wildfire,tier3,test_ood,True,7,7,True,True,True
portugal-wildfire_00000593,portugal-wildfire,tier3,test_ood,True,7,7,True,True,True
portugal-wildfire_00000594,portugal-wildfire,tier3,test_ood,True,7,7,True,True,True
portugal-wildfire_00000595,portugal-wildfire,tier3,test_ood,True,7,7,True,True,True
portugal-wildfire_00000596,portugal-wildfire,tier3,test_ood,True,7,7,True,True,True
portugal-wildfire_00000597,portugal-wildfire,tier3,test_ood,True,7,7,True,True,True
portugal-wildfire_00000598,portugal-wildfire,tier3,test_ood,True,7,7,True,True,True
portugal-wildfire_00000599,portugal-wildfire,tier3,test_ood,True,7,7,True,True,True
portugal-wildfire_00000600,portugal-wildfire,tier3,test_ood,True,7,7,True,True,True
portugal-wildfire_00000601,portugal-wildfire,tier3,test_ood,True,7,7,True,True,True
portugal-wildfire_00000602,portugal-wildfire,tier3,test_ood,True,7,7,True,True,True
portugal-wildfire_00000603,portugal-wildfire,tier3,test_ood,True,7,7,True,True,True
portugal-wildfire_00000604,portugal-wildfire,tier3,test_ood,True,7,7,True,True,True
portugal-wildfire_00000605,portugal-wildfire,tier3,test_ood,True,7,7,True,True,True
portugal-wildfire_00000606,portugal-wildfire,tier3,test_ood,True,7,7,True,True,True
portugal-wildfire_00000607,portugal-wildfire,tier3,test_ood,True,7,7,True,True,True
portugal-wildfire_00000608,portugal-wildfire,tier3,test_ood,True,7,7,True,True,True
portugal-wildfire_00000609,portugal-wildfire,tier3,test_ood,True,7,7,True,True,True
portugal-wildfire_00000610,portugal-wildfire,tier3,test_ood,True,7,7,True,True,True
portugal-wildfire_00000611,portugal-wildfire,tier3,test_ood,True,7,7,True,True,True
portugal-wildfire_00000612,portugal-wildfire,tier3,test_ood,True,7,7,True,True,True
portugal-wildfire_00000613,portugal-wildfire,tier3,test_ood,True,7,7,True,True,True
portugal-wildfire_00000614,portugal-wildfire,tier3,test_ood,True,7,7,True,True,True
portugal-wildfire_00000615,portugal-wildfire,tier3,test_ood,True,7,7,True,True,True
portugal-wildfire_00000616,portugal-wildfire,tier3,test_ood,True,7,7,True,True,True
portugal-wildfire_00000617,portugal-wildfire,tier3,test_ood,True,7,7,True,True,True
portugal-wildfire_00000618,portugal-wildfire,tier3,test_ood,True,7,7,True,True,True
portugal-wildfire_00000619,portugal-wildfire,tier3,test_ood,True,7,7,True,True,True
portugal-wildfire_00000620,portugal-wildfire,tier3,test_ood,True,7,7,True,True,True
portugal-wildfire_00000621,portugal-wildfire,tier3,test_ood,True,7,7,True,True,True
portugal-wildfire_00000622,portugal-wildfire,tier3,test_ood,True,7,7,True,True,True
portugal-wildfire_00000623,portugal-wildfire,tier3,test_ood,True,7,7,True,True,True
portugal-wildfire_00000624,portugal-wildfire,tier3,test_ood,True,7,7,True,True,True
portugal-wildfire_00000625,portugal-wildfire,tier3,test_ood,True,7,7,True,True,True
portugal-wildfire_00000626,portugal-wildfire,tier3,test_ood,True,7,7,True,True,True
portugal-wildfire_00000627,portugal-wildfire,tier3,test_ood,True,7,7,True,True,True
portugal-wildfire_00000628,portugal-wildfire,tier3,test_ood,True,7,7,True,True,True
portugal-wildfire_00000629,portugal-wildfire,tier3,test_ood,True,7,7,True,True,True
portugal-wildfire_00000630,portugal-wildfire,tier3,test_ood,True,7,7,True,True,True
portugal-wildfire_00000631,portugal-wildfire,tier3,test_ood,True,7,7,True,True,True
portugal-wildfire_00000632,portugal-wildfire,tier3,test_ood,True,7,7,True,True,True
portugal-wildfire_00000633,portugal-wildfire,tier3,test_ood,True,7,7,True,True,True
portugal-wildfire_00000634,portugal-wildfire,tier3,test_ood,True,7,7,True,True,True
portugal-wildfire_00000635,portugal-wildfire,tier3,test_ood,True,7,7,True,True,True
portugal-wildfire_00000636,portugal-wildfire,tier3,test_ood,True,7,7,True,True,True
portugal-wildfire_00000637,portugal-wildfire,tier3,test_ood,True,7,7,True,True,True
portugal-wildfire_00000638,portugal-wildfire,tier3,test_ood,True,7,7,True,True,True
portugal-wildfire_00000639,portugal-wildfire,tier3,test_ood,True,7,7,True,True,True
portugal-wildfire_00000640,portugal-wildfire,tier3,test_ood,True,7,7,True,True,True
portugal-wildfire_00000641,portugal-wildfire,tier3,test_ood,True,7,7,True,True,True
portugal-wildfire_00000642,portugal-wildfire,tier3,test_ood,True,7,7,True,True,True
portugal-wildfire_00000643,portugal-wildfire,tier3,test_ood,True,7,7,True,True,True
portugal-wildfire_00000644,portugal-wildfire,tier3,test_ood,True,7,7,True,True,True
portugal-wildfire_00000645,portugal-wildfire,tier3,test_ood,True,7,7,True,True,True
portugal-wildfire_00000646,portugal-wildfire,tier3,test_ood,True,7,7,True,True,True
portugal-wildfire_00000647,portugal-wildfire,tier3,test_ood,True,7,7,True,True,True
portugal-wildfire_00000648,portugal-wildfire,tier3,test_ood,True,7,7,True,True,True
portugal-wildfire_00000649,portugal-wildfire,tier3,test_ood,True,7,7,True,True,True
portugal-wildfire_00000650,portugal-wildfire,tier3,test_ood,True,7,7,True,True,True
portugal-wildfire_00000651,portugal-wildfire,tier3,test_ood,True,7,7,True,True,True
portugal-wildfire_00000652,portugal-wildfire,tier3,test_ood,True,7,7,True,True,True
portugal-wildfire_00000653,portugal-wildfire,tier3,test_ood,True,7,7,True,True,True
portugal-wildfire_00000654,portugal-wildfire,tier3,test_ood,True,7,7,True,True,True
portugal-wildfire_00000655,portugal-wildfire,tier3,test_ood,True,7,7,True,True,True
portugal-wildfire_00000656,portugal-wildfire,tier3,test_ood,True,7,7,True,True,True
portugal-wildfire_00000657,portugal-wildfire,tier3,test_ood,True,7,7,True,True,True
portugal-wildfire_00000658,portugal-wildfire,tier3,test_ood,True,7,7,True,True,True
portugal-wildfire_00000659,portugal-wildfire,tier3,test_ood,True,7,7,True,True,True
portugal-wildfire_00000660,portugal-wildfire,tier3,test_ood,True,7,7,True,True,True
portugal-wildfire_00000661,portugal-wildfire,tier3,test_ood,True,7,7,True,True,True
portugal-wildfire_00000662,portugal-wildfire,tier3,test_ood,True,7,7,True,True,True
portugal-wildfire_00000663,portugal-wildfire,tier3,test_ood,True,7,7,True,True,True
portugal-wildfire_00000664,portugal-wildfire,tier3,test_ood,True,7,7,True,True,True
portugal-wildfire_00000665,portugal-wildfire,tier3,test_ood,True,7,7,True,True,True
portugal-wildfire_00000666,portugal-wildfire,tier3,test_ood,True,7,7,True,True,True
portugal-wildfire_00000667,portugal-wildfire,tier3,test_ood,True,7,7,True,True,True
portugal-wildfire_00000668,portugal-wildfire,tier3,test_ood,True,7,7,True,True,True
portugal-wildfire_00000669,portugal-wildfire,tier3,test_ood,True,7,7,True,True,True
portugal-wildfire_00000670,portugal-wildfire,tier3,test_ood,True,7,7,True,True,True
portugal-wildfire_00000671,portugal-wildfire,tier3,test_ood,True,7,7,True,True,True
portugal-wildfire_00000672,portugal-wildfire,tier3,test_ood,True,7,7,True,True,True
portugal-wildfire_00000673,portugal-wildfire,tier3,test_ood,True,7,7,True,True,True
portugal-wildfire_00000674,portugal-wildfire,tier3,test_ood,True,7,7,True,True,True
portugal-wildfire_00000675,portugal-wildfire,tier3,test_ood,True,7,7,True,True,True
portugal-wildfire_00000676,portugal-wildfire,tier3,test_ood,True,7,7,True,True,True
portugal-wildfire_00000677,portugal-wildfire,tier3,test_ood,True,7,7,True,True,True
portugal-wildfire_00000678,portugal-wildfire,tier3,test_ood,True,7,7,True,True,True
portugal-wildfire_00000679,portugal-wildfire,tier3,test_ood,True,7,7,True,True,True
portugal-wildfire_00000680,portugal-wildfire,tier3,test_ood,True,7,7,True,True,True
portugal-wildfire_00000681,portugal-wildfire,tier3,test_ood,True,7,7,True,True,True
portugal-wildfire_00000682,portugal-wildfire,tier3,test_ood,True,7,7,True,True,True
portugal-wildfire_00000683,portugal-wildfire,tier3,test_ood,True,7,7,True,True,True
portugal-wildfire_00000684,portugal-wildfire,tier3,test_ood,True,7,7,True,True,True
portugal-wildfire_00000685,portugal-wildfire,tier3,test_ood,True,7,7,True,True,True
portugal-wildfire_00000686,portugal-wildfire,tier3,test_ood,True,7,7,True,True,True
portugal-wildfire_00000687,portugal-wildfire,tier3,test_ood,True,7,7,True,True,True
portugal-wildfire_00000688,portugal-wildfire,tier3,test_ood,True,7,7,True,True,True
portugal-wildfire_00000689,portugal-wildfire,tier3,test_ood,True,7,7,True,True,True
portugal-wildfire_00000690,portugal-wildfire,tier3,test_ood,True,7,7,True,True,True
portugal-wildfire_00000691,portugal-wildfire,tier3,test_ood,True,7,7,True,True,True
portugal-wildfire_00000692,portugal-wildfire,tier3,test_ood,True,7,7,True,True,True
portugal-wildfire_00000693,portugal-wildfire,tier3,test_ood,True,7,7,True,True,True
portugal-wildfire_00000694,portugal-wildfire,tier3,test_ood,True,7,7,True,True,True
portugal-wildfire_00000695,portugal-wildfire,tier3,test_ood,True,7,7,True,True,True
portugal-wildfire_00000696,portugal-wildfire,tier3,test_ood,True,7,7,True,True,True
portugal-wildfire_00000697,portugal-wildfire,tier3,test_ood,True,7,7,True,True,True
portugal-wildfire_00000698,portugal-wildfire,tier3,test_ood,True,7,7,True,True,True
portugal-wildfire_00000699,portugal-wildfire,tier3,test_ood,True,7,7,True,True,True
portugal-wildfire_00000700,portugal-wildfire,tier3,test_ood,True,7,7,True,True,True
portugal-wildfire_00000701,portugal-wildfire,tier3,test_ood,True,7,7,True,True,True
portugal-wildfire_00000702,portugal-wildfire,tier3,test_ood,True,7,7,True,True,True
portugal-wildfire_00000703,portugal-wildfire,tier3,test_ood,True,7,7,True,True,True
portugal-wildfire_00000704,portugal-wildfire,tier3,test_ood,True,7,7,True,True,True
portugal-wildfire_00000705,portugal-wildfire,tier3,test_ood,True,7,7,True,True,True
portugal-wildfire_00000706,portugal-wildfire,tier3,test_ood,True,7,7,True,True,True
portugal-wildfire_00000707,portugal-wildfire,tier3,test_ood,True,7,7,True,True,True
portugal-wildfire_00000708,portugal-wildfire,tier3,test_ood,True,7,7,True,True,True
portugal-wildfire_00000709,portugal-wildfire,tier3,test_ood,True,7,7,True,True,True
portugal-wildfire_00000710,portugal-wildfire,tier3,test_ood,True,7,7,True,True,True
portugal-wildfire_00000711,portugal-wildfire,tier3,test_ood,True,7,7,True,True,True
portugal-wildfire_00000712,portugal-wildfire,tier3,test_ood,True,7,7,True,True,True
portugal-wildfire_00000713,portugal-wildfire,tier3,test_ood,True,7,7,True,True,True
portugal-wildfire_00000714,portugal-wildfire,tier3,test_ood,True,7,7,True,True,True
portugal-wildfire_00000715,portugal-wildfire,tier3,test_ood,True,7,7,True,True,True
portugal-wildfire_00000716,portugal-wildfire,tier3,test_ood,True,7,7,True,True,True
portugal-wildfire_00000717,portugal-wildfire,tier3,test_ood,True,7,7,True,True,True
portugal-wildfire_00000718,portugal-wildfire,tier3,test_ood,True,7,7,True,True,True
portugal-wildfire_00000719,portugal-wildfire,tier3,test_ood,True,7,7,True,True,True
portugal-wildfire_00000720,portugal-wildfire,tier3,test_ood,True,7,7,True,True,True
portugal-wildfire_00000721,portugal-wildfire,tier3,test_ood,True,7,7,True,True,True
portugal-wildfire_00000722,portugal-wildfire,tier3,test_ood,True,7,7,True,True,True
portugal-wildfire_00000723,portugal-wildfire,tier3,test_ood,True,7,7,True,True,True
portugal-wildfire_00000724,portugal-wildfire,tier3,test_ood,True,7,7,True,True,True
portugal-wildfire_00000725,portugal-wildfire,tier3,test_ood,True,7,7,True,True,True
portugal-wildfire_00000726,portugal-wildfire,tier3,test_ood,True,7,7,True,True,True
portugal-wildfire_00000727,portugal-wildfire,tier3,test_ood,True,7,7,True,True,True
portugal-wildfire_00000728,portugal-wildfire,tier3,test_ood,True,7,7,True,True,True
portugal-wildfire_00000729,portugal-wildfire,tier3,test_ood,True,7,7,True,True,True
portugal-wildfire_00000730,portugal-wildfire,tier3,test_ood,True,7,7,True,True,True
portugal-wildfire_00000731,portugal-wildfire,tier3,test_ood,True,7,7,True,True,True
portugal-wildfire_00000732,portugal-wildfire,tier3,test_ood,True,7,7,True,True,True
portugal-wildfire_00000733,portugal-wildfire,tier3,test_ood,True,7,7,True,True,True
portugal-wildfire_00000734,portugal-wildfire,tier3,test_ood,True,7,7,True,True,True
portugal-wildfire_00000735,portugal-wildfire,tier3,test_ood,True,7,7,True,True,True
portugal-wildfire_00000736,portugal-wildfire,tier3,test_ood,True,7,7,True,True,True
portugal-wildfire_00000737,portugal-wildfire,tier3,test_ood,True,7,7,True,True,True
portugal-wildfire_00000738,portugal-wildfire,tier3,test_ood,True,7,7,True,True,True
portugal-wildfire_00000739,portugal-wildfire,tier3,test_ood,True,7,7,True,True,True
portugal-wildfire_00000740,portugal-wildfire,tier3,test_ood,True,7,7,True,True,True
portugal-wildfire_00000741,portugal-wildfire,tier3,test_ood,True,7,7,True,True,True
portugal-wildfire_00000742,portugal-wildfire,tier3,test_ood,True,7,7,True,True,True
portugal-wildfire_00000743,portugal-wildfire,tier3,test_ood,True,7,7,True,True,True
portugal-wildfire_00000744,portugal-wildfire,tier3,test_ood,True,7,7,True,True,True
portugal-wildfire_00000745,portugal-wildfire,tier3,test_ood,True,7,7,True,True,True
portugal-wildfire_00000746,portugal-wildfire,tier3,test_ood,True,7,7,True,True,True
portugal-wildfire_00000747,portugal-wildfire,tier3,test_ood,True,7,7,True,True,True
portugal-wildfire_00000748,portugal-wildfire,tier3,test_ood,True,7,7,True,True,True
portugal-wildfire_00000749,portugal-wildfire,tier3,test_ood,True,7,7,True,True,True
portugal-wildfire_00000750,portugal-wildfire,tier3,test_ood,True,7,7,True,True,True
portugal-wildfire_00000751,portugal-wildfire,tier3,test_ood,True,7,7,True,True,True
portugal-wildfire_00000752,portugal-wildfire,tier3,test_ood,True,7,7,True,True,True
portugal-wildfire_00000753,portugal-wildfire,tier3,test_ood,True,7,7,True,True,True
portugal-wildfire_00000754,portugal-wildfire,tier3,test_ood,True,7,7,True,True,True
portugal-wildfire_00000755,portugal-wildfire,tier3,test_ood,True,7,7,True,True,True
portugal-wildfire_00000756,portugal-wildfire,tier3,test_ood,True,7,7,True,True,True
portugal-wildfire_00000757,portugal-wildfire,tier3,test_ood,True,7,7,True,True,True
portugal-wildfire_00000758,portugal-wildfire,tier3,test_ood,True,7,7,True,True,True
portugal-wildfire_00000759,portugal-wildfire,tier3,test_ood,True,7,7,True,True,True
portugal-wildfire_00000760,portugal-wildfire,tier3,test_ood,True,7,7,True,True,True
portugal-wildfire_00000761,portugal-wildfire,tier3,test_ood,True,7,7,True,True,True
portugal-wildfire_00000762,portugal-wildfire,tier3,test_ood,True,7,7,True,True,True
portugal-wildfire_00000763,portugal-wildfire,tier3,test_ood,True,7,7,True,True,True
portugal-wildfire_00000764,portugal-wildfire,tier3,test_ood,True,7,7,True,True,True
portugal-wildfire_00000765,portugal-wildfire,tier3,test_ood,True,7,7,True,True,True
portugal-wildfire_00000766,portugal-wildfire,tier3,test_ood,True,7,7,True,True,True
portugal-wildfire_00000767,portugal-wildfire,tier3,test_ood,True,7,7,True,True,True
portugal-wildfire_00000768,portugal-wildfire,tier3,test_ood,True,7,7,True,True,True
portugal-wildfire_00000769,portugal-wildfire,tier3,test_ood,True,7,7,True,True,True
portugal-wildfire_00000770,portugal-wildfire,tier3,test_ood,True,7,7,True,True,True
portugal-wildfire_00000771,portugal-wildfire,tier3,test_ood,True,7,7,True,True,True
portugal-wildfire_00000772,portugal-wildfire,tier3,test_ood,True,7,7,True,True,True
portugal-wildfire_00000773,portugal-wildfire,tier3,test_ood,True,7,7,True,True,True
portugal-wildfire_00000774,portugal-wildfire,tier3,test_ood,True,7,7,True,True,True
portugal-wildfire_00000775,portugal-wildfire,tier3,test_ood,True,7,7,True,True,True
portugal-wildfire_00000776,portugal-wildfire,tier3,test_ood,True,7,7,True,True,True
portugal-wildfire_00000777,portugal-wildfire,tier3,test_ood,True,7,7,True,True,True
portugal-wildfire_00000778,portugal-wildfire,tier3,test_ood,True,7,7,True,True,True
portugal-wildfire_00000779,portugal-wildfire,tier3,test_ood,True,7,7,True,True,True
portugal-wildfire_00000780,portugal-wildfire,tier3,test_ood,True,7,7,True,True,True
portugal-wildfire_00000781,portugal-wildfire,tier3,test_ood,True,7,7,True,True,True
portugal-wildfire_00000782,portugal-wildfire,tier3,test_ood,True,7,7,True,True,True
portugal-wildfire_00000783,portugal-wildfire,tier3,test_ood,True,7,7,True,True,True
portugal-wildfire_00000784,portugal-wildfire,tier3,test_ood,True,7,7,True,True,True
portugal-wildfire_00000785,portugal-wildfire,tier3,test_ood,True,7,7,True,True,True
portugal-wildfire_00000786,portugal-wildfire,tier3,test_ood,True,7,7,True,True,True
portugal-wildfire_00000787,portugal-wildfire,tier3,test_ood,True,7,7,True,True,True
portugal-wildfire_00000788,portugal-wildfire,tier3,test_ood,True,7,7,True,True,True
portugal-wildfire_00000789,portugal-wildfire,tier3,test_ood,True,7,7,True,True,True
portugal-wildfire_00000790,portugal-wildfire,tier3,test_ood,True,7,7,True,True,True
portugal-wildfire_00000791,portugal-wildfire,tier3,test_ood,True,7,7,True,True,True
portugal-wildfire_00000792,portugal-wildfire,tier3,test_ood,True,7,7,True,True,True
portugal-wildfire_00000793,portugal-wildfire,tier3,test_ood,True,7,7,True,True,True
portugal-wildfire_00000794,portugal-wildfire,tier3,test_ood,True,7,7,True,True,True
portugal-wildfire_00000795,portugal-wildfire,tier3,test_ood,True,7,7,True,True,True
portugal-wildfire_00000796,portugal-wildfire,tier3,test_ood,True,7,7,True,True,True
portugal-wildfire_00000797,portugal-wildfire,tier3,test_ood,True,7,7,True,True,True
portugal-wildfire_00000798,portugal-wildfire,tier3,test_ood,True,7,7,True,True,True
portugal-wildfire_00000799,portugal-wildfire,tier3,test_ood,True,7,7,True,True,True
portugal-wildfire_00000800,portugal-wildfire,tier3,test_ood,True,7,7,True,True,True
portugal-wildfire_00000801,portugal-wildfire,tier3,test_ood,True,7,7,True,True,True
portugal-wildfire_00000802,portugal-wildfire,tier3,test_ood,True,7,7,True,True,True
portugal-wildfire_00000803,portugal-wildfire,tier3,test_ood,True,7,7,True,True,True
portugal-wildfire_00000804,portugal-wildfire,tier3,test_ood,True,7,7,True,True,True
portugal-wildfire_00000805,portugal-wildfire,tier3,test_ood,True,7,7,True,True,True
portugal-wildfire_00000806,portugal-wildfire,tier3,test_ood,True,7,7,True,True,True
portugal-wildfire_00000807,portugal-wildfire,tier3,test_ood,True,7,7,True,True,True
portugal-wildfire_00000808,portugal-wildfire,tier3,test_ood,True,7,7,True,True,True
portugal-wildfire_00000809,portugal-wildfire,tier3,test_ood,True,7,7,True,True,True
portugal-wildfire_00000810,portugal-wildfire,tier3,test_ood,True,7,7,True,True,True
portugal-wildfire_00000811,portugal-wildfire,tier3,test_ood,True,7,7,True,True,True
portugal-wildfire_00000812,portugal-wildfire,tier3,test_ood,True,7,7,True,True,True
portugal-wildfire_00000813,portugal-wildfire,tier3,test_ood,True,7,7,True,True,True
portugal-wildfire_00000814,portugal-wildfire,tier3,test_ood,True,7,7,True,True,True
portugal-wildfire_00000815,portugal-wildfire,tier3,test_ood,True,7,7,True,True,True
portugal-wildfire_00000816,portugal-wildfire,tier3,test_ood,True,7,7,True,True,True
portugal-wildfire_00000817,portugal-wildfire,tier3,test_ood,True,7,7,True,True,True
portugal-wildfire_00000818,portugal-wildfire,tier3,test_ood,True,7,7,True,True,True
portugal-wildfire_00000819,portugal-wildfire,tier3,test_ood,True,7,7,True,True,True
portugal-wildfire_00000820,portugal-wildfire,tier3,test_ood,True,7,7,True,True,True
portugal-wildfire_00000821,portugal-wildfire,tier3,test_ood,True,7,7,True,True,True
portugal-wildfire_00000822,portugal-wildfire,tier3,test_ood,True,7,7,True,True,True
portugal-wildfire_00000823,portugal-wildfire,tier3,test_ood,True,7,7,True,True,True
portugal-wildfire_00000824,portugal-wildfire,tier3,test_ood,True,7,7,True,True,True
portugal-wildfire_00000825,portugal-wildfire,tier3,test_ood,True,7,7,True,True,True
portugal-wildfire_00000826,portugal-wildfire,tier3,test_ood,True,7,7,True,True,True
portugal-wildfire_00000827,portugal-wildfire,tier3,test_ood,True,7,7,True,True,True
portugal-wildfire_00000828,portugal-wildfire,tier3,test_ood,True,7,7,True,True,True
portugal-wildfire_00000829,portugal-wildfire,tier3,test_ood,True,7,7,True,True,True
portugal-wildfire_00000830,portugal-wildfire,tier3,test_ood,True,7,7,True,True,True
portugal-wildfire_00000831,portugal-wildfire,tier3,test_ood,True,7,7,True,True,True
portugal-wildfire_00000832,portugal-wildfire,tier3,test_ood,True,7,7,True,True,True
portugal-wildfire_00000833,portugal-wildfire,tier3,test_ood,True,7,7,True,True,True
portugal-wildfire_00000834,portugal-wildfire,tier3,test_ood,True,7,7,True,True,True
portugal-wildfire_00000835,portugal-wildfire,tier3,test_ood,True,7,7,True,True,True
portugal-wildfire_00000836,portugal-wildfire,tier3,test_ood,True,7,7,True,True,True
portugal-wildfire_00000837,portugal-wildfire,tier3,test_ood,True,7,7,True,True,True
portugal-wildfire_00000838,portugal-wildfire,tier3,test_ood,True,7,7,True,True,True
portugal-wildfire_00000839,portugal-wildfire,tier3,test_ood,True,7,7,True,True,True
portugal-wildfire_00000840,portugal-wildfire,tier3,test_ood,True,7,7,True,True,True
portugal-wildfire_00000841,portugal-wildfire,tier3,test_ood,True,7,7,True,True,True
portugal-wildfire_00000842,portugal-wildfire,tier3,test_ood,True,7,7,True,True,True
portugal-wildfire_00000843,portugal-wildfire,tier3,test_ood,True,7,7,True,True,True
portugal-wildfire_00000844,portugal-wildfire,tier3,test_ood,True,7,7,True,True,True
portugal-wildfire_00000845,portugal-wildfire,tier3,test_ood,True,7,7,True,True,True
portugal-wildfire_00000846,portugal-wildfire,tier3,test_ood,True,7,7,True,True,True
portugal-wildfire_00000847,portugal-wildfire,tier3,test_ood,True,7,7,True,True,True
portugal-wildfire_00000848,portugal-wildfire,tier3,test_ood,True,7,7,True,True,True
portugal-wildfire_00000849,portugal-wildfire,tier3,test_ood,True,7,7,True,True,True
portugal-wildfire_00000850,portugal-wildfire,tier3,test_ood,True,7,7,True,True,True
portugal-wildfire_00000851,portugal-wildfire,tier3,test_ood,True,7,7,True,True,True
portugal-wildfire_00000852,portugal-wildfire,tier3,test_ood,True,7,7,True,True,True
portugal-wildfire_00000853,portugal-wildfire,tier3,test_ood,True,7,7,True,True,True
portugal-wildfire_00000854,portugal-wildfire,tier3,test_ood,True,7,7,True,True,True
portugal-wildfire_00000855,portugal-wildfire,tier3,test_ood,True,7,7,True,True,True
portugal-wildfire_00000856,portugal-wildfire,tier3,test_ood,True,7,7,True,True,True
portugal-wildfire_00000857,portugal-wildfire,tier3,test_ood,True,7,7,True,True,True
portugal-wildfire_00000858,portugal-wildfire,tier3,test_ood,True,7,7,True,True,True
portugal-wildfire_00000859,portugal-wildfire,tier3,test_ood,True,7,7,True,True,True
portugal-wildfire_00000860,portugal-wildfire,tier3,test_ood,True,7,7,True,True,True
portugal-wildfire_00000861,portugal-wildfire,tier3,test_ood,True,7,7,True,True,True
portugal-wildfire_00000862,portugal-wildfire,tier3,test_ood,True,7,7,True,True,True
portugal-wildfire_00000863,portugal-wildfire,tier3,test_ood,True,7,7,True,True,True
portugal-wildfire_00000864,portugal-wildfire,tier3,test_ood,True,7,7,True,True,True
portugal-wildfire_00000865,portugal-wildfire,tier3,test_ood,True,7,7,True,True,True
portugal-wildfire_00000866,portugal-wildfire,tier3,test_ood,True,7,7,True,True,True
portugal-wildfire_00000867,portugal-wildfire,tier3,test_ood,True,7,7,True,True,True
portugal-wildfire_00000868,portugal-wildfire,tier3,test_ood,True,7,7,True,True,True
portugal-wildfire_00000869,portugal-wildfire,tier3,test_ood,True,7,7,True,True,True
portugal-wildfire_00000870,portugal-wildfire,tier3,test_ood,True,7,7,True,True,True
portugal-wildfire_00000871,portugal-wildfire,tier3,test_ood,True,7,7,True,True,True
portugal-wildfire_00000872,portugal-wildfire,tier3,test_ood,True,7,7,True,True,True
portugal-wildfire_00000873,portugal-wildfire,tier3,test_ood,True,7,7,True,True,True
portugal-wildfire_00000874,portugal-wildfire,tier3,test_ood,True,7,7,True,True,True
portugal-wildfire_00000875,portugal-wildfire,tier3,test_ood,True,7,7,True,True,True
portugal-wildfire_00000876,portugal-wildfire,tier3,test_ood,True,7,7,True,True,True
portugal-wildfire_00000877,portugal-wildfire,tier3,test_ood,True,7,7,True,True,True
portugal-wildfire_00000878,portugal-wildfire,tier3,test_ood,True,7,7,True,True,True
portugal-wildfire_00000879,portugal-wildfire,tier3,test_ood,True,7,7,True,True,True
portugal-wildfire_00000880,portugal-wildfire,tier3,test_ood,True,7,7,True,True,True
portugal-wildfire_00000881,portugal-wildfire,tier3,test_ood,True,7,7,True,True,True
portugal-wildfire_00000882,portugal-wildfire,tier3,test_ood,True,7,7,True,True,True
portugal-wildfire_00000883,portugal-wildfire,tier3,test_ood,True,7,7,True,True,True
portugal-wildfire_00000884,portugal-wildfire,tier3,test_ood,True,7,7,True,True,True
portugal-wildfire_00000885,portugal-wildfire,tier3,test_ood,True,7,7,True,True,True
portugal-wildfire_00000886,portugal-wildfire,tier3,test_ood,True,7,7,True,True,True
portugal-wildfire_00000887,portugal-wildfire,tier3,test_ood,True,7,7,True,True,True
portugal-wildfire_00000888,portugal-wildfire,tier3,test_ood,True,7,7,True,True,True
portugal-wildfire_00000889,portugal-wildfire,tier3,test_ood,True,7,7,True,True,True
portugal-wildfire_00000890,portugal-wildfire,tier3,test_ood,True,7,7,True,True,True
portugal-wildfire_00000891,portugal-wildfire,tier3,test_ood,True,7,7,True,True,True
portugal-wildfire_00000892,portugal-wildfire,tier3,test_ood,True,7,7,True,True,True
portugal-wildfire_00000893,portugal-wildfire,tier3,test_ood,True,7,7,True,True,True
portugal-wildfire_00000894,portugal-wildfire,tier3,test_ood,True,7,7,True,True,True
portugal-wildfire_00000895,portugal-wildfire,tier3,test_ood,True,7,7,True,True,True
portugal-wildfire_00000896,portugal-wildfire,tier3,test_ood,True,7,7,True,True,True
portugal-wildfire_00000897,portugal-wildfire,tier3,test_ood,True,7,7,True,True,True
portugal-wildfire_00000898,portugal-wildfire,tier3,test_ood,True,7,7,True,True,True
portugal-wildfire_00000899,portugal-wildfire,tier3,test_ood,True,7,7,True,True,True
portugal-wildfire_00000900,portugal-wildfire,tier3,test_ood,True,7,7,True,True,True
portugal-wildfire_00000901,portugal-wildfire,tier3,test_ood,True,7,7,True,True,True
portugal-wildfire_00000902,portugal-wildfire,tier3,test_ood,True,7,7,True,True,True
portugal-wildfire_00000903,portugal-wildfire,tier3,test_ood,True,7,7,True,True,True
portugal-wildfire_00000904,portugal-wildfire,tier3,test_ood,True,7,7,True,True,True
portugal-wildfire_00000905,portugal-wildfire,tier3,test_ood,True,7,7,True,True,True
portugal-wildfire_00000906,portugal-wildfire,tier3,test_ood,True,7,7,True,True,True
portugal-wildfire_00000907,portugal-wildfire,tier3,test_ood,True,7,7,True,True,True
portugal-wildfire_00000908,portugal-wildfire,tier3,test_ood,True,7,7,True,True,True
portugal-wildfire_00000909,portugal-wildfire,tier3,test_ood,True,7,7,True,True,True
portugal-wildfire_00000910,portugal-wildfire,tier3,test_ood,True,7,7,True,True,True
portugal-wildfire_00000911,portugal-wildfire,tier3,test_ood,True,7,7,True,True,True
portugal-wildfire_00000912,portugal-wildfire,tier3,test_ood,True,7,7,True,True,True
portugal-wildfire_00000913,portugal-wildfire,tier3,test_ood,True,7,7,True,True,True
portugal-wildfire_00000914,portugal-wildfire,tier3,test_ood,True,7,7,True,True,True
portugal-wildfire_00000915,portugal-wildfire,tier3,test_ood,True,7,7,True,True,True
portugal-wildfire_00000916,portugal-wildfire,tier3,test_ood,True,7,7,True,True,True
portugal-wildfire_00000917,portugal-wildfire,tier3,test_ood,True,7,7,True,True,True
portugal-wildfire_00000918,portugal-wildfire,tier3,test_ood,True,7,7,True,True,True
portugal-wildfire_00000919,portugal-wildfire,tier3,test_ood,True,7,7,True,True,True
portugal-wildfire_00000920,portugal-wildfire,tier3,test_ood,True,7,7,True,True,True
portugal-wildfire_00000921,portugal-wildfire,tier3,test_ood,True,7,7,True,True,True
portugal-wildfire_00000922,portugal-wildfire,tier3,test_ood,True,7,7,True,True,True
portugal-wildfire_00000923,portugal-wildfire,tier3,test_ood,True,7,7,True,True,True
portugal-wildfire_00000924,portugal-wildfire,tier3,test_ood,True,7,7,True,True,True
portugal-wildfire_00000925,portugal-wildfire,tier3,test_ood,True,7,7,True,True,True
portugal-wildfire_00000926,portugal-wildfire,tier3,test_ood,True,7,7,True,True,True
portugal-wildfire_00000927,portugal-wildfire,tier3,test_ood,True,7,7,True,True,True
portugal-wildfire_00000928,portugal-wildfire,tier3,test_ood,True,7,7,True,True,True
portugal-wildfire_00000929,portugal-wildfire,tier3,test_ood,True,7,7,True,True,True
portugal-wildfire_00000930,portugal-wildfire,tier3,test_ood,True,7,7,True,True,True
portugal-wildfire_00000931,portugal-wildfire,tier3,test_ood,True,7,7,True,True,True
portugal-wildfire_00000932,portugal-wildfire,tier3,test_ood,True,7,7,True,True,True
portugal-wildfire_00000933,portugal-wildfire,tier3,test_ood,True,7,7,True,True,True
portugal-wildfire_00000934,portugal-wildfire,tier3,test_ood,True,7,7,True,True,True
portugal-wildfire_00000935,portugal-wildfire,tier3,test_ood,True,7,7,True,True,True
portugal-wildfire_00000936,portugal-wildfire,tier3,test_ood,True,7,7,True,True,True
portugal-wildfire_00000937,portugal-wildfire,tier3,test_ood,True,7,7,True,True,True
portugal-wildfire_00000938,portugal-wildfire,tier3,test_ood,True,7,7,True,True,True
portugal-wildfire_00000939,portugal-wildfire,tier3,test_ood,True,7,7,True,True,True
portugal-wildfire_00000940,portugal-wildfire,tier3,test_ood,True,7,7,True,True,True
portugal-wildfire_00000941,portugal-wildfire,tier3,test_ood,True,7,7,True,True,True
portugal-wildfire_00000942,portugal-wildfire,tier3,test_ood,True,7,7,True,True,True
portugal-wildfire_00000943,portugal-wildfire,tier3,test_ood,True,7,7,True,True,True
portugal-wildfire_00000944,portugal-wildfire,tier3,test_ood,True,7,7,True,True,True
portugal-wildfire_00000945,portugal-wildfire,tier3,test_ood,True,7,7,True,True,True
portugal-wildfire_00000946,portugal-wildfire,tier3,test_ood,True,7,7,True,True,True
portugal-wildfire_00000947,portugal-wildfire,tier3,test_ood,True,7,7,True,True,True
portugal-wildfire_00000948,portugal-wildfire,tier3,test_ood,True,7,7,True,True,True
portugal-wildfire_00000949,portugal-wildfire,tier3,test_ood,True,7,7,True,True,True
portugal-wildfire_00000950,portugal-wildfire,tier3,test_ood,True,7,7,True,True,True
portugal-wildfire_00000951,portugal-wildfire,tier3,test_ood,True,7,7,True,True,True
portugal-wildfire_00000952,portugal-wildfire,tier3,test_ood,True,7,7,True,True,True
portugal-wildfire_00000953,portugal-wildfire,tier3,test_ood,True,7,7,True,True,True
portugal-wildfire_00000954,portugal-wildfire,tier3,test_ood,True,7,7,True,True,True
portugal-wildfire_00000955,portugal-wildfire,tier3,test_ood,True,7,7,True,True,True
portugal-wildfire_00000956,portugal-wildfire,tier3,test_ood,True,7,7,True,True,True
portugal-wildfire_00000957,portugal-wildfire,tier3,test_ood,True,7,7,True,True,True
portugal-wildfire_00000958,portugal-wildfire,tier3,test_ood,True,7,7,True,True,True
portugal-wildfire_00000959,portugal-wildfire,tier3,test_ood,True,7,7,True,True,True
portugal-wildfire_00000960,portugal-wildfire,tier3,test_ood,True,7,7,True,True,True
portugal-wildfire_00000961,portugal-wildfire,tier3,test_ood,True,7,7,True,True,True
portugal-wildfire_00000962,portugal-wildfire,tier3,test_ood,True,7,7,True,True,True
portugal-wildfire_00000963,portugal-wildfire,tier3,test_ood,True,7,7,True,True,True
portugal-wildfire_00000964,portugal-wildfire,tier3,test_ood,True,7,7,True,True,True
portugal-wildfire_00000965,portugal-wildfire,tier3,test_ood,True,7,7,True,True,True
portugal-wildfire_00000966,portugal-wildfire,tier3,test_ood,True,7,7,True,True,True
portugal-wildfire_00000967,portugal-wildfire,tier3,test_ood,True,7,7,True,True,True
portugal-wildfire_00000968,portugal-wildfire,tier3,test_ood,True,7,7,True,True,True
portugal-wildfire_00000969,portugal-wildfire,tier3,test_ood,True,7,7,True,True,True
portugal-wildfire_00000970,portugal-wildfire,tier3,test_ood,True,7,7,True,True,True
portugal-wildfire_00000971,portugal-wildfire,tier3,test_ood,True,7,7,True,True,True
portugal-wildfire_00000972,portugal-wildfire,tier3,test_ood,True,7,7,True,True,True
portugal-wildfire_00000973,portugal-wildfire,tier3,test_ood,True,7,7,True,True,True
portugal-wildfire_00000974,portugal-wildfire,tier3,test_ood,True,7,7,True,True,True
portugal-wildfire_00000975,portugal-wildfire,tier3,test_ood,True,7,7,True,True,True
portugal-wildfire_00000976,portugal-wildfire,tier3,test_ood,True,7,7,True,True,True
portugal-wildfire_00000977,portugal-wildfire,tier3,test_ood,True,7,7,True,True,True
portugal-wildfire_00000978,portugal-wildfire,tier3,test_ood,True,7,7,True,True,True
portugal-wildfire_00000979,portugal-wildfire,tier3,test_ood,True,7,7,True,True,True
portugal-wildfire_00000980,portugal-wildfire,tier3,test_ood,True,7,7,True,True,True
portugal-wildfire_00000981,portugal-wildfire,tier3,test_ood,True,7,7,True,True,True
portugal-wildfire_00000982,portugal-wildfire,tier3,test_ood,True,7,7,True,True,True
portugal-wildfire_00000983,portugal-wildfire,tier3,test_ood,True,7,7,True,True,True
portugal-wildfire_00000984,portugal-wildfire,tier3,test_ood,True,7,7,True,True,True
portugal-wildfire_00000985,portugal-wildfire,tier3,test_ood,True,7,7,True,True,True
portugal-wildfire_00000986,portugal-wildfire,tier3,test_ood,True,7,7,True,True,True
portugal-wildfire_00000987,portugal-wildfire,tier3,test_ood,True,7,7,True,True,True
portugal-wildfire_00000988,portugal-wildfire,tier3,test_ood,True,7,7,True,True,True
portugal-wildfire_00000989,portugal-wildfire,tier3,test_ood,True,7,7,True,True,True
portugal-wildfire_00000990,portugal-wildfire,tier3,test_ood,True,7,7,True,True,True
portugal-wildfire_00000991,portugal-wildfire,tier3,test_ood,True,7,7,True,True,True
portugal-wildfire_00000992,portugal-wildfire,tier3,test_ood,True,7,7,True,True,True
portugal-wildfire_00000993,portugal-wildfire,tier3,test_ood,True,7,7,True,True,True
portugal-wildfire_00000994,portugal-wildfire,tier3,test_ood,True,7,7,True,True,True
portugal-wildfire_00000995,portugal-wildfire,tier3,test_ood,True,7,7,True,True,True
portugal-wildfire_00000996,portugal-wildfire,tier3,test_ood,True,7,7,True,True,True
portugal-wildfire_00000997,portugal-wildfire,tier3,test_ood,True,7,7,True,True,True
portugal-wildfire_00000998,portugal-wildfire,tier3,test_ood,True,7,7,True,True,True
portugal-wildfire_00000999,portugal-wildfire,tier3,test_ood,True,7,7,True,True,True
portugal-wildfire_00001000,portugal-wildfire,tier3,test_ood,True,7,7,True,True,True
portugal-wildfire_00001001,portugal-wildfire,tier3,test_ood,True,7,7,True,True,True
portugal-wildfire_00001002,portugal-wildfire,tier3,test_ood,True,7,7,True,True,True
portugal-wildfire_00001003,portugal-wildfire,tier3,test_ood,True,7,7,True,True,True
portugal-wildfire_00001004,portugal-wildfire,tier3,test_ood,True,7,7,True,True,True
portugal-wildfire_00001005,portugal-wildfire,tier3,test_ood,True,7,7,True,True,True
portugal-wildfire_00001006,portugal-wildfire,tier3,test_ood,True,7,7,True,True,True
portugal-wildfire_00001007,portugal-wildfire,tier3,test_ood,True,7,7,True,True,True
portugal-wildfire_00001008,portugal-wildfire,tier3,test_ood,True,7,7,True,True,True
portugal-wildfire_00001009,portugal-wildfire,tier3,test_ood,True,7,7,True,True,True
portugal-wildfire_00001010,portugal-wildfire,tier3,test_ood,True,7,7,True,True,True
portugal-wildfire_00001011,portugal-wildfire,tier3,test_ood,True,7,7,True,True,True
portugal-wildfire_00001012,portugal-wildfire,tier3,test_ood,True,7,7,True,True,True
portugal-wildfire_00001013,portugal-wildfire,tier3,test_ood,True,7,7,True,True,True
portugal-wildfire_00001014,portugal-wildfire,tier3,test_ood,True,7,7,True,True,True
portugal-wildfire_00001015,portugal-wildfire,tier3,test_ood,True,7,7,True,True,True
portugal-wildfire_00001016,portugal-wildfire,tier3,test_ood,True,7,7,True,True,True
portugal-wildfire_00001017,portugal-wildfire,tier3,test_ood,True,7,7,True,True,True
portugal-wildfire_00001018,portugal-wildfire,tier3,test_ood,True,7,7,True,True,True
portugal-wildfire_00001019,portugal-wildfire,tier3,test_ood,True,7,7,True,True,True
portugal-wildfire_00001020,portugal-wildfire,tier3,test_ood,True,7,7,True,True,True
portugal-wildfire_00001021,portugal-wildfire,tier3,test_ood,True,7,7,True,True,True
portugal-wildfire_00001022,portugal-wildfire,tier3,test_ood,True,7,7,True,True,True
portugal-wildfire_00001023,portugal-wildfire,tier3,test_ood,True,7,7,True,True,True
portugal-wildfire_00001024,portugal-wildfire,tier3,test_ood,True,7,7,True,True,True
portugal-wildfire_00001025,portugal-wildfire,tier3,test_ood,True,7,7,True,True,True
portugal-wildfire_00001026,portugal-wildfire,tier3,test_ood,True,7,7,True,True,True
portugal-wildfire_00001027,portugal-wildfire,tier3,test_ood,True,7,7,True,True,True
portugal-wildfire_00001028,portugal-wildfire,tier3,test_ood,True,7,7,True,True,True
portugal-wildfire_00001029,portugal-wildfire,tier3,test_ood,True,7,7,True,True,True
portugal-wildfire_00001030,portugal-wildfire,tier3,test_ood,True,7,7,True,True,True
portugal-wildfire_00001031,portugal-wildfire,tier3,test_ood,True,7,7,True,True,True
portugal-wildfire_00001032,portugal-wildfire,tier3,test_ood,True,7,7,True,True,True
portugal-wildfire_00001033,portugal-wildfire,tier3,test_ood,True,7,7,True,True,True
portugal-wildfire_00001034,portugal-wildfire,tier3,test_ood,True,7,7,True,True,True
portugal-wildfire_00001035,portugal-wildfire,tier3,test_ood,True,7,7,True,True,True
portugal-wildfire_00001036,portugal-wildfire,tier3,test_ood,True,7,7,True,True,True
portugal-wildfire_00001037,portugal-wildfire,tier3,test_ood,True,7,7,True,True,True
portugal-wildfire_00001038,portugal-wildfire,tier3,test_ood,True,7,7,True,True,True
portugal-wildfire_00001039,portugal-wildfire,tier3,test_ood,True,7,7,True,True,True
portugal-wildfire_00001040,portugal-wildfire,tier3,test_ood,True,7,7,True,True,True
portugal-wildfire_00001041,portugal-wildfire,tier3,test_ood,True,7,7,True,True,True
portugal-wildfire_00001042,portugal-wildfire,tier3,test_ood,True,7,7,True,True,True
portugal-wildfire_00001043,portugal-wildfire,tier3,test_ood,True,7,7,True,True,True
portugal-wildfire_00001044,portugal-wildfire,tier3,test_ood,True,7,7,True,True,True
portugal-wildfire_00001045,portugal-wildfire,tier3,test_ood,True,7,7,True,True,True
portugal-wildfire_00001046,portugal-wildfire,tier3,test_ood,True,7,7,True,True,True
portugal-wildfire_00001047,portugal-wildfire,tier3,test_ood,True,7,7,True,True,True
portugal-wildfire_00001048,portugal-wildfire,tier3,test_ood,True,7,7,True,True,True
portugal-wildfire_00001049,portugal-wildfire,tier3,test_ood,True,7,7,True,True,True
portugal-wildfire_00001050,portugal-wildfire,tier3,test_ood,True,7,7,True,True,True
portugal-wildfire_00001051,portugal-wildfire,tier3,test_ood,True,7,7,True,True,True
portugal-wildfire_00001052,portugal-wildfire,tier3,test_ood,True,7,7,True,True,True
portugal-wildfire_00001053,portugal-wildfire,tier3,test_ood,True,7,7,True,True,True
portugal-wildfire_00001054,portugal-wildfire,tier3,test_ood,True,7,7,True,True,True
portugal-wildfire_00001055,portugal-wildfire,tier3,test_ood,True,7,7,True,True,True
portugal-wildfire_00001056,portugal-wildfire,tier3,test_ood,True,7,7,True,True,True
portugal-wildfire_00001057,portugal-wildfire,tier3,test_ood,True,7,7,True,True,True
portugal-wildfire_00001058,portugal-wildfire,tier3,test_ood,True,7,7,True,True,True
portugal-wildfire_00001059,portugal-wildfire,tier3,test_ood,True,7,7,True,True,True
portugal-wildfire_00001060,portugal-wildfire,tier3,test_ood,True,7,7,True,True,True
portugal-wildfire_00001061,portugal-wildfire,tier3,test_ood,True,7,7,True,True,True
portugal-wildfire_00001062,portugal-wildfire,tier3,test_ood,True,7,7,True,True,True
portugal-wildfire_00001063,portugal-wildfire,tier3,test_ood,True,7,7,True,True,True
portugal-wildfire_00001064,portugal-wildfire,tier3,test_ood,True,7,7,True,True,True
portugal-wildfire_00001065,portugal-wildfire,tier3,test_ood,True,7,7,True,True,True
portugal-wildfire_00001066,portugal-wildfire,tier3,test_ood,True,7,7,True,True,True
portugal-wildfire_00001067,portugal-wildfire,tier3,test_ood,True,7,7,True,True,True
portugal-wildfire_00001068,portugal-wildfire,tier3,test_ood,True,7,7,True,True,True
portugal-wildfire_00001069,portugal-wildfire,tier3,test_ood,True,7,7,True,True,True
portugal-wildfire_00001070,portugal-wildfire,tier3,test_ood,True,7,7,True,True,True
portugal-wildfire_00001071,portugal-wildfire,tier3,test_ood,True,7,7,True,True,True
portugal-wildfire_00001072,portugal-wildfire,tier3,test_ood,True,7,7,True,True,True
portugal-wildfire_00001073,portugal-wildfire,tier3,test_ood,True,7,7,True,True,True
portugal-wildfire_00001074,portugal-wildfire,tier3,test_ood,True,7,7,True,True,True
portugal-wildfire_00001075,portugal-wildfire,tier3,test_ood,True,7,7,True,True,True
portugal-wildfire_00001076,portugal-wildfire,tier3,test_ood,True,7,7,True,True,True
portugal-wildfire_00001077,portugal-wildfire,tier3,test_ood,True,7,7,True,True,True
portugal-wildfire_00001078,portugal-wildfire,tier3,test_ood,True,7,7,True,True,True
portugal-wildfire_00001079,portugal-wildfire,tier3,test_ood,True,7,7,True,True,True
portugal-wildfire_00001080,portugal-wildfire,tier3,test_ood,True,7,7,True,True,True
portugal-wildfire_00001081,portugal-wildfire,tier3,test_ood,True,7,7,True,True,True
portugal-wildfire_00001082,portugal-wildfire,tier3,test_ood,True,7,7,True,True,True
portugal-wildfire_00001083,portugal-wildfire,tier3,test_ood,True,7,7,True,True,True
portugal-wildfire_00001084,portugal-wildfire,tier3,test_ood,True,7,7,True,True,True
portugal-wildfire_00001085,portugal-wildfire,tier3,test_ood,True,7,7,True,True,True
portugal-wildfire_00001086,portugal-wildfire,tier3,test_ood,True,7,7,True,True,True
portugal-wildfire_00001087,portugal-wildfire,tier3,test_ood,True,7,7,True,True,True
portugal-wildfire_00001088,portugal-wildfire,tier3,test_ood,True,7,7,True,True,True
portugal-wildfire_00001089,portugal-wildfire,tier3,test_ood,True,7,7,True,True,True
portugal-wildfire_00001090,portugal-wildfire,tier3,test_ood,True,7,7,True,True,True
portugal-wildfire_00001091,portugal-wildfire,tier3,test_ood,True,7,7,True,True,True
portugal-wildfire_00001092,portugal-wildfire,tier3,test_ood,True,7,7,True,True,True
portugal-wildfire_00001093,portugal-wildfire,tier3,test_ood,True,7,7,True,True,True
portugal-wildfire_00001094,portugal-wildfire,tier3,test_ood,True,7,7,True,True,True
portugal-wildfire_00001095,portugal-wildfire,tier3,test_ood,True,7,7,True,True,True
portugal-wildfire_00001096,portugal-wildfire,tier3,test_ood,True,7,7,True,True,True
portugal-wildfire_00001097,portugal-wildfire,tier3,test_ood,True,7,7,True,True,True
portugal-wildfire_00001098,portugal-wildfire,tier3,test_ood,True,7,7,True,True,True
portugal-wildfire_00001099,portugal-wildfire,tier3,test_ood,True,7,7,True,True,True
portugal-wildfire_00001100,portugal-wildfire,tier3,test_ood,True,7,7,True,True,True
portugal-wildfire_00001101,portugal-wildfire,tier3,test_ood,True,7,7,True,True,True
portugal-wildfire_00001102,portugal-wildfire,tier3,test_ood,True,7,7,True,True,True
portugal-wildfire_00001103,portugal-wildfire,tier3,test_ood,True,7,7,True,True,True
portugal-wildfire_00001104,portugal-wildfire,tier3,test_ood,True,7,7,True,True,True
portugal-wildfire_00001105,portugal-wildfire,tier3,test_ood,True,7,7,True,True,True
portugal-wildfire_00001106,portugal-wildfire,tier3,test_ood,True,7,7,True,True,True
portugal-wildfire_00001107,portugal-wildfire,tier3,test_ood,True,7,7,True,True,True
portugal-wildfire_00001108,portugal-wildfire,tier3,test_ood,True,7,7,True,True,True
portugal-wildfire_00001109,portugal-wildfire,tier3,test_ood,True,7,7,True,True,True
portugal-wildfire_00001110,portugal-wildfire,tier3,test_ood,True,7,7,True,True,True
portugal-wildfire_00001111,portugal-wildfire,tier3,test_ood,True,7,7,True,True,True
portugal-wildfire_00001112,portugal-wildfire,tier3,test_ood,True,7,7,True,True,True
portugal-wildfire_00001113,portugal-wildfire,tier3,test_ood,True,7,7,True,True,True
portugal-wildfire_00001114,portugal-wildfire,tier3,test_ood,True,7,7,True,True,True
portugal-wildfire_00001115,portugal-wildfire,tier3,test_ood,True,7,7,True,True,True
portugal-wildfire_00001116,portugal-wildfire,tier3,test_ood,True,7,7,True,True,True
portugal-wildfire_00001117,portugal-wildfire,tier3,test_ood,True,7,7,True,True,True
portugal-wildfire_00001118,portugal-wildfire,tier3,test_ood,True,7,7,True,True,True
portugal-wildfire_00001119,portugal-wildfire,tier3,test_ood,True,7,7,True,True,True
portugal-wildfire_00001120,portugal-wildfire,tier3,test_ood,True,7,7,True,True,True
portugal-wildfire_00001121,portugal-wildfire,tier3,test_ood,True,7,7,True,True,True
portugal-wildfire_00001122,portugal-wildfire,tier3,test_ood,True,7,7,True,True,True
portugal-wildfire_00001123,portugal-wildfire,tier3,test_ood,True,7,7,True,True,True
portugal-wildfire_00001124,portugal-wildfire,tier3,test_ood,True,7,7,True,True,True
portugal-wildfire_00001125,portugal-wildfire,tier3,test_ood,True,7,7,True,True,True
portugal-wildfire_00001126,portugal-wildfire,tier3,test_ood,True,7,7,True,True,True
portugal-wildfire_00001127,portugal-wildfire,tier3,test_ood,True,7,7,True,True,True
portugal-wildfire_00001128,portugal-wildfire,tier3,test_ood,True,7,7,True,True,True
portugal-wildfire_00001129,portugal-wildfire,tier3,test_ood,True,7,7,True,True,True
portugal-wildfire_00001130,portugal-wildfire,tier3,test_ood,True,7,7,True,True,True
portugal-wildfire_00001131,portugal-wildfire,tier3,test_ood,True,7,7,True,True,True
portugal-wildfire_00001132,portugal-wildfire,tier3,test_ood,True,7,7,True,True,True
portugal-wildfire_00001133,portugal-wildfire,tier3,test_ood,True,7,7,True,True,True
portugal-wildfire_00001134,portugal-wildfire,tier3,test_ood,True,7,7,True,True,True
portugal-wildfire_00001135,portugal-wildfire,tier3,test_ood,True,7,7,True,True,True
portugal-wildfire_00001136,portugal-wildfire,tier3,test_ood,True,7,7,True,True,True
portugal-wildfire_00001137,portugal-wildfire,tier3,test_ood,True,7,7,True,True,True
portugal-wildfire_00001138,portugal-wildfire,tier3,test_ood,True,7,7,True,True,True
portugal-wildfire_00001139,portugal-wildfire,tier3,test_ood,True,7,7,True,True,True
portugal-wildfire_00001140,portugal-wildfire,tier3,test_ood,True,7,7,True,True,True
portugal-wildfire_00001141,portugal-wildfire,tier3,test_ood,True,7,7,True,True,True
portugal-wildfire_00001142,portugal-wildfire,tier3,test_ood,True,7,7,True,True,True
portugal-wildfire_00001143,portugal-wildfire,tier3,test_ood,True,7,7,True,True,True
portugal-wildfire_00001144,portugal-wildfire,tier3,test_ood,True,7,7,True,True,True
portugal-wildfire_00001145,portugal-wildfire,tier3,test_ood,True,7,7,True,True,True
portugal-wildfire_00001146,portugal-wildfire,tier3,test_ood,True,7,7,True,True,True
portugal-wildfire_00001147,portugal-wildfire,tier3,test_ood,True,7,7,True,True,True
portugal-wildfire_00001148,portugal-wildfire,tier3,test_ood,True,7,7,True,True,True
portugal-wildfire_00001149,portugal-wildfire,tier3,test_ood,True,7,7,True,True,True
portugal-wildfire_00001150,portugal-wildfire,tier3,test_ood,True,7,7,True,True,True
portugal-wildfire_00001151,portugal-wildfire,tier3,test_ood,True,7,7,True,True,True
portugal-wildfire_00001152,portugal-wildfire,tier3,test_ood,True,7,7,True,True,True
portugal-wildfire_00001153,portugal-wildfire,tier3,test_ood,True,7,7,True,True,True
portugal-wildfire_00001154,portugal-wildfire,tier3,test_ood,True,7,7,True,True,True
portugal-wildfire_00001155,portugal-wildfire,tier3,test_ood,True,7,7,True,True,True
portugal-wildfire_00001156,portugal-wildfire,tier3,test_ood,True,7,7,True,True,True
portugal-wildfire_00001157,portugal-wildfire,tier3,test_ood,True,7,7,True,True,True
portugal-wildfire_00001158,portugal-wildfire,tier3,test_ood,True,7,7,True,True,True
portugal-wildfire_00001159,portugal-wildfire,tier3,test_ood,True,7,7,True,True,True
portugal-wildfire_00001160,portugal-wildfire,tier3,test_ood,True,7,7,True,True,True
portugal-wildfire_00001161,portugal-wildfire,tier3,test_ood,True,7,7,True,True,True
portugal-wildfire_00001162,portugal-wildfire,tier3,test_ood,True,7,7,True,True,True
portugal-wildfire_00001163,portugal-wildfire,tier3,test_ood,True,7,7,True,True,True
portugal-wildfire_00001164,portugal-wildfire,tier3,test_ood,True,7,7,True,True,True
portugal-wildfire_00001165,portugal-wildfire,tier3,test_ood,True,7,7,True,True,True
portugal-wildfire_00001166,portugal-wildfire,tier3,test_ood,True,7,7,True,True,True
portugal-wildfire_00001167,portugal-wildfire,tier3,test_ood,True,7,7,True,True,True
portugal-wildfire_00001168,portugal-wildfire,tier3,test_ood,True,7,7,True,True,True
portugal-wildfire_00001169,portugal-wildfire,tier3,test_ood,True,7,7,True,True,True
portugal-wildfire_00001170,portugal-wildfire,tier3,test_ood,True,7,7,True,True,True
portugal-wildfire_00001171,portugal-wildfire,tier3,test_ood,True,7,7,True,True,True
portugal-wildfire_00001172,portugal-wildfire,tier3,test_ood,True,7,7,True,True,True
portugal-wildfire_00001173,portugal-wildfire,tier3,test_ood,True,7,7,True,True,True
portugal-wildfire_00001174,portugal-wildfire,tier3,test_ood,True,7,7,True,True,True
portugal-wildfire_00001175,portugal-wildfire,tier3,test_ood,True,7,7,True,True,True
portugal-wildfire_00001176,portugal-wildfire,tier3,test_ood,True,7,7,True,True,True
portugal-wildfire_00001177,portugal-wildfire,tier3,test_ood,True,7,7,True,True,True
portugal-wildfire_00001178,portugal-wildfire,tier3,test_ood,True,7,7,True,True,True
portugal-wildfire_00001179,portugal-wildfire,tier3,test_ood,True,7,7,True,True,True
portugal-wildfire_00001180,portugal-wildfire,tier3,test_ood,True,7,7,True,True,True
portugal-wildfire_00001181,portugal-wildfire,tier3,test_ood,True,7,7,True,True,True
portugal-wildfire_00001182,portugal-wildfire,tier3,test_ood,True,7,7,True,True,True
portugal-wildfire_00001183,portugal-wildfire,tier3,test_ood,True,7,7,True,True,True
portugal-wildfire_00001184,portugal-wildfire,tier3,test_ood,True,7,7,True,True,True
portugal-wildfire_00001185,portugal-wildfire,tier3,test_ood,True,7,7,True,True,True
portugal-wildfire_00001186,portugal-wildfire,tier3,test_ood,True,7,7,True,True,True
portugal-wildfire_00001187,portugal-wildfire,tier3,test_ood,True,7,7,True,True,True
portugal-wildfire_00001188,portugal-wildfire,tier3,test_ood,True,7,7,True,True,True
portugal-wildfire_00001189,portugal-wildfire,tier3,test_ood,True,7,7,True,True,True
portugal-wildfire_00001190,portugal-wildfire,tier3,test_ood,True,7,7,True,True,True
portugal-wildfire_00001191,portugal-wildfire,tier3,test_ood,True,7,7,True,True,True
portugal-wildfire_00001192,portugal-wildfire,tier3,test_ood,True,7,7,True,True,True
portugal-wildfire_00001193,portugal-wildfire,tier3,test_ood,True,7,7,True,True,True
portugal-wildfire_00001194,portugal-wildfire,tier3,test_ood,True,7,7,True,True,True
portugal-wildfire_00001195,portugal-wildfire,tier3,test_ood,True,7,7,True,True,True
portugal-wildfire_00001196,portugal-wildfire,tier3,test_ood,True,7,7,True,True,True
portugal-wildfire_00001197,portugal-wildfire,tier3,test_ood,True,7,7,True,True,True
portugal-wildfire_00001198,portugal-wildfire,tier3,test_ood,True,7,7,True,True,True
portugal-wildfire_00001199,portugal-wildfire,tier3,test_ood,True,7,7,True,True,True
portugal-wildfire_00001200,portugal-wildfire,tier3,test_ood,True,7,7,True,True,True
portugal-wildfire_00001201,portugal-wildfire,tier3,test_ood,True,7,7,True,True,True
portugal-wildfire_00001202,portugal-wildfire,tier3,test_ood,True,7,7,True,True,True
portugal-wildfire_00001203,portugal-wildfire,tier3,test_ood,True,7,7,True,True,True
portugal-wildfire_00001204,portugal-wildfire,tier3,test_ood,True,7,7,True,True,True
portugal-wildfire_00001205,portugal-wildfire,tier3,test_ood,True,7,7,True,True,True
portugal-wildfire_00001206,portugal-wildfire,tier3,test_ood,True,7,7,True,True,True
portugal-wildfire_00001207,portugal-wildfire,tier3,test_ood,True,7,7,True,True,True
portugal-wildfire_00001208,portugal-wildfire,tier3,test_ood,True,7,7,True,True,True
portugal-wildfire_00001209,portugal-wildfire,tier3,test_ood,True,7,7,True,True,True
portugal-wildfire_00001210,portugal-wildfire,tier3,test_ood,True,7,7,True,True,True
portugal-wildfire_00001211,portugal-wildfire,tier3,test_ood,True,7,7,True,True,True
portugal-wildfire_00001212,portugal-wildfire,tier3,test_ood,True,7,7,True,True,True
portugal-wildfire_00001213,portugal-wildfire,tier3,test_ood,True,7,7,True,True,True
portugal-wildfire_00001214,portugal-wildfire,tier3,test_ood,True,7,7,True,True,True
portugal-wildfire_00001215,portugal-wildfire,tier3,test_ood,True,7,7,True,True,True
portugal-wildfire_00001216,portugal-wildfire,tier3,test_ood,True,7,7,True,True,True
portugal-wildfire_00001217,portugal-wildfire,tier3,test_ood,True,7,7,True,True,True
portugal-wildfire_00001218,portugal-wildfire,tier3,test_ood,True,7,7,True,True,True
portugal-wildfire_00001219,portugal-wildfire,tier3,test_ood,True,7,7,True,True,True
portugal-wildfire_00001220,portugal-wildfire,tier3,test_ood,True,7,7,True,True,True
portugal-wildfire_00001221,portugal-wildfire,tier3,test_ood,True,7,7,True,True,True
portugal-wildfire_00001222,portugal-wildfire,tier3,test_ood,True,7,7,True,True,True
portugal-wildfire_00001223,portugal-wildfire,tier3,test_ood,True,7,7,True,True,True
portugal-wildfire_00001224,portugal-wildfire,tier3,test_ood,True,7,7,True,True,True
portugal-wildfire_00001225,portugal-wildfire,tier3,test_ood,True,7,7,True,True,True
portugal-wildfire_00001226,portugal-wildfire,tier3,test_ood,True,7,7,True,True,True
portugal-wildfire_00001227,portugal-wildfire,tier3,test_ood,True,7,7,True,True,True
portugal-wildfire_00001228,portugal-wildfire,tier3,test_ood,True,7,7,True,True,True
portugal-wildfire_00001229,portugal-wildfire,tier3,test_ood,True,7,7,True,True,True
portugal-wildfire_00001230,portugal-wildfire,tier3,test_ood,True,7,7,True,True,True
portugal-wildfire_00001231,portugal-wildfire,tier3,test_ood,True,7,7,True,True,True
portugal-wildfire_00001232,portugal-wildfire,tier3,test_ood,True,7,7,True,True,True
portugal-wildfire_00001233,portugal-wildfire,tier3,test_ood,True,7,7,True,True,True
portugal-wildfire_00001234,portugal-wildfire,tier3,test_ood,True,7,7,True,True,True
portugal-wildfire_00001235,portugal-wildfire,tier3,test_ood,True,7,7,True,True,True
portugal-wildfire_00001236,portugal-wildfire,tier3,test_ood,True,7,7,True,True,True
portugal-wildfire_00001237,portugal-wildfire,tier3,test_ood,True,7,7,True,True,True
portugal-wildfire_00001238,portugal-wildfire,tier3,test_ood,True,7,7,True,True,True
portugal-wildfire_00001239,portugal-wildfire,tier3,test_ood,True,7,7,True,True,True
portugal-wildfire_00001240,portugal-wildfire,tier3,test_ood,True,7,7,True,True,True
portugal-wildfire_00001241,portugal-wildfire,tier3,test_ood,True,7,7,True,True,True
portugal-wildfire_00001242,portugal-wildfire,tier3,test_ood,True,7,7,True,True,True
portugal-wildfire_00001243,portugal-wildfire,tier3,test_ood,True,7,7,True,True,True
portugal-wildfire_00001244,portugal-wildfire,tier3,test_ood,True,7,7,True,True,True
portugal-wildfire_00001245,portugal-wildfire,tier3,test_ood,True,7,7,True,True,True
portugal-wildfire_00001246,portugal-wildfire,tier3,test_ood,True,7,7,True,True,True
portugal-wildfire_00001247,portugal-wildfire,tier3,test_ood,True,7,7,True,True,True
portugal-wildfire_00001248,portugal-wildfire,tier3,test_ood,True,7,7,True,True,True
portugal-wildfire_00001249,portugal-wildfire,tier3,test_ood,True,7,7,True,True,True
portugal-wildfire_00001250,portugal-wildfire,tier3,test_ood,True,7,7,True,True,True
portugal-wildfire_00001251,portugal-wildfire,tier3,test_ood,True,7,7,True,True,True
portugal-wildfire_00001252,portugal-wildfire,tier3,test_ood,True,7,7,True,True,True
portugal-wildfire_00001253,portugal-wildfire,tier3,test_ood,True,7,7,True,True,True
portugal-wildfire_00001254,portugal-wildfire,tier3,test_ood,True,7,7,True,True,True
portugal-wildfire_00001255,portugal-wildfire,tier3,test_ood,True,7,7,True,True,True
portugal-wildfire_00001256,portugal-wildfire,tier3,test_ood,True,7,7,True,True,True
portugal-wildfire_00001257,portugal-wildfire,tier3,test_ood,True,7,7,True,True,True
portugal-wildfire_00001258,portugal-wildfire,tier3,test_ood,True,7,7,True,True,True
portugal-wildfire_00001259,portugal-wildfire,tier3,test_ood,True,7,7,True,True,True
portugal-wildfire_00001260,portugal-wildfire,tier3,test_ood,True,7,7,True,True,True
portugal-wildfire_00001261,portugal-wildfire,tier3,test_ood,True,7,7,True,True,True
portugal-wildfire_00001262,portugal-wildfire,tier3,test_ood,True,7,7,True,True,True
portugal-wildfire_00001263,portugal-wildfire,tier3,test_ood,True,7,7,True,True,True
portugal-wildfire_00001264,portugal-wildfire,tier3,test_ood,True,7,7,True,True,True
portugal-wildfire_00001265,portugal-wildfire,tier3,test_ood,True,7,7,True,True,True
portugal-wildfire_00001266,portugal-wildfire,tier3,test_ood,True,7,7,True,True,True
portugal-wildfire_00001267,portugal-wildfire,tier3,test_ood,True,7,7,True,True,True
portugal-wildfire_00001268,portugal-wildfire,tier3,test_ood,True,7,7,True,True,True
portugal-wildfire_00001269,portugal-wildfire,tier3,test_ood,True,7,7,True,True,True
portugal-wildfire_00001270,portugal-wildfire,tier3,test_ood,True,7,7,True,True,True
portugal-wildfire_00001271,portugal-wildfire,tier3,test_ood,True,7,7,True,True,True
portugal-wildfire_00001272,portugal-wildfire,tier3,test_ood,True,7,7,True,True,True
portugal-wildfire_00001273,portugal-wildfire,tier3,test_ood,True,7,7,True,True,True
portugal-wildfire_00001274,portugal-wildfire,tier3,test_ood,True,7,7,True,True,True
portugal-wildfire_00001275,portugal-wildfire,tier3,test_ood,True,7,7,True,True,True
portugal-wildfire_00001276,portugal-wildfire,tier3,test_ood,True,7,7,True,True,True
portugal-wildfire_00001277,portugal-wildfire,tier3,test_ood,True,7,7,True,True,True
portugal-wildfire_00001278,portugal-wildfire,tier3,test_ood,True,7,7,True,True,True
portugal-wildfire_00001279,portugal-wildfire,tier3,test_ood,True,7,7,True,True,True
portugal-wildfire_00001280,portugal-wildfire,tier3,test_ood,True,7,7,True,True,True
portugal-wildfire_00001281,portugal-wildfire,tier3,test_ood,True,7,7,True,True,True
portugal-wildfire_00001282,portugal-wildfire,tier3,test_ood,True,7,7,True,True,True
portugal-wildfire_00001283,portugal-wildfire,tier3,test_ood,True,7,7,True,True,True
portugal-wildfire_00001284,portugal-wildfire,tier3,test_ood,True,7,7,True,True,True
portugal-wildfire_00001285,portugal-wildfire,tier3,test_ood,True,7,7,True,True,True
portugal-wildfire_00001286,portugal-wildfire,tier3,test_ood,True,7,7,True,True,True
portugal-wildfire_00001287,portugal-wildfire,tier3,test_ood,True,7,7,True,True,True
portugal-wildfire_00001288,portugal-wildfire,tier3,test_ood,True,7,7,True,True,True
portugal-wildfire_00001289,portugal-wildfire,tier3,test_ood,True,7,7,True,True,True
portugal-wildfire_00001290,portugal-wildfire,tier3,test_ood,True,7,7,True,True,True
portugal-wildfire_00001291,portugal-wildfire,tier3,test_ood,True,7,7,True,True,True
portugal-wildfire_00001292,portugal-wildfire,tier3,test_ood,True,7,7,True,True,True
portugal-wildfire_00001293,portugal-wildfire,tier3,test_ood,True,7,7,True,True,True
portugal-wildfire_00001294,portugal-wildfire,tier3,test_ood,True,7,7,True,True,True
portugal-wildfire_00001295,portugal-wildfire,tier3,test_ood,True,7,7,True,True,True
portugal-wildfire_00001296,portugal-wildfire,tier3,test_ood,True,7,7,True,True,True
portugal-wildfire_00001297,portugal-wildfire,tier3,test_ood,True,7,7,True,True,True
portugal-wildfire_00001298,portugal-wildfire,tier3,test_ood,True,7,7,True,True,True
portugal-wildfire_00001299,portugal-wildfire,tier3,test_ood,True,7,7,True,True,True
portugal-wildfire_00001300,portugal-wildfire,tier3,test_ood,True,7,7,True,True,True
portugal-wildfire_00001301,portugal-wildfire,tier3,test_ood,True,7,7,True,True,True
portugal-wildfire_00001302,portugal-wildfire,tier3,test_ood,True,7,7,True,True,True
portugal-wildfire_00001303,portugal-wildfire,tier3,test_ood,True,7,7,True,True,True
portugal-wildfire_00001304,portugal-wildfire,tier3,test_ood,True,7,7,True,True,True
portugal-wildfire_00001305,portugal-wildfire,tier3,test_ood,True,7,7,True,True,True
portugal-wildfire_00001306,portugal-wildfire,tier3,test_ood,True,7,7,True,True,True
portugal-wildfire_00001307,portugal-wildfire,tier3,test_ood,True,7,7,True,True,True
portugal-wildfire_00001308,portugal-wildfire,tier3,test_ood,True,7,7,True,True,True
portugal-wildfire_00001309,portugal-wildfire,tier3,test_ood,True,7,7,True,True,True
portugal-wildfire_00001310,portugal-wildfire,tier3,test_ood,True,7,7,True,True,True
portugal-wildfire_00001311,portugal-wildfire,tier3,test_ood,True,7,7,True,True,True
portugal-wildfire_00001312,portugal-wildfire,tier3,test_ood,True,7,7,True,True,True
portugal-wildfire_00001313,portugal-wildfire,tier3,test_ood,True,7,7,True,True,True
portugal-wildfire_00001314,portugal-wildfire,tier3,test_ood,True,7,7,True,True,True
portugal-wildfire_00001315,portugal-wildfire,tier3,test_ood,True,7,7,True,True,True
portugal-wildfire_00001316,portugal-wildfire,tier3,test_ood,True,7,7,True,True,True
portugal-wildfire_00001317,portugal-wildfire,tier3,test_ood,True,7,7,True,True,True
portugal-wildfire_00001318,portugal-wildfire,tier3,test_ood,True,7,7,True,True,True
portugal-wildfire_00001319,portugal-wildfire,tier3,test_ood,True,7,7,True,True,True
portugal-wildfire_00001320,portugal-wildfire,tier3,test_ood,True,7,7,True,True,True
portugal-wildfire_00001321,portugal-wildfire,tier3,test_ood,True,7,7,True,True,True
portugal-wildfire_00001322,portugal-wildfire,tier3,test_ood,True,7,7,True,True,True
portugal-wildfire_00001323,portugal-wildfire,tier3,test_ood,True,7,7,True,True,True
portugal-wildfire_00001324,portugal-wildfire,tier3,test_ood,True,7,7,True,True,True
portugal-wildfire_00001325,portugal-wildfire,tier3,test_ood,True,7,7,True,True,True
portugal-wildfire_00001326,portugal-wildfire,tier3,test_ood,True,7,7,True,True,True
portugal-wildfire_00001327,portugal-wildfire,tier3,test_ood,True,7,7,True,True,True
portugal-wildfire_00001328,portugal-wildfire,tier3,test_ood,True,7,7,True,True,True
portugal-wildfire_00001329,portugal-wildfire,tier3,test_ood,True,7,7,True,True,True
portugal-wildfire_00001330,portugal-wildfire,tier3,test_ood,True,7,7,True,True,True
portugal-wildfire_00001331,portugal-wildfire,tier3,test_ood,True,7,7,True,True,True
portugal-wildfire_00001332,portugal-wildfire,tier3,test_ood,True,7,7,True,True,True
portugal-wildfire_00001333,portugal-wildfire,tier3,test_ood,True,7,7,True,True,True
portugal-wildfire_00001334,portugal-wildfire,tier3,test_ood,True,7,7,True,True,True
portugal-wildfire_00001335,portugal-wildfire,tier3,test_ood,True,7,7,True,True,True
portugal-wildfire_00001336,portugal-wildfire,tier3,test_ood,True,7,7,True,True,True
portugal-wildfire_00001337,portugal-wildfire,tier3,test_ood,True,7,7,True,True,True
portugal-wildfire_00001338,portugal-wildfire,tier3,test_ood,True,7,7,True,True,True
portugal-wildfire_00001339,portugal-wildfire,tier3,test_ood,True,7,7,True,True,True
portugal-wildfire_00001340,portugal-wildfire,tier3,test_ood,True,7,7,True,True,True
portugal-wildfire_00001341,portugal-wildfire,tier3,test_ood,True,7,7,True,True,True
portugal-wildfire_00001342,portugal-wildfire,tier3,test_ood,True,7,7,True,True,True
portugal-wildfire_00001343,portugal-wildfire,tier3,test_ood,True,7,7,True,True,True
portugal-wildfire_00001344,portugal-wildfire,tier3,test_ood,True,7,7,True,True,True
portugal-wildfire_00001345,portugal-wildfire,tier3,test_ood,True,7,7,True,True,True
portugal-wildfire_00001346,portugal-wildfire,tier3,test_ood,True,7,7,True,True,True
portugal-wildfire_00001347,portugal-wildfire,tier3,test_ood,True,7,7,True,True,True
portugal-wildfire_00001348,portugal-wildfire,tier3,test_ood,True,7,7,True,True,True
portugal-wildfire_00001349,portugal-wildfire,tier3,test_ood,True,7,7,True,True,True
portugal-wildfire_00001350,portugal-wildfire,tier3,test_ood,True,7,7,True,True,True
portugal-wildfire_00001351,portugal-wildfire,tier3,test_ood,True,7,7,True,True,True
portugal-wildfire_00001352,portugal-wildfire,tier3,test_ood,True,7,7,True,True,True
portugal-wildfire_00001353,portugal-wildfire,tier3,test_ood,True,7,7,True,True,True
portugal-wildfire_00001354,portugal-wildfire,tier3,test_ood,True,7,7,True,True,True
portugal-wildfire_00001355,portugal-wildfire,tier3,test_ood,True,7,7,True,True,True
portugal-wildfire_00001356,portugal-wildfire,tier3,test_ood,True,7,7,True,True,True
portugal-wildfire_00001357,portugal-wildfire,tier3,test_ood,True,7,7,True,True,True
portugal-wildfire_00001358,portugal-wildfire,tier3,test_ood,True,7,7,True,True,True
portugal-wildfire_00001359,portugal-wildfire,tier3,test_ood,True,7,7,True,True,True
portugal-wildfire_00001360,portugal-wildfire,tier3,test_ood,True,7,7,True,True,True
portugal-wildfire_00001361,portugal-wildfire,tier3,test_ood,True,7,7,True,True,True
portugal-wildfire_00001362,portugal-wildfire,tier3,test_ood,True,7,7,True,True,True
portugal-wildfire_00001363,portugal-wildfire,tier3,test_ood,True,7,7,True,True,True
portugal-wildfire_00001364,portugal-wildfire,tier3,test_ood,True,7,7,True,True,True
portugal-wildfire_00001365,portugal-wildfire,tier3,test_ood,True,7,7,True,True,True
portugal-wildfire_00001366,portugal-wildfire,tier3,test_ood,True,7,7,True,True,True
portugal-wildfire_00001367,portugal-wildfire,tier3,test_ood,True,7,7,True,True,True
portugal-wildfire_00001368,portugal-wildfire,tier3,test_ood,True,7,7,True,True,True
portugal-wildfire_00001369,portugal-wildfire,tier3,test_ood,True,7,7,True,True,True
portugal-wildfire_00001370,portugal-wildfire,tier3,test_ood,True,7,7,True,True,True
portugal-wildfire_00001371,portugal-wildfire,tier3,test_ood,True,7,7,True,True,True
portugal-wildfire_00001372,portugal-wildfire,tier3,test_ood,True,7,7,True,True,True
portugal-wildfire_00001373,portugal-wildfire,tier3,test_ood,True,7,7,True,True,True
portugal-wildfire_00001374,portugal-wildfire,tier3,test_ood,True,7,7,True,True,True
portugal-wildfire_00001375,portugal-wildfire,tier3,test_ood,True,7,7,True,True,True
portugal-wildfire_00001376,portugal-wildfire,tier3,test_ood,True,7,7,True,True,True
portugal-wildfire_00001377,portugal-wildfire,tier3,test_ood,True,7,7,True,True,True
portugal-wildfire_00001378,portugal-wildfire,tier3,test_ood,True,7,7,True,True,True
portugal-wildfire_00001379,portugal-wildfire,tier3,test_ood,True,7,7,True,True,True
portugal-wildfire_00001380,portugal-wildfire,tier3,test_ood,True,7,7,True,True,True
portugal-wildfire_00001381,portugal-wildfire,tier3,test_ood,True,7,7,True,True,True
portugal-wildfire_00001382,portugal-wildfire,tier3,test_ood,True,7,7,True,True,True
portugal-wildfire_00001383,portugal-wildfire,tier3,test_ood,True,7,7,True,True,True
portugal-wildfire_00001384,portugal-wildfire,tier3,test_ood,True,7,7,True,True,True
portugal-wildfire_00001385,portugal-wildfire,tier3,test_ood,True,7,7,True,True,True
portugal-wildfire_00001386,portugal-wildfire,tier3,test_ood,True,7,7,True,True,True
portugal-wildfire_00001387,portugal-wildfire,tier3,test_ood,True,7,7,True,True,True
portugal-wildfire_00001388,portugal-wildfire,tier3,test_ood,True,7,7,True,True,True
portugal-wildfire_00001389,portugal-wildfire,tier3,test_ood,True,7,7,True,True,True
portugal-wildfire_00001390,portugal-wildfire,tier3,test_ood,True,7,7,True,True,True
portugal-wildfire_00001391,portugal-wildfire,tier3,test_ood,True,7,7,True,True,True
portugal-wildfire_00001392,portugal-wildfire,tier3,test_ood,True,7,7,True,True,True
portugal-wildfire_00001393,portugal-wildfire,tier3,test_ood,True,7,7,True,True,True
portugal-wildfire_00001394,portugal-wildfire,tier3,test_ood,True,7,7,True,True,True
portugal-wildfire_00001395,portugal-wildfire,tier3,test_ood,True,7,7,True,True,True
portugal-wildfire_00001396,portugal-wildfire,tier3,test_ood,True,7,7,True,True,True
portugal-wildfire_00001397,portugal-wildfire,tier3,test_ood,True,7,7,True,True,True
portugal-wildfire_00001398,portugal-wildfire,tier3,test_ood,True,7,7,True,True,True
portugal-wildfire_00001399,portugal-wildfire,tier3,test_ood,True,7,7,True,True,True
portugal-wildfire_00001400,portugal-wildfire,tier3,test_ood,True,7,7,True,True,True
portugal-wildfire_00001401,portugal-wildfire,tier3,test_ood,True,7,7,True,True,True
portugal-wildfire_00001402,portugal-wildfire,tier3,test_ood,True,7,7,True,True,True
portugal-wildfire_00001403,portugal-wildfire,tier3,test_ood,True,7,7,True,True,True
portugal-wildfire_00001404,portugal-wildfire,tier3,test_ood,True,7,7,True,True,True
portugal-wildfire_00001405,portugal-wildfire,tier3,test_ood,True,7,7,True,True,True
portugal-wildfire_00001406,portugal-wildfire,tier3,test_ood,True,7,7,True,True,True
portugal-wildfire_00001407,portugal-wildfire,tier3,test_ood,True,7,7,True,True,True
portugal-wildfire_00001408,portugal-wildfire,tier3,test_ood,True,7,7,True,True,True
portugal-wildfire_00001409,portugal-wildfire,tier3,test_ood,True,7,7,True,True,True
portugal-wildfire_00001410,portugal-wildfire,tier3,test_ood,True,7,7,True,True,True
portugal-wildfire_00001411,portugal-wildfire,tier3,test_ood,True,7,7,True,True,True
portugal-wildfire_00001412,portugal-wildfire,tier3,test_ood,True,7,7,True,True,True
portugal-wildfire_00001413,portugal-wildfire,tier3,test_ood,True,7,7,True,True,True
portugal-wildfire_00001414,portugal-wildfire,tier3,test_ood,True,7,7,True,True,True
portugal-wildfire_00001415,portugal-wildfire,tier3,test_ood,True,7,7,True,True,True
portugal-wildfire_00001416,portugal-wildfire,tier3,test_ood,True,7,7,True,True,True
portugal-wildfire_00001417,portugal-wildfire,tier3,test_ood,True,7,7,True,True,True
portugal-wildfire_00001418,portugal-wildfire,tier3,test_ood,True,7,7,True,True,True
portugal-wildfire_00001419,portugal-wildfire,tier3,test_ood,True,7,7,True,True,True
portugal-wildfire_00001420,portugal-wildfire,tier3,test_ood,True,7,7,True,True,True
portugal-wildfire_00001421,portugal-wildfire,tier3,test_ood,True,7,7,True,True,True
portugal-wildfire_00001422,portugal-wildfire,tier3,test_ood,True,7,7,True,True,True
portugal-wildfire_00001423,portugal-wildfire,tier3,test_ood,True,7,7,True,True,True
portugal-wildfire_00001424,portugal-wildfire,tier3,test_ood,True,7,7,True,True,True
portugal-wildfire_00001425,portugal-wildfire,tier3,test_ood,True,7,7,True,True,True
portugal-wildfire_00001426,portugal-wildfire,tier3,test_ood,True,7,7,True,True,True
portugal-wildfire_00001427,portugal-wildfire,tier3,test_ood,True,7,7,True,True,True
portugal-wildfire_00001428,portugal-wildfire,tier3,test_ood,True,7,7,True,True,True
portugal-wildfire_00001429,portugal-wildfire,tier3,test_ood,True,7,7,True,True,True
portugal-wildfire_00001430,portugal-wildfire,tier3,test_ood,True,7,7,True,True,True
portugal-wildfire_00001431,portugal-wildfire,tier3,test_ood,True,7,7,True,True,True
portugal-wildfire_00001432,portugal-wildfire,tier3,test_ood,True,7,7,True,True,True
portugal-wildfire_00001433,portugal-wildfire,tier3,test_ood,True,7,7,True,True,True
portugal-wildfire_00001434,portugal-wildfire,tier3,test_ood,True,7,7,True,True,True
portugal-wildfire_00001435,portugal-wildfire,tier3,test_ood,True,7,7,True,True,True
portugal-wildfire_00001436,portugal-wildfire,tier3,test_ood,True,7,7,True,True,True
portugal-wildfire_00001437,portugal-wildfire,tier3,test_ood,True,7,7,True,True,True
portugal-wildfire_00001438,portugal-wildfire,tier3,test_ood,True,7,7,True,True,True
portugal-wildfire_00001439,portugal-wildfire,tier3,test_ood,True,7,7,True,True,True
portugal-wildfire_00001440,portugal-wildfire,tier3,test_ood,True,7,7,True,True,True
portugal-wildfire_00001441,portugal-wildfire,tier3,test_ood,True,7,7,True,True,True
portugal-wildfire_00001442,portugal-wildfire,tier3,test_ood,True,7,7,True,True,True
portugal-wildfire_00001443,portugal-wildfire,tier3,test_ood,True,7,7,True,True,True
portugal-wildfire_00001444,portugal-wildfire,tier3,test_ood,True,7,7,True,True,True
portugal-wildfire_00001445,portugal-wildfire,tier3,test_ood,True,7,7,True,True,True
portugal-wildfire_00001446,portugal-wildfire,tier3,test_ood,True,7,7,True,True,True
portugal-wildfire_00001447,portugal-wildfire,tier3,test_ood,True,7,7,True,True,True
portugal-wildfire_00001448,portugal-wildfire,tier3,test_ood,True,7,7,True,True,True
portugal-wildfire_00001449,portugal-wildfire,tier3,test_ood,True,7,7,True,True,True
portugal-wildfire_00001450,portugal-wildfire,tier3,test_ood,True,7,7,True,True,True
portugal-wildfire_00001451,portugal-wildfire,tier3,test_ood,True,7,7,True,True,True
portugal-wildfire_00001452,portugal-wildfire,tier3,test_ood,True,7,7,True,True,True
portugal-wildfire_00001453,portugal-wildfire,tier3,test_ood,True,7,7,True,True,True
portugal-wildfire_00001454,portugal-wildfire,tier3,test_ood,True,7,7,True,True,True
portugal-wildfire_00001455,portugal-wildfire,tier3,test_ood,True,7,7,True,True,True
portugal-wildfire_00001456,portugal-wildfire,tier3,test_ood,True,7,7,True,True,True
portugal-wildfire_00001457,portugal-wildfire,tier3,test_ood,True,7,7,True,True,True
portugal-wildfire_00001458,portugal-wildfire,tier3,test_ood,True,7,7,True,True,True
portugal-wildfire_00001459,portugal-wildfire,tier3,test_ood,True,7,7,True,True,True
portugal-wildfire_00001460,portugal-wildfire,tier3,test_ood,True,7,7,True,True,True
portugal-wildfire_00001461,portugal-wildfire,tier3,test_ood,True,7,7,True,True,True
portugal-wildfire_00001462,portugal-wildfire,tier3,test_ood,True,7,7,True,True,True
portugal-wildfire_00001463,portugal-wildfire,tier3,test_ood,True,7,7,True,True,True
portugal-wildfire_00001464,portugal-wildfire,tier3,test_ood,True,7,7,True,True,True
portugal-wildfire_00001465,portugal-wildfire,tier3,test_ood,True,7,7,True,True,True
portugal-wildfire_00001466,portugal-wildfire,tier3,test_ood,True,7,7,True,True,True
portugal-wildfire_00001467,portugal-wildfire,tier3,test_ood,True,7,7,True,True,True
portugal-wildfire_00001468,portugal-wildfire,tier3,test_ood,True,7,7,True,True,True
portugal-wildfire_00001469,portugal-wildfire,tier3,test_ood,True,7,7,True,True,True
portugal-wildfire_00001470,portugal-wildfire,tier3,test_ood,True,7,7,True,True,True
portugal-wildfire_00001471,portugal-wildfire,tier3,test_ood,True,7,7,True,True,True
portugal-wildfire_00001472,portugal-wildfire,tier3,test_ood,True,7,7,True,True,True
portugal-wildfire_00001473,portugal-wildfire,tier3,test_ood,True,7,7,True,True,True
portugal-wildfire_00001474,portugal-wildfire,tier3,test_ood,True,7,7,True,True,True
portugal-wildfire_00001475,portugal-wildfire,tier3,test_ood,True,7,7,True,True,True
portugal-wildfire_00001476,portugal-wildfire,tier3,test_ood,True,7,7,True,True,True
portugal-wildfire_00001477,portugal-wildfire,tier3,test_ood,True,7,7,True,True,True
portugal-wildfire_00001478,portugal-wildfire,tier3,test_ood,True,7,7,True,True,True
portugal-wildfire_00001479,portugal-wildfire,tier3,test_ood,True,7,7,True,True,True
portugal-wildfire_00001480,portugal-wildfire,tier3,test_ood,True,7,7,True,True,True
portugal-wildfire_00001481,portugal-wildfire,tier3,test_ood,True,7,7,True,True,True
portugal-wildfire_00001482,portugal-wildfire,tier3,test_ood,True,7,7,True,True,True
portugal-wildfire_00001483,portugal-wildfire,tier3,test_ood,True,7,7,True,True,True
portugal-wildfire_00001484,portugal-wildfire,tier3,test_ood,True,7,7,True,True,True
portugal-wildfire_00001485,portugal-wildfire,tier3,test_ood,True,7,7,True,True,True
portugal-wildfire_00001486,portugal-wildfire,tier3,test_ood,True,7,7,True,True,True
portugal-wildfire_00001487,portugal-wildfire,tier3,test_ood,True,7,7,True,True,True
portugal-wildfire_00001488,portugal-wildfire,tier3,test_ood,True,7,7,True,True,True
portugal-wildfire_00001489,portugal-wildfire,tier3,test_ood,True,7,7,True,True,True
portugal-wildfire_00001490,portugal-wildfire,tier3,test_ood,True,7,7,True,True,True
portugal-wildfire_00001491,portugal-wildfire,tier3,test_ood,True,7,7,True,True,True
portugal-wildfire_00001492,portugal-wildfire,tier3,test_ood,True,7,7,True,True,True
portugal-wildfire_00001493,portugal-wildfire,tier3,test_ood,True,7,7,True,True,True
portugal-wildfire_00001494,portugal-wildfire,tier3,test_ood,True,7,7,True,True,True
portugal-wildfire_00001495,portugal-wildfire,tier3,test_ood,True,7,7,True,True,True
portugal-wildfire_00001496,portugal-wildfire,tier3,test_ood,True,7,7,True,True,True
portugal-wildfire_00001497,portugal-wildfire,tier3,test_ood,True,7,7,True,True,True
portugal-wildfire_00001498,portugal-wildfire,tier3,test_ood,True,7,7,True,True,True
portugal-wildfire_00001499,portugal-wildfire,tier3,test_ood,True,7,7,True,True,True
portugal-wildfire_00001500,portugal-wildfire,tier3,test_ood,True,7,7,True,True,True
portugal-wildfire_00001501,portugal-wildfire,tier3,test_ood,True,7,7,True,True,True
portugal-wildfire_00001502,portugal-wildfire,tier3,test_ood,True,7,7,True,True,True
portugal-wildfire_00001503,portugal-wildfire,tier3,test_ood,True,7,7,True,True,True
portugal-wildfire_00001504,portugal-wildfire,tier3,test_ood,True,7,7,True,True,True
portugal-wildfire_00001505,portugal-wildfire,tier3,test_ood,True,7,7,True,True,True
portugal-wildfire_00001506,portugal-wildfire,tier3,test_ood,True,7,7,True,True,True
portugal-wildfire_00001507,portugal-wildfire,tier3,test_ood,True,7,7,True,True,True
portugal-wildfire_00001508,portugal-wildfire,tier3,test_ood,True,7,7,True,True,True
portugal-wildfire_00001509,portugal-wildfire,tier3,test_ood,True,7,7,True,True,True
portugal-wildfire_00001510,portugal-wildfire,tier3,test_ood,True,7,7,True,True,True
portugal-wildfire_00001511,portugal-wildfire,tier3,test_ood,True,7,7,True,True,True
portugal-wildfire_00001512,portugal-wildfire,tier3,test_ood,True,7,7,True,True,True
portugal-wildfire_00001513,portugal-wildfire,tier3,test_ood,True,7,7,True,True,True
portugal-wildfire_00001514,portugal-wildfire,tier3,test_ood,True,7,7,True,True,True
portugal-wildfire_00001515,portugal-wildfire,tier3,test_ood,True,7,7,True,True,True
portugal-wildfire_00001516,portugal-wildfire,tier3,test_ood,True,7,7,True,True,True
portugal-wildfire_00001517,portugal-wildfire,tier3,test_ood,True,7,7,True,True,True
portugal-wildfire_00001518,portugal-wildfire,tier3,test_ood,True,7,7,True,True,True
portugal-wildfire_00001519,portugal-wildfire,tier3,test_ood,True,7,7,True,True,True
portugal-wildfire_00001520,portugal-wildfire,tier3,test_ood,True,7,7,True,True,True
portugal-wildfire_00001521,portugal-wildfire,tier3,test_ood,True,7,7,True,True,True
portugal-wildfire_00001522,portugal-wildfire,tier3,test_ood,True,7,7,True,True,True
portugal-wildfire_00001523,portugal-wildfire,tier3,test_ood,True,7,7,True,True,True
portugal-wildfire_00001524,portugal-wildfire,tier3,test_ood,True,7,7,True,True,True
portugal-wildfire_00001525,portugal-wildfire,tier3,test_ood,True,7,7,True,True,True
portugal-wildfire_00001526,portugal-wildfire,tier3,test_ood,True,7,7,True,True,True
portugal-wildfire_00001527,portugal-wildfire,tier3,test_ood,True,7,7,True,True,True
portugal-wildfire_00001528,portugal-wildfire,tier3,test_ood,True,7,7,True,True,True
portugal-wildfire_00001529,portugal-wildfire,tier3,test_ood,True,7,7,True,True,True
portugal-wildfire_00001530,portugal-wildfire,tier3,test_ood,True,7,7,True,True,True
portugal-wildfire_00001531,portugal-wildfire,tier3,test_ood,True,7,7,True,True,True
portugal-wildfire_00001532,portugal-wildfire,tier3,test_ood,True,7,7,True,True,True
portugal-wildfire_00001533,portugal-wildfire,tier3,test_ood,True,7,7,True,True,True
portugal-wildfire_00001534,portugal-wildfire,tier3,test_ood,True,7,7,True,True,True
portugal-wildfire_00001535,portugal-wildfire,tier3,test_ood,True,7,7,True,True,True
portugal-wildfire_00001536,portugal-wildfire,tier3,test_ood,True,7,7,True,True,True
portugal-wildfire_00001537,portugal-wildfire,tier3,test_ood,True,7,7,True,True,True
portugal-wildfire_00001538,portugal-wildfire,tier3,test_ood,True,7,7,True,True,True
portugal-wildfire_00001539,portugal-wildfire,tier3,test_ood,True,7,7,True,True,True
portugal-wildfire_00001540,portugal-wildfire,tier3,test_ood,True,7,7,True,True,True
portugal-wildfire_00001541,portugal-wildfire,tier3,test_ood,True,7,7,True,True,True
portugal-wildfire_00001542,portugal-wildfire,tier3,test_ood,True,7,7,True,True,True
portugal-wildfire_00001543,portugal-wildfire,tier3,test_ood,True,7,7,True,True,True
portugal-wildfire_00001544,portugal-wildfire,tier3,test_ood,True,7,7,True,True,True
portugal-wildfire_00001545,portugal-wildfire,tier3,test_ood,True,7,7,True,True,True
portugal-wildfire_00001546,portugal-wildfire,tier3,test_ood,True,7,7,True,True,True
portugal-wildfire_00001547,portugal-wildfire,tier3,test_ood,True,7,7,True,True,True
portugal-wildfire_00001548,portugal-wildfire,tier3,test_ood,True,7,7,True,True,True
portugal-wildfire_00001549,portugal-wildfire,tier3,test_ood,True,7,7,True,True,True
portugal-wildfire_00001550,portugal-wildfire,tier3,test_ood,True,7,7,True,True,True
portugal-wildfire_00001551,portugal-wildfire,tier3,test_ood,True,7,7,True,True,True
portugal-wildfire_00001552,portugal-wildfire,tier3,test_ood,True,7,7,True,True,True
portugal-wildfire_00001553,portugal-wildfire,tier3,test_ood,True,7,7,True,True,True
portugal-wildfire_00001554,portugal-wildfire,tier3,test_ood,True,7,7,True,True,True
portugal-wildfire_00001555,portugal-wildfire,tier3,test_ood,True,7,7,True,True,True
portugal-wildfire_00001556,portugal-wildfire,tier3,test_ood,True,7,7,True,True,True
portugal-wildfire_00001557,portugal-wildfire,tier3,test_ood,True,7,7,True,True,True
portugal-wildfire_00001558,portugal-wildfire,tier3,test_ood,True,7,7,True,True,True
portugal-wildfire_00001559,portugal-wildfire,tier3,test_ood,True,7,7,True,True,True
portugal-wildfire_00001560,portugal-wildfire,tier3,test_ood,True,7,7,True,True,True
portugal-wildfire_00001561,portugal-wildfire,tier3,test_ood,True,7,7,True,True,True
portugal-wildfire_00001562,portugal-wildfire,tier3,test_ood,True,7,7,True,True,True
portugal-wildfire_00001563,portugal-wildfire,tier3,test_ood,True,7,7,True,True,True
portugal-wildfire_00001564,portugal-wildfire,tier3,test_ood,True,7,7,True,True,True
portugal-wildfire_00001565,portugal-wildfire,tier3,test_ood,True,7,7,True,True,True
portugal-wildfire_00001566,portugal-wildfire,tier3,test_ood,True,7,7,True,True,True
portugal-wildfire_00001567,portugal-wildfire,tier3,test_ood,True,7,7,True,True,True
portugal-wildfire_00001568,portugal-wildfire,tier3,test_ood,True,7,7,True,True,True
portugal-wildfire_00001569,portugal-wildfire,tier3,test_ood,True,7,7,True,True,True
portugal-wildfire_00001570,portugal-wildfire,tier3,test_ood,True,7,7,True,True,True
portugal-wildfire_00001571,portugal-wildfire,tier3,test_ood,True,7,7,True,True,True
portugal-wildfire_00001572,portugal-wildfire,tier3,test_ood,True,7,7,True,True,True
portugal-wildfire_00001573,portugal-wildfire,tier3,test_ood,True,7,7,True,True,True
portugal-wildfire_00001574,portugal-wildfire,tier3,test_ood,True,7,7,True,True,True
portugal-wildfire_00001575,portugal-wildfire,tier3,test_ood,True,7,7,True,True,True
portugal-wildfire_00001576,portugal-wildfire,tier3,test_ood,True,7,7,True,True,True
portugal-wildfire_00001577,portugal-wildfire,tier3,test_ood,True,7,7,True,True,True
portugal-wildfire_00001578,portugal-wildfire,tier3,test_ood,True,7,7,True,True,True
portugal-wildfire_00001579,portugal-wildfire,tier3,test_ood,True,7,7,True,True,True
portugal-wildfire_00001580,portugal-wildfire,tier3,test_ood,True,7,7,True,True,True
portugal-wildfire_00001581,portugal-wildfire,tier3,test_ood,True,7,7,True,True,True
portugal-wildfire_00001582,portugal-wildfire,tier3,test_ood,True,7,7,True,True,True
portugal-wildfire_00001583,portugal-wildfire,tier3,test_ood,True,7,7,True,True,True
portugal-wildfire_00001584,portugal-wildfire,tier3,test_ood,True,7,7,True,True,True
portugal-wildfire_00001585,portugal-wildfire,tier3,test_ood,True,7,7,True,True,True
portugal-wildfire_00001586,portugal-wildfire,tier3,test_ood,True,7,7,True,True,True
portugal-wildfire_00001587,portugal-wildfire,tier3,test_ood,True,7,7,True,True,True
portugal-wildfire_00001588,portugal-wildfire,tier3,test_ood,True,7,7,True,True,True
portugal-wildfire_00001589,portugal-wildfire,tier3,test_ood,True,7,7,True,True,True
portugal-wildfire_00001590,portugal-wildfire,tier3,test_ood,True,7,7,True,True,True
portugal-wildfire_00001591,portugal-wildfire,tier3,test_ood,True,7,7,True,True,True
portugal-wildfire_00001592,portugal-wildfire,tier3,test_ood,True,7,7,True,True,True
portugal-wildfire_00001593,portugal-wildfire,tier3,test_ood,True,7,7,True,True,True
portugal-wildfire_00001594,portugal-wildfire,tier3,test_ood,True,7,7,True,True,True
portugal-wildfire_00001595,portugal-wildfire,tier3,test_ood,True,7,7,True,True,True
portugal-wildfire_00001596,portugal-wildfire,tier3,test_ood,True,7,7,True,True,True
portugal-wildfire_00001597,portugal-wildfire,tier3,test_ood,True,7,7,True,True,True
portugal-wildfire_00001598,portugal-wildfire,tier3,test_ood,True,7,7,True,True,True
portugal-wildfire_00001599,portugal-wildfire,tier3,test_ood,True,7,7,True,True,True
portugal-wildfire_00001600,portugal-wildfire,tier3,test_ood,True,7,7,True,True,True
portugal-wildfire_00001601,portugal-wildfire,tier3,test_ood,True,7,7,True,True,True
portugal-wildfire_00001602,portugal-wildfire,tier3,test_ood,True,7,7,True,True,True
portugal-wildfire_00001603,portugal-wildfire,tier3,test_ood,True,7,7,True,True,True
portugal-wildfire_00001604,portugal-wildfire,tier3,test_ood,True,7,7,True,True,True
portugal-wildfire_00001605,portugal-wildfire,tier3,test_ood,True,7,7,True,True,True
portugal-wildfire_00001606,portugal-wildfire,tier3,test_ood,True,7,7,True,True,True
portugal-wildfire_00001607,portugal-wildfire,tier3,test_ood,True,7,7,True,True,True
portugal-wildfire_00001608,portugal-wildfire,tier3,test_ood,True,7,7,True,True,True
portugal-wildfire_00001609,portugal-wildfire,tier3,test_ood,True,7,7,True,True,True
portugal-wildfire_00001610,portugal-wildfire,tier3,test_ood,True,7,7,True,True,True
portugal-wildfire_00001611,portugal-wildfire,tier3,test_ood,True,7,7,True,True,True
portugal-wildfire_00001612,portugal-wildfire,tier3,test_ood,True,7,7,True,True,True
portugal-wildfire_00001613,portugal-wildfire,tier3,test_ood,True,7,7,True,True,True
portugal-wildfire_00001614,portugal-wildfire,tier3,test_ood,True,7,7,True,True,True
portugal-wildfire_00001615,portugal-wildfire,tier3,test_ood,True,7,7,True,True,True
portugal-wildfire_00001616,portugal-wildfire,tier3,test_ood,True,7,7,True,True,True
portugal-wildfire_00001617,portugal-wildfire,tier3,test_ood,True,7,7,True,True,True
portugal-wildfire_00001618,portugal-wildfire,tier3,test_ood,True,7,7,True,True,True
portugal-wildfire_00001619,portugal-wildfire,tier3,test_ood,True,7,7,True,True,True
portugal-wildfire_00001620,portugal-wildfire,tier3,test_ood,True,7,7,True,True,True
portugal-wildfire_00001621,portugal-wildfire,tier3,test_ood,True,7,7,True,True,True
portugal-wildfire_00001622,portugal-wildfire,tier3,test_ood,True,7,7,True,True,True
portugal-wildfire_00001623,portugal-wildfire,tier3,test_ood,True,7,7,True,True,True
portugal-wildfire_00001624,portugal-wildfire,tier3,test_ood,True,7,7,True,True,True
portugal-wildfire_00001625,portugal-wildfire,tier3,test_ood,True,7,7,True,True,True
portugal-wildfire_00001626,portugal-wildfire,tier3,test_ood,True,7,7,True,True,True
portugal-wildfire_00001627,portugal-wildfire,tier3,test_ood,True,7,7,True,True,True
portugal-wildfire_00001628,portugal-wildfire,tier3,test_ood,True,7,7,True,True,True
portugal-wildfire_00001629,portugal-wildfire,tier3,test_ood,True,7,7,True,True,True
portugal-wildfire_00001630,portugal-wildfire,tier3,test_ood,True,7,7,True,True,True
portugal-wildfire_00001631,portugal-wildfire,tier3,test_ood,True,7,7,True,True,True
portugal-wildfire_00001632,portugal-wildfire,tier3,test_ood,True,7,7,True,True,True
portugal-wildfire_00001633,portugal-wildfire,tier3,test_ood,True,7,7,True,True,True
portugal-wildfire_00001634,portugal-wildfire,tier3,test_ood,True,7,7,True,True,True
portugal-wildfire_00001635,portugal-wildfire,tier3,test_ood,True,7,7,True,True,True
portugal-wildfire_00001636,portugal-wildfire,tier3,test_ood,True,7,7,True,True,True
portugal-wildfire_00001637,portugal-wildfire,tier3,test_ood,True,7,7,True,True,True
portugal-wildfire_00001638,portugal-wildfire,tier3,test_ood,True,7,7,True,True,True
portugal-wildfire_00001639,portugal-wildfire,tier3,test_ood,True,7,7,True,True,True
portugal-wildfire_00001640,portugal-wildfire,tier3,test_ood,True,7,7,True,True,True
portugal-wildfire_00001641,portugal-wildfire,tier3,test_ood,True,7,7,True,True,True
portugal-wildfire_00001642,portugal-wildfire,tier3,test_ood,True,7,7,True,True,True
portugal-wildfire_00001643,portugal-wildfire,tier3,test_ood,True,7,7,True,True,True
portugal-wildfire_00001644,portugal-wildfire,tier3,test_ood,True,7,7,True,True,True
portugal-wildfire_00001645,portugal-wildfire,tier3,test_ood,True,7,7,True,True,True
portugal-wildfire_00001646,portugal-wildfire,tier3,test_ood,True,7,7,True,True,True
portugal-wildfire_00001647,portugal-wildfire,tier3,test_ood,True,7,7,True,True,True
portugal-wildfire_00001648,portugal-wildfire,tier3,test_ood,True,7,7,True,True,True
portugal-wildfire_00001649,portugal-wildfire,tier3,test_ood,True,7,7,True,True,True
portugal-wildfire_00001650,portugal-wildfire,tier3,test_ood,True,7,7,True,True,True
portugal-wildfire_00001651,portugal-wildfire,tier3,test_ood,True,7,7,True,True,True
portugal-wildfire_00001652,portugal-wildfire,tier3,test_ood,True,7,7,True,True,True
portugal-wildfire_00001653,portugal-wildfire,tier3,test_ood,True,7,7,True,True,True
portugal-wildfire_00001654,portugal-wildfire,tier3,test_ood,True,7,7,True,True,True
portugal-wildfire_00001655,portugal-wildfire,tier3,test_ood,True,7,7,True,True,True
portugal-wildfire_00001656,portugal-wildfire,tier3,test_ood,True,7,7,True,True,True
portugal-wildfire_00001657,portugal-wildfire,tier3,test_ood,True,7,7,True,True,True
portugal-wildfire_00001658,portugal-wildfire,tier3,test_ood,True,7,7,True,True,True
portugal-wildfire_00001659,portugal-wildfire,tier3,test_ood,True,7,7,True,True,True
portugal-wildfire_00001660,portugal-wildfire,tier3,test_ood,True,7,7,True,True,True
portugal-wildfire_00001661,portugal-wildfire,tier3,test_ood,True,7,7,True,True,True
portugal-wildfire_00001662,portugal-wildfire,tier3,test_ood,True,7,7,True,True,True
portugal-wildfire_00001663,portugal-wildfire,tier3,test_ood,True,7,7,True,True,True
portugal-wildfire_00001664,portugal-wildfire,tier3,test_ood,True,7,7,True,True,True
portugal-wildfire_00001665,portugal-wildfire,tier3,test_ood,True,7,7,True,True,True
portugal-wildfire_00001666,portugal-wildfire,tier3,test_ood,True,7,7,True,True,True
portugal-wildfire_00001667,portugal-wildfire,tier3,test_ood,True,7,7,True,True,True
portugal-wildfire_00001668,portugal-wildfire,tier3,test_ood,True,7,7,True,True,True
portugal-wildfire_00001669,portugal-wildfire,tier3,test_ood,True,7,7,True,True,True
portugal-wildfire_00001670,portugal-wildfire,tier3,test_ood,True,7,7,True,True,True
portugal-wildfire_00001671,portugal-wildfire,tier3,test_ood,True,7,7,True,True,True
portugal-wildfire_00001672,portugal-wildfire,tier3,test_ood,True,7,7,True,True,True
portugal-wildfire_00001673,portugal-wildfire,tier3,test_ood,True,7,7,True,True,True
portugal-wildfire_00001674,portugal-wildfire,tier3,test_ood,True,7,7,True,True,True
portugal-wildfire_00001675,portugal-wildfire,tier3,test_ood,True,7,7,True,True,True
portugal-wildfire_00001676,portugal-wildfire,tier3,test_ood,True,7,7,True,True,True
portugal-wildfire_00001677,portugal-wildfire,tier3,test_ood,True,7,7,True,True,True
portugal-wildfire_00001678,portugal-wildfire,tier3,test_ood,True,7,7,True,True,True
portugal-wildfire_00001679,portugal-wildfire,tier3,test_ood,True,7,7,True,True,True
portugal-wildfire_00001680,portugal-wildfire,tier3,test_ood,True,7,7,True,True,True
portugal-wildfire_00001681,portugal-wildfire,tier3,test_ood,True,7,7,True,True,True
portugal-wildfire_00001682,portugal-wildfire,tier3,test_ood,True,7,7,True,True,True
portugal-wildfire_00001683,portugal-wildfire,tier3,test_ood,True,7,7,True,True,True
portugal-wildfire_00001684,portugal-wildfire,tier3,test_ood,True,7,7,True,True,True
portugal-wildfire_00001685,portugal-wildfire,tier3,test_ood,True,7,7,True,True,True
portugal-wildfire_00001686,portugal-wildfire,tier3,test_ood,True,7,7,True,True,True
portugal-wildfire_00001687,portugal-wildfire,tier3,test_ood,True,7,7,True,True,True
portugal-wildfire_00001688,portugal-wildfire,tier3,test_ood,True,7,7,True,True,True
portugal-wildfire_00001689,portugal-wildfire,tier3,test_ood,True,7,7,True,True,True
portugal-wildfire_00001690,portugal-wildfire,tier3,test_ood,True,7,7,True,True,True
portugal-wildfire_00001691,portugal-wildfire,tier3,test_ood,True,7,7,True,True,True
portugal-wildfire_00001692,portugal-wildfire,tier3,test_ood,True,7,7,True,True,True
portugal-wildfire_00001693,portugal-wildfire,tier3,test_ood,True,7,7,True,True,True
portugal-wildfire_00001694,portugal-wildfire,tier3,test_ood,True,7,7,True,True,True
portugal-wildfire_00001695,portugal-wildfire,tier3,test_ood,True,7,7,True,True,True
portugal-wildfire_00001696,portugal-wildfire,tier3,test_ood,True,7,7,True,True,True
portugal-wildfire_00001697,portugal-wildfire,tier3,test_ood,True,7,7,True,True,True
portugal-wildfire_00001698,portugal-wildfire,tier3,test_ood,True,7,7,True,True,True
portugal-wildfire_00001699,portugal-wildfire,tier3,test_ood,True,7,7,True,True,True
portugal-wildfire_00001700,portugal-wildfire,tier3,test_ood,True,7,7,True,True,True
portugal-wildfire_00001701,portugal-wildfire,tier3,test_ood,True,7,7,True,True,True
portugal-wildfire_00001702,portugal-wildfire,tier3,test_ood,True,7,7,True,True,True
portugal-wildfire_00001703,portugal-wildfire,tier3,test_ood,True,7,7,True,True,True
portugal-wildfire_00001704,portugal-wildfire,tier3,test_ood,True,7,7,True,True,True
portugal-wildfire_00001705,portugal-wildfire,tier3,test_ood,True,7,7,True,True,True
portugal-wildfire_00001706,portugal-wildfire,tier3,test_ood,True,7,7,True,True,True
portugal-wildfire_00001707,portugal-wildfire,tier3,test_ood,True,7,7,True,True,True
portugal-wildfire_00001708,portugal-wildfire,tier3,test_ood,True,7,7,True,True,True
portugal-wildfire_00001709,portugal-wildfire,tier3,test_ood,True,7,7,True,True,True
portugal-wildfire_00001710,portugal-wildfire,tier3,test_ood,True,7,7,True,True,True
portugal-wildfire_00001711,portugal-wildfire,tier3,test_ood,True,7,7,True,True,True
portugal-wildfire_00001712,portugal-wildfire,tier3,test_ood,True,7,7,True,True,True
portugal-wildfire_00001713,portugal-wildfire,tier3,test_ood,True,7,7,True,True,True
portugal-wildfire_00001714,portugal-wildfire,tier3,test_ood,True,7,7,True,True,True
portugal-wildfire_00001715,portugal-wildfire,tier3,test_ood,True,7,7,True,True,True
portugal-wildfire_00001716,portugal-wildfire,tier3,test_ood,True,7,7,True,True,True
portugal-wildfire_00001717,portugal-wildfire,tier3,test_ood,True,7,7,True,True,True
portugal-wildfire_00001718,portugal-wildfire,tier3,test_ood,True,7,7,True,True,True
portugal-wildfire_00001719,portugal-wildfire,tier3,test_ood,True,7,7,True,True,True
portugal-wildfire_00001720,portugal-wildfire,tier3,test_ood,True,7,7,True,True,True
portugal-wildfire_00001721,portugal-wildfire,tier3,test_ood,True,7,7,True,True,True
portugal-wildfire_00001722,portugal-wildfire,tier3,test_ood,True,7,7,True,True,True
portugal-wildfire_00001723,portugal-wildfire,tier3,test_ood,True,7,7,True,True,True
portugal-wildfire_00001724,portugal-wildfire,tier3,test_ood,True,7,7,True,True,True
portugal-wildfire_00001725,portugal-wildfire,tier3,test_ood,True,7,7,True,True,True
portugal-wildfire_00001726,portugal-wildfire,tier3,test_ood,True,7,7,True,True,True
portugal-wildfire_00001727,portugal-wildfire,tier3,test_ood,True,7,7,True,True,True
portugal-wildfire_00001728,portugal-wildfire,tier3,test_ood,True,7,7,True,True,True
portugal-wildfire_00001729,portugal-wildfire,tier3,test_ood,True,7,7,True,True,True
portugal-wildfire_00001730,portugal-wildfire,tier3,test_ood,True,7,7,True,True,True
portugal-wildfire_00001731,portugal-wildfire,tier3,test_ood,True,7,7,True,True,True
portugal-wildfire_00001732,portugal-wildfire,tier3,test_ood,True,7,7,True,True,True
portugal-wildfire_00001733,portugal-wildfire,tier3,test_ood,True,7,7,True,True,True
portugal-wildfire_00001734,portugal-wildfire,tier3,test_ood,True,7,7,True,True,True
portugal-wildfire_00001735,portugal-wildfire,tier3,test_ood,True,7,7,True,True,True
portugal-wildfire_00001736,portugal-wildfire,tier3,test_ood,True,7,7,True,True,True
portugal-wildfire_00001737,portugal-wildfire,tier3,test_ood,True,7,7,True,True,True
portugal-wildfire_00001738,portugal-wildfire,tier3,test_ood,True,7,7,True,True,True
portugal-wildfire_00001739,portugal-wildfire,tier3,test_ood,True,7,7,True,True,True
portugal-wildfire_00001740,portugal-wildfire,tier3,test_ood,True,7,7,True,True,True
portugal-wildfire_00001741,portugal-wildfire,tier3,test_ood,True,7,7,True,True,True
portugal-wildfire_00001742,portugal-wildfire,tier3,test_ood,True,7,7,True,True,True
portugal-wildfire_00001743,portugal-wildfire,tier3,test_ood,True,7,7,True,True,True
portugal-wildfire_00001744,portugal-wildfire,tier3,test_ood,True,7,7,True,True,True
portugal-wildfire_00001745,portugal-wildfire,tier3,test_ood,True,7,7,True,True,True
portugal-wildfire_00001746,portugal-wildfire,tier3,test_ood,True,7,7,True,True,True
portugal-wildfire_00001747,portugal-wildfire,tier3,test_ood,True,7,7,True,True,True
portugal-wildfire_00001748,portugal-wildfire,tier3,test_ood,True,7,7,True,True,True
portugal-wildfire_00001749,portugal-wildfire,tier3,test_ood,True,7,7,True,True,True
portugal-wildfire_00001750,portugal-wildfire,tier3,test_ood,True,7,7,True,True,True
portugal-wildfire_00001751,portugal-wildfire,tier3,test_ood,True,7,7,True,True,True
portugal-wildfire_00001752,portugal-wildfire,tier3,test_ood,True,7,7,True,True,True
portugal-wildfire_00001753,portugal-wildfire,tier3,test_ood,True,7,7,True,True,True
portugal-wildfire_00001754,portugal-wildfire,tier3,test_ood,True,7,7,True,True,True
portugal-wildfire_00001755,portugal-wildfire,tier3,test_ood,True,7,7,True,True,True
portugal-wildfire_00001756,portugal-wildfire,tier3,test_ood,True,7,7,True,True,True
portugal-wildfire_00001757,portugal-wildfire,tier3,test_ood,True,7,7,True,True,True
portugal-wildfire_00001758,portugal-wildfire,tier3,test_ood,True,7,7,True,True,True
portugal-wildfire_00001759,portugal-wildfire,tier3,test_ood,True,7,7,True,True,True
portugal-wildfire_00001760,portugal-wildfire,tier3,test_ood,True,7,7,True,True,True
portugal-wildfire_00001761,portugal-wildfire,tier3,test_ood,True,7,7,True,True,True
portugal-wildfire_00001762,portugal-wildfire,tier3,test_ood,True,7,7,True,True,True
portugal-wildfire_00001763,portugal-wildfire,tier3,test_ood,True,7,7,True,True,True
portugal-wildfire_00001764,portugal-wildfire,tier3,test_ood,True,7,7,True,True,True
portugal-wildfire_00001765,portugal-wildfire,tier3,test_ood,True,7,7,True,True,True
portugal-wildfire_00001766,portugal-wildfire,tier3,test_ood,True,7,7,True,True,True
portugal-wildfire_00001767,portugal-wildfire,tier3,test_ood,True,7,7,True,True,True
portugal-wildfire_00001768,portugal-wildfire,tier3,test_ood,True,7,7,True,True,True
portugal-wildfire_00001769,portugal-wildfire,tier3,test_ood,True,7,7,True,True,True
portugal-wildfire_00001770,portugal-wildfire,tier3,test_ood,True,7,7,True,True,True
portugal-wildfire_00001771,portugal-wildfire,tier3,test_ood,True,7,7,True,True,True
portugal-wildfire_00001772,portugal-wildfire,tier3,test_ood,True,7,7,True,True,True
portugal-wildfire_00001773,portugal-wildfire,tier3,test_ood,True,7,7,True,True,True
portugal-wildfire_00001774,portugal-wildfire,tier3,test_ood,True,7,7,True,True,True
portugal-wildfire_00001775,portugal-wildfire,tier3,test_ood,True,7,7,True,True,True
portugal-wildfire_00001776,portugal-wildfire,tier3,test_ood,True,7,7,True,True,True
portugal-wildfire_00001777,portugal-wildfire,tier3,test_ood,True,7,7,True,True,True
portugal-wildfire_00001778,portugal-wildfire,tier3,test_ood,True,7,7,True,True,True
portugal-wildfire_00001779,portugal-wildfire,tier3,test_ood,True,7,7,True,True,True
portugal-wildfire_00001780,portugal-wildfire,tier3,test_ood,True,7,7,True,True,True
portugal-wildfire_00001781,portugal-wildfire,tier3,test_ood,True,7,7,True,True,True
portugal-wildfire_00001782,portugal-wildfire,tier3,test_ood,True,7,7,True,True,True
portugal-wildfire_00001783,portugal-wildfire,tier3,test_ood,True,7,7,True,True,True
portugal-wildfire_00001784,portugal-wildfire,tier3,test_ood,True,7,7,True,True,True
portugal-wildfire_00001785,portugal-wildfire,tier3,test_ood,True,7,7,True,True,True
portugal-wildfire_00001786,portugal-wildfire,tier3,test_ood,True,7,7,True,True,True
portugal-wildfire_00001787,portugal-wildfire,tier3,test_ood,True,7,7,True,True,True
portugal-wildfire_00001788,portugal-wildfire,tier3,test_ood,True,7,7,True,True,True
portugal-wildfire_00001789,portugal-wildfire,tier3,test_ood,True,7,7,True,True,True
portugal-wildfire_00001790,portugal-wildfire,tier3,test_ood,True,7,7,True,True,True
portugal-wildfire_00001791,portugal-wildfire,tier3,test_ood,True,7,7,True,True,True
portugal-wildfire_00001792,portugal-wildfire,tier3,test_ood,True,7,7,True,True,True
portugal-wildfire_00001793,portugal-wildfire,tier3,test_ood,True,7,7,True,True,True
portugal-wildfire_00001794,portugal-wildfire,tier3,test_ood,True,7,7,True,True,True
portugal-wildfire_00001795,portugal-wildfire,tier3,test_ood,True,7,7,True,True,True
portugal-wildfire_00001796,portugal-wildfire,tier3,test_ood,True,7,7,True,True,True
portugal-wildfire_00001797,portugal-wildfire,tier3,test_ood,True,7,7,True,True,True
portugal-wildfire_00001798,portugal-wildfire,tier3,test_ood,True,7,7,True,True,True
portugal-wildfire_00001799,portugal-wildfire,tier3,test_ood,True,7,7,True,True,True
portugal-wildfire_00001800,portugal-wildfire,tier3,test_ood,True,7,7,True,True,True
portugal-wildfire_00001801,portugal-wildfire,tier3,test_ood,True,7,7,True,True,True
portugal-wildfire_00001802,portugal-wildfire,tier3,test_ood,True,7,7,True,True,True
portugal-wildfire_00001803,portugal-wildfire,tier3,test_ood,True,7,7,True,True,True
portugal-wildfire_00001804,portugal-wildfire,tier3,test_ood,True,7,7,True,True,True
portugal-wildfire_00001805,portugal-wildfire,tier3,test_ood,True,7,7,True,True,True
portugal-wildfire_00001806,portugal-wildfire,tier3,test_ood,True,7,7,True,True,True
portugal-wildfire_00001807,portugal-wildfire,tier3,test_ood,True,7,7,True,True,True
portugal-wildfire_00001808,portugal-wildfire,tier3,test_ood,True,7,7,True,True,True
portugal-wildfire_00001809,portugal-wildfire,tier3,test_ood,True,7,7,True,True,True
portugal-wildfire_00001810,portugal-wildfire,tier3,test_ood,True,7,7,True,True,True
portugal-wildfire_00001811,portugal-wildfire,tier3,test_ood,True,7,7,True,True,True
portugal-wildfire_00001812,portugal-wildfire,tier3,test_ood,True,7,7,True,True,True
portugal-wildfire_00001813,portugal-wildfire,tier3,test_ood,True,7,7,True,True,True
portugal-wildfire_00001814,portugal-wildfire,tier3,test_ood,True,7,7,True,True,True
portugal-wildfire_00001815,portugal-wildfire,tier3,test_ood,True,7,7,True,True,True
portugal-wildfire_00001816,portugal-wildfire,tier3,test_ood,True,7,7,True,True,True
portugal-wildfire_00001817,portugal-wildfire,tier3,test_ood,True,7,7,True,True,True
portugal-wildfire_00001818,portugal-wildfire,tier3,test_ood,True,7,7,True,True,True
portugal-wildfire_00001819,portugal-wildfire,tier3,test_ood,True,7,7,True,True,True
portugal-wildfire_00001820,portugal-wildfire,tier3,test_ood,True,7,7,True,True,True
portugal-wildfire_00001821,portugal-wildfire,tier3,test_ood,True,7,7,True,True,True
portugal-wildfire_00001822,portugal-wildfire,tier3,test_ood,True,7,7,True,True,True
portugal-wildfire_00001823,portugal-wildfire,tier3,test_ood,True,7,7,True,True,True
portugal-wildfire_00001824,portugal-wildfire,tier3,test_ood,True,7,7,True,True,True
portugal-wildfire_00001825,portugal-wildfire,tier3,test_ood,True,7,7,True,True,True
portugal-wildfire_00001826,portugal-wildfire,tier3,test_ood,True,7,7,True,True,True
portugal-wildfire_00001827,portugal-wildfire,tier3,test_ood,True,7,7,True,True,True
portugal-wildfire_00001828,portugal-wildfire,tier3,test_ood,True,7,7,True,True,True
portugal-wildfire_00001829,portugal-wildfire,tier3,test_ood,True,7,7,True,True,True
portugal-wildfire_00001830,portugal-wildfire,tier3,test_ood,True,7,7,True,True,True
portugal-wildfire_00001831,portugal-wildfire,tier3,test_ood,True,7,7,True,True,True
portugal-wildfire_00001832,portugal-wildfire,tier3,test_ood,True,7,7,True,True,True
portugal-wildfire_00001833,portugal-wildfire,tier3,test_ood,True,7,7,True,True,True
portugal-wildfire_00001834,portugal-wildfire,tier3,test_ood,True,7,7,True,True,True
portugal-wildfire_00001835,portugal-wildfire,tier3,test_ood,True,7,7,True,True,True
portugal-wildfire_00001836,portugal-wildfire,tier3,test_ood,True,7,7,True,True,True
portugal-wildfire_00001837,portugal-wildfire,tier3,test_ood,True,7,7,True,True,True
portugal-wildfire_00001838,portugal-wildfire,tier3,test_ood,True,7,7,True,True,True
portugal-wildfire_00001839,portugal-wildfire,tier3,test_ood,True,7,7,True,True,True
portugal-wildfire_00001840,portugal-wildfire,tier3,test_ood,True,7,7,True,True,True
portugal-wildfire_00001841,portugal-wildfire,tier3,test_ood,True,7,7,True,True,True
portugal-wildfire_00001842,portugal-wildfire,tier3,test_ood,True,7,7,True,True,True
portugal-wildfire_00001843,portugal-wildfire,tier3,test_ood,True,7,7,True,True,True
portugal-wildfire_00001844,portugal-wildfire,tier3,test_ood,True,7,7,True,True,True
portugal-wildfire_00001845,portugal-wildfire,tier3,test_ood,True,7,7,True,True,True
portugal-wildfire_00001846,portugal-wildfire,tier3,test_ood,True,7,7,True,True,True
portugal-wildfire_00001847,portugal-wildfire,tier3,test_ood,True,7,7,True,True,True
portugal-wildfire_00001848,portugal-wildfire,tier3,test_ood,True,7,7,True,True,True
portugal-wildfire_00001849,portugal-wildfire,tier3,test_ood,True,7,7,True,True,True
portugal-wildfire_00001850,portugal-wildfire,tier3,test_ood,True,7,7,True,True,True
portugal-wildfire_00001851,portugal-wildfire,tier3,test_ood,True,7,7,True,True,True
portugal-wildfire_00001852,portugal-wildfire,tier3,test_ood,True,7,7,True,True,True
portugal-wildfire_00001853,portugal-wildfire,tier3,test_ood,True,7,7,True,True,True
portugal-wildfire_00001854,portugal-wildfire,tier3,test_ood,True,7,7,True,True,True
portugal-wildfire_00001855,portugal-wildfire,tier3,test_ood,True,7,7,True,True,True
portugal-wildfire_00001856,portugal-wildfire,tier3,test_ood,True,7,7,True,True,True
portugal-wildfire_00001857,portugal-wildfire,tier3,test_ood,True,7,7,True,True,True
portugal-wildfire_00001858,portugal-wildfire,tier3,test_ood,True,7,7,True,True,True
portugal-wildfire_00001859,portugal-wildfire,tier3,test_ood,True,7,7,True,True,True
portugal-wildfire_00001860,portugal-wildfire,tier3,test_ood,True,7,7,True,True,True
portugal-wildfire_00001861,portugal-wildfire,tier3,test_ood,True,7,7,True,True,True
portugal-wildfire_00001862,portugal-wildfire,tier3,test_ood,True,7,7,True,True,True
portugal-wildfire_00001863,portugal-wildfire,tier3,test_ood,True,7,7,True,True,True
portugal-wildfire_00001864,portugal-wildfire,tier3,test_ood,True,7,7,True,True,True
portugal-wildfire_00001865,portugal-wildfire,tier3,test_ood,True,7,7,True,True,True
portugal-wildfire_00001866,portugal-wildfire,tier3,test_ood,True,7,7,True,True,True
portugal-wildfire_00001867,portugal-wildfire,tier3,test_ood,True,7,7,True,True,True
portugal-wildfire_00001868,portugal-wildfire,tier3,test_ood,True,7,7,True,True,True
santa-rosa-wildfire_00000000,santa-rosa-wildfire,test,test_ood,True,7,7,True,True,True
santa-rosa-wildfire_00000001,santa-rosa-wildfire,test,test_ood,True,7,7,True,True,True
santa-rosa-wildfire_00000002,santa-rosa-wildfire,tier1,test_ood,True,7,7,True,True,True
santa-rosa-wildfire_00000003,santa-rosa-wildfire,tier1,test_ood,True,7,7,True,True,True
santa-rosa-wildfire_00000004,santa-rosa-wildfire,tier1,test_ood,True,7,7,True,True,True
santa-rosa-wildfire_00000005,santa-rosa-wildfire,tier1,test_ood,True,7,7,True,True,True
santa-rosa-wildfire_00000006,santa-rosa-wildfire,tier1,test_ood,True,7,7,True,True,True
santa-rosa-wildfire_00000007,santa-rosa-wildfire,tier1,test_ood,True,7,7,True,True,True
santa-rosa-wildfire_00000008,santa-rosa-wildfire,hold,test_ood,True,7,7,True,True,True
santa-rosa-wildfire_00000009,santa-rosa-wildfire,tier1,test_ood,True,7,7,True,True,True
santa-rosa-wildfire_00000010,santa-rosa-wildfire,hold,test_ood,True,7,7,True,True,True
santa-rosa-wildfire_00000011,santa-rosa-wildfire,tier1,test_ood,True,7,7,True,True,True
santa-rosa-wildfire_00000012,santa-rosa-wildfire,test,test_ood,True,7,7,True,True,True
santa-rosa-wildfire_00000013,santa-rosa-wildfire,hold,test_ood,True,7,7,True,True,True
santa-rosa-wildfire_00000014,santa-rosa-wildfire,tier1,test_ood,True,7,7,True,True,True
santa-rosa-wildfire_00000015,santa-rosa-wildfire,tier1,test_ood,True,7,7,True,True,True
santa-rosa-wildfire_00000016,santa-rosa-wildfire,hold,test_ood,True,7,7,True,True,True
santa-rosa-wildfire_00000017,santa-rosa-wildfire,tier1,test_ood,True,7,7,True,True,True
santa-rosa-wildfire_00000018,santa-rosa-wildfire,tier1,test_ood,True,7,7,True,True,True
santa-rosa-wildfire_00000019,santa-rosa-wildfire,test,test_ood,True,7,7,True,True,True
santa-rosa-wildfire_00000020,santa-rosa-wildfire,hold,test_ood,True,7,7,True,True,True
santa-rosa-wildfire_00000021,santa-rosa-wildfire,test,test_ood,True,7,7,True,True,True
santa-rosa-wildfire_00000022,santa-rosa-wildfire,tier1,test_ood,True,7,7,True,True,True
santa-rosa-wildfire_00000023,santa-rosa-wildfire,tier1,test_ood,True,7,7,True,True,True
santa-rosa-wildfire_00000024,santa-rosa-wildfire,tier1,test_ood,True,7,7,True,True,True
santa-rosa-wildfire_00000025,santa-rosa-wildfire,hold,test_ood,True,7,7,True,True,True
santa-rosa-wildfire_00000026,santa-rosa-wildfire,tier1,test_ood,True,7,7,True,True,True
santa-rosa-wildfire_00000027,santa-rosa-wildfire,tier1,test_ood,True,7,7,True,True,True
santa-rosa-wildfire_00000028,santa-rosa-wildfire,test,test_ood,True,7,7,True,True,True
santa-rosa-wildfire_00000029,santa-rosa-wildfire,hold,test_ood,True,7,7,True,True,True
santa-rosa-wildfire_00000030,santa-rosa-wildfire,tier1,test_ood,True,7,7,True,True,True
santa-rosa-wildfire_00000031,santa-rosa-wildfire,tier1,test_ood,True,7,7,True,True,True
santa-rosa-wildfire_00000032,santa-rosa-wildfire,hold,test_ood,True,7,7,True,True,True
santa-rosa-wildfire_00000033,santa-rosa-wildfire,tier1,test_ood,True,7,7,True,True,True
santa-rosa-wildfire_00000034,santa-rosa-wildfire,tier1,test_ood,True,7,7,True,True,True
santa-rosa-wildfire_00000035,santa-rosa-wildfire,tier1,test_ood,True,7,7,True,True,True
santa-rosa-wildfire_00000036,santa-rosa-wildfire,tier1,test_ood,True,7,7,True,True,True
santa-rosa-wildfire_00000037,santa-rosa-wildfire,hold,test_ood,True,7,7,True,True,True
santa-rosa-wildfire_00000038,santa-rosa-wildfire,test,test_ood,True,7,7,True,True,True
santa-rosa-wildfire_00000039,santa-rosa-wildfire,tier1,test_ood,True,7,7,True,True,True
santa-rosa-wildfire_00000040,santa-rosa-wildfire,tier1,test_ood,True,7,7,True,True,True
santa-rosa-wildfire_00000041,santa-rosa-wildfire,tier1,test_ood,True,7,7,True,True,True
santa-rosa-wildfire_00000042,santa-rosa-wildfire,tier1,test_ood,True,7,7,True,True,True
santa-rosa-wildfire_00000043,santa-rosa-wildfire,test,test_ood,True,7,7,True,True,True
santa-rosa-wildfire_00000044,santa-rosa-wildfire,tier1,test_ood,True,7,7,True,True,True
santa-rosa-wildfire_00000045,santa-rosa-wildfire,test,test_ood,True,7,7,True,True,True
santa-rosa-wildfire_00000046,santa-rosa-wildfire,tier1,test_ood,True,7,7,True,True,True
santa-rosa-wildfire_00000047,santa-rosa-wildfire,tier1,test_ood,True,7,7,True,True,True
santa-rosa-wildfire_00000048,santa-rosa-wildfire,hold,test_ood,True,7,7,True,True,True
santa-rosa-wildfire_00000049,santa-rosa-wildfire,tier1,test_ood,True,7,7,True,True,True
santa-rosa-wildfire_00000050,santa-rosa-wildfire,tier1,test_ood,True,7,7,True,True,True
santa-rosa-wildfire_00000051,santa-rosa-wildfire,tier1,test_ood,True,7,7,True,True,True
santa-rosa-wildfire_00000052,santa-rosa-wildfire,test,test_ood,True,7,7,True,True,True
santa-rosa-wildfire_00000053,santa-rosa-wildfire,hold,test_ood,True,7,7,True,True,True
santa-rosa-wildfire_00000054,santa-rosa-wildfire,hold,test_ood,True,7,7,True,True,True
santa-rosa-wildfire_00000055,santa-rosa-wildfire,tier1,test_ood,True,7,7,True,True,True
santa-rosa-wildfire_00000056,santa-rosa-wildfire,tier1,test_ood,True,7,7,True,True,True
santa-rosa-wildfire_00000057,santa-rosa-wildfire,tier1,test_ood,True,7,7,True,True,True
santa-rosa-wildfire_00000058,santa-rosa-wildfire,tier1,test_ood,True,7,7,True,True,True
santa-rosa-wildfire_00000059,santa-rosa-wildfire,tier1,test_ood,True,7,7,True,True,True
santa-rosa-wildfire_00000060,santa-rosa-wildfire,tier1,test_ood,True,7,7,True,True,True
santa-rosa-wildfire_00000061,santa-rosa-wildfire,hold,test_ood,True,7,7,True,True,True
santa-rosa-wildfire_00000062,santa-rosa-wildfire,hold,test_ood,True,7,7,True,True,True
santa-rosa-wildfire_00000063,santa-rosa-wildfire,tier1,test_ood,True,7,7,True,True,True
santa-rosa-wildfire_00000064,santa-rosa-wildfire,hold,test_ood,True,7,7,True,True,True
santa-rosa-wildfire_00000065,santa-rosa-wildfire,tier1,test_ood,True,7,7,True,True,True
santa-rosa-wildfire_00000066,santa-rosa-wildfire,test,test_ood,True,7,7,True,True,True
santa-rosa-wildfire_00000067,santa-rosa-wildfire,tier1,test_ood,True,7,7,True,True,True
santa-rosa-wildfire_00000068,santa-rosa-wildfire,test,test_ood,True,7,7,True,True,True
santa-rosa-wildfire_00000069,santa-rosa-wildfire,tier1,test_ood,True,7,7,True,True,True
santa-rosa-wildfire_00000070,santa-rosa-wildfire,tier1,test_ood,True,7,7,True,True,True
santa-rosa-wildfire_00000071,santa-rosa-wildfire,test,test_ood,True,7,7,True,True,True
santa-rosa-wildfire_00000072,santa-rosa-wildfire,tier1,test_ood,True,7,7,True,True,True
santa-rosa-wildfire_00000073,santa-rosa-wildfire,tier1,test_ood,True,7,7,True,True,True
santa-rosa-wildfire_00000074,santa-rosa-wildfire,test,test_ood,True,7,7,True,True,True
santa-rosa-wildfire_00000075,santa-rosa-wildfire,tier1,test_ood,True,7,7,True,True,True
santa-rosa-wildfire_00000076,santa-rosa-wildfire,tier1,test_ood,True,7,7,True,True,True
santa-rosa-wildfire_00000077,santa-rosa-wildfire,hold,test_ood,True,7,7,True,True,True
santa-rosa-wildfire_00000078,santa-rosa-wildfire,tier1,test_ood,True,7,7,True,True,True
santa-rosa-wildfire_00000079,santa-rosa-wildfire,tier1,test_ood,True,7,7,True,True,True
santa-rosa-wildfire_00000080,santa-rosa-wildfire,hold,test_ood,True,7,7,True,True,True
santa-rosa-wildfire_00000081,santa-rosa-wildfire,tier1,test_ood,True,7,7,True,True,True
santa-rosa-wildfire_00000082,santa-rosa-wildfire,test,test_ood,True,7,7,True,True,True
santa-rosa-wildfire_00000083,santa-rosa-wildfire,hold,test_ood,True,7,7,True,True,True
santa-rosa-wildfire_00000084,santa-rosa-wildfire,tier1,test_ood,True,7,7,True,True,True
santa-rosa-wildfire_00000085,santa-rosa-wildfire,test,test_ood,True,7,7,True,True,True
santa-rosa-wildfire_00000086,santa-rosa-wildfire,test,test_ood,True,7,7,True,True,True
santa-rosa-wildfire_00000087,santa-rosa-wildfire,test,test_ood,True,7,7,True,True,True
santa-rosa-wildfire_00000088,santa-rosa-wildfire,tier1,test_ood,True,7,7,True,True,True
santa-rosa-wildfire_00000089,santa-rosa-wildfire,test,test_ood,True,7,7,True,True,True
santa-rosa-wildfire_00000090,santa-rosa-wildfire,tier1,test_ood,True,7,7,True,True,True
santa-rosa-wildfire_00000091,santa-rosa-wildfire,tier1,test_ood,True,7,7,True,True,True
santa-rosa-wildfire_00000092,santa-rosa-wildfire,hold,test_ood,True,7,7,True,True,True
santa-rosa-wildfire_00000093,santa-rosa-wildfire,tier1,test_ood,True,7,7,True,True,True
santa-rosa-wildfire_00000094,santa-rosa-wildfire,tier1,test_ood,True,7,7,True,True,True
santa-rosa-wildfire_00000095,santa-rosa-wildfire,tier1,test_ood,True,7,7,True,True,True
santa-rosa-wildfire_00000096,santa-rosa-wildfire,tier1,test_ood,True,7,7,True,True,True
santa-rosa-wildfire_00000097,santa-rosa-wildfire,tier1,test_ood,True,7,7,True,True,True
santa-rosa-wildfire_00000098,santa-rosa-wildfire,tier1,test_ood,True,7,7,True,True,True
santa-rosa-wildfire_00000099,santa-rosa-wildfire,test,test_ood,True,7,7,True,True,True
santa-rosa-wildfire_00000100,santa-rosa-wildfire,test,test_ood,True,7,7,True,True,True
santa-rosa-wildfire_00000101,santa-rosa-wildfire,tier1,test_ood,True,7,7,True,True,True
santa-rosa-wildfire_00000102,santa-rosa-wildfire,test,test_ood,True,7,7,True,True,True
santa-rosa-wildfire_00000103,santa-rosa-wildfire,tier1,test_ood,True,7,7,True,True,True
santa-rosa-wildfire_00000104,santa-rosa-wildfire,hold,test_ood,True,7,7,True,True,True
santa-rosa-wildfire_00000105,santa-rosa-wildfire,tier1,test_ood,True,7,7,True,True,True
santa-rosa-wildfire_00000106,santa-rosa-wildfire,tier1,test_ood,True,7,7,True,True,True
santa-rosa-wildfire_00000107,santa-rosa-wildfire,hold,test_ood,True,7,7,True,True,True
santa-rosa-wildfire_00000108,santa-rosa-wildfire,hold,test_ood,True,7,7,True,True,True
santa-rosa-wildfire_00000109,santa-rosa-wildfire,tier1,test_ood,True,7,7,True,True,True
santa-rosa-wildfire_00000110,santa-rosa-wildfire,tier1,test_ood,True,7,7,True,True,True
santa-rosa-wildfire_00000111,santa-rosa-wildfire,tier1,test_ood,True,7,7,True,True,True
santa-rosa-wildfire_00000112,santa-rosa-wildfire,hold,test_ood,True,7,7,True,True,True
santa-rosa-wildfire_00000113,santa-rosa-wildfire,test,test_ood,True,7,7,True,True,True
santa-rosa-wildfire_00000114,santa-rosa-wildfire,tier1,test_ood,True,7,7,True,True,True
santa-rosa-wildfire_00000115,santa-rosa-wildfire,hold,test_ood,True,7,7,True,True,True
santa-rosa-wildfire_00000116,santa-rosa-wildfire,tier1,test_ood,True,7,7,True,True,True
santa-rosa-wildfire_00000117,santa-rosa-wildfire,tier1,test_ood,True,7,7,True,True,True
santa-rosa-wildfire_00000118,santa-rosa-wildfire,tier1,test_ood,True,7,7,True,True,True
santa-rosa-wildfire_00000119,santa-rosa-wildfire,tier1,test_ood,True,7,7,True,True,True
santa-rosa-wildfire_00000120,santa-rosa-wildfire,hold,test_ood,True,7,7,True,True,True
santa-rosa-wildfire_00000121,santa-rosa-wildfire,hold,test_ood,True,7,7,True,True,True
santa-rosa-wildfire_00000122,santa-rosa-wildfire,hold,test_ood,True,7,7,True,True,True
santa-rosa-wildfire_00000123,santa-rosa-wildfire,test,test_ood,True,7,7,True,True,True
santa-rosa-wildfire_00000124,santa-rosa-wildfire,tier1,test_ood,True,7,7,True,True,True
santa-rosa-wildfire_00000125,santa-rosa-wildfire,tier1,test_ood,True,7,7,True,True,True
santa-rosa-wildfire_00000126,santa-rosa-wildfire,hold,test_ood,True,7,7,True,True,True
santa-rosa-wildfire_00000127,santa-rosa-wildfire,hold,test_ood,True,7,7,True,True,True
santa-rosa-wildfire_00000128,santa-rosa-wildfire,tier1,test_ood,True,7,7,True,True,True
santa-rosa-wildfire_00000129,santa-rosa-wildfire,tier1,test_ood,True,7,7,True,True,True
santa-rosa-wildfire_00000130,santa-rosa-wildfire,tier1,test_ood,True,7,7,True,True,True
santa-rosa-wildfire_00000131,santa-rosa-wildfire,hold,test_ood,True,7,7,True,True,True
santa-rosa-wildfire_00000132,santa-rosa-wildfire,tier1,test_ood,True,7,7,True,True,True
santa-rosa-wildfire_00000133,santa-rosa-wildfire,test,test_ood,True,7,7,True,True,True
santa-rosa-wildfire_00000134,santa-rosa-wildfire,tier1,test_ood,True,7,7,True,True,True
santa-rosa-wildfire_00000135,santa-rosa-wildfire,tier1,test_ood,True,7,7,True,True,True
santa-rosa-wildfire_00000136,santa-rosa-wildfire,tier1,test_ood,True,7,7,True,True,True
santa-rosa-wildfire_00000137,santa-rosa-wildfire,tier1,test_ood,True,7,7,True,True,True
santa-rosa-wildfire_00000138,santa-rosa-wildfire,tier1,test_ood,True,7,7,True,True,True
santa-rosa-wildfire_00000139,santa-rosa-wildfire,hold,test_ood,True,7,7,True,True,True
santa-rosa-wildfire_00000140,santa-rosa-wildfire,tier1,test_ood,True,7,7,True,True,True
santa-rosa-wildfire_00000141,santa-rosa-wildfire,test,test_ood,True,7,7,True,True,True
santa-rosa-wildfire_00000142,santa-rosa-wildfire,tier1,test_ood,True,7,7,True,True,True
santa-rosa-wildfire_00000143,santa-rosa-wildfire,test,test_ood,True,7,7,True,True,True
santa-rosa-wildfire_00000144,santa-rosa-wildfire,test,test_ood,True,7,7,True,True,True
santa-rosa-wildfire_00000145,santa-rosa-wildfire,test,test_ood,True,7,7,True,True,True
santa-rosa-wildfire_00000146,santa-rosa-wildfire,tier1,test_ood,True,7,7,True,True,True
santa-rosa-wildfire_00000147,santa-rosa-wildfire,tier1,test_ood,True,7,7,True,True,True
santa-rosa-wildfire_00000148,santa-rosa-wildfire,tier1,test_ood,True,7,7,True,True,True
santa-rosa-wildfire_00000149,santa-rosa-wildfire,tier1,test_ood,True,7,7,True,True,True
santa-rosa-wildfire_00000150,santa-rosa-wildfire,hold,test_ood,True,7,7,True,True,True
santa-rosa-wildfire_00000151,santa-rosa-wildfire,tier1,test_ood,True,7,7,True,True,True
santa-rosa-wildfire_00000152,santa-rosa-wildfire,tier1,test_ood,True,7,7,True,True,True
santa-rosa-wildfire_00000153,santa-rosa-wildfire,tier1,test_ood,True,7,7,True,True,True
santa-rosa-wildfire_00000154,santa-rosa-wildfire,hold,test_ood,True,7,7,True,True,True
santa-rosa-wildfire_00000155,santa-rosa-wildfire,tier1,test_ood,True,7,7,True,True,True
santa-rosa-wildfire_00000156,santa-rosa-wildfire,tier1,test_ood,True,7,7,True,True,True
santa-rosa-wildfire_00000157,santa-rosa-wildfire,hold,test_ood,True,7,7,True,True,True
santa-rosa-wildfire_00000158,santa-rosa-wildfire,tier1,test_ood,True,7,7,True,True,True
santa-rosa-wildfire_00000159,santa-rosa-wildfire,test,test_ood,True,7,7,True,True,True
santa-rosa-wildfire_00000160,santa-rosa-wildfire,hold,test_ood,True,7,7,True,True,True
santa-rosa-wildfire_00000161,santa-rosa-wildfire,tier1,test_ood,True,7,7,True,True,True
santa-rosa-wildfire_00000162,santa-rosa-wildfire,tier1,test_ood,True,7,7,True,True,True
santa-rosa-wildfire_00000163,santa-rosa-wildfire,tier1,test_ood,True,7,7,True,True,True
santa-rosa-wildfire_00000164,santa-rosa-wildfire,tier1,test_ood,True,7,7,True,True,True
santa-rosa-wildfire_00000165,santa-rosa-wildfire,tier1,test_ood,True,7,7,True,True,True
santa-rosa-wildfire_00000166,santa-rosa-wildfire,tier1,test_ood,True,7,7,True,True,True
santa-rosa-wildfire_00000167,santa-rosa-wildfire,hold,test_ood,True,7,7,True,True,True
santa-rosa-wildfire_00000168,santa-rosa-wildfire,tier1,test_ood,True,7,7,True,True,True
santa-rosa-wildfire_00000169,santa-rosa-wildfire,tier1,test_ood,True,7,7,True,True,True
santa-rosa-wildfire_00000170,santa-rosa-wildfire,tier1,test_ood,True,7,7,True,True,True
santa-rosa-wildfire_00000171,santa-rosa-wildfire,tier1,test_ood,True,7,7,True,True,True
santa-rosa-wildfire_00000172,santa-rosa-wildfire,test,test_ood,True,7,7,True,True,True
santa-rosa-wildfire_00000173,santa-rosa-wildfire,tier1,test_ood,True,7,7,True,True,True
santa-rosa-wildfire_00000174,santa-rosa-wildfire,tier1,test_ood,True,7,7,True,True,True
santa-rosa-wildfire_00000175,santa-rosa-wildfire,tier1,test_ood,True,7,7,True,True,True
santa-rosa-wildfire_00000176,santa-rosa-wildfire,tier1,test_ood,True,7,7,True,True,True
santa-rosa-wildfire_00000177,santa-rosa-wildfire,tier1,test_ood,True,7,7,True,True,True
santa-rosa-wildfire_00000178,santa-rosa-wildfire,test,test_ood,True,7,7,True,True,True
santa-rosa-wildfire_00000179,santa-rosa-wildfire,tier1,test_ood,True,7,7,True,True,True
santa-rosa-wildfire_00000180,santa-rosa-wildfire,tier1,test_ood,True,7,7,True,True,True
santa-rosa-wildfire_00000181,santa-rosa-wildfire,test,test_ood,True,7,7,True,True,True
santa-rosa-wildfire_00000182,santa-rosa-wildfire,tier1,test_ood,True,7,7,True,True,True
santa-rosa-wildfire_00000183,santa-rosa-wildfire,tier1,test_ood,True,7,7,True,True,True
santa-rosa-wildfire_00000184,santa-rosa-wildfire,test,test_ood,True,7,7,True,True,True
santa-rosa-wildfire_00000185,santa-rosa-wildfire,tier1,test_ood,True,7,7,True,True,True
santa-rosa-wildfire_00000186,santa-rosa-wildfire,hold,test_ood,True,7,7,True,True,True
santa-rosa-wildfire_00000187,santa-rosa-wildfire,tier1,test_ood,True,7,7,True,True,True
santa-rosa-wildfire_00000188,santa-rosa-wildfire,hold,test_ood,True,7,7,True,True,True
santa-rosa-wildfire_00000189,santa-rosa-wildfire,tier1,test_ood,True,7,7,True,True,True
santa-rosa-wildfire_00000190,santa-rosa-wildfire,tier1,test_ood,True,7,7,True,True,True
santa-rosa-wildfire_00000191,santa-rosa-wildfire,tier1,test_ood,True,7,7,True,True,True
santa-rosa-wildfire_00000192,santa-rosa-wildfire,tier1,test_ood,True,7,7,True,True,True
santa-rosa-wildfire_00000193,santa-rosa-wildfire,hold,test_ood,True,7,7,True,True,True
santa-rosa-wildfire_00000194,santa-rosa-wildfire,hold,test_ood,True,7,7,True,True,True
santa-rosa-wildfire_00000195,santa-rosa-wildfire,hold,test_ood,True,7,7,True,True,True
santa-rosa-wildfire_00000196,santa-rosa-wildfire,tier1,test_ood,True,7,7,True,True,True
santa-rosa-wildfire_00000197,santa-rosa-wildfire,hold,test_ood,True,7,7,True,True,True
santa-rosa-wildfire_00000198,santa-rosa-wildfire,test,test_ood,True,7,7,True,True,True
santa-rosa-wildfire_00000199,santa-rosa-wildfire,tier1,test_ood,True,7,7,True,True,True
santa-rosa-wildfire_00000200,santa-rosa-wildfire,tier1,test_ood,True,7,7,True,True,True
santa-rosa-wildfire_00000201,santa-rosa-wildfire,hold,test_ood,True,7,7,True,True,True
santa-rosa-wildfire_00000202,santa-rosa-wildfire,test,test_ood,True,7,7,True,True,True
santa-rosa-wildfire_00000203,santa-rosa-wildfire,tier1,test_ood,True,7,7,True,True,True
santa-rosa-wildfire_00000204,santa-rosa-wildfire,test,test_ood,True,7,7,True,True,True
santa-rosa-wildfire_00000205,santa-rosa-wildfire,tier1,test_ood,True,7,7,True,True,True
santa-rosa-wildfire_00000206,santa-rosa-wildfire,test,test_ood,True,7,7,True,True,True
santa-rosa-wildfire_00000207,santa-rosa-wildfire,test,test_ood,True,7,7,True,True,True
santa-rosa-wildfire_00000208,santa-rosa-wildfire,tier1,test_ood,True,7,7,True,True,True
santa-rosa-wildfire_00000209,santa-rosa-wildfire,tier1,test_ood,True,7,7,True,True,True
santa-rosa-wildfire_00000210,santa-rosa-wildfire,tier1,test_ood,True,7,7,True,True,True
santa-rosa-wildfire_00000211,santa-rosa-wildfire,hold,test_ood,True,7,7,True,True,True
santa-rosa-wildfire_00000212,santa-rosa-wildfire,test,test_ood,True,7,7,True,True,True
santa-rosa-wildfire_00000213,santa-rosa-wildfire,test,test_ood,True,7,7,True,True,True
santa-rosa-wildfire_00000214,santa-rosa-wildfire,tier1,test_ood,True,7,7,True,True,True
santa-rosa-wildfire_00000215,santa-rosa-wildfire,test,test_ood,True,7,7,True,True,True
santa-rosa-wildfire_00000216,santa-rosa-wildfire,tier1,test_ood,True,7,7,True,True,True
santa-rosa-wildfire_00000217,santa-rosa-wildfire,test,test_ood,True,7,7,True,True,True
santa-rosa-wildfire_00000218,santa-rosa-wildfire,hold,test_ood,True,7,7,True,True,True
santa-rosa-wildfire_00000219,santa-rosa-wildfire,hold,test_ood,True,7,7,True,True,True
santa-rosa-wildfire_00000220,santa-rosa-wildfire,tier1,test_ood,True,7,7,True,True,True
santa-rosa-wildfire_00000221,santa-rosa-wildfire,tier1,test_ood,True,7,7,True,True,True
santa-rosa-wildfire_00000222,santa-rosa-wildfire,hold,test_ood,True,7,7,True,True,True
santa-rosa-wildfire_00000223,santa-rosa-wildfire,tier1,test_ood,True,7,7,True,True,True
santa-rosa-wildfire_00000224,santa-rosa-wildfire,tier1,test_ood,True,7,7,True,True,True
santa-rosa-wildfire_00000225,santa-rosa-wildfire,tier1,test_ood,True,7,7,True,True,True
santa-rosa-wildfire_00000226,santa-rosa-wildfire,tier1,test_ood,True,7,7,True,True,True
santa-rosa-wildfire_00000227,santa-rosa-wildfire,hold,test_ood,True,7,7,True,True,True
santa-rosa-wildfire_00000228,santa-rosa-wildfire,tier1,test_ood,True,7,7,True,True,True
santa-rosa-wildfire_00000229,santa-rosa-wildfire,tier1,test_ood,True,7,7,True,True,True
santa-rosa-wildfire_00000230,santa-rosa-wildfire,hold,test_ood,True,7,7,True,True,True
santa-rosa-wildfire_00000231,santa-rosa-wildfire,tier1,test_ood,True,7,7,True,True,True
santa-rosa-wildfire_00000232,santa-rosa-wildfire,hold,test_ood,True,7,7,True,True,True
santa-rosa-wildfire_00000233,santa-rosa-wildfire,tier1,test_ood,True,7,7,True,True,True
santa-rosa-wildfire_00000234,santa-rosa-wildfire,tier1,test_ood,True,7,7,True,True,True
santa-rosa-wildfire_00000235,santa-rosa-wildfire,tier1,test_ood,True,7,7,True,True,True
santa-rosa-wildfire_00000236,santa-rosa-wildfire,test,test_ood,True,7,7,True,True,True
santa-rosa-wildfire_00000237,santa-rosa-wildfire,tier1,test_ood,True,7,7,True,True,True
santa-rosa-wildfire_00000238,santa-rosa-wildfire,test,test_ood,True,7,7,True,True,True
santa-rosa-wildfire_00000239,santa-rosa-wildfire,tier1,test_ood,True,7,7,True,True,True
santa-rosa-wildfire_00000240,santa-rosa-wildfire,hold,test_ood,True,7,7,True,True,True
santa-rosa-wildfire_00000241,santa-rosa-wildfire,tier1,test_ood,True,7,7,True,True,True
santa-rosa-wildfire_00000242,santa-rosa-wildfire,test,test_ood,True,7,7,True,True,True
santa-rosa-wildfire_00000243,santa-rosa-wildfire,tier1,test_ood,True,7,7,True,True,True
santa-rosa-wildfire_00000244,santa-rosa-wildfire,tier1,test_ood,True,7,7,True,True,True
santa-rosa-wildfire_00000245,santa-rosa-wildfire,tier1,test_ood,True,7,7,True,True,True
santa-rosa-wildfire_00000246,santa-rosa-wildfire,tier1,test_ood,True,7,7,True,True,True
santa-rosa-wildfire_00000247,santa-rosa-wildfire,tier1,test_ood,True,7,7,True,True,True
santa-rosa-wildfire_00000248,santa-rosa-wildfire,tier1,test_ood,True,7,7,True,True,True
santa-rosa-wildfire_00000249,santa-rosa-wildfire,tier1,test_ood,True,7,7,True,True,True
santa-rosa-wildfire_00000250,santa-rosa-wildfire,tier1,test_ood,True,7,7,True,True,True
santa-rosa-wildfire_00000251,santa-rosa-wildfire,tier1,test_ood,True,7,7,True,True,True
santa-rosa-wildfire_00000252,santa-rosa-wildfire,tier1,test_ood,True,7,7,True,True,True
santa-rosa-wildfire_00000253,santa-rosa-wildfire,tier1,test_ood,True,7,7,True,True,True
santa-rosa-wildfire_00000254,santa-rosa-wildfire,tier1,test_ood,True,7,7,True,True,True
santa-rosa-wildfire_00000255,santa-rosa-wildfire,hold,test_ood,True,7,7,True,True,True
santa-rosa-wildfire_00000256,santa-rosa-wildfire,test,test_ood,True,7,7,True,True,True
santa-rosa-wildfire_00000257,santa-rosa-wildfire,test,test_ood,True,7,7,True,True,True
santa-rosa-wildfire_00000258,santa-rosa-wildfire,tier1,test_ood,True,7,7,True,True,True
santa-rosa-wildfire_00000259,santa-rosa-wildfire,tier1,test_ood,True,7,7,True,True,True
santa-rosa-wildfire_00000260,santa-rosa-wildfire,tier1,test_ood,True,7,7,True,True,True
santa-rosa-wildfire_00000261,santa-rosa-wildfire,hold,test_ood,True,7,7,True,True,True
santa-rosa-wildfire_00000262,santa-rosa-wildfire,hold,test_ood,True,7,7,True,True,True
santa-rosa-wildfire_00000263,santa-rosa-wildfire,hold,test_ood,True,7,7,True,True,True
santa-rosa-wildfire_00000264,santa-rosa-wildfire,tier1,test_ood,True,7,7,True,True,True
santa-rosa-wildfire_00000265,santa-rosa-wildfire,hold,test_ood,True,7,7,True,True,True
santa-rosa-wildfire_00000266,santa-rosa-wildfire,hold,test_ood,True,7,7,True,True,True
santa-rosa-wildfire_00000267,santa-rosa-wildfire,tier1,test_ood,True,7,7,True,True,True
santa-rosa-wildfire_00000268,santa-rosa-wildfire,tier1,test_ood,True,7,7,True,True,True
santa-rosa-wildfire_00000269,santa-rosa-wildfire,test,test_ood,True,7,7,True,True,True
santa-rosa-wildfire_00000270,santa-rosa-wildfire,tier1,test_ood,True,7,7,True,True,True
santa-rosa-wildfire_00000271,santa-rosa-wildfire,tier1,test_ood,True,7,7,True,True,True
santa-rosa-wildfire_00000272,santa-rosa-wildfire,tier1,test_ood,True,7,7,True,True,True
santa-rosa-wildfire_00000273,santa-rosa-wildfire,test,test_ood,True,7,7,True,True,True
santa-rosa-wildfire_00000274,santa-rosa-wildfire,tier1,test_ood,True,7,7,True,True,True
santa-rosa-wildfire_00000275,santa-rosa-wildfire,tier1,test_ood,True,7,7,True,True,True
santa-rosa-wildfire_00000276,santa-rosa-wildfire,tier1,test_ood,True,7,7,True,True,True
santa-rosa-wildfire_00000277,santa-rosa-wildfire,tier1,test_ood,True,7,7,True,True,True
santa-rosa-wildfire_00000278,santa-rosa-wildfire,hold,test_ood,True,7,7,True,True,True
santa-rosa-wildfire_00000279,santa-rosa-wildfire,test,test_ood,True,7,7,True,True,True
santa-rosa-wildfire_00000280,santa-rosa-wildfire,tier1,test_ood,True,7,7,True,True,True
santa-rosa-wildfire_00000281,santa-rosa-wildfire,tier1,test_ood,True,7,7,True,True,True
santa-rosa-wildfire_00000282,santa-rosa-wildfire,hold,test_ood,True,7,7,True,True,True
santa-rosa-wildfire_00000283,santa-rosa-wildfire,tier1,test_ood,True,7,7,True,True,True
santa-rosa-wildfire_00000284,santa-rosa-wildfire,test,test_ood,True,7,7,True,True,True
santa-rosa-wildfire_00000285,santa-rosa-wildfire,test,test_ood,True,7,7,True,True,True
santa-rosa-wildfire_00000286,santa-rosa-wildfire,tier1,test_ood,True,7,7,True,True,True
santa-rosa-wildfire_00000287,santa-rosa-wildfire,tier1,test_ood,True,7,7,True,True,True
santa-rosa-wildfire_00000288,santa-rosa-wildfire,hold,test_ood,True,7,7,True,True,True
santa-rosa-wildfire_00000289,santa-rosa-wildfire,test,test_ood,True,7,7,True,True,True
santa-rosa-wildfire_00000290,santa-rosa-wildfire,test,test_ood,True,7,7,True,True,True
santa-rosa-wildfire_00000291,santa-rosa-wildfire,tier1,test_ood,True,7,7,True,True,True
santa-rosa-wildfire_00000292,santa-rosa-wildfire,test,test_ood,True,7,7,True,True,True
santa-rosa-wildfire_00000293,santa-rosa-wildfire,tier1,test_ood,True,7,7,True,True,True
santa-rosa-wildfire_00000294,santa-rosa-wildfire,test,test_ood,True,7,7,True,True,True
santa-rosa-wildfire_00000295,santa-rosa-wildfire,test,test_ood,True,7,7,True,True,True
santa-rosa-wildfire_00000296,santa-rosa-wildfire,tier1,test_ood,True,7,7,True,True,True
santa-rosa-wildfire_00000297,santa-rosa-wildfire,tier1,test_ood,True,7,7,True,True,True
santa-rosa-wildfire_00000298,santa-rosa-wildfire,tier1,test_ood,True,7,7,True,True,True
santa-rosa-wildfire_00000299,santa-rosa-wildfire,tier1,test_ood,True,7,7,True,True,True
santa-rosa-wildfire_00000300,santa-rosa-wildfire,tier1,test_ood,True,7,7,True,True,True
santa-rosa-wildfire_00000301,santa-rosa-wildfire,tier1,test_ood,True,7,7,True,True,True
santa-rosa-wildfire_00000302,santa-rosa-wildfire,tier1,test_ood,True,7,7,True,True,True
santa-rosa-wildfire_00000303,santa-rosa-wildfire,hold,test_ood,True,7,7,True,True,True
santa-rosa-wildfire_00000304,santa-rosa-wildfire,tier1,test_ood,True,7,7,True,True,True
santa-rosa-wildfire_00000305,santa-rosa-wildfire,test,test_ood,True,7,7,True,True,True
santa-rosa-wildfire_00000306,santa-rosa-wildfire,tier1,test_ood,True,7,7,True,True,True
santa-rosa-wildfire_00000307,santa-rosa-wildfire,hold,test_ood,True,7,7,True,True,True
santa-rosa-wildfire_00000308,santa-rosa-wildfire,tier1,test_ood,True,7,7,True,True,True
santa-rosa-wildfire_00000309,santa-rosa-wildfire,tier1,test_ood,True,7,7,True,True,True
santa-rosa-wildfire_00000310,santa-rosa-wildfire,hold,test_ood,True,7,7,True,True,True
santa-rosa-wildfire_00000311,santa-rosa-wildfire,test,test_ood,True,7,7,True,True,True
santa-rosa-wildfire_00000312,santa-rosa-wildfire,tier1,test_ood,True,7,7,True,True,True
santa-rosa-wildfire_00000313,santa-rosa-wildfire,tier1,test_ood,True,7,7,True,True,True
santa-rosa-wildfire_00000314,santa-rosa-wildfire,tier1,test_ood,True,7,7,True,True,True
santa-rosa-wildfire_00000315,santa-rosa-wildfire,tier1,test_ood,True,7,7,True,True,True
santa-rosa-wildfire_00000316,santa-rosa-wildfire,hold,test_ood,True,7,7,True,True,True
santa-rosa-wildfire_00000317,santa-rosa-wildfire,hold,test_ood,True,7,7,True,True,True
santa-rosa-wildfire_00000318,santa-rosa-wildfire,tier1,test_ood,True,7,7,True,True,True
santa-rosa-wildfire_00000319,santa-rosa-wildfire,hold,test_ood,True,7,7,True,True,True
santa-rosa-wildfire_00000320,santa-rosa-wildfire,tier1,test_ood,True,7,7,True,True,True
santa-rosa-wildfire_00000321,santa-rosa-wildfire,tier1,test_ood,True,7,7,True,True,True
santa-rosa-wildfire_00000322,santa-rosa-wildfire,hold,test_ood,True,7,7,True,True,True
santa-rosa-wildfire_00000323,santa-rosa-wildfire,hold,test_ood,True,7,7,True,True,True
santa-rosa-wildfire_00000324,santa-rosa-wildfire,tier1,test_ood,True,7,7,True,True,True
santa-rosa-wildfire_00000325,santa-rosa-wildfire,tier1,test_ood,True,7,7,True,True,True
santa-rosa-wildfire_00000326,santa-rosa-wildfire,hold,test_ood,True,7,7,True,True,True
santa-rosa-wildfire_00000327,santa-rosa-wildfire,tier1,test_ood,True,7,7,True,True,True
santa-rosa-wildfire_00000328,santa-rosa-wildfire,test,test_ood,True,7,7,True,True,True
santa-rosa-wildfire_00000329,santa-rosa-wildfire,test,test_ood,True,7,7,True,True,True
santa-rosa-wildfire_00000330,santa-rosa-wildfire,tier1,test_ood,True,7,7,True,True,True
santa-rosa-wildfire_00000331,santa-rosa-wildfire,tier1,test_ood,True,7,7,True,True,True
santa-rosa-wildfire_00000332,santa-rosa-wildfire,hold,test_ood,True,7,7,True,True,True
santa-rosa-wildfire_00000333,santa-rosa-wildfire,tier1,test_ood,True,7,7,True,True,True
santa-rosa-wildfire_00000334,santa-rosa-wildfire,tier1,test_ood,True,7,7,True,True,True
santa-rosa-wildfire_00000335,santa-rosa-wildfire,hold,test_ood,True,7,7,True,True,True
santa-rosa-wildfire_00000336,santa-rosa-wildfire,test,test_ood,True,7,7,True,True,True
santa-rosa-wildfire_00000337,santa-rosa-wildfire,tier1,test_ood,True,7,7,True,True,True
santa-rosa-wildfire_00000338,santa-rosa-wildfire,tier1,test_ood,True,7,7,True,True,True
santa-rosa-wildfire_00000339,santa-rosa-wildfire,test,test_ood,True,7,7,True,True,True
santa-rosa-wildfire_00000340,santa-rosa-wildfire,tier1,test_ood,True,7,7,True,True,True
santa-rosa-wildfire_00000341,santa-rosa-wildfire,tier1,test_ood,True,7,7,True,True,True
santa-rosa-wildfire_00000342,santa-rosa-wildfire,hold,test_ood,True,7,7,True,True,True
santa-rosa-wildfire_00000343,santa-rosa-wildfire,test,test_ood,True,7,7,True,True,True
santa-rosa-wildfire_00000344,santa-rosa-wildfire,tier1,test_ood,True,7,7,True,True,True
santa-rosa-wildfire_00000345,santa-rosa-wildfire,tier1,test_ood,True,7,7,True,True,True
santa-rosa-wildfire_00000346,santa-rosa-wildfire,tier1,test_ood,True,7,7,True,True,True
santa-rosa-wildfire_00000347,santa-rosa-wildfire,hold,test_ood,True,7,7,True,True,True
santa-rosa-wildfire_00000348,santa-rosa-wildfire,tier1,test_ood,True,7,7,True,True,True
santa-rosa-wildfire_00000349,santa-rosa-wildfire,hold,test_ood,True,7,7,True,True,True
santa-rosa-wildfire_00000350,santa-rosa-wildfire,test,test_ood,True,7,7,True,True,True
santa-rosa-wildfire_00000351,santa-rosa-wildfire,tier1,test_ood,True,7,7,True,True,True
santa-rosa-wildfire_00000352,santa-rosa-wildfire,hold,test_ood,True,7,7,True,True,True
santa-rosa-wildfire_00000353,santa-rosa-wildfire,tier1,test_ood,True,7,7,True,True,True
santa-rosa-wildfire_00000354,santa-rosa-wildfire,test,test_ood,True,7,7,True,True,True
santa-rosa-wildfire_00000355,santa-rosa-wildfire,tier1,test_ood,True,7,7,True,True,True
santa-rosa-wildfire_00000356,santa-rosa-wildfire,tier1,test_ood,True,7,7,True,True,True
santa-rosa-wildfire_00000357,santa-rosa-wildfire,tier1,test_ood,True,7,7,True,True,True
santa-rosa-wildfire_00000358,santa-rosa-wildfire,test,test_ood,True,7,7,True,True,True
santa-rosa-wildfire_00000359,santa-rosa-wildfire,test,test_ood,True,7,7,True,True,True
santa-rosa-wildfire_00000360,santa-rosa-wildfire,test,test_ood,True,7,7,True,True,True
santa-rosa-wildfire_00000361,santa-rosa-wildfire,tier1,test_ood,True,7,7,True,True,True
santa-rosa-wildfire_00000362,santa-rosa-wildfire,tier1,test_ood,True,7,7,True,True,True
santa-rosa-wildfire_00000363,santa-rosa-wildfire,hold,test_ood,True,7,7,True,True,True
santa-rosa-wildfire_00000364,santa-rosa-wildfire,test,test_ood,True,7,7,True,True,True
santa-rosa-wildfire_00000365,santa-rosa-wildfire,hold,test_ood,True,7,7,True,True,True
santa-rosa-wildfire_00000366,santa-rosa-wildfire,test,test_ood,True,7,7,True,True,True
santa-rosa-wildfire_00000367,santa-rosa-wildfire,test,test_ood,True,7,7,True,True,True
santa-rosa-wildfire_00000368,santa-rosa-wildfire,tier1,test_ood,True,7,7,True,True,True
santa-rosa-wildfire_00000369,santa-rosa-wildfire,tier1,test_ood,True,7,7,True,True,True
santa-rosa-wildfire_00000370,santa-rosa-wildfire,tier1,test_ood,True,7,7,True,True,True
santa-rosa-wildfire_00000371,santa-rosa-wildfire,tier1,test_ood,True,7,7,True,True,True
santa-rosa-wildfire_00000372,santa-rosa-wildfire,tier1,test_ood,True,7,7,True,True,True
santa-rosa-wildfire_00000373,santa-rosa-wildfire,tier1,test_ood,True,7,7,True,True,True
santa-rosa-wildfire_00000374,santa-rosa-wildfire,tier1,test_ood,True,7,7,True,True,True
santa-rosa-wildfire_00000375,santa-rosa-wildfire,test,test_ood,True,7,7,True,True,True
santa-rosa-wildfire_00000376,santa-rosa-wildfire,tier1,test_ood,True,7,7,True,True,True
socal-fire_00000000,socal-fire,test,test_ood,True,7,7,True,True,True
socal-fire_00000001,socal-fire,tier1,test_ood,True,7,7,True,True,True
socal-fire_00000002,socal-fire,tier1,test_ood,True,7,7,True,True,True
socal-fire_00000003,socal-fire,tier1,test_ood,True,7,7,True,True,True
socal-fire_00000004,socal-fire,tier1,test_ood,True,7,7,True,True,True
socal-fire_00000005,socal-fire,hold,test_ood,True,7,7,True,True,True
socal-fire_00000006,socal-fire,tier1,test_ood,True,7,7,True,True,True
socal-fire_00000007,socal-fire,hold,test_ood,True,7,7,True,True,True
socal-fire_00000008,socal-fire,tier1,test_ood,True,7,7,True,True,True
socal-fire_00000009,socal-fire,test,test_ood,True,7,7,True,True,True
socal-fire_00000010,socal-fire,tier1,test_ood,True,7,7,True,True,True
socal-fire_00000011,socal-fire,hold,test_ood,True,7,7,True,True,True
socal-fire_00000012,socal-fire,tier1,test_ood,True,7,7,True,True,True
socal-fire_00000013,socal-fire,tier1,test_ood,True,7,7,True,True,True
socal-fire_00000014,socal-fire,tier1,test_ood,True,7,7,True,True,True
socal-fire_00000015,socal-fire,tier1,test_ood,True,7,7,True,True,True
socal-fire_00000016,socal-fire,test,test_ood,True,7,7,True,True,True
socal-fire_00000017,socal-fire,hold,test_ood,True,7,7,True,True,True
socal-fire_00000018,socal-fire,test,test_ood,True,7,7,True,True,True
socal-fire_00000019,socal-fire,tier1,test_ood,True,7,7,True,True,True
socal-fire_00000020,socal-fire,test,test_ood,True,7,7,True,True,True
socal-fire_00000021,socal-fire,test,test_ood,True,7,7,True,True,True
socal-fire_00000022,socal-fire,tier1,test_ood,True,7,7,True,True,True
socal-fire_00000023,socal-fire,hold,test_ood,True,7,7,True,True,True
socal-fire_00000024,socal-fire,tier1,test_ood,True,7,7,True,True,True
socal-fire_00000025,socal-fire,tier1,test_ood,True,7,7,True,True,True
socal-fire_00000026,socal-fire,tier1,test_ood,True,7,7,True,True,True
socal-fire_00000027,socal-fire,tier1,test_ood,True,7,7,True,True,True
socal-fire_00000028,socal-fire,tier1,test_ood,True,7,7,True,True,True
socal-fire_00000029,socal-fire,tier1,test_ood,True,7,7,True,True,True
socal-fire_00000030,socal-fire,tier1,test_ood,True,7,7,True,True,True
socal-fire_00000031,socal-fire,test,test_ood,True,7,7,True,True,True
socal-fire_00000032,socal-fire,tier1,test_ood,True,7,7,True,True,True
socal-fire_00000033,socal-fire,tier1,test_ood,True,7,7,True,True,True
socal-fire_00000034,socal-fire,hold,test_ood,True,7,7,True,True,True
socal-fire_00000035,socal-fire,tier1,test_ood,True,7,7,True,True,True
socal-fire_00000036,socal-fire,tier1,test_ood,True,7,7,True,True,True
socal-fire_00000037,socal-fire,hold,test_ood,True,7,7,True,True,True
socal-fire_00000038,socal-fire,tier1,test_ood,True,7,7,True,True,True
socal-fire_00000039,socal-fire,hold,test_ood,True,7,7,True,True,True
socal-fire_00000040,socal-fire,hold,test_ood,True,7,7,True,True,True
socal-fire_00000041,socal-fire,hold,test_ood,True,7,7,True,True,True
socal-fire_00000042,socal-fire,tier1,test_ood,True,7,7,True,True,True
socal-fire_00000043,socal-fire,tier1,test_ood,True,7,7,True,True,True
socal-fire_00000044,socal-fire,tier1,test_ood,True,7,7,True,True,True
socal-fire_00000045,socal-fire,tier1,test_ood,True,7,7,True,True,True
socal-fire_00000046,socal-fire,tier1,test_ood,True,7,7,True,True,True
socal-fire_00000047,socal-fire,hold,test_ood,True,7,7,True,True,True
socal-fire_00000048,socal-fire,tier1,test_ood,True,7,7,True,True,True
socal-fire_00000049,socal-fire,test,test_ood,True,7,7,True,True,True
socal-fire_00000050,socal-fire,tier1,test_ood,True,7,7,True,True,True
socal-fire_00000051,socal-fire,tier1,test_ood,True,7,7,True,True,True
socal-fire_00000052,socal-fire,test,test_ood,True,7,7,True,True,True
socal-fire_00000053,socal-fire,tier1,test_ood,True,7,7,True,True,True
socal-fire_00000054,socal-fire,hold,test_ood,True,7,7,True,True,True
socal-fire_00000055,socal-fire,tier1,test_ood,True,7,7,True,True,True
socal-fire_00000056,socal-fire,tier1,test_ood,True,7,7,True,True,True
socal-fire_00000057,socal-fire,tier1,test_ood,True,7,7,True,True,True
socal-fire_00000058,socal-fire,tier1,test_ood,True,7,7,True,True,True
socal-fire_00000059,socal-fire,tier1,test_ood,True,7,7,True,True,True
socal-fire_00000060,socal-fire,tier1,test_ood,True,7,7,True,True,True
socal-fire_00000061,socal-fire,tier1,test_ood,True,7,7,True,True,True
socal-fire_00000062,socal-fire,tier1,test_ood,True,7,7,True,True,True
socal-fire_00000063,socal-fire,hold,test_ood,True,7,7,True,True,True
socal-fire_00000064,socal-fire,hold,test_ood,True,7,7,True,True,True
socal-fire_00000065,socal-fire,tier1,test_ood,True,7,7,True,True,True
socal-fire_00000066,socal-fire,hold,test_ood,True,7,7,True,True,True
socal-fire_00000067,socal-fire,hold,test_ood,True,7,7,True,True,True
socal-fire_00000068,socal-fire,hold,test_ood,True,7,7,True,True,True
socal-fire_00000069,socal-fire,hold,test_ood,True,7,7,True,True,True
socal-fire_00000070,socal-fire,tier1,test_ood,True,7,7,True,True,True
socal-fire_00000071,socal-fire,hold,test_ood,True,7,7,True,True,True
socal-fire_00000072,socal-fire,tier1,test_ood,True,7,7,True,True,True
socal-fire_00000073,socal-fire,tier1,test_ood,True,7,7,True,True,True
socal-fire_00000074,socal-fire,test,test_ood,True,7,7,True,True,True
socal-fire_00000075,socal-fire,test,test_ood,True,7,7,True,True,True
socal-fire_00000076,socal-fire,tier1,test_ood,True,7,7,True,True,True
socal-fire_00000077,socal-fire,test,test_ood,True,7,7,True,True,True
socal-fire_00000078,socal-fire,tier1,test_ood,True,7,7,True,True,True
socal-fire_00000079,socal-fire,tier1,test_ood,True,7,7,True,True,True
socal-fire_00000080,socal-fire,tier1,test_ood,True,7,7,True,True,True
socal-fire_00000081,socal-fire,tier1,test_ood,True,7,7,True,True,True
socal-fire_00000082,socal-fire,tier1,test_ood,True,7,7,True,True,True
socal-fire_00000083,socal-fire,tier1,test_ood,True,7,7,True,True,True
socal-fire_00000084,socal-fire,tier1,test_ood,True,7,7,True,True,True
socal-fire_00000085,socal-fire,test,test_ood,True,7,7,True,True,True
socal-fire_00000086,socal-fire,test,test_ood,True,7,7,True,True,True
socal-fire_00000087,socal-fire,tier1,test_ood,True,7,7,True,True,True
socal-fire_00000088,socal-fire,tier1,test_ood,True,7,7,True,True,True
socal-fire_00000089,socal-fire,tier1,test_ood,True,7,7,True,True,True
socal-fire_00000090,socal-fire,tier1,test_ood,True,7,7,True,True,True
socal-fire_00000091,socal-fire,tier1,test_ood,True,7,7,True,True,True
socal-fire_00000092,socal-fire,tier1,test_ood,True,7,7,True,True,True
socal-fire_00000093,socal-fire,tier1,test_ood,True,7,7,True,True,True
socal-fire_00000094,socal-fire,tier1,test_ood,True,7,7,True,True,True
socal-fire_00000095,socal-fire,tier1,test_ood,True,7,7,True,True,True
socal-fire_00000096,socal-fire,tier1,test_ood,True,7,7,True,True,True
socal-fire_00000097,socal-fire,tier1,test_ood,True,7,7,True,True,True
socal-fire_00000098,socal-fire,test,test_ood,True,7,7,True,True,True
socal-fire_00000099,socal-fire,tier1,test_ood,True,7,7,True,True,True
socal-fire_00000100,socal-fire,hold,test_ood,True,7,7,True,True,True
socal-fire_00000101,socal-fire,tier1,test_ood,True,7,7,True,True,True
socal-fire_00000102,socal-fire,tier1,test_ood,True,7,7,True,True,True
socal-fire_00000103,socal-fire,tier1,test_ood,True,7,7,True,True,True
socal-fire_00000104,socal-fire,test,test_ood,True,7,7,True,True,True
socal-fire_00000105,socal-fire,tier1,test_ood,True,7,7,True,True,True
socal-fire_00000106,socal-fire,tier1,test_ood,True,7,7,True,True,True
socal-fire_00000107,socal-fire,tier1,test_ood,True,7,7,True,True,True
socal-fire_00000108,socal-fire,tier1,test_ood,True,7,7,True,True,True
socal-fire_00000109,socal-fire,tier1,test_ood,True,7,7,True,True,True
socal-fire_00000110,socal-fire,tier1,test_ood,True,7,7,True,True,True
socal-fire_00000111,socal-fire,hold,test_ood,True,7,7,True,True,True
socal-fire_00000112,socal-fire,hold,test_ood,True,7,7,True,True,True
socal-fire_00000113,socal-fire,tier1,test_ood,True,7,7,True,True,True
socal-fire_00000114,socal-fire,tier1,test_ood,True,7,7,True,True,True
socal-fire_00000115,socal-fire,tier1,test_ood,True,7,7,True,True,True
socal-fire_00000116,socal-fire,tier1,test_ood,True,7,7,True,True,True
socal-fire_00000117,socal-fire,tier1,test_ood,True,7,7,True,True,True
socal-fire_00000118,socal-fire,tier1,test_ood,True,7,7,True,True,True
socal-fire_00000119,socal-fire,hold,test_ood,True,7,7,True,True,True
socal-fire_00000120,socal-fire,hold,test_ood,True,7,7,True,True,True
socal-fire_00000121,socal-fire,hold,test_ood,True,7,7,True,True,True
socal-fire_00000122,socal-fire,tier1,test_ood,True,7,7,True,True,True
socal-fire_00000123,socal-fire,hold,test_ood,True,7,7,True,True,True
socal-fire_00000124,socal-fire,tier1,test_ood,True,7,7,True,True,True
socal-fire_00000125,socal-fire,test,test_ood,True,7,7,True,True,True
socal-fire_00000126,socal-fire,tier1,test_ood,True,7,7,True,True,True
socal-fire_00000127,socal-fire,hold,test_ood,True,7,7,True,True,True
socal-fire_00000128,socal-fire,hold,test_ood,True,7,7,True,True,True
socal-fire_00000129,socal-fire,test,test_ood,True,7,7,True,True,True
socal-fire_00000130,socal-fire,tier1,test_ood,True,7,7,True,True,True
socal-fire_00000131,socal-fire,hold,test_ood,True,7,7,True,True,True
socal-fire_00000132,socal-fire,hold,test_ood,True,7,7,True,True,True
socal-fire_00000133,socal-fire,test,test_ood,True,7,7,True,True,True
socal-fire_00000134,socal-fire,hold,test_ood,True,7,7,True,True,True
socal-fire_00000135,socal-fire,tier1,test_ood,True,7,7,True,True,True
socal-fire_00000136,socal-fire,tier1,test_ood,True,7,7,True,True,True
socal-fire_00000137,socal-fire,test,test_ood,True,7,7,True,True,True
socal-fire_00000138,socal-fire,test,test_ood,True,7,7,True,True,True
socal-fire_00000139,socal-fire,test,test_ood,True,7,7,True,True,True
socal-fire_00000140,socal-fire,hold,test_ood,True,7,7,True,True,True
socal-fire_00000141,socal-fire,tier1,test_ood,True,7,7,True,True,True
socal-fire_00000142,socal-fire,test,test_ood,True,7,7,True,True,True
socal-fire_00000143,socal-fire,hold,test_ood,True,7,7,True,True,True
socal-fire_00000144,socal-fire,tier1,test_ood,True,7,7,True,True,True
socal-fire_00000145,socal-fire,test,test_ood,True,7,7,True,True,True
socal-fire_00000146,socal-fire,tier1,test_ood,True,7,7,True,True,True
socal-fire_00000147,socal-fire,hold,test_ood,True,7,7,True,True,True
socal-fire_00000148,socal-fire,test,test_ood,True,7,7,True,True,True
socal-fire_00000149,socal-fire,tier1,test_ood,True,7,7,True,True,True
socal-fire_00000150,socal-fire,test,test_ood,True,7,7,True,True,True
socal-fire_00000151,socal-fire,tier1,test_ood,True,7,7,True,True,True
socal-fire_00000152,socal-fire,hold,test_ood,True,7,7,True,True,True
socal-fire_00000153,socal-fire,tier1,test_ood,True,7,7,True,True,True
socal-fire_00000154,socal-fire,tier1,test_ood,True,7,7,True,True,True
socal-fire_00000155,socal-fire,hold,test_ood,True,7,7,True,True,True
socal-fire_00000156,socal-fire,tier1,test_ood,True,7,7,True,True,True
socal-fire_00000157,socal-fire,tier1,test_ood,True,7,7,True,True,True
socal-fire_00000158,socal-fire,hold,test_ood,True,7,7,True,True,True
socal-fire_00000159,socal-fire,hold,test_ood,True,7,7,True,True,True
socal-fire_00000160,socal-fire,tier1,test_ood,True,7,7,True,True,True
socal-fire_00000161,socal-fire,test,test_ood,True,7,7,True,True,True
socal-fire_00000162,socal-fire,tier1,test_ood,True,7,7,True,True,True
socal-fire_00000163,socal-fire,tier1,test_ood,True,7,7,True,True,True
socal-fire_00000164,socal-fire,hold,test_ood,True,7,7,True,True,True
socal-fire_00000165,socal-fire,hold,test_ood,True,7,7,True,True,True
socal-fire_00000166,socal-fire,tier1,test_ood,True,7,7,True,True,True
socal-fire_00000167,socal-fire,tier1,test_ood,True,7,7,True,True,True
socal-fire_00000168,socal-fire,test,test_ood,True,7,7,True,True,True
socal-fire_00000169,socal-fire,tier1,test_ood,True,7,7,True,True,True
socal-fire_00000170,socal-fire,test,test_ood,True,7,7,True,True,True
socal-fire_00000171,socal-fire,tier1,test_ood,True,7,7,True,True,True
socal-fire_00000172,socal-fire,test,test_ood,True,7,7,True,True,True
socal-fire_00000173,socal-fire,test,test_ood,True,7,7,True,True,True
socal-fire_00000174,socal-fire,tier1,test_ood,True,7,7,True,True,True
socal-fire_00000175,socal-fire,tier1,test_ood,True,7,7,True,True,True
socal-fire_00000176,socal-fire,test,test_ood,True,7,7,True,True,True
socal-fire_00000177,socal-fire,test,test_ood,True,7,7,True,True,True
socal-fire_00000178,socal-fire,tier1,test_ood,True,7,7,True,True,True
socal-fire_00000179,socal-fire,test,test_ood,True,7,7,True,True,True
socal-fire_00000180,socal-fire,tier1,test_ood,True,7,7,True,True,True
socal-fire_00000181,socal-fire,hold,test_ood,True,7,7,True,True,True
socal-fire_00000182,socal-fire,hold,test_ood,True,7,7,True,True,True
socal-fire_00000183,socal-fire,tier1,test_ood,True,7,7,True,True,True
socal-fire_00000184,socal-fire,hold,test_ood,True,7,7,True,True,True
socal-fire_00000185,socal-fire,tier1,test_ood,True,7,7,True,True,True
socal-fire_00000186,socal-fire,tier1,test_ood,True,7,7,True,True,True
socal-fire_00000187,socal-fire,tier1,test_ood,True,7,7,True,True,True
socal-fire_00000188,socal-fire,hold,test_ood,True,7,7,True,True,True
socal-fire_00000189,socal-fire,hold,test_ood,True,7,7,True,True,True
socal-fire_00000190,socal-fire,test,test_ood,True,7,7,True,True,True
socal-fire_00000191,socal-fire,tier1,test_ood,True,7,7,True,True,True
socal-fire_00000192,socal-fire,hold,test_ood,True,7,7,True,True,True
socal-fire_00000193,socal-fire,tier1,test_ood,True,7,7,True,True,True
socal-fire_00000194,socal-fire,tier1,test_ood,True,7,7,True,True,True
socal-fire_00000195,socal-fire,hold,test_ood,True,7,7,True,True,True
socal-fire_00000196,socal-fire,tier1,test_ood,True,7,7,True,True,True
socal-fire_00000197,socal-fire,tier1,test_ood,True,7,7,True,True,True
socal-fire_00000198,socal-fire,test,test_ood,True,7,7,True,True,True
socal-fire_00000199,socal-fire,tier1,test_ood,True,7,7,True,True,True
socal-fire_00000200,socal-fire,test,test_ood,True,7,7,True,True,True
socal-fire_00000201,socal-fire,test,test_ood,True,7,7,True,True,True
socal-fire_00000202,socal-fire,test,test_ood,True,7,7,True,True,True
socal-fire_00000203,socal-fire,tier1,test_ood,True,7,7,True,True,True
socal-fire_00000204,socal-fire,tier1,test_ood,True,7,7,True,True,True
socal-fire_00000205,socal-fire,tier1,test_ood,True,7,7,True,True,True
socal-fire_00000206,socal-fire,test,test_ood,True,7,7,True,True,True
socal-fire_00000207,socal-fire,test,test_ood,True,7,7,True,True,True
socal-fire_00000208,socal-fire,test,test_ood,True,7,7,True,True,True
socal-fire_00000209,socal-fire,test,test_ood,True,7,7,True,True,True
socal-fire_00000210,socal-fire,hold,test_ood,True,7,7,True,True,True
socal-fire_00000211,socal-fire,tier1,test_ood,True,7,7,True,True,True
socal-fire_00000212,socal-fire,hold,test_ood,True,7,7,True,True,True
socal-fire_00000213,socal-fire,tier1,test_ood,True,7,7,True,True,True
socal-fire_00000214,socal-fire,test,test_ood,True,7,7,True,True,True
socal-fire_00000215,socal-fire,tier1,test_ood,True,7,7,True,True,True
socal-fire_00000216,socal-fire,test,test_ood,True,7,7,True,True,True
socal-fire_00000217,socal-fire,test,test_ood,True,7,7,True,True,True
socal-fire_00000218,socal-fire,hold,test_ood,True,7,7,True,True,True
socal-fire_00000219,socal-fire,tier1,test_ood,True,7,7,True,True,True
socal-fire_00000220,socal-fire,tier1,test_ood,True,7,7,True,True,True
socal-fire_00000221,socal-fire,tier1,test_ood,True,7,7,True,True,True
socal-fire_00000222,socal-fire,tier1,test_ood,True,7,7,True,True,True
socal-fire_00000223,socal-fire,test,test_ood,True,7,7,True,True,True
socal-fire_00000224,socal-fire,tier1,test_ood,True,7,7,True,True,True
socal-fire_00000225,socal-fire,hold,test_ood,True,7,7,True,True,True
socal-fire_00000226,socal-fire,tier1,test_ood,True,7,7,True,True,True
socal-fire_00000227,socal-fire,tier1,test_ood,True,7,7,True,True,True
socal-fire_00000228,socal-fire,tier1,test_ood,True,7,7,True,True,True
socal-fire_00000229,socal-fire,test,test_ood,True,7,7,True,True,True
socal-fire_00000230,socal-fire,tier1,test_ood,True,7,7,True,True,True
socal-fire_00000231,socal-fire,tier1,test_ood,True,7,7,True,True,True
socal-fire_00000232,socal-fire,tier1,test_ood,True,7,7,True,True,True
socal-fire_00000233,socal-fire,test,test_ood,True,7,7,True,True,True
socal-fire_00000234,socal-fire,test,test_ood,True,7,7,True,True,True
socal-fire_00000235,socal-fire,test,test_ood,True,7,7,True,True,True
socal-fire_00000236,socal-fire,tier1,test_ood,True,7,7,True,True,True
socal-fire_00000237,socal-fire,tier1,test_ood,True,7,7,True,True,True
socal-fire_00000238,socal-fire,test,test_ood,True,7,7,True,True,True
socal-fire_00000239,socal-fire,tier1,test_ood,True,7,7,True,True,True
socal-fire_00000240,socal-fire,tier1,test_ood,True,7,7,True,True,True
socal-fire_00000241,socal-fire,test,test_ood,True,7,7,True,True,True
socal-fire_00000242,socal-fire,test,test_ood,True,7,7,True,True,True
socal-fire_00000243,socal-fire,tier1,test_ood,True,7,7,True,True,True
socal-fire_00000244,socal-fire,tier1,test_ood,True,7,7,True,True,True
socal-fire_00000245,socal-fire,tier1,test_ood,True,7,7,True,True,True
socal-fire_00000246,socal-fire,hold,test_ood,True,7,7,True,True,True
socal-fire_00000247,socal-fire,tier1,test_ood,True,7,7,True,True,True
socal-fire_00000248,socal-fire,tier1,test_ood,True,7,7,True,True,True
socal-fire_00000249,socal-fire,tier1,test_ood,True,7,7,True,True,True
socal-fire_00000250,socal-fire,test,test_ood,True,7,7,True,True,True
socal-fire_00000251,socal-fire,tier1,test_ood,True,7,7,True,True,True
socal-fire_00000252,socal-fire,tier1,test_ood,True,7,7,True,True,True
socal-fire_00000253,socal-fire,tier1,test_ood,True,7,7,True,True,True
socal-fire_00000254,socal-fire,hold,test_ood,True,7,7,True,True,True
socal-fire_00000255,socal-fire,test,test_ood,True,7,7,True,True,True
socal-fire_00000256,socal-fire,test,test_ood,True,7,7,True,True,True
socal-fire_00000257,socal-fire,tier1,test_ood,True,7,7,True,True,True
socal-fire_00000258,socal-fire,test,test_ood,True,7,7,True,True,True
socal-fire_00000259,socal-fire,tier1,test_ood,True,7,7,True,True,True
socal-fire_00000260,socal-fire,test,test_ood,True,7,7,True,True,True
socal-fire_00000261,socal-fire,tier1,test_ood,True,7,7,True,True,True
socal-fire_00000262,socal-fire,test,test_ood,True,7,7,True,True,True
socal-fire_00000263,socal-fire,test,test_ood,True,7,7,True,True,True
socal-fire_00000264,socal-fire,tier1,test_ood,True,7,7,True,True,True
socal-fire_00000265,socal-fire,tier1,test_ood,True,7,7,True,True,True
socal-fire_00000266,socal-fire,tier1,test_ood,True,7,7,True,True,True
socal-fire_00000267,socal-fire,hold,test_ood,True,7,7,True,True,True
socal-fire_00000268,socal-fire,tier1,test_ood,True,7,7,True,True,True
socal-fire_00000269,socal-fire,tier1,test_ood,True,7,7,True,True,True
socal-fire_00000270,socal-fire,tier1,test_ood,True,7,7,True,True,True
socal-fire_00000271,socal-fire,tier1,test_ood,True,7,7,True,True,True
socal-fire_00000272,socal-fire,tier1,test_ood,True,7,7,True,True,True
socal-fire_00000273,socal-fire,tier1,test_ood,True,7,7,True,True,True
socal-fire_00000274,socal-fire,hold,test_ood,True,7,7,True,True,True
socal-fire_00000275,socal-fire,test,test_ood,True,7,7,True,True,True
socal-fire_00000276,socal-fire,test,test_ood,True,7,7,True,True,True
socal-fire_00000277,socal-fire,tier1,test_ood,True,7,7,True,True,True
socal-fire_00000278,socal-fire,tier1,test_ood,True,7,7,True,True,True
socal-fire_00000279,socal-fire,tier1,test_ood,True,7,7,True,True,True
socal-fire_00000280,socal-fire,hold,test_ood,True,7,7,True,True,True
socal-fire_00000281,socal-fire,hold,test_ood,True,7,7,True,True,True
socal-fire_00000282,socal-fire,tier1,test_ood,True,7,7,True,True,True
socal-fire_00000283,socal-fire,tier1,test_ood,True,7,7,True,True,True
socal-fire_00000284,socal-fire,hold,test_ood,True,7,7,True,True,True
socal-fire_00000285,socal-fire,tier1,test_ood,True,7,7,True,True,True
socal-fire_00000286,socal-fire,tier1,test_ood,True,7,7,True,True,True
socal-fire_00000287,socal-fire,tier1,test_ood,True,7,7,True,True,True
socal-fire_00000288,socal-fire,tier1,test_ood,True,7,7,True,True,True
socal-fire_00000289,socal-fire,hold,test_ood,True,7,7,True,True,True
socal-fire_00000290,socal-fire,tier1,test_ood,True,7,7,True,True,True
socal-fire_00000291,socal-fire,hold,test_ood,True,7,7,True,True,True
socal-fire_00000292,socal-fire,tier1,test_ood,True,7,7,True,True,True
socal-fire_00000293,socal-fire,test,test_ood,True,7,7,True,True,True
socal-fire_00000294,socal-fire,test,test_ood,True,7,7,True,True,True
socal-fire_00000295,socal-fire,tier1,test_ood,True,7,7,True,True,True
socal-fire_00000296,socal-fire,tier1,test_ood,True,7,7,True,True,True
socal-fire_00000297,socal-fire,tier1,test_ood,True,7,7,True,True,True
socal-fire_00000298,socal-fire,test,test_ood,True,7,7,True,True,True
socal-fire_00000299,socal-fire,test,test_ood,True,7,7,True,True,True
socal-fire_00000300,socal-fire,test,test_ood,True,7,7,True,True,True
socal-fire_00000301,socal-fire,tier1,test_ood,True,7,7,True,True,True
socal-fire_00000302,socal-fire,tier1,test_ood,True,7,7,True,True,True
socal-fire_00000303,socal-fire,tier1,test_ood,True,7,7,True,True,True
socal-fire_00000304,socal-fire,test,test_ood,True,7,7,True,True,True
socal-fire_00000305,socal-fire,hold,test_ood,True,7,7,True,True,True
socal-fire_00000306,socal-fire,tier1,test_ood,True,7,7,True,True,True
socal-fire_00000307,socal-fire,hold,test_ood,True,7,7,True,True,True
socal-fire_00000308,socal-fire,tier1,test_ood,True,7,7,True,True,True
socal-fire_00000309,socal-fire,test,test_ood,True,7,7,True,True,True
socal-fire_00000310,socal-fire,hold,test_ood,True,7,7,True,True,True
socal-fire_00000311,socal-fire,tier1,test_ood,True,7,7,True,True,True
socal-fire_00000312,socal-fire,tier1,test_ood,True,7,7,True,True,True
socal-fire_00000313,socal-fire,tier1,test_ood,True,7,7,True,True,True
socal-fire_00000314,socal-fire,test,test_ood,True,7,7,True,True,True
socal-fire_00000315,socal-fire,hold,test_ood,True,7,7,True,True,True
socal-fire_00000316,socal-fire,hold,test_ood,True,7,7,True,True,True
socal-fire_00000317,socal-fire,test,test_ood,True,7,7,True,True,True
socal-fire_00000318,socal-fire,tier1,test_ood,True,7,7,True,True,True
socal-fire_00000319,socal-fire,test,test_ood,True,7,7,True,True,True
socal-fire_00000320,socal-fire,test,test_ood,True,7,7,True,True,True
socal-fire_00000321,socal-fire,tier1,test_ood,True,7,7,True,True,True
socal-fire_00000322,socal-fire,tier1,test_ood,True,7,7,True,True,True
socal-fire_00000323,socal-fire,test,test_ood,True,7,7,True,True,True
socal-fire_00000324,socal-fire,hold,test_ood,True,7,7,True,True,True
socal-fire_00000325,socal-fire,test,test_ood,True,7,7,True,True,True
socal-fire_00000326,socal-fire,hold,test_ood,True,7,7,True,True,True
socal-fire_00000327,socal-fire,tier1,test_ood,True,7,7,True,True,True
socal-fire_00000328,socal-fire,test,test_ood,True,7,7,True,True,True
socal-fire_00000329,socal-fire,test,test_ood,True,7,7,True,True,True
socal-fire_00000330,socal-fire,tier1,test_ood,True,7,7,True,True,True
socal-fire_00000331,socal-fire,tier1,test_ood,True,7,7,True,True,True
socal-fire_00000332,socal-fire,tier1,test_ood,True,7,7,True,True,True
socal-fire_00000333,socal-fire,tier1,test_ood,True,7,7,True,True,True
socal-fire_00000334,socal-fire,tier1,test_ood,True,7,7,True,True,True
socal-fire_00000335,socal-fire,tier1,test_ood,True,7,7,True,True,True
socal-fire_00000336,socal-fire,tier1,test_ood,True,7,7,True,True,True
socal-fire_00000337,socal-fire,tier1,test_ood,True,7,7,True,True,True
socal-fire_00000338,socal-fire,hold,test_ood,True,7,7,True,True,True
socal-fire_00000339,socal-fire,tier1,test_ood,True,7,7,True,True,True
socal-fire_00000340,socal-fire,tier1,test_ood,True,7,7,True,True,True
socal-fire_00000341,socal-fire,tier1,test_ood,True,7,7,True,True,True
socal-fire_00000342,socal-fire,hold,test_ood,True,7,7,True,True,True
socal-fire_00000343,socal-fire,tier1,test_ood,True,7,7,True,True,True
socal-fire_00000344,socal-fire,hold,test_ood,True,7,7,True,True,True
socal-fire_00000345,socal-fire,hold,test_ood,True,7,7,True,True,True
socal-fire_00000346,socal-fire,tier1,test_ood,True,7,7,True,True,True
socal-fire_00000347,socal-fire,test,test_ood,True,7,7,True,True,True
socal-fire_00000348,socal-fire,tier1,test_ood,True,7,7,True,True,True
socal-fire_00000349,socal-fire,tier1,test_ood,True,7,7,True,True,True
socal-fire_00000350,socal-fire,hold,test_ood,True,7,7,True,True,True
socal-fire_00000351,socal-fire,test,test_ood,True,7,7,True,True,True
socal-fire_00000352,socal-fire,tier1,test_ood,True,7,7,True,True,True
socal-fire_00000353,socal-fire,tier1,test_ood,True,7,7,True,True,True
socal-fire_00000354,socal-fire,tier1,test_ood,True,7,7,True,True,True
socal-fire_00000355,socal-fire,hold,test_ood,True,7,7,True,True,True
socal-fire_00000356,socal-fire,test,test_ood,True,7,7,True,True,True
socal-fire_00000357,socal-fire,tier1,test_ood,True,7,7,True,True,True
socal-fire_00000358,socal-fire,tier1,test_ood,True,7,7,True,True,True
socal-fire_00000359,socal-fire,test,test_ood,True,7,7,True,True,True
socal-fire_00000360,socal-fire,tier1,test_ood,True,7,7,True,True,True
socal-fire_00000361,socal-fire,tier1,test_ood,True,7,7,True,True,True
socal-fire_00000362,socal-fire,hold,test_ood,True,7,7,True,True,True
socal-fire_00000363,socal-fire,tier1,test_ood,True,7,7,True,True,True
socal-fire_00000364,socal-fire,tier1,test_ood,True,7,7,True,True,True
socal-fire_00000365,socal-fire,hold,test_ood,True,7,7,True,True,True
socal-fire_00000366,socal-fire,test,test_ood,True,7,7,True,True,True
socal-fire_00000367,socal-fire,tier1,test_ood,True,7,7,True,True,True
socal-fire_00000368,socal-fire,hold,test_ood,True,7,7,True,True,True
socal-fire_00000369,socal-fire,tier1,test_ood,True,7,7,True,True,True
socal-fire_00000370,socal-fire,tier1,test_ood,True,7,7,True,True,True
socal-fire_00000371,socal-fire,tier1,test_ood,True,7,7,True,True,True
socal-fire_00000372,socal-fire,tier1,test_ood,True,7,7,True,True,True
socal-fire_00000373,socal-fire,tier1,test_ood,True,7,7,True,True,True
socal-fire_00000374,socal-fire,tier1,test_ood,True,7,7,True,True,True
socal-fire_00000375,socal-fire,tier1,test_ood,True,7,7,True,True,True
socal-fire_00000376,socal-fire,tier1,test_ood,True,7,7,True,True,True
socal-fire_00000377,socal-fire,tier1,test_ood,True,7,7,True,True,True
socal-fire_00000378,socal-fire,tier1,test_ood,True,7,7,True,True,True
socal-fire_00000379,socal-fire,test,test_ood,True,7,7,True,True,True
socal-fire_00000380,socal-fire,hold,test_ood,True,7,7,True,True,True
socal-fire_00000381,socal-fire,test,test_ood,True,7,7,True,True,True
socal-fire_00000382,socal-fire,hold,test_ood,True,7,7,True,True,True
socal-fire_00000383,socal-fire,tier1,test_ood,True,7,7,True,True,True
socal-fire_00000384,socal-fire,tier1,test_ood,True,7,7,True,True,True
socal-fire_00000385,socal-fire,tier1,test_ood,True,7,7,True,True,True
socal-fire_00000386,socal-fire,tier1,test_ood,True,7,7,True,True,True
socal-fire_00000387,socal-fire,tier1,test_ood,True,7,7,True,True,True
socal-fire_00000388,socal-fire,tier1,test_ood,True,7,7,True,True,True
socal-fire_00000389,socal-fire,tier1,test_ood,True,7,7,True,True,True
socal-fire_00000390,socal-fire,test,test_ood,True,7,7,True,True,True
socal-fire_00000391,socal-fire,tier1,test_ood,True,7,7,True,True,True
socal-fire_00000392,socal-fire,tier1,test_ood,True,7,7,True,True,True
socal-fire_00000393,socal-fire,test,test_ood,True,7,7,True,True,True
socal-fire_00000394,socal-fire,test,test_ood,True,7,7,True,True,True
socal-fire_00000395,socal-fire,hold,test_ood,True,7,7,True,True,True
socal-fire_00000396,socal-fire,test,test_ood,True,7,7,True,True,True
socal-fire_00000397,socal-fire,tier1,test_ood,True,7,7,True,True,True
socal-fire_00000398,socal-fire,tier1,test_ood,True,7,7,True,True,True
socal-fire_00000399,socal-fire,tier1,test_ood,True,7,7,True,True,True
socal-fire_00000400,socal-fire,tier1,test_ood,True,7,7,True,True,True
socal-fire_00000401,socal-fire,tier1,test_ood,True,7,7,True,True,True
socal-fire_00000402,socal-fire,tier1,test_ood,True,7,7,True,True,True
socal-fire_00000403,socal-fire,tier1,test_ood,True,7,7,True,True,True
socal-fire_00000404,socal-fire,hold,test_ood,True,7,7,True,True,True
socal-fire_00000405,socal-fire,tier1,test_ood,True,7,7,True,True,True
socal-fire_00000406,socal-fire,hold,test_ood,True,7,7,True,True,True
socal-fire_00000407,socal-fire,hold,test_ood,True,7,7,True,True,True
socal-fire_00000408,socal-fire,tier1,test_ood,True,7,7,True,True,True
socal-fire_00000409,socal-fire,tier1,test_ood,True,7,7,True,True,True
socal-fire_00000410,socal-fire,tier1,test_ood,True,7,7,True,True,True
socal-fire_00000411,socal-fire,tier1,test_ood,True,7,7,True,True,True
socal-fire_00000412,socal-fire,tier1,test_ood,True,7,7,True,True,True
socal-fire_00000413,socal-fire,hold,test_ood,True,7,7,True,True,True
socal-fire_00000414,socal-fire,test,test_ood,True,7,7,True,True,True
socal-fire_00000415,socal-fire,tier1,test_ood,True,7,7,True,True,True
socal-fire_00000416,socal-fire,test,test_ood,True,7,7,True,True,True
socal-fire_00000417,socal-fire,tier1,test_ood,True,7,7,True,True,True
socal-fire_00000418,socal-fire,hold,test_ood,True,7,7,True,True,True
socal-fire_00000419,socal-fire,test,test_ood,True,7,7,True,True,True
socal-fire_00000420,socal-fire,tier1,test_ood,True,7,7,True,True,True
socal-fire_00000421,socal-fire,tier1,test_ood,True,7,7,True,True,True
socal-fire_00000422,socal-fire,tier1,test_ood,True,7,7,True,True,True
socal-fire_00000423,socal-fire,tier1,test_ood,True,7,7,True,True,True
socal-fire_00000424,socal-fire,hold,test_ood,True,7,7,True,True,True
socal-fire_00000425,socal-fire,test,test_ood,True,7,7,True,True,True
socal-fire_00000426,socal-fire,test,test_ood,True,7,7,True,True,True
socal-fire_00000427,socal-fire,tier1,test_ood,True,7,7,True,True,True
socal-fire_00000428,socal-fire,hold,test_ood,True,7,7,True,True,True
socal-fire_00000429,socal-fire,tier1,test_ood,True,7,7,True,True,True
socal-fire_00000430,socal-fire,tier1,test_ood,True,7,7,True,True,True
socal-fire_00000431,socal-fire,test,test_ood,True,7,7,True,True,True
socal-fire_00000432,socal-fire,tier1,test_ood,True,7,7,True,True,True
socal-fire_00000433,socal-fire,tier1,test_ood,True,7,7,True,True,True
socal-fire_00000434,socal-fire,tier1,test_ood,True,7,7,True,True,True
socal-fire_00000435,socal-fire,tier1,test_ood,True,7,7,True,True,True
socal-fire_00000436,socal-fire,tier1,test_ood,True,7,7,True,True,True
socal-fire_00000437,socal-fire,hold,test_ood,True,7,7,True,True,True
socal-fire_00000438,socal-fire,tier1,test_ood,True,7,7,True,True,True
socal-fire_00000439,socal-fire,test,test_ood,True,7,7,True,True,True
socal-fire_00000440,socal-fire,hold,test_ood,True,7,7,True,True,True
socal-fire_00000441,socal-fire,hold,test_ood,True,7,7,True,True,True
socal-fire_00000442,socal-fire,tier1,test_ood,True,7,7,True,True,True
socal-fire_00000443,socal-fire,test,test_ood,True,7,7,True,True,True
socal-fire_00000444,socal-fire,hold,test_ood,True,7,7,True,True,True
socal-fire_00000445,socal-fire,tier1,test_ood,True,7,7,True,True,True
socal-fire_00000446,socal-fire,tier1,test_ood,True,7,7,True,True,True
socal-fire_00000447,socal-fire,tier1,test_ood,True,7,7,True,True,True
socal-fire_00000448,socal-fire,test,test_ood,True,7,7,True,True,True
socal-fire_00000449,socal-fire,test,test_ood,True,7,7,True,True,True
socal-fire_00000450,socal-fire,tier1,test_ood,True,7,7,True,True,True
socal-fire_00000451,socal-fire,tier1,test_ood,True,7,7,True,True,True
socal-fire_00000452,socal-fire,hold,test_ood,True,7,7,True,True,True
socal-fire_00000453,socal-fire,hold,test_ood,True,7,7,True,True,True
socal-fire_00000454,socal-fire,tier1,test_ood,True,7,7,True,True,True
socal-fire_00000455,socal-fire,tier1,test_ood,True,7,7,True,True,True
socal-fire_00000456,socal-fire,test,test_ood,True,7,7,True,True,True
socal-fire_00000457,socal-fire,tier1,test_ood,True,7,7,True,True,True
socal-fire_00000458,socal-fire,hold,test_ood,True,7,7,True,True,True
socal-fire_00000459,socal-fire,hold,test_ood,True,7,7,True,True,True
socal-fire_00000460,socal-fire,test,test_ood,True,7,7,True,True,True
socal-fire_00000461,socal-fire,tier1,test_ood,True,7,7,True,True,True
socal-fire_00000462,socal-fire,tier1,test_ood,True,7,7,True,True,True
socal-fire_00000463,socal-fire,hold,test_ood,True,7,7,True,True,True
socal-fire_00000464,socal-fire,tier1,test_ood,True,7,7,True,True,True
socal-fire_00000465,socal-fire,tier1,test_ood,True,7,7,True,True,True
socal-fire_00000466,socal-fire,tier1,test_ood,True,7,7,True,True,True
socal-fire_00000467,socal-fire,tier1,test_ood,True,7,7,True,True,True
socal-fire_00000468,socal-fire,tier1,test_ood,True,7,7,True,True,True
socal-fire_00000469,socal-fire,tier1,test_ood,True,7,7,True,True,True
socal-fire_00000470,socal-fire,test,test_ood,True,7,7,True,True,True
socal-fire_00000471,socal-fire,tier1,test_ood,True,7,7,True,True,True
socal-fire_00000472,socal-fire,tier1,test_ood,True,7,7,True,True,True
socal-fire_00000473,socal-fire,tier1,test_ood,True,7,7,True,True,True
socal-fire_00000474,socal-fire,tier1,test_ood,True,7,7,True,True,True
socal-fire_00000475,socal-fire,test,test_ood,True,7,7,True,True,True
socal-fire_00000476,socal-fire,hold,test_ood,True,7,7,True,True,True
socal-fire_00000477,socal-fire,tier1,test_ood,True,7,7,True,True,True
socal-fire_00000478,socal-fire,tier1,test_ood,True,7,7,True,True,True
socal-fire_00000479,socal-fire,hold,test_ood,True,7,7,True,True,True
socal-fire_00000480,socal-fire,tier1,test_ood,True,7,7,True,True,True
socal-fire_00000481,socal-fire,hold,test_ood,True,7,7,True,True,True
socal-fire_00000482,socal-fire,test,test_ood,True,7,7,True,True,True
socal-fire_00000483,socal-fire,test,test_ood,True,7,7,True,True,True
socal-fire_00000484,socal-fire,tier1,test_ood,True,7,7,True,True,True
socal-fire_00000485,socal-fire,test,test_ood,True,7,7,True,True,True
socal-fire_00000486,socal-fire,test,test_ood,True,7,7,True,True,True
socal-fire_00000487,socal-fire,hold,test_ood,True,7,7,True,True,True
socal-fire_00000488,socal-fire,tier1,test_ood,True,7,7,True,True,True
socal-fire_00000489,socal-fire,tier1,test_ood,True,7,7,True,True,True
socal-fire_00000490,socal-fire,hold,test_ood,True,7,7,True,True,True
socal-fire_00000491,socal-fire,hold,test_ood,True,7,7,True,True,True
socal-fire_00000492,socal-fire,tier1,test_ood,True,7,7,True,True,True
socal-fire_00000493,socal-fire,test,test_ood,True,7,7,True,True,True
socal-fire_00000494,socal-fire,tier1,test_ood,True,7,7,True,True,True
socal-fire_00000495,socal-fire,tier1,test_ood,True,7,7,True,True,True
socal-fire_00000496,socal-fire,tier1,test_ood,True,7,7,True,True,True
socal-fire_00000497,socal-fire,tier1,test_ood,True,7,7,True,True,True
socal-fire_00000498,socal-fire,test,test_ood,True,7,7,True,True,True
socal-fire_00000499,socal-fire,test,test_ood,True,7,7,True,True,True
socal-fire_00000500,socal-fire,tier1,test_ood,True,7,7,True,True,True
socal-fire_00000501,socal-fire,tier1,test_ood,True,7,7,True,True,True
socal-fire_00000502,socal-fire,tier1,test_ood,True,7,7,True,True,True
socal-fire_00000503,socal-fire,tier1,test_ood,True,7,7,True,True,True
socal-fire_00000504,socal-fire,test,test_ood,True,7,7,True,True,True
socal-fire_00000505,socal-fire,tier1,test_ood,True,7,7,True,True,True
socal-fire_00000506,socal-fire,test,test_ood,True,7,7,True,True,True
socal-fire_00000507,socal-fire,tier1,test_ood,True,7,7,True,True,True
socal-fire_00000508,socal-fire,tier1,test_ood,True,7,7,True,True,True
socal-fire_00000509,socal-fire,test,test_ood,True,7,7,True,True,True
socal-fire_00000510,socal-fire,tier1,test_ood,True,7,7,True,True,True
socal-fire_00000511,socal-fire,tier1,test_ood,True,7,7,True,True,True
socal-fire_00000512,socal-fire,hold,test_ood,True,7,7,True,True,True
socal-fire_00000513,socal-fire,test,test_ood,True,7,7,True,True,True
socal-fire_00000514,socal-fire,tier1,test_ood,True,7,7,True,True,True
socal-fire_00000515,socal-fire,tier1,test_ood,True,7,7,True,True,True
socal-fire_00000516,socal-fire,tier1,test_ood,True,7,7,True,True,True
socal-fire_00000517,socal-fire,tier1,test_ood,True,7,7,True,True,True
socal-fire_00000518,socal-fire,test,test_ood,True,7,7,True,True,True
socal-fire_00000519,socal-fire,tier1,test_ood,True,7,7,True,True,True
socal-fire_00000520,socal-fire,tier1,test_ood,True,7,7,True,True,True
socal-fire_00000521,socal-fire,tier1,test_ood,True,7,7,True,True,True
socal-fire_00000522,socal-fire,tier1,test_ood,True,7,7,True,True,True
socal-fire_00000523,socal-fire,hold,test_ood,True,7,7,True,True,True
socal-fire_00000524,socal-fire,test,test_ood,True,7,7,True,True,True
socal-fire_00000525,socal-fire,tier1,test_ood,True,7,7,True,True,True
socal-fire_00000526,socal-fire,hold,test_ood,True,7,7,True,True,True
socal-fire_00000527,socal-fire,hold,test_ood,True,7,7,True,True,True
socal-fire_00000528,socal-fire,tier1,test_ood,True,7,7,True,True,True
socal-fire_00000529,socal-fire,tier1,test_ood,True,7,7,True,True,True
socal-fire_00000530,socal-fire,tier1,test_ood,True,7,7,True,True,True
socal-fire_00000531,socal-fire,tier1,test_ood,True,7,7,True,True,True
socal-fire_00000532,socal-fire,hold,test_ood,True,7,7,True,True,True
socal-fire_00000533,socal-fire,tier1,test_ood,True,7,7,True,True,True
socal-fire_00000534,socal-fire,tier1,test_ood,True,7,7,True,True,True
socal-fire_00000535,socal-fire,tier1,test_ood,True,7,7,True,True,True
socal-fire_00000536,socal-fire,tier1,test_ood,True,7,7,True,True,True
socal-fire_00000537,socal-fire,tier1,test_ood,True,7,7,True,True,True
socal-fire_00000538,socal-fire,tier1,test_ood,True,7,7,True,True,True
socal-fire_00000539,socal-fire,hold,test_ood,True,7,7,True,True,True
socal-fire_00000540,socal-fire,tier1,test_ood,True,7,7,True,True,True
socal-fire_00000541,socal-fire,tier1,test_ood,True,7,7,True,True,True
socal-fire_00000542,socal-fire,hold,test_ood,True,7,7,True,True,True
socal-fire_00000543,socal-fire,tier1,test_ood,True,7,7,True,True,True
socal-fire_00000544,socal-fire,test,test_ood,True,7,7,True,True,True
socal-fire_00000545,socal-fire,tier1,test_ood,True,7,7,True,True,True
socal-fire_00000546,socal-fire,test,test_ood,True,7,7,True,True,True
socal-fire_00000547,socal-fire,tier1,test_ood,True,7,7,True,True,True
socal-fire_00000548,socal-fire,hold,test_ood,True,7,7,True,True,True
socal-fire_00000549,socal-fire,tier1,test_ood,True,7,7,True,True,True
socal-fire_00000550,socal-fire,tier1,test_ood,True,7,7,True,True,True
socal-fire_00000551,socal-fire,test,test_ood,True,7,7,True,True,True
socal-fire_00000552,socal-fire,tier1,test_ood,True,7,7,True,True,True
socal-fire_00000553,socal-fire,tier1,test_ood,True,7,7,True,True,True
socal-fire_00000554,socal-fire,tier1,test_ood,True,7,7,True,True,True
socal-fire_00000555,socal-fire,hold,test_ood,True,7,7,True,True,True
socal-fire_00000556,socal-fire,tier1,test_ood,True,7,7,True,True,True
socal-fire_00000557,socal-fire,hold,test_ood,True,7,7,True,True,True
socal-fire_00000558,socal-fire,test,test_ood,True,7,7,True,True,True
socal-fire_00000559,socal-fire,test,test_ood,True,7,7,True,True,True
socal-fire_00000560,socal-fire,tier1,test_ood,True,7,7,True,True,True
socal-fire_00000561,socal-fire,hold,test_ood,True,7,7,True,True,True
socal-fire_00000562,socal-fire,hold,test_ood,True,7,7,True,True,True
socal-fire_00000563,socal-fire,tier1,test_ood,True,7,7,True,True,True
socal-fire_00000564,socal-fire,tier1,test_ood,True,7,7,True,True,True
socal-fire_00000565,socal-fire,tier1,test_ood,True,7,7,True,True,True
socal-fire_00000566,socal-fire,tier1,test_ood,True,7,7,True,True,True
socal-fire_00000567,socal-fire,hold,test_ood,True,7,7,True,True,True
socal-fire_00000568,socal-fire,test,test_ood,True,7,7,True,True,True
socal-fire_00000569,socal-fire,tier1,test_ood,True,7,7,True,True,True
socal-fire_00000570,socal-fire,hold,test_ood,True,7,7,True,True,True
socal-fire_00000571,socal-fire,test,test_ood,True,7,7,True,True,True
socal-fire_00000572,socal-fire,tier1,test_ood,True,7,7,True,True,True
socal-fire_00000573,socal-fire,tier1,test_ood,True,7,7,True,True,True
socal-fire_00000574,socal-fire,test,test_ood,True,7,7,True,True,True
socal-fire_00000575,socal-fire,hold,test_ood,True,7,7,True,True,True
socal-fire_00000576,socal-fire,tier1,test_ood,True,7,7,True,True,True
socal-fire_00000577,socal-fire,tier1,test_ood,True,7,7,True,True,True
socal-fire_00000578,socal-fire,tier1,test_ood,True,7,7,True,True,True
socal-fire_00000579,socal-fire,tier1,test_ood,True,7,7,True,True,True
socal-fire_00000580,socal-fire,tier1,test_ood,True,7,7,True,True,True
socal-fire_00000581,socal-fire,tier1,test_ood,True,7,7,True,True,True
socal-fire_00000582,socal-fire,hold,test_ood,True,7,7,True,True,True
socal-fire_00000583,socal-fire,tier1,test_ood,True,7,7,True,True,True
socal-fire_00000584,socal-fire,tier1,test_ood,True,7,7,True,True,True
socal-fire_00000585,socal-fire,tier1,test_ood,True,7,7,True,True,True
socal-fire_00000586,socal-fire,tier1,test_ood,True,7,7,True,True,True
socal-fire_00000587,socal-fire,tier1,test_ood,True,7,7,True,True,True
socal-fire_00000588,socal-fire,test,test_ood,True,7,7,True,True,True
socal-fire_00000589,socal-fire,tier1,test_ood,True,7,7,True,True,True
socal-fire_00000590,socal-fire,test,test_ood,True,7,7,True,True,True
socal-fire_00000591,socal-fire,tier1,test_ood,True,7,7,True,True,True
socal-fire_00000592,socal-fire,tier1,test_ood,True,7,7,True,True,True
socal-fire_00000593,socal-fire,tier1,test_ood,True,7,7,True,True,True
socal-fire_00000594,socal-fire,tier1,test_ood,True,7,7,True,True,True
socal-fire_00000595,socal-fire,hold,test_ood,True,7,7,True,True,True
socal-fire_00000596,socal-fire,tier1,test_ood,True,7,7,True,True,True
socal-fire_00000597,socal-fire,hold,test_ood,True,7,7,True,True,True
socal-fire_00000598,socal-fire,tier1,test_ood,True,7,7,True,True,True
socal-fire_00000599,socal-fire,tier1,test_ood,True,7,7,True,True,True
socal-fire_00000600,socal-fire,tier1,test_ood,True,7,7,True,True,True
socal-fire_00000601,socal-fire,tier1,test_ood,True,7,7,True,True,True
socal-fire_00000602,socal-fire,tier1,test_ood,True,7,7,True,True,True
socal-fire_00000603,socal-fire,tier1,test_ood,True,7,7,True,True,True
socal-fire_00000604,socal-fire,hold,test_ood,True,7,7,True,True,True
socal-fire_00000605,socal-fire,test,test_ood,True,7,7,True,True,True
socal-fire_00000606,socal-fire,tier1,test_ood,True,7,7,True,True,True
socal-fire_00000607,socal-fire,tier1,test_ood,True,7,7,True,True,True
socal-fire_00000608,socal-fire,tier1,test_ood,True,7,7,True,True,True
socal-fire_00000609,socal-fire,tier1,test_ood,True,7,7,True,True,True
socal-fire_00000610,socal-fire,hold,test_ood,True,7,7,True,True,True
socal-fire_00000611,socal-fire,tier1,test_ood,True,7,7,True,True,True
socal-fire_00000612,socal-fire,test,test_ood,True,7,7,True,True,True
socal-fire_00000613,socal-fire,test,test_ood,True,7,7,True,True,True
socal-fire_00000614,socal-fire,test,test_ood,True,7,7,True,True,True
socal-fire_00000615,socal-fire,test,test_ood,True,7,7,True,True,True
socal-fire_00000616,socal-fire,hold,test_ood,True,7,7,True,True,True
socal-fire_00000617,socal-fire,test,test_ood,True,7,7,True,True,True
socal-fire_00000618,socal-fire,tier1,test_ood,True,7,7,True,True,True
socal-fire_00000619,socal-fire,tier1,test_ood,True,7,7,True,True,True
socal-fire_00000620,socal-fire,tier1,test_ood,True,7,7,True,True,True
socal-fire_00000621,socal-fire,test,test_ood,True,7,7,True,True,True
socal-fire_00000622,socal-fire,hold,test_ood,True,7,7,True,True,True
socal-fire_00000623,socal-fire,tier1,test_ood,True,7,7,True,True,True
socal-fire_00000624,socal-fire,tier1,test_ood,True,7,7,True,True,True
socal-fire_00000625,socal-fire,test,test_ood,True,7,7,True,True,True
socal-fire_00000626,socal-fire,tier1,test_ood,True,7,7,True,True,True
socal-fire_00000627,socal-fire,hold,test_ood,True,7,7,True,True,True
socal-fire_00000628,socal-fire,tier1,test_ood,True,7,7,True,True,True
socal-fire_00000629,socal-fire,tier1,test_ood,True,7,7,True,True,True
socal-fire_00000630,socal-fire,hold,test_ood,True,7,7,True,True,True
socal-fire_00000631,socal-fire,tier1,test_ood,True,7,7,True,True,True
socal-fire_00000632,socal-fire,tier1,test_ood,True,7,7,True,True,True
socal-fire_00000633,socal-fire,tier1,test_ood,True,7,7,True,True,True
socal-fire_00000634,socal-fire,tier1,test_ood,True,7,7,True,True,True
socal-fire_00000635,socal-fire,tier1,test_ood,True,7,7,True,True,True
socal-fire_00000636,socal-fire,tier1,test_ood,True,7,7,True,True,True
socal-fire_00000637,socal-fire,test,test_ood,True,7,7,True,True,True
socal-fire_00000638,socal-fire,test,test_ood,True,7,7,True,True,True
socal-fire_00000639,socal-fire,tier1,test_ood,True,7,7,True,True,True
socal-fire_00000640,socal-fire,tier1,test_ood,True,7,7,True,True,True
socal-fire_00000641,socal-fire,hold,test_ood,True,7,7,True,True,True
socal-fire_00000642,socal-fire,tier1,test_ood,True,7,7,True,True,True
socal-fire_00000643,socal-fire,tier1,test_ood,True,7,7,True,True,True
socal-fire_00000644,socal-fire,tier1,test_ood,True,7,7,True,True,True
socal-fire_00000645,socal-fire,hold,test_ood,True,7,7,True,True,True
socal-fire_00000646,socal-fire,test,test_ood,True,7,7,True,True,True
socal-fire_00000647,socal-fire,tier1,test_ood,True,7,7,True,True,True
socal-fire_00000648,socal-fire,hold,test_ood,True,7,7,True,True,True
socal-fire_00000649,socal-fire,test,test_ood,True,7,7,True,True,True
socal-fire_00000650,socal-fire,test,test_ood,True,7,7,True,True,True
socal-fire_00000651,socal-fire,tier1,test_ood,True,7,7,True,True,True
socal-fire_00000652,socal-fire,tier1,test_ood,True,7,7,True,True,True
socal-fire_00000653,socal-fire,tier1,test_ood,True,7,7,True,True,True
socal-fire_00000654,socal-fire,test,test_ood,True,7,7,True,True,True
socal-fire_00000655,socal-fire,tier1,test_ood,True,7,7,True,True,True
socal-fire_00000656,socal-fire,test,test_ood,True,7,7,True,True,True
socal-fire_00000657,socal-fire,tier1,test_ood,True,7,7,True,True,True
socal-fire_00000658,socal-fire,hold,test_ood,True,7,7,True,True,True
socal-fire_00000659,socal-fire,test,test_ood,True,7,7,True,True,True
socal-fire_00000660,socal-fire,tier1,test_ood,True,7,7,True,True,True
socal-fire_00000661,socal-fire,tier1,test_ood,True,7,7,True,True,True
socal-fire_00000662,socal-fire,tier1,test_ood,True,7,7,True,True,True
socal-fire_00000663,socal-fire,tier1,test_ood,True,7,7,True,True,True
socal-fire_00000664,socal-fire,hold,test_ood,True,7,7,True,True,True
socal-fire_00000665,socal-fire,tier1,test_ood,True,7,7,True,True,True
socal-fire_00000666,socal-fire,tier1,test_ood,True,7,7,True,True,True
socal-fire_00000667,socal-fire,hold,test_ood,True,7,7,True,True,True
socal-fire_00000668,socal-fire,tier1,test_ood,True,7,7,True,True,True
socal-fire_00000669,socal-fire,tier1,test_ood,True,7,7,True,True,True
socal-fire_00000670,socal-fire,hold,test_ood,True,7,7,True,True,True
socal-fire_00000671,socal-fire,tier1,test_ood,True,7,7,True,True,True
socal-fire_00000672,socal-fire,tier1,test_ood,True,7,7,True,True,True
socal-fire_00000673,socal-fire,hold,test_ood,True,7,7,True,True,True
socal-fire_00000674,socal-fire,test,test_ood,True,7,7,True,True,True
socal-fire_00000675,socal-fire,tier1,test_ood,True,7,7,True,True,True
socal-fire_00000676,socal-fire,tier1,test_ood,True,7,7,True,True,True
socal-fire_00000677,socal-fire,tier1,test_ood,True,7,7,True,True,True
socal-fire_00000678,socal-fire,test,test_ood,True,7,7,True,True,True
socal-fire_00000679,socal-fire,tier1,test_ood,True,7,7,True,True,True
socal-fire_00000680,socal-fire,tier1,test_ood,True,7,7,True,True,True
socal-fire_00000681,socal-fire,tier1,test_ood,True,7,7,True,True,True
socal-fire_00000682,socal-fire,hold,test_ood,True,7,7,True,True,True
socal-fire_00000683,socal-fire,hold,test_ood,True,7,7,True,True,True
socal-fire_00000684,socal-fire,test,test_ood,True,7,7,True,True,True
socal-fire_00000685,socal-fire,test,test_ood,True,7,7,True,True,True
socal-fire_00000686,socal-fire,tier1,test_ood,True,7,7,True,True,True
socal-fire_00000687,socal-fire,hold,test_ood,True,7,7,True,True,True
socal-fire_00000688,socal-fire,tier1,test_ood,True,7,7,True,True,True
socal-fire_00000689,socal-fire,tier1,test_ood,True,7,7,True,True,True
socal-fire_00000690,socal-fire,hold,test_ood,True,7,7,True,True,True
socal-fire_00000691,socal-fire,tier1,test_ood,True,7,7,True,True,True
socal-fire_00000692,socal-fire,tier1,test_ood,True,7,7,True,True,True
socal-fire_00000693,socal-fire,tier1,test_ood,True,7,7,True,True,True
socal-fire_00000694,socal-fire,test,test_ood,True,7,7,True,True,True
socal-fire_00000695,socal-fire,tier1,test_ood,True,7,7,True,True,True
socal-fire_00000696,socal-fire,test,test_ood,True,7,7,True,True,True
socal-fire_00000697,socal-fire,tier1,test_ood,True,7,7,True,True,True
socal-fire_00000698,socal-fire,tier1,test_ood,True,7,7,True,True,True
socal-fire_00000699,socal-fire,test,test_ood,True,7,7,True,True,True
socal-fire_00000700,socal-fire,test,test_ood,True,7,7,True,True,True
socal-fire_00000701,socal-fire,tier1,test_ood,True,7,7,True,True,True
socal-fire_00000702,socal-fire,test,test_ood,True,7,7,True,True,True
socal-fire_00000703,socal-fire,hold,test_ood,True,7,7,True,True,True
socal-fire_00000704,socal-fire,tier1,test_ood,True,7,7,True,True,True
socal-fire_00000705,socal-fire,tier1,test_ood,True,7,7,True,True,True
socal-fire_00000706,socal-fire,tier1,test_ood,True,7,7,True,True,True
socal-fire_00000707,socal-fire,test,test_ood,True,7,7,True,True,True
socal-fire_00000708,socal-fire,test,test_ood,True,7,7,True,True,True
socal-fire_00000709,socal-fire,tier1,test_ood,True,7,7,True,True,True
socal-fire_00000710,socal-fire,tier1,test_ood,True,7,7,True,True,True
socal-fire_00000711,socal-fire,hold,test_ood,True,7,7,True,True,True
socal-fire_00000712,socal-fire,hold,test_ood,True,7,7,True,True,True
socal-fire_00000713,socal-fire,test,test_ood,True,7,7,True,True,True
socal-fire_00000714,socal-fire,tier1,test_ood,True,7,7,True,True,True
socal-fire_00000715,socal-fire,tier1,test_ood,True,7,7,True,True,True
socal-fire_00000716,socal-fire,hold,test_ood,True,7,7,True,True,True
socal-fire_00000717,socal-fire,hold,test_ood,True,7,7,True,True,True
socal-fire_00000718,socal-fire,tier1,test_ood,True,7,7,True,True,True
socal-fire_00000719,socal-fire,test,test_ood,True,7,7,True,True,True
socal-fire_00000720,socal-fire,hold,test_ood,True,7,7,True,True,True
socal-fire_00000721,socal-fire,test,test_ood,True,7,7,True,True,True
socal-fire_00000722,socal-fire,hold,test_ood,True,7,7,True,True,True
socal-fire_00000723,socal-fire,tier1,test_ood,True,7,7,True,True,True
socal-fire_00000724,socal-fire,test,test_ood,True,7,7,True,True,True
socal-fire_00000725,socal-fire,tier1,test_ood,True,7,7,True,True,True
socal-fire_00000726,socal-fire,test,test_ood,True,7,7,True,True,True
socal-fire_00000727,socal-fire,tier1,test_ood,True,7,7,True,True,True
socal-fire_00000728,socal-fire,hold,test_ood,True,7,7,True,True,True
socal-fire_00000729,socal-fire,hold,test_ood,True,7,7,True,True,True
socal-fire_00000730,socal-fire,hold,test_ood,True,7,7,True,True,True
socal-fire_00000731,socal-fire,tier1,test_ood,True,7,7,True,True,True
socal-fire_00000732,socal-fire,test,test_ood,True,7,7,True,True,True
socal-fire_00000733,socal-fire,hold,test_ood,True,7,7,True,True,True
socal-fire_00000734,socal-fire,tier1,test_ood,True,7,7,True,True,True
socal-fire_00000735,socal-fire,hold,test_ood,True,7,7,True,True,True
socal-fire_00000736,socal-fire,hold,test_ood,True,7,7,True,True,True
socal-fire_00000737,socal-fire,hold,test_ood,True,7,7,True,True,True
socal-fire_00000738,socal-fire,test,test_ood,True,7,7,True,True,True
socal-fire_00000739,socal-fire,tier1,test_ood,True,7,7,True,True,True
socal-fire_00000740,socal-fire,tier1,test_ood,True,7,7,True,True,True
socal-fire_00000741,socal-fire,test,test_ood,True,7,7,True,True,True
socal-fire_00000742,socal-fire,test,test_ood,True,7,7,True,True,True
socal-fire_00000743,socal-fire,hold,test_ood,True,7,7,True,True,True
socal-fire_00000744,socal-fire,tier1,test_ood,True,7,7,True,True,True
socal-fire_00000745,socal-fire,test,test_ood,True,7,7,True,True,True
socal-fire_00000746,socal-fire,hold,test_ood,True,7,7,True,True,True
socal-fire_00000747,socal-fire,tier1,test_ood,True,7,7,True,True,True
socal-fire_00000748,socal-fire,tier1,test_ood,True,7,7,True,True,True
socal-fire_00000749,socal-fire,test,test_ood,True,7,7,True,True,True
socal-fire_00000750,socal-fire,hold,test_ood,True,7,7,True,True,True
socal-fire_00000751,socal-fire,tier1,test_ood,True,7,7,True,True,True
socal-fire_00000752,socal-fire,tier1,test_ood,True,7,7,True,True,True
socal-fire_00000753,socal-fire,test,test_ood,True,7,7,True,True,True
socal-fire_00000754,socal-fire,hold,test_ood,True,7,7,True,True,True
socal-fire_00000755,socal-fire,test,test_ood,True,7,7,True,True,True
socal-fire_00000756,socal-fire,test,test_ood,True,7,7,True,True,True
socal-fire_00000757,socal-fire,tier1,test_ood,True,7,7,True,True,True
socal-fire_00000758,socal-fire,test,test_ood,True,7,7,True,True,True
socal-fire_00000759,socal-fire,hold,test_ood,True,7,7,True,True,True
socal-fire_00000760,socal-fire,tier1,test_ood,True,7,7,True,True,True
socal-fire_00000761,socal-fire,hold,test_ood,True,7,7,True,True,True
socal-fire_00000762,socal-fire,test,test_ood,True,7,7,True,True,True
socal-fire_00000763,socal-fire,tier1,test_ood,True,7,7,True,True,True
socal-fire_00000764,socal-fire,test,test_ood,True,7,7,True,True,True
socal-fire_00000765,socal-fire,test,test_ood,True,7,7,True,True,True
socal-fire_00000766,socal-fire,tier1,test_ood,True,7,7,True,True,True
socal-fire_00000767,socal-fire,tier1,test_ood,True,7,7,True,True,True
socal-fire_00000768,socal-fire,hold,test_ood,True,7,7,True,True,True
socal-fire_00000769,socal-fire,tier1,test_ood,True,7,7,True,True,True
socal-fire_00000770,socal-fire,tier1,test_ood,True,7,7,True,True,True
socal-fire_00000771,socal-fire,tier1,test_ood,True,7,7,True,True,True
socal-fire_00000772,socal-fire,tier1,test_ood,True,7,7,True,True,True
socal-fire_00000773,socal-fire,hold,test_ood,True,7,7,True,True,True
socal-fire_00000774,socal-fire,tier1,test_ood,True,7,7,True,True,True
socal-fire_00000775,socal-fire,tier1,test_ood,True,7,7,True,True,True
socal-fire_00000776,socal-fire,tier1,test_ood,True,7,7,True,True,True
socal-fire_00000777,socal-fire,hold,test_ood,True,7,7,True,True,True
socal-fire_00000778,socal-fire,test,test_ood,True,7,7,True,True,True
socal-fire_00000779,socal-fire,tier1,test_ood,True,7,7,True,True,True
socal-fire_00000780,socal-fire,test,test_ood,True,7,7,True,True,True
socal-fire_00000781,socal-fire,tier1,test_ood,True,7,7,True,True,True
socal-fire_00000782,socal-fire,test,test_ood,True,7,7,True,True,True
socal-fire_00000783,socal-fire,test,test_ood,True,7,7,True,True,True
socal-fire_00000784,socal-fire,hold,test_ood,True,7,7,True,True,True
socal-fire_00000785,socal-fire,tier1,test_ood,True,7,7,True,True,True
socal-fire_00000786,socal-fire,hold,test_ood,True,7,7,True,True,True
socal-fire_00000787,socal-fire,tier1,test_ood,True,7,7,True,True,True
socal-fire_00000788,socal-fire,tier1,test_ood,True,7,7,True,True,True
socal-fire_00000789,socal-fire,tier1,test_ood,True,7,7,True,True,True
socal-fire_00000790,socal-fire,tier1,test_ood,True,7,7,True,True,True
socal-fire_00000791,socal-fire,tier1,test_ood,True,7,7,True,True,True
socal-fire_00000792,socal-fire,tier1,test_ood,True,7,7,True,True,True
socal-fire_00000793,socal-fire,tier1,test_ood,True,7,7,True,True,True
socal-fire_00000794,socal-fire,tier1,test_ood,True,7,7,True,True,True
socal-fire_00000795,socal-fire,tier1,test_ood,True,7,7,True,True,True
socal-fire_00000796,socal-fire,hold,test_ood,True,7,7,True,True,True
socal-fire_00000797,socal-fire,hold,test_ood,True,7,7,True,True,True
socal-fire_00000798,socal-fire,tier1,test_ood,True,7,7,True,True,True
socal-fire_00000799,socal-fire,test,test_ood,True,7,7,True,True,True
socal-fire_00000800,socal-fire,hold,test_ood,True,7,7,True,True,True
socal-fire_00000801,socal-fire,test,test_ood,True,7,7,True,True,True
socal-fire_00000802,socal-fire,hold,test_ood,True,7,7,True,True,True
socal-fire_00000803,socal-fire,hold,test_ood,True,7,7,True,True,True
socal-fire_00000804,socal-fire,test,test_ood,True,7,7,True,True,True
socal-fire_00000805,socal-fire,tier1,test_ood,True,7,7,True,True,True
socal-fire_00000806,socal-fire,hold,test_ood,True,7,7,True,True,True
socal-fire_00000807,socal-fire,tier1,test_ood,True,7,7,True,True,True
socal-fire_00000808,socal-fire,hold,test_ood,True,7,7,True,True,True
socal-fire_00000809,socal-fire,hold,test_ood,True,7,7,True,True,True
socal-fire_00000810,socal-fire,tier1,test_ood,True,7,7,True,True,True
socal-fire_00000811,socal-fire,hold,test_ood,True,7,7,True,True,True
socal-fire_00000812,socal-fire,tier1,test_ood,True,7,7,True,True,True
socal-fire_00000813,socal-fire,hold,test_ood,True,7,7,True,True,True
socal-fire_00000814,socal-fire,hold,test_ood,True,7,7,True,True,True
socal-fire_00000815,socal-fire,test,test_ood,True,7,7,True,True,True
socal-fire_00000816,socal-fire,hold,test_ood,True,7,7,True,True,True
socal-fire_00000817,socal-fire,tier1,test_ood,True,7,7,True,True,True
socal-fire_00000818,socal-fire,hold,test_ood,True,7,7,True,True,True
socal-fire_00000819,socal-fire,tier1,test_ood,True,7,7,True,True,True
socal-fire_00000820,socal-fire,tier1,test_ood,True,7,7,True,True,True
socal-fire_00000821,socal-fire,tier1,test_ood,True,7,7,True,True,True
socal-fire_00000822,socal-fire,tier1,test_ood,True,7,7,True,True,True
socal-fire_00000823,socal-fire,test,test_ood,True,7,7,True,True,True
socal-fire_00000824,socal-fire,tier1,test_ood,True,7,7,True,True,True
socal-fire_00000825,socal-fire,hold,test_ood,True,7,7,True,True,True
socal-fire_00000826,socal-fire,hold,test_ood,True,7,7,True,True,True
socal-fire_00000827,socal-fire,tier1,test_ood,True,7,7,True,True,True
socal-fire_00000828,socal-fire,tier1,test_ood,True,7,7,True,True,True
socal-fire_00000829,socal-fire,hold,test_ood,True,7,7,True,True,True
socal-fire_00000830,socal-fire,tier1,test_ood,True,7,7,True,True,True
socal-fire_00000831,socal-fire,test,test_ood,True,7,7,True,True,True
socal-fire_00000832,socal-fire,hold,test_ood,True,7,7,True,True,True
socal-fire_00000833,socal-fire,tier1,test_ood,True,7,7,True,True,True
socal-fire_00000834,socal-fire,tier1,test_ood,True,7,7,True,True,True
socal-fire_00000835,socal-fire,tier1,test_ood,True,7,7,True,True,True
socal-fire_00000836,socal-fire,hold,test_ood,True,7,7,True,True,True
socal-fire_00000837,socal-fire,hold,test_ood,True,7,7,True,True,True
socal-fire_00000838,socal-fire,tier1,test_ood,True,7,7,True,True,True
socal-fire_00000839,socal-fire,tier1,test_ood,True,7,7,True,True,True
socal-fire_00000840,socal-fire,tier1,test_ood,True,7,7,True,True,True
socal-fire_00000841,socal-fire,test,test_ood,True,7,7,True,True,True
socal-fire_00000842,socal-fire,tier1,test_ood,True,7,7,True,True,True
socal-fire_00000843,socal-fire,tier1,test_ood,True,7,7,True,True,True
socal-fire_00000844,socal-fire,test,test_ood,True,7,7,True,True,True
socal-fire_00000845,socal-fire,tier1,test_ood,True,7,7,True,True,True
socal-fire_00000846,socal-fire,hold,test_ood,True,7,7,True,True,True
socal-fire_00000847,socal-fire,test,test_ood,True,7,7,True,True,True
socal-fire_00000848,socal-fire,hold,test_ood,True,7,7,True,True,True
socal-fire_00000849,socal-fire,test,test_ood,True,7,7,True,True,True
socal-fire_00000850,socal-fire,tier1,test_ood,True,7,7,True,True,True
socal-fire_00000851,socal-fire,tier1,test_ood,True,7,7,True,True,True
socal-fire_00000852,socal-fire,tier1,test_ood,True,7,7,True,True,True
socal-fire_00000853,socal-fire,test,test_ood,True,7,7,True,True,True
socal-fire_00000854,socal-fire,test,test_ood,True,7,7,True,True,True
socal-fire_00000855,socal-fire,test,test_ood,True,7,7,True,True,True
socal-fire_00000856,socal-fire,hold,test_ood,True,7,7,True,True,True
socal-fire_00000857,socal-fire,tier1,test_ood,True,7,7,True,True,True
socal-fire_00000858,socal-fire,tier1,test_ood,True,7,7,True,True,True
socal-fire_00000859,socal-fire,tier1,test_ood,True,7,7,True,True,True
socal-fire_00000860,socal-fire,hold,test_ood,True,7,7,True,True,True
socal-fire_00000861,socal-fire,tier1,test_ood,True,7,7,True,True,True
socal-fire_00000862,socal-fire,tier1,test_ood,True,7,7,True,True,True
socal-fire_00000863,socal-fire,hold,test_ood,True,7,7,True,True,True
socal-fire_00000864,socal-fire,tier1,test_ood,True,7,7,True,True,True
socal-fire_00000865,socal-fire,tier1,test_ood,True,7,7,True,True,True
socal-fire_00000866,socal-fire,tier1,test_ood,True,7,7,True,True,True
socal-fire_00000867,socal-fire,tier1,test_ood,True,7,7,True,True,True
socal-fire_00000868,socal-fire,tier1,test_ood,True,7,7,True,True,True
socal-fire_00000869,socal-fire,hold,test_ood,True,7,7,True,True,True
socal-fire_00000870,socal-fire,hold,test_ood,True,7,7,True,True,True
socal-fire_00000871,socal-fire,test,test_ood,True,7,7,True,True,True
socal-fire_00000872,socal-fire,hold,test_ood,True,7,7,True,True,True
socal-fire_00000873,socal-fire,tier1,test_ood,True,7,7,True,True,True
socal-fire_00000874,socal-fire,tier1,test_ood,True,7,7,True,True,True
socal-fire_00000875,socal-fire,tier1,test_ood,True,7,7,True,True,True
socal-fire_00000876,socal-fire,tier1,test_ood,True,7,7,True,True,True
socal-fire_00000877,socal-fire,test,test_ood,True,7,7,True,True,True
socal-fire_00000878,socal-fire,tier1,test_ood,True,7,7,True,True,True
socal-fire_00000879,socal-fire,test,test_ood,True,7,7,True,True,True
socal-fire_00000880,socal-fire,tier1,test_ood,True,7,7,True,True,True
socal-fire_00000881,socal-fire,tier1,test_ood,True,7,7,True,True,True
socal-fire_00000882,socal-fire,test,test_ood,True,7,7,True,True,True
socal-fire_00000883,socal-fire,test,test_ood,True,7,7,True,True,True
socal-fire_00000884,socal-fire,tier1,test_ood,True,7,7,True,True,True
socal-fire_00000885,socal-fire,test,test_ood,True,7,7,True,True,True
socal-fire_00000886,socal-fire,tier1,test_ood,True,7,7,True,True,True
socal-fire_00000887,socal-fire,tier1,test_ood,True,7,7,True,True,True
socal-fire_00000888,socal-fire,tier1,test_ood,True,7,7,True,True,True
socal-fire_00000889,socal-fire,test,test_ood,True,7,7,True,True,True
socal-fire_00000890,socal-fire,test,test_ood,True,7,7,True,True,True
socal-fire_00000891,socal-fire,tier1,test_ood,True,7,7,True,True,True
socal-fire_00000892,socal-fire,tier1,test_ood,True,7,7,True,True,True
socal-fire_00000893,socal-fire,test,test_ood,True,7,7,True,True,True
socal-fire_00000894,socal-fire,test,test_ood,True,7,7,True,True,True
socal-fire_00000895,socal-fire,tier1,test_ood,True,7,7,True,True,True
socal-fire_00000896,socal-fire,hold,test_ood,True,7,7,True,True,True
socal-fire_00000897,socal-fire,tier1,test_ood,True,7,7,True,True,True
socal-fire_00000898,socal-fire,test,test_ood,True,7,7,True,True,True
socal-fire_00000899,socal-fire,hold,test_ood,True,7,7,True,True,True
socal-fire_00000900,socal-fire,hold,test_ood,True,7,7,True,True,True
socal-fire_00000901,socal-fire,tier1,test_ood,True,7,7,True,True,True
socal-fire_00000902,socal-fire,hold,test_ood,True,7,7,True,True,True
socal-fire_00000903,socal-fire,tier1,test_ood,True,7,7,True,True,True
socal-fire_00000904,socal-fire,tier1,test_ood,True,7,7,True,True,True
socal-fire_00000905,socal-fire,tier1,test_ood,True,7,7,True,True,True
socal-fire_00000906,socal-fire,tier1,test_ood,True,7,7,True,True,True
socal-fire_00000907,socal-fire,tier1,test_ood,True,7,7,True,True,True
socal-fire_00000908,socal-fire,tier1,test_ood,True,7,7,True,True,True
socal-fire_00000909,socal-fire,tier1,test_ood,True,7,7,True,True,True
socal-fire_00000910,socal-fire,tier1,test_ood,True,7,7,True,True,True
socal-fire_00000911,socal-fire,hold,test_ood,True,7,7,True,True,True
socal-fire_00000912,socal-fire,tier1,test_ood,True,7,7,True,True,True
socal-fire_00000913,socal-fire,tier1,test_ood,True,7,7,True,True,True
socal-fire_00000914,socal-fire,tier1,test_ood,True,7,7,True,True,True
socal-fire_00000915,socal-fire,tier1,test_ood,True,7,7,True,True,True
socal-fire_00000916,socal-fire,tier1,test_ood,True,7,7,True,True,True
socal-fire_00000917,socal-fire,tier1,test_ood,True,7,7,True,True,True
socal-fire_00000918,socal-fire,hold,test_ood,True,7,7,True,True,True
socal-fire_00000919,socal-fire,hold,test_ood,True,7,7,True,True,True
socal-fire_00000920,socal-fire,hold,test_ood,True,7,7,True,True,True
socal-fire_00000921,socal-fire,tier1,test_ood,True,7,7,True,True,True
socal-fire_00000922,socal-fire,test,test_ood,True,7,7,True,True,True
socal-fire_00000923,socal-fire,tier1,test_ood,True,7,7,True,True,True
socal-fire_00000924,socal-fire,hold,test_ood,True,7,7,True,True,True
socal-fire_00000925,socal-fire,hold,test_ood,True,7,7,True,True,True
socal-fire_00000926,socal-fire,tier1,test_ood,True,7,7,True,True,True
socal-fire_00000927,socal-fire,tier1,test_ood,True,7,7,True,True,True
socal-fire_00000928,socal-fire,tier1,test_ood,True,7,7,True,True,True
socal-fire_00000929,socal-fire,test,test_ood,True,7,7,True,True,True
socal-fire_00000930,socal-fire,test,test_ood,True,7,7,True,True,True
socal-fire_00000931,socal-fire,tier1,test_ood,True,7,7,True,True,True
socal-fire_00000932,socal-fire,tier1,test_ood,True,7,7,True,True,True
socal-fire_00000933,socal-fire,tier1,test_ood,True,7,7,True,True,True
socal-fire_00000934,socal-fire,test,test_ood,True,7,7,True,True,True
socal-fire_00000935,socal-fire,tier1,test_ood,True,7,7,True,True,True
socal-fire_00000936,socal-fire,hold,test_ood,True,7,7,True,True,True
socal-fire_00000937,socal-fire,test,test_ood,True,7,7,True,True,True
socal-fire_00000938,socal-fire,tier1,test_ood,True,7,7,True,True,True
socal-fire_00000939,socal-fire,tier1,test_ood,True,7,7,True,True,True
socal-fire_00000940,socal-fire,tier1,test_ood,True,7,7,True,True,True
socal-fire_00000941,socal-fire,hold,test_ood,True,7,7,True,True,True
socal-fire_00000942,socal-fire,test,test_ood,True,7,7,True,True,True
socal-fire_00000943,socal-fire,hold,test_ood,True,7,7,True,True,True
socal-fire_00000944,socal-fire,tier1,test_ood,True,7,7,True,True,True
socal-fire_00000945,socal-fire,tier1,test_ood,True,7,7,True,True,True
socal-fire_00000946,socal-fire,test,test_ood,True,7,7,True,True,True
socal-fire_00000947,socal-fire,tier1,test_ood,True,7,7,True,True,True
socal-fire_00000948,socal-fire,hold,test_ood,True,7,7,True,True,True
socal-fire_00000949,socal-fire,tier1,test_ood,True,7,7,True,True,True
socal-fire_00000950,socal-fire,tier1,test_ood,True,7,7,True,True,True
socal-fire_00000951,socal-fire,tier1,test_ood,True,7,7,True,True,True
socal-fire_00000952,socal-fire,tier1,test_ood,True,7,7,True,True,True
socal-fire_00000953,socal-fire,tier1,test_ood,True,7,7,True,True,True
socal-fire_00000954,socal-fire,hold,test_ood,True,7,7,True,True,True
socal-fire_00000955,socal-fire,tier1,test_ood,True,7,7,True,True,True
socal-fire_00000956,socal-fire,test,test_ood,True,7,7,True,True,True
socal-fire_00000957,socal-fire,tier1,test_ood,True,7,7,True,True,True
socal-fire_00000958,socal-fire,tier1,test_ood,True,7,7,True,True,True
socal-fire_00000959,socal-fire,tier1,test_ood,True,7,7,True,True,True
socal-fire_00000960,socal-fire,tier1,test_ood,True,7,7,True,True,True
socal-fire_00000961,socal-fire,test,test_ood,True,7,7,True,True,True
socal-fire_00000962,socal-fire,tier1,test_ood,True,7,7,True,True,True
socal-fire_00000963,socal-fire,test,test_ood,True,7,7,True,True,True
socal-fire_00000964,socal-fire,tier1,test_ood,True,7,7,True,True,True
socal-fire_00000965,socal-fire,tier1,test_ood,True,7,7,True,True,True
socal-fire_00000966,socal-fire,tier1,test_ood,True,7,7,True,True,True
socal-fire_00000967,socal-fire,test,test_ood,True,7,7,True,True,True
socal-fire_00000968,socal-fire,tier1,test_ood,True,7,7,True,True,True
socal-fire_00000969,socal-fire,tier1,test_ood,True,7,7,True,True,True
socal-fire_00000970,socal-fire,tier1,test_ood,True,7,7,True,True,True
socal-fire_00000971,socal-fire,tier1,test_ood,True,7,7,True,True,True
socal-fire_00000972,socal-fire,tier1,test_ood,True,7,7,True,True,True
socal-fire_00000973,socal-fire,tier1,test_ood,True,7,7,True,True,True
socal-fire_00000974,socal-fire,hold,test_ood,True,7,7,True,True,True
socal-fire_00000975,socal-fire,tier1,test_ood,True,7,7,True,True,True
socal-fire_00000976,socal-fire,test,test_ood,True,7,7,True,True,True
socal-fire_00000977,socal-fire,hold,test_ood,True,7,7,True,True,True
socal-fire_00000978,socal-fire,tier1,test_ood,True,7,7,True,True,True
socal-fire_00000979,socal-fire,tier1,test_ood,True,7,7,True,True,True
socal-fire_00000980,socal-fire,tier1,test_ood,True,7,7,True,True,True
socal-fire_00000981,socal-fire,hold,test_ood,True,7,7,True,True,True
socal-fire_00000982,socal-fire,test,test_ood,True,7,7,True,True,True
socal-fire_00000983,socal-fire,hold,test_ood,True,7,7,True,True,True
socal-fire_00000984,socal-fire,tier1,test_ood,True,7,7,True,True,True
socal-fire_00000985,socal-fire,tier1,test_ood,True,7,7,True,True,True
socal-fire_00000986,socal-fire,tier1,test_ood,True,7,7,True,True,True
socal-fire_00000987,socal-fire,tier1,test_ood,True,7,7,True,True,True
socal-fire_00000988,socal-fire,tier1,test_ood,True,7,7,True,True,True
socal-fire_00000989,socal-fire,tier1,test_ood,True,7,7,True,True,True
socal-fire_00000990,socal-fire,hold,test_ood,True,7,7,True,True,True
socal-fire_00000991,socal-fire,tier1,test_ood,True,7,7,True,True,True
socal-fire_00000992,socal-fire,tier1,test_ood,True,7,7,True,True,True
socal-fire_00000993,socal-fire,hold,test_ood,True,7,7,True,True,True
socal-fire_00000994,socal-fire,tier1,test_ood,True,7,7,True,True,True
socal-fire_00000995,socal-fire,tier1,test_ood,True,7,7,True,True,True
socal-fire_00000996,socal-fire,tier1,test_ood,True,7,7,True,True,True
socal-fire_00000997,socal-fire,test,test_ood,True,7,7,True,True,True
socal-fire_00000998,socal-fire,tier1,test_ood,True,7,7,True,True,True
socal-fire_00000999,socal-fire,tier1,test_ood,True,7,7,True,True,True
socal-fire_00001000,socal-fire,tier1,test_ood,True,7,7,True,True,True
socal-fire_00001001,socal-fire,tier1,test_ood,True,7,7,True,True,True
socal-fire_00001002,socal-fire,hold,test_ood,True,7,7,True,True,True
socal-fire_00001003,socal-fire,tier1,test_ood,True,7,7,True,True,True
socal-fire_00001004,socal-fire,tier1,test_ood,True,7,7,True,True,True
socal-fire_00001005,socal-fire,hold,test_ood,True,7,7,True,True,True
socal-fire_00001006,socal-fire,test,test_ood,True,7,7,True,True,True
socal-fire_00001007,socal-fire,tier1,test_ood,True,7,7,True,True,True
socal-fire_00001008,socal-fire,test,test_ood,True,7,7,True,True,True
socal-fire_00001009,socal-fire,test,test_ood,True,7,7,True,True,True
socal-fire_00001010,socal-fire,test,test_ood,True,7,7,True,True,True
socal-fire_00001011,socal-fire,test,test_ood,True,7,7,True,True,True
socal-fire_00001012,socal-fire,tier1,test_ood,True,7,7,True,True,True
socal-fire_00001013,socal-fire,tier1,test_ood,True,7,7,True,True,True
socal-fire_00001014,socal-fire,hold,test_ood,True,7,7,True,True,True
socal-fire_00001015,socal-fire,hold,test_ood,True,7,7,True,True,True
socal-fire_00001016,socal-fire,tier1,test_ood,True,7,7,True,True,True
socal-fire_00001017,socal-fire,tier1,test_ood,True,7,7,True,True,True
socal-fire_00001018,socal-fire,test,test_ood,True,7,7,True,True,True
socal-fire_00001019,socal-fire,tier1,test_ood,True,7,7,True,True,True
socal-fire_00001020,socal-fire,tier1,test_ood,True,7,7,True,True,True
socal-fire_00001021,socal-fire,tier1,test_ood,True,7,7,True,True,True
socal-fire_00001022,socal-fire,test,test_ood,True,7,7,True,True,True
socal-fire_00001023,socal-fire,tier1,test_ood,True,7,7,True,True,True
socal-fire_00001024,socal-fire,test,test_ood,True,7,7,True,True,True
socal-fire_00001025,socal-fire,tier1,test_ood,True,7,7,True,True,True
socal-fire_00001026,socal-fire,hold,test_ood,True,7,7,True,True,True
socal-fire_00001027,socal-fire,tier1,test_ood,True,7,7,True,True,True
socal-fire_00001028,socal-fire,tier1,test_ood,True,7,7,True,True,True
socal-fire_00001029,socal-fire,test,test_ood,True,7,7,True,True,True
socal-fire_00001030,socal-fire,test,test_ood,True,7,7,True,True,True
socal-fire_00001031,socal-fire,test,test_ood,True,7,7,True,True,True
socal-fire_00001032,socal-fire,hold,test_ood,True,7,7,True,True,True
socal-fire_00001033,socal-fire,tier1,test_ood,True,7,7,True,True,True
socal-fire_00001034,socal-fire,hold,test_ood,True,7,7,True,True,True
socal-fire_00001035,socal-fire,tier1,test_ood,True,7,7,True,True,True
socal-fire_00001036,socal-fire,test,test_ood,True,7,7,True,True,True
socal-fire_00001037,socal-fire,test,test_ood,True,7,7,True,True,True
socal-fire_00001038,socal-fire,hold,test_ood,True,7,7,True,True,True
socal-fire_00001039,socal-fire,tier1,test_ood,True,7,7,True,True,True
socal-fire_00001040,socal-fire,tier1,test_ood,True,7,7,True,True,True
socal-fire_00001041,socal-fire,hold,test_ood,True,7,7,True,True,True
socal-fire_00001042,socal-fire,tier1,test_ood,True,7,7,True,True,True
socal-fire_00001043,socal-fire,tier1,test_ood,True,7,7,True,True,True
socal-fire_00001044,socal-fire,hold,test_ood,True,7,7,True,True,True
socal-fire_00001045,socal-fire,tier1,test_ood,True,7,7,True,True,True
socal-fire_00001046,socal-fire,test,test_ood,True,7,7,True,True,True
socal-fire_00001047,socal-fire,tier1,test_ood,True,7,7,True,True,True
socal-fire_00001048,socal-fire,hold,test_ood,True,7,7,True,True,True
socal-fire_00001049,socal-fire,tier1,test_ood,True,7,7,True,True,True
socal-fire_00001050,socal-fire,tier1,test_ood,True,7,7,True,True,True
socal-fire_00001051,socal-fire,hold,test_ood,True,7,7,True,True,True
socal-fire_00001052,socal-fire,tier1,test_ood,True,7,7,True,True,True
socal-fire_00001053,socal-fire,test,test_ood,True,7,7,True,True,True
socal-fire_00001054,socal-fire,tier1,test_ood,True,7,7,True,True,True
socal-fire_00001055,socal-fire,tier1,test_ood,True,7,7,True,True,True
socal-fire_00001056,socal-fire,test,test_ood,True,7,7,True,True,True
socal-fire_00001057,socal-fire,hold,test_ood,True,7,7,True,True,True
socal-fire_00001058,socal-fire,tier1,test_ood,True,7,7,True,True,True
socal-fire_00001059,socal-fire,tier1,test_ood,True,7,7,True,True,True
socal-fire_00001060,socal-fire,test,test_ood,True,7,7,True,True,True
socal-fire_00001061,socal-fire,test,test_ood,True,7,7,True,True,True
socal-fire_00001062,socal-fire,test,test_ood,True,7,7,True,True,True
socal-fire_00001063,socal-fire,tier1,test_ood,True,7,7,True,True,True
socal-fire_00001064,socal-fire,test,test_ood,True,7,7,True,True,True
socal-fire_00001065,socal-fire,test,test_ood,True,7,7,True,True,True
socal-fire_00001066,socal-fire,tier1,test_ood,True,7,7,True,True,True
socal-fire_00001067,socal-fire,tier1,test_ood,True,7,7,True,True,True
socal-fire_00001068,socal-fire,hold,test_ood,True,7,7,True,True,True
socal-fire_00001069,socal-fire,hold,test_ood,True,7,7,True,True,True
socal-fire_00001070,socal-fire,tier1,test_ood,True,7,7,True,True,True
socal-fire_00001071,socal-fire,tier1,test_ood,True,7,7,True,True,True
socal-fire_00001072,socal-fire,tier1,test_ood,True,7,7,True,True,True
socal-fire_00001073,socal-fire,tier1,test_ood,True,7,7,True,True,True
socal-fire_00001074,socal-fire,test,test_ood,True,7,7,True,True,True
socal-fire_00001075,socal-fire,tier1,test_ood,True,7,7,True,True,True
socal-fire_00001076,socal-fire,hold,test_ood,True,7,7,True,True,True
socal-fire_00001077,socal-fire,tier1,test_ood,True,7,7,True,True,True
socal-fire_00001078,socal-fire,tier1,test_ood,True,7,7,True,True,True
socal-fire_00001079,socal-fire,tier1,test_ood,True,7,7,True,True,True
socal-fire_00001080,socal-fire,tier1,test_ood,True,7,7,True,True,True
socal-fire_00001081,socal-fire,tier1,test_ood,True,7,7,True,True,True
socal-fire_00001082,socal-fire,tier1,test_ood,True,7,7,True,True,True
socal-fire_00001083,socal-fire,tier1,test_ood,True,7,7,True,True,True
socal-fire_00001084,socal-fire,test,test_ood,True,7,7,True,True,True
socal-fire_00001085,socal-fire,tier1,test_ood,True,7,7,True,True,True
socal-fire_00001086,socal-fire,tier1,test_ood,True,7,7,True,True,True
socal-fire_00001087,socal-fire,test,test_ood,True,7,7,True,True,True
socal-fire_00001088,socal-fire,tier1,test_ood,True,7,7,True,True,True
socal-fire_00001089,socal-fire,tier1,test_ood,True,7,7,True,True,True
socal-fire_00001090,socal-fire,test,test_ood,True,7,7,True,True,True
socal-fire_00001091,socal-fire,test,test_ood,True,7,7,True,True,True
socal-fire_00001092,socal-fire,tier1,test_ood,True,7,7,True,True,True
socal-fire_00001093,socal-fire,tier1,test_ood,True,7,7,True,True,True
socal-fire_00001094,socal-fire,hold,test_ood,True,7,7,True,True,True
socal-fire_00001095,socal-fire,test,test_ood,True,7,7,True,True,True
socal-fire_00001096,socal-fire,test,test_ood,True,7,7,True,True,True
socal-fire_00001097,socal-fire,hold,test_ood,True,7,7,True,True,True
socal-fire_00001098,socal-fire,test,test_ood,True,7,7,True,True,True
socal-fire_00001099,socal-fire,test,test_ood,True,7,7,True,True,True
socal-fire_00001100,socal-fire,hold,test_ood,True,7,7,True,True,True
socal-fire_00001101,socal-fire,tier1,test_ood,True,7,7,True,True,True
socal-fire_00001102,socal-fire,tier1,test_ood,True,7,7,True,True,True
socal-fire_00001103,socal-fire,tier1,test_ood,True,7,7,True,True,True
socal-fire_00001104,socal-fire,tier1,test_ood,True,7,7,True,True,True
socal-fire_00001105,socal-fire,tier1,test_ood,True,7,7,True,True,True
socal-fire_00001106,socal-fire,tier1,test_ood,True,7,7,True,True,True
socal-fire_00001107,socal-fire,tier1,test_ood,True,7,7,True,True,True
socal-fire_00001108,socal-fire,tier1,test_ood,True,7,7,True,True,True
socal-fire_00001109,socal-fire,hold,test_ood,True,7,7,True,True,True
socal-fire_00001110,socal-fire,tier1,test_ood,True,7,7,True,True,True
socal-fire_00001111,socal-fire,test,test_ood,True,7,7,True,True,True
socal-fire_00001112,socal-fire,tier1,test_ood,True,7,7,True,True,True
socal-fire_00001113,socal-fire,tier1,test_ood,True,7,7,True,True,True
socal-fire_00001114,socal-fire,test,test_ood,True,7,7,True,True,True
socal-fire_00001115,socal-fire,tier1,test_ood,True,7,7,True,True,True
socal-fire_00001116,socal-fire,tier1,test_ood,True,7,7,True,True,True
socal-fire_00001117,socal-fire,tier1,test_ood,True,7,7,True,True,True
socal-fire_00001118,socal-fire,tier1,test_ood,True,7,7,True,True,True
socal-fire_00001119,socal-fire,test,test_ood,True,7,7,True,True,True
socal-fire_00001120,socal-fire,tier1,test_ood,True,7,7,True,True,True
socal-fire_00001121,socal-fire,tier1,test_ood,True,7,7,True,True,True
socal-fire_00001122,socal-fire,tier1,test_ood,True,7,7,True,True,True
socal-fire_00001123,socal-fire,tier1,test_ood,True,7,7,True,True,True
socal-fire_00001124,socal-fire,tier1,test_ood,True,7,7,True,True,True
socal-fire_00001125,socal-fire,tier1,test_ood,True,7,7,True,True,True
socal-fire_00001126,socal-fire,test,test_ood,True,7,7,True,True,True
socal-fire_00001127,socal-fire,tier1,test_ood,True,7,7,True,True,True
socal-fire_00001128,socal-fire,test,test_ood,True,7,7,True,True,True
socal-fire_00001129,socal-fire,tier1,test_ood,True,7,7,True,True,True
socal-fire_00001130,socal-fire,tier1,test_ood,True,7,7,True,True,True
socal-fire_00001131,socal-fire,hold,test_ood,True,7,7,True,True,True
socal-fire_00001132,socal-fire,hold,test_ood,True,7,7,True,True,True
socal-fire_00001133,socal-fire,tier1,test_ood,True,7,7,True,True,True
socal-fire_00001134,socal-fire,tier1,test_ood,True,7,7,True,True,True
socal-fire_00001135,socal-fire,tier1,test_ood,True,7,7,True,True,True
socal-fire_00001136,socal-fire,tier1,test_ood,True,7,7,True,True,True
socal-fire_00001137,socal-fire,test,test_ood,True,7,7,True,True,True
socal-fire_00001138,socal-fire,test,test_ood,True,7,7,True,True,True
socal-fire_00001139,socal-fire,hold,test_ood,True,7,7,True,True,True
socal-fire_00001140,socal-fire,tier1,test_ood,True,7,7,True,True,True
socal-fire_00001141,socal-fire,test,test_ood,True,7,7,True,True,True
socal-fire_00001142,socal-fire,tier1,test_ood,True,7,7,True,True,True
socal-fire_00001143,socal-fire,tier1,test_ood,True,7,7,True,True,True
socal-fire_00001144,socal-fire,hold,test_ood,True,7,7,True,True,True
socal-fire_00001145,socal-fire,hold,test_ood,True,7,7,True,True,True
socal-fire_00001146,socal-fire,tier1,test_ood,True,7,7,True,True,True
socal-fire_00001147,socal-fire,test,test_ood,True,7,7,True,True,True
socal-fire_00001148,socal-fire,hold,test_ood,True,7,7,True,True,True
socal-fire_00001149,socal-fire,tier1,test_ood,True,7,7,True,True,True
socal-fire_00001150,socal-fire,tier1,test_ood,True,7,7,True,True,True
socal-fire_00001151,socal-fire,test,test_ood,True,7,7,True,True,True
socal-fire_00001152,socal-fire,tier1,test_ood,True,7,7,True,True,True
socal-fire_00001153,socal-fire,test,test_ood,True,7,7,True,True,True
socal-fire_00001154,socal-fire,tier1,test_ood,True,7,7,True,True,True
socal-fire_00001155,socal-fire,hold,test_ood,True,7,7,True,True,True
socal-fire_00001156,socal-fire,tier1,test_ood,True,7,7,True,True,True
socal-fire_00001157,socal-fire,hold,test_ood,True,7,7,True,True,True
socal-fire_00001158,socal-fire,tier1,test_ood,True,7,7,True,True,True
socal-fire_00001159,socal-fire,tier1,test_ood,True,7,7,True,True,True
socal-fire_00001160,socal-fire,hold,test_ood,True,7,7,True,True,True
socal-fire_00001161,socal-fire,hold,test_ood,True,7,7,True,True,True
socal-fire_00001162,socal-fire,tier1,test_ood,True,7,7,True,True,True
socal-fire_00001163,socal-fire,test,test_ood,True,7,7,True,True,True
socal-fire_00001164,socal-fire,test,test_ood,True,7,7,True,True,True
socal-fire_00001165,socal-fire,tier1,test_ood,True,7,7,True,True,True
socal-fire_00001166,socal-fire,tier1,test_ood,True,7,7,True,True,True
socal-fire_00001167,socal-fire,tier1,test_ood,True,7,7,True,True,True
socal-fire_00001168,socal-fire,test,test_ood,True,7,7,True,True,True
socal-fire_00001169,socal-fire,tier1,test_ood,True,7,7,True,True,True
socal-fire_00001170,socal-fire,tier1,test_ood,True,7,7,True,True,True
socal-fire_00001171,socal-fire,tier1,test_ood,True,7,7,True,True,True
socal-fire_00001172,socal-fire,test,test_ood,True,7,7,True,True,True
socal-fire_00001173,socal-fire,hold,test_ood,True,7,7,True,True,True
socal-fire_00001174,socal-fire,hold,test_ood,True,7,7,True,True,True
socal-fire_00001175,socal-fire,tier1,test_ood,True,7,7,True,True,True
socal-fire_00001176,socal-fire,tier1,test_ood,True,7,7,True,True,True
socal-fire_00001177,socal-fire,tier1,test_ood,True,7,7,True,True,True
socal-fire_00001178,socal-fire,tier1,test_ood,True,7,7,True,True,True
socal-fire_00001179,socal-fire,tier1,test_ood,True,7,7,True,True,True
socal-fire_00001180,socal-fire,tier1,test_ood,True,7,7,True,True,True
socal-fire_00001181,socal-fire,test,test_ood,True,7,7,True,True,True
socal-fire_00001182,socal-fire,tier1,test_ood,True,7,7,True,True,True
socal-fire_00001183,socal-fire,test,test_ood,True,7,7,True,True,True
socal-fire_00001184,socal-fire,tier1,test_ood,True,7,7,True,True,True
socal-fire_00001185,socal-fire,tier1,test_ood,True,7,7,True,True,True
socal-fire_00001186,socal-fire,tier1,test_ood,True,7,7,True,True,True
socal-fire_00001187,socal-fire,hold,test_ood,True,7,7,True,True,True
socal-fire_00001188,socal-fire,test,test_ood,True,7,7,True,True,True
socal-fire_00001189,socal-fire,test,test_ood,True,7,7,True,True,True
socal-fire_00001190,socal-fire,hold,test_ood,True,7,7,True,True,True
socal-fire_00001191,socal-fire,test,test_ood,True,7,7,True,True,True
socal-fire_00001192,socal-fire,tier1,test_ood,True,7,7,True,True,True
socal-fire_00001193,socal-fire,test,test_ood,True,7,7,True,True,True
socal-fire_00001194,socal-fire,hold,test_ood,True,7,7,True,True,True
socal-fire_00001195,socal-fire,tier1,test_ood,True,7,7,True,True,True
socal-fire_00001196,socal-fire,tier1,test_ood,True,7,7,True,True,True
socal-fire_00001197,socal-fire,tier1,test_ood,True,7,7,True,True,True
socal-fire_00001198,socal-fire,tier1,test_ood,True,7,7,True,True,True
socal-fire_00001199,socal-fire,test,test_ood,True,7,7,True,True,True
socal-fire_00001200,socal-fire,test,test_ood,True,7,7,True,True,True
socal-fire_00001201,socal-fire,hold,test_ood,True,7,7,True,True,True
socal-fire_00001202,socal-fire,tier1,test_ood,True,7,7,True,True,True
socal-fire_00001203,socal-fire,tier1,test_ood,True,7,7,True,True,True
socal-fire_00001204,socal-fire,tier1,test_ood,True,7,7,True,True,True
socal-fire_00001205,socal-fire,test,test_ood,True,7,7,True,True,True
socal-fire_00001206,socal-fire,tier1,test_ood,True,7,7,True,True,True
socal-fire_00001207,socal-fire,tier1,test_ood,True,7,7,True,True,True
socal-fire_00001208,socal-fire,tier1,test_ood,True,7,7,True,True,True
socal-fire_00001209,socal-fire,hold,test_ood,True,7,7,True,True,True
socal-fire_00001210,socal-fire,test,test_ood,True,7,7,True,True,True
socal-fire_00001211,socal-fire,tier1,test_ood,True,7,7,True,True,True
socal-fire_00001212,socal-fire,hold,test_ood,True,7,7,True,True,True
socal-fire_00001213,socal-fire,test,test_ood,True,7,7,True,True,True
socal-fire_00001214,socal-fire,test,test_ood,True,7,7,True,True,True
socal-fire_00001215,socal-fire,tier1,test_ood,True,7,7,True,True,True
socal-fire_00001216,socal-fire,tier1,test_ood,True,7,7,True,True,True
socal-fire_00001217,socal-fire,hold,test_ood,True,7,7,True,True,True
socal-fire_00001218,socal-fire,tier1,test_ood,True,7,7,True,True,True
socal-fire_00001219,socal-fire,test,test_ood,True,7,7,True,True,True
socal-fire_00001220,socal-fire,test,test_ood,True,7,7,True,True,True
socal-fire_00001221,socal-fire,tier1,test_ood,True,7,7,True,True,True
socal-fire_00001222,socal-fire,test,test_ood,True,7,7,True,True,True
socal-fire_00001223,socal-fire,tier1,test_ood,True,7,7,True,True,True
socal-fire_00001224,socal-fire,test,test_ood,True,7,7,True,True,True
socal-fire_00001225,socal-fire,tier1,test_ood,True,7,7,True,True,True
socal-fire_00001226,socal-fire,test,test_ood,True,7,7,True,True,True
socal-fire_00001227,socal-fire,tier1,test_ood,True,7,7,True,True,True
socal-fire_00001228,socal-fire,tier1,test_ood,True,7,7,True,True,True
socal-fire_00001229,socal-fire,tier1,test_ood,True,7,7,True,True,True
socal-fire_00001230,socal-fire,test,test_ood,True,7,7,True,True,True
socal-fire_00001231,socal-fire,hold,test_ood,True,7,7,True,True,True
socal-fire_00001232,socal-fire,tier1,test_ood,True,7,7,True,True,True
socal-fire_00001233,socal-fire,tier1,test_ood,True,7,7,True,True,True
socal-fire_00001234,socal-fire,tier1,test_ood,True,7,7,True,True,True
socal-fire_00001235,socal-fire,tier1,test_ood,True,7,7,True,True,True
socal-fire_00001236,socal-fire,test,test_ood,True,7,7,True,True,True
socal-fire_00001237,socal-fire,tier1,test_ood,True,7,7,True,True,True
socal-fire_00001238,socal-fire,tier1,test_ood,True,7,7,True,True,True
socal-fire_00001239,socal-fire,hold,test_ood,True,7,7,True,True,True
socal-fire_00001240,socal-fire,test,test_ood,True,7,7,True,True,True
socal-fire_00001241,socal-fire,tier1,test_ood,True,7,7,True,True,True
socal-fire_00001242,socal-fire,tier1,test_ood,True,7,7,True,True,True
socal-fire_00001243,socal-fire,tier1,test_ood,True,7,7,True,True,True
socal-fire_00001244,socal-fire,tier1,test_ood,True,7,7,True,True,True
socal-fire_00001245,socal-fire,tier1,test_ood,True,7,7,True,True,True
socal-fire_00001246,socal-fire,test,test_ood,True,7,7,True,True,True
socal-fire_00001247,socal-fire,test,test_ood,True,7,7,True,True,True
socal-fire_00001248,socal-fire,tier1,test_ood,True,7,7,True,True,True
socal-fire_00001249,socal-fire,test,test_ood,True,7,7,True,True,True
socal-fire_00001250,socal-fire,hold,test_ood,True,7,7,True,True,True
socal-fire_00001251,socal-fire,tier1,test_ood,True,7,7,True,True,True
socal-fire_00001252,socal-fire,test,test_ood,True,7,7,True,True,True
socal-fire_00001253,socal-fire,tier1,test_ood,True,7,7,True,True,True
socal-fire_00001254,socal-fire,tier1,test_ood,True,7,7,True,True,True
socal-fire_00001255,socal-fire,tier1,test_ood,True,7,7,True,True,True
socal-fire_00001256,socal-fire,tier1,test_ood,True,7,7,True,True,True
socal-fire_00001257,socal-fire,tier1,test_ood,True,7,7,True,True,True
socal-fire_00001258,socal-fire,tier1,test_ood,True,7,7,True,True,True
socal-fire_00001259,socal-fire,tier1,test_ood,True,7,7,True,True,True
socal-fire_00001260,socal-fire,tier1,test_ood,True,7,7,True,True,True
socal-fire_00001261,socal-fire,tier1,test_ood,True,7,7,True,True,True
socal-fire_00001262,socal-fire,test,test_ood,True,7,7,True,True,True
socal-fire_00001263,socal-fire,tier1,test_ood,True,7,7,True,True,True
socal-fire_00001264,socal-fire,tier1,test_ood,True,7,7,True,True,True
socal-fire_00001265,socal-fire,test,test_ood,True,7,7,True,True,True
socal-fire_00001266,socal-fire,test,test_ood,True,7,7,True,True,True
socal-fire_00001267,socal-fire,test,test_ood,True,7,7,True,True,True
socal-fire_00001268,socal-fire,tier1,test_ood,True,7,7,True,True,True
socal-fire_00001269,socal-fire,tier1,test_ood,True,7,7,True,True,True
socal-fire_00001270,socal-fire,tier1,test_ood,True,7,7,True,True,True
socal-fire_00001271,socal-fire,tier1,test_ood,True,7,7,True,True,True
socal-fire_00001272,socal-fire,tier1,test_ood,True,7,7,True,True,True
socal-fire_00001273,socal-fire,test,test_ood,True,7,7,True,True,True
socal-fire_00001274,socal-fire,tier1,test_ood,True,7,7,True,True,True
socal-fire_00001275,socal-fire,tier1,test_ood,True,7,7,True,True,True
socal-fire_00001276,socal-fire,hold,test_ood,True,7,7,True,True,True
socal-fire_00001277,socal-fire,hold,test_ood,True,7,7,True,True,True
socal-fire_00001278,socal-fire,tier1,test_ood,True,7,7,True,True,True
socal-fire_00001279,socal-fire,test,test_ood,True,7,7,True,True,True
socal-fire_00001280,socal-fire,hold,test_ood,True,7,7,True,True,True
socal-fire_00001281,socal-fire,test,test_ood,True,7,7,True,True,True
socal-fire_00001282,socal-fire,tier1,test_ood,True,7,7,True,True,True
socal-fire_00001283,socal-fire,tier1,test_ood,True,7,7,True,True,True
socal-fire_00001284,socal-fire,hold,test_ood,True,7,7,True,True,True
socal-fire_00001285,socal-fire,tier1,test_ood,True,7,7,True,True,True
socal-fire_00001286,socal-fire,tier1,test_ood,True,7,7,True,True,True
socal-fire_00001287,socal-fire,tier1,test_ood,True,7,7,True,True,True
socal-fire_00001288,socal-fire,tier1,test_ood,True,7,7,True,True,True
socal-fire_00001289,socal-fire,tier1,test_ood,True,7,7,True,True,True
socal-fire_00001290,socal-fire,hold,test_ood,True,7,7,True,True,True
socal-fire_00001291,socal-fire,tier1,test_ood,True,7,7,True,True,True
socal-fire_00001292,socal-fire,tier1,test_ood,True,7,7,True,True,True
socal-fire_00001293,socal-fire,tier1,test_ood,True,7,7,True,True,True
socal-fire_00001294,socal-fire,hold,test_ood,True,7,7,True,True,True
socal-fire_00001295,socal-fire,hold,test_ood,True,7,7,True,True,True
socal-fire_00001296,socal-fire,tier1,test_ood,True,7,7,True,True,True
socal-fire_00001297,socal-fire,tier1,test_ood,True,7,7,True,True,True
socal-fire_00001298,socal-fire,tier1,test_ood,True,7,7,True,True,True
socal-fire_00001299,socal-fire,test,test_ood,True,7,7,True,True,True
socal-fire_00001300,socal-fire,tier1,test_ood,True,7,7,True,True,True
socal-fire_00001301,socal-fire,tier1,test_ood,True,7,7,True,True,True
socal-fire_00001302,socal-fire,tier1,test_ood,True,7,7,True,True,True
socal-fire_00001303,socal-fire,tier1,test_ood,True,7,7,True,True,True
socal-fire_00001304,socal-fire,tier1,test_ood,True,7,7,True,True,True
socal-fire_00001305,socal-fire,test,test_ood,True,7,7,True,True,True
socal-fire_00001306,socal-fire,hold,test_ood,True,7,7,True,True,True
socal-fire_00001307,socal-fire,tier1,test_ood,True,7,7,True,True,True
socal-fire_00001308,socal-fire,tier1,test_ood,True,7,7,True,True,True
socal-fire_00001309,socal-fire,test,test_ood,True,7,7,True,True,True
socal-fire_00001310,socal-fire,hold,test_ood,True,7,7,True,True,True
socal-fire_00001311,socal-fire,hold,test_ood,True,7,7,True,True,True
socal-fire_00001312,socal-fire,tier1,test_ood,True,7,7,True,True,True
socal-fire_00001313,socal-fire,tier1,test_ood,True,7,7,True,True,True
socal-fire_00001314,socal-fire,hold,test_ood,True,7,7,True,True,True
socal-fire_00001315,socal-fire,tier1,test_ood,True,7,7,True,True,True
socal-fire_00001316,socal-fire,test,test_ood,True,7,7,True,True,True
socal-fire_00001317,socal-fire,tier1,test_ood,True,7,7,True,True,True
socal-fire_00001318,socal-fire,tier1,test_ood,True,7,7,True,True,True
socal-fire_00001319,socal-fire,tier1,test_ood,True,7,7,True,True,True
socal-fire_00001320,socal-fire,tier1,test_ood,True,7,7,True,True,True
socal-fire_00001321,socal-fire,test,test_ood,True,7,7,True,True,True
socal-fire_00001322,socal-fire,tier1,test_ood,True,7,7,True,True,True
socal-fire_00001323,socal-fire,tier1,test_ood,True,7,7,True,True,True
socal-fire_00001324,socal-fire,tier1,test_ood,True,7,7,True,True,True
socal-fire_00001325,socal-fire,tier1,test_ood,True,7,7,True,True,True
socal-fire_00001326,socal-fire,test,test_ood,True,7,7,True,True,True
socal-fire_00001327,socal-fire,hold,test_ood,True,7,7,True,True,True
socal-fire_00001328,socal-fire,test,test_ood,True,7,7,True,True,True
socal-fire_00001329,socal-fire,test,test_ood,True,7,7,True,True,True
socal-fire_00001330,socal-fire,tier1,test_ood,True,7,7,True,True,True
socal-fire_00001331,socal-fire,tier1,test_ood,True,7,7,True,True,True
socal-fire_00001332,socal-fire,hold,test_ood,True,7,7,True,True,True
socal-fire_00001333,socal-fire,tier1,test_ood,True,7,7,True,True,True
socal-fire_00001334,socal-fire,tier1,test_ood,True,7,7,True,True,True
socal-fire_00001335,socal-fire,test,test_ood,True,7,7,True,True,True
socal-fire_00001336,socal-fire,hold,test_ood,True,7,7,True,True,True
socal-fire_00001337,socal-fire,tier1,test_ood,True,7,7,True,True,True
socal-fire_00001338,socal-fire,tier1,test_ood,True,7,7,True,True,True
socal-fire_00001339,socal-fire,tier1,test_ood,True,7,7,True,True,True
socal-fire_00001340,socal-fire,tier1,test_ood,True,7,7,True,True,True
socal-fire_00001341,socal-fire,tier1,test_ood,True,7,7,True,True,True
socal-fire_00001342,socal-fire,hold,test_ood,True,7,7,True,True,True
socal-fire_00001343,socal-fire,tier1,test_ood,True,7,7,True,True,True
socal-fire_00001344,socal-fire,tier1,test_ood,True,7,7,True,True,True
socal-fire_00001345,socal-fire,hold,test_ood,True,7,7,True,True,True
socal-fire_00001346,socal-fire,tier1,test_ood,True,7,7,True,True,True
socal-fire_00001347,socal-fire,tier1,test_ood,True,7,7,True,True,True
socal-fire_00001348,socal-fire,tier1,test_ood,True,7,7,True,True,True
socal-fire_00001349,socal-fire,tier1,test_ood,True,7,7,True,True,True
socal-fire_00001350,socal-fire,tier1,test_ood,True,7,7,True,True,True
socal-fire_00001351,socal-fire,tier1,test_ood,True,7,7,True,True,True
socal-fire_00001352,socal-fire,tier1,test_ood,True,7,7,True,True,True
socal-fire_00001353,socal-fire,tier1,test_ood,True,7,7,True,True,True
socal-fire_00001354,socal-fire,tier1,test_ood,True,7,7,True,True,True
socal-fire_00001355,socal-fire,tier1,test_ood,True,7,7,True,True,True
socal-fire_00001356,socal-fire,tier1,test_ood,True,7,7,True,True,True
socal-fire_00001357,socal-fire,tier1,test_ood,True,7,7,True,True,True
socal-fire_00001358,socal-fire,test,test_ood,True,7,7,True,True,True
socal-fire_00001359,socal-fire,tier1,test_ood,True,7,7,True,True,True
socal-fire_00001360,socal-fire,hold,test_ood,True,7,7,True,True,True
socal-fire_00001361,socal-fire,tier1,test_ood,True,7,7,True,True,True
socal-fire_00001362,socal-fire,test,test_ood,True,7,7,True,True,True
socal-fire_00001363,socal-fire,tier1,test_ood,True,7,7,True,True,True
socal-fire_00001364,socal-fire,tier1,test_ood,True,7,7,True,True,True
socal-fire_00001365,socal-fire,tier1,test_ood,True,7,7,True,True,True
socal-fire_00001366,socal-fire,tier1,test_ood,True,7,7,True,True,True
socal-fire_00001367,socal-fire,tier1,test_ood,True,7,7,True,True,True
socal-fire_00001368,socal-fire,tier1,test_ood,True,7,7,True,True,True
socal-fire_00001369,socal-fire,tier1,test_ood,True,7,7,True,True,True
socal-fire_00001370,socal-fire,hold,test_ood,True,7,7,True,True,True
socal-fire_00001371,socal-fire,test,test_ood,True,7,7,True,True,True
socal-fire_00001372,socal-fire,test,test_ood,True,7,7,True,True,True
socal-fire_00001373,socal-fire,tier1,test_ood,True,7,7,True,True,True
socal-fire_00001374,socal-fire,tier1,test_ood,True,7,7,True,True,True
socal-fire_00001375,socal-fire,tier1,test_ood,True,7,7,True,True,True
socal-fire_00001376,socal-fire,tier1,test_ood,True,7,7,True,True,True
socal-fire_00001377,socal-fire,tier1,test_ood,True,7,7,True,True,True
socal-fire_00001378,socal-fire,test,test_ood,True,7,7,True,True,True
socal-fire_00001379,socal-fire,tier1,test_ood,True,7,7,True,True,True
socal-fire_00001380,socal-fire,tier1,test_ood,True,7,7,True,True,True
socal-fire_00001381,socal-fire,tier1,test_ood,True,7,7,True,True,True
socal-fire_00001382,socal-fire,tier1,test_ood,True,7,7,True,True,True
socal-fire_00001383,socal-fire,tier1,test_ood,True,7,7,True,True,True
socal-fire_00001384,socal-fire,test,test_ood,True,7,7,True,True,True
socal-fire_00001385,socal-fire,tier1,test_ood,True,7,7,True,True,True
socal-fire_00001386,socal-fire,tier1,test_ood,True,7,7,True,True,True
socal-fire_00001387,socal-fire,tier1,test_ood,True,7,7,True,True,True
socal-fire_00001388,socal-fire,test,test_ood,True,7,7,True,True,True
socal-fire_00001389,socal-fire,tier1,test_ood,True,7,7,True,True,True
socal-fire_00001390,socal-fire,tier1,test_ood,True,7,7,True,True,True
socal-fire_00001391,socal-fire,tier1,test_ood,True,7,7,True,True,True
socal-fire_00001392,socal-fire,hold,test_ood,True,7,7,True,True,True
socal-fire_00001393,socal-fire,hold,test_ood,True,7,7,True,True,True
socal-fire_00001394,socal-fire,tier1,test_ood,True,7,7,True,True,True
socal-fire_00001395,socal-fire,test,test_ood,True,7,7,True,True,True
socal-fire_00001396,socal-fire,tier1,test_ood,True,7,7,True,True,True
socal-fire_00001397,socal-fire,tier1,test_ood,True,7,7,True,True,True
socal-fire_00001398,socal-fire,tier1,test_ood,True,7,7,True,True,True
socal-fire_00001399,socal-fire,tier1,test_ood,True,7,7,True,True,True
socal-fire_00001400,socal-fire,test,test_ood,True,7,7,True,True,True
socal-fire_00001401,socal-fire,hold,test_ood,True,7,7,True,True,True
socal-fire_00001402,socal-fire,tier1,test_ood,True,7,7,True,True,True
woolsey-fire_00000000,woolsey-fire,tier3,test_ood,True,7,7,True,True,True
woolsey-fire_00000001,woolsey-fire,tier3,test_ood,True,7,7,True,True,True
woolsey-fire_00000002,woolsey-fire,tier3,test_ood,True,7,7,True,True,True
woolsey-fire_00000003,woolsey-fire,tier3,test_ood,True,7,7,True,True,True
woolsey-fire_00000004,woolsey-fire,tier3,test_ood,True,7,7,True,True,True
woolsey-fire_00000005,woolsey-fire,tier3,test_ood,True,7,7,True,True,True
woolsey-fire_00000006,woolsey-fire,tier3,test_ood,True,7,7,True,True,True
woolsey-fire_00000007,woolsey-fire,tier3,test_ood,True,7,7,True,True,True
woolsey-fire_00000008,woolsey-fire,tier3,test_ood,True,7,7,True,True,True
woolsey-fire_00000009,woolsey-fire,tier3,test_ood,True,7,7,True,True,True
woolsey-fire_00000010,woolsey-fire,tier3,test_ood,True,7,7,True,True,True
woolsey-fire_00000011,woolsey-fire,tier3,test_ood,True,7,7,True,True,True
woolsey-fire_00000012,woolsey-fire,tier3,test_ood,True,7,7,True,True,True
woolsey-fire_00000013,woolsey-fire,tier3,test_ood,True,7,7,True,True,True
woolsey-fire_00000014,woolsey-fire,tier3,test_ood,True,7,7,True,True,True
woolsey-fire_00000015,woolsey-fire,tier3,test_ood,True,7,7,True,True,True
woolsey-fire_00000016,woolsey-fire,tier3,test_ood,True,7,7,True,True,True
woolsey-fire_00000017,woolsey-fire,tier3,test_ood,True,7,7,True,True,True
woolsey-fire_00000018,woolsey-fire,tier3,test_ood,True,7,7,True,True,True
woolsey-fire_00000019,woolsey-fire,tier3,test_ood,True,7,7,True,True,True
woolsey-fire_00000020,woolsey-fire,tier3,test_ood,True,7,7,True,True,True
woolsey-fire_00000021,woolsey-fire,tier3,test_ood,True,7,7,True,True,True
woolsey-fire_00000022,woolsey-fire,tier3,test_ood,True,7,7,True,True,True
woolsey-fire_00000023,woolsey-fire,tier3,test_ood,True,7,7,True,True,True
woolsey-fire_00000024,woolsey-fire,tier3,test_ood,True,7,7,True,True,True
woolsey-fire_00000025,woolsey-fire,tier3,test_ood,True,7,7,True,True,True
woolsey-fire_00000026,woolsey-fire,tier3,test_ood,True,7,7,True,True,True
woolsey-fire_00000027,woolsey-fire,tier3,test_ood,True,7,7,True,True,True
woolsey-fire_00000028,woolsey-fire,tier3,test_ood,True,7,7,True,True,True
woolsey-fire_00000029,woolsey-fire,tier3,test_ood,True,7,7,True,True,True
woolsey-fire_00000030,woolsey-fire,tier3,test_ood,True,7,7,True,True,True
woolsey-fire_00000031,woolsey-fire,tier3,test_ood,True,7,7,True,True,True
woolsey-fire_00000032,woolsey-fire,tier3,test_ood,True,7,7,True,True,True
woolsey-fire_00000033,woolsey-fire,tier3,test_ood,True,7,7,True,True,True
woolsey-fire_00000034,woolsey-fire,tier3,test_ood,True,7,7,True,True,True
woolsey-fire_00000035,woolsey-fire,tier3,test_ood,True,7,7,True,True,True
woolsey-fire_00000036,woolsey-fire,tier3,test_ood,True,7,7,True,True,True
woolsey-fire_00000037,woolsey-fire,tier3,test_ood,True,7,7,True,True,True
woolsey-fire_00000038,woolsey-fire,tier3,test_ood,True,7,7,True,True,True
woolsey-fire_00000039,woolsey-fire,tier3,test_ood,True,7,7,True,True,True
woolsey-fire_00000040,woolsey-fire,tier3,test_ood,True,7,7,True,True,True
woolsey-fire_00000041,woolsey-fire,tier3,test_ood,True,7,7,True,True,True
woolsey-fire_00000042,woolsey-fire,tier3,test_ood,True,7,7,True,True,True
woolsey-fire_00000043,woolsey-fire,tier3,test_ood,True,7,7,True,True,True
woolsey-fire_00000044,woolsey-fire,tier3,test_ood,True,7,7,True,True,True
woolsey-fire_00000045,woolsey-fire,tier3,test_ood,True,7,7,True,True,True
woolsey-fire_00000046,woolsey-fire,tier3,test_ood,True,7,7,True,True,True
woolsey-fire_00000047,woolsey-fire,tier3,test_ood,True,7,7,True,True,True
woolsey-fire_00000048,woolsey-fire,tier3,test_ood,True,7,7,True,True,True
woolsey-fire_00000049,woolsey-fire,tier3,test_ood,True,7,7,True,True,True
woolsey-fire_00000050,woolsey-fire,tier3,test_ood,True,7,7,True,True,True
woolsey-fire_00000051,woolsey-fire,tier3,test_ood,True,7,7,True,True,True
woolsey-fire_00000052,woolsey-fire,tier3,test_ood,True,7,7,True,True,True
woolsey-fire_00000053,woolsey-fire,tier3,test_ood,True,7,7,True,True,True
woolsey-fire_00000054,woolsey-fire,tier3,test_ood,True,7,7,True,True,True
woolsey-fire_00000055,woolsey-fire,tier3,test_ood,True,7,7,True,True,True
woolsey-fire_00000056,woolsey-fire,tier3,test_ood,True,7,7,True,True,True
woolsey-fire_00000057,woolsey-fire,tier3,test_ood,True,7,7,True,True,True
woolsey-fire_00000058,woolsey-fire,tier3,test_ood,True,7,7,True,True,True
woolsey-fire_00000059,woolsey-fire,tier3,test_ood,True,7,7,True,True,True
woolsey-fire_00000060,woolsey-fire,tier3,test_ood,True,7,7,True,True,True
woolsey-fire_00000061,woolsey-fire,tier3,test_ood,True,7,7,True,True,True
woolsey-fire_00000062,woolsey-fire,tier3,test_ood,True,7,7,True,True,True
woolsey-fire_00000063,woolsey-fire,tier3,test_ood,True,7,7,True,True,True
woolsey-fire_00000064,woolsey-fire,tier3,test_ood,True,7,7,True,True,True
woolsey-fire_00000065,woolsey-fire,tier3,test_ood,True,7,7,True,True,True
woolsey-fire_00000066,woolsey-fire,tier3,test_ood,True,7,7,True,True,True
woolsey-fire_00000067,woolsey-fire,tier3,test_ood,True,7,7,True,True,True
woolsey-fire_00000068,woolsey-fire,tier3,test_ood,True,7,7,True,True,True
woolsey-fire_00000069,woolsey-fire,tier3,test_ood,True,7,7,True,True,True
woolsey-fire_00000070,woolsey-fire,tier3,test_ood,True,7,7,True,True,True
woolsey-fire_00000071,woolsey-fire,tier3,test_ood,True,7,7,True,True,True
woolsey-fire_00000072,woolsey-fire,tier3,test_ood,True,7,7,True,True,True
woolsey-fire_00000073,woolsey-fire,tier3,test_ood,True,7,7,True,True,True
woolsey-fire_00000074,woolsey-fire,tier3,test_ood,True,7,7,True,True,True
woolsey-fire_00000075,woolsey-fire,tier3,test_ood,True,7,7,True,True,True
woolsey-fire_00000076,woolsey-fire,tier3,test_ood,True,7,7,True,True,True
woolsey-fire_00000077,woolsey-fire,tier3,test_ood,True,7,7,True,True,True
woolsey-fire_00000078,woolsey-fire,tier3,test_ood,True,7,7,True,True,True
woolsey-fire_00000079,woolsey-fire,tier3,test_ood,True,7,7,True,True,True
woolsey-fire_00000080,woolsey-fire,tier3,test_ood,True,7,7,True,True,True
woolsey-fire_00000081,woolsey-fire,tier3,test_ood,True,7,7,True,True,True
woolsey-fire_00000082,woolsey-fire,tier3,test_ood,True,7,7,True,True,True
woolsey-fire_00000083,woolsey-fire,tier3,test_ood,True,7,7,True,True,True
woolsey-fire_00000084,woolsey-fire,tier3,test_ood,True,7,7,True,True,True
woolsey-fire_00000085,woolsey-fire,tier3,test_ood,True,7,7,True,True,True
woolsey-fire_00000086,woolsey-fire,tier3,test_ood,True,7,7,True,True,True
woolsey-fire_00000087,woolsey-fire,tier3,test_ood,True,7,7,True,True,True
woolsey-fire_00000088,woolsey-fire,tier3,test_ood,True,7,7,True,True,True
woolsey-fire_00000089,woolsey-fire,tier3,test_ood,True,7,7,True,True,True
woolsey-fire_00000090,woolsey-fire,tier3,test_ood,True,7,7,True,True,True
woolsey-fire_00000091,woolsey-fire,tier3,test_ood,True,7,7,True,True,True
woolsey-fire_00000092,woolsey-fire,tier3,test_ood,True,7,7,True,True,True
woolsey-fire_00000093,woolsey-fire,tier3,test_ood,True,7,7,True,True,True
woolsey-fire_00000094,woolsey-fire,tier3,test_ood,True,7,7,True,True,True
woolsey-fire_00000095,woolsey-fire,tier3,test_ood,True,7,7,True,True,True
woolsey-fire_00000096,woolsey-fire,tier3,test_ood,True,7,7,True,True,True
woolsey-fire_00000097,woolsey-fire,tier3,test_ood,True,7,7,True,True,True
woolsey-fire_00000098,woolsey-fire,tier3,test_ood,True,7,7,True,True,True
woolsey-fire_00000099,woolsey-fire,tier3,test_ood,True,7,7,True,True,True
woolsey-fire_00000100,woolsey-fire,tier3,test_ood,True,7,7,True,True,True
woolsey-fire_00000101,woolsey-fire,tier3,test_ood,True,7,7,True,True,True
woolsey-fire_00000102,woolsey-fire,tier3,test_ood,True,7,7,True,True,True
woolsey-fire_00000103,woolsey-fire,tier3,test_ood,True,7,7,True,True,True
woolsey-fire_00000104,woolsey-fire,tier3,test_ood,True,7,7,True,True,True
woolsey-fire_00000105,woolsey-fire,tier3,test_ood,True,7,7,True,True,True
woolsey-fire_00000106,woolsey-fire,tier3,test_ood,True,7,7,True,True,True
woolsey-fire_00000107,woolsey-fire,tier3,test_ood,True,7,7,True,True,True
woolsey-fire_00000108,woolsey-fire,tier3,test_ood,True,7,7,True,True,True
woolsey-fire_00000109,woolsey-fire,tier3,test_ood,True,7,7,True,True,True
woolsey-fire_00000110,woolsey-fire,tier3,test_ood,True,7,7,True,True,True
woolsey-fire_00000111,woolsey-fire,tier3,test_ood,True,7,7,True,True,True
woolsey-fire_00000112,woolsey-fire,tier3,test_ood,True,7,7,True,True,True
woolsey-fire_00000113,woolsey-fire,tier3,test_ood,True,7,7,True,True,True
woolsey-fire_00000114,woolsey-fire,tier3,test_ood,True,7,7,True,True,True
woolsey-fire_00000115,woolsey-fire,tier3,test_ood,True,7,7,True,True,True
woolsey-fire_00000116,woolsey-fire,tier3,test_ood,True,7,7,True,True,True
woolsey-fire_00000117,woolsey-fire,tier3,test_ood,True,7,7,True,True,True
woolsey-fire_00000118,woolsey-fire,tier3,test_ood,True,7,7,True,True,True
woolsey-fire_00000119,woolsey-fire,tier3,test_ood,True,7,7,True,True,True
woolsey-fire_00000120,woolsey-fire,tier3,test_ood,True,7,7,True,True,True
woolsey-fire_00000121,woolsey-fire,tier3,test_ood,True,7,7,True,True,True
woolsey-fire_00000122,woolsey-fire,tier3,test_ood,True,7,7,True,True,True
woolsey-fire_00000123,woolsey-fire,tier3,test_ood,True,7,7,True,True,True
woolsey-fire_00000124,woolsey-fire,tier3,test_ood,True,7,7,True,True,True
woolsey-fire_00000125,woolsey-fire,tier3,test_ood,True,7,7,True,True,True
woolsey-fire_00000126,woolsey-fire,tier3,test_ood,True,7,7,True,True,True
woolsey-fire_00000127,woolsey-fire,tier3,test_ood,True,7,7,True,True,True
woolsey-fire_00000128,woolsey-fire,tier3,test_ood,True,7,7,True,True,True
woolsey-fire_00000129,woolsey-fire,tier3,test_ood,True,7,7,True,True,True
woolsey-fire_00000130,woolsey-fire,tier3,test_ood,True,7,7,True,True,True
woolsey-fire_00000131,woolsey-fire,tier3,test_ood,True,7,7,True,True,True
woolsey-fire_00000132,woolsey-fire,tier3,test_ood,True,7,7,True,True,True
woolsey-fire_00000133,woolsey-fire,tier3,test_ood,True,7,7,True,True,True
woolsey-fire_00000134,woolsey-fire,tier3,test_ood,True,7,7,True,True,True
woolsey-fire_00000135,woolsey-fire,tier3,test_ood,True,7,7,True,True,True
woolsey-fire_00000136,woolsey-fire,tier3,test_ood,True,7,7,True,True,True
woolsey-fire_00000137,woolsey-fire,tier3,test_ood,True,7,7,True,True,True
woolsey-fire_00000138,woolsey-fire,tier3,test_ood,True,7,7,True,True,True
woolsey-fire_00000139,woolsey-fire,tier3,test_ood,True,7,7,True,True,True
woolsey-fire_00000140,woolsey-fire,tier3,test_ood,True,7,7,True,True,True
woolsey-fire_00000141,woolsey-fire,tier3,test_ood,True,7,7,True,True,True
woolsey-fire_00000142,woolsey-fire,tier3,test_ood,True,7,7,True,True,True
woolsey-fire_00000143,woolsey-fire,tier3,test_ood,True,7,7,True,True,True
woolsey-fire_00000144,woolsey-fire,tier3,test_ood,True,7,7,True,True,True
woolsey-fire_00000145,woolsey-fire,tier3,test_ood,True,7,7,True,True,True
woolsey-fire_00000146,woolsey-fire,tier3,test_ood,True,7,7,True,True,True
woolsey-fire_00000147,woolsey-fire,tier3,test_ood,True,7,7,True,True,True
woolsey-fire_00000148,woolsey-fire,tier3,test_ood,True,7,7,True,True,True
woolsey-fire_00000149,woolsey-fire,tier3,test_ood,True,7,7,True,True,True
woolsey-fire_00000150,woolsey-fire,tier3,test_ood,True,7,7,True,True,True
woolsey-fire_00000151,woolsey-fire,tier3,test_ood,True,7,7,True,True,True
woolsey-fire_00000152,woolsey-fire,tier3,test_ood,True,7,7,True,True,True
woolsey-fire_00000153,woolsey-fire,tier3,test_ood,True,7,7,True,True,True
woolsey-fire_00000154,woolsey-fire,tier3,test_ood,True,7,7,True,True,True
woolsey-fire_00000155,woolsey-fire,tier3,test_ood,True,7,7,True,True,True
woolsey-fire_00000156,woolsey-fire,tier3,test_ood,True,7,7,True,True,True
woolsey-fire_00000157,woolsey-fire,tier3,test_ood,True,7,7,True,True,True
woolsey-fire_00000158,woolsey-fire,tier3,test_ood,True,7,7,True,True,True
woolsey-fire_00000159,woolsey-fire,tier3,test_ood,True,7,7,True,True,True
woolsey-fire_00000160,woolsey-fire,tier3,test_ood,True,7,7,True,True,True
woolsey-fire_00000161,woolsey-fire,tier3,test_ood,True,7,7,True,True,True
woolsey-fire_00000162,woolsey-fire,tier3,test_ood,True,7,7,True,True,True
woolsey-fire_00000163,woolsey-fire,tier3,test_ood,True,7,7,True,True,True
woolsey-fire_00000164,woolsey-fire,tier3,test_ood,True,7,7,True,True,True
woolsey-fire_00000165,woolsey-fire,tier3,test_ood,True,7,7,True,True,True
woolsey-fire_00000166,woolsey-fire,tier3,test_ood,True,7,7,True,True,True
woolsey-fire_00000167,woolsey-fire,tier3,test_ood,True,7,7,True,True,True
woolsey-fire_00000168,woolsey-fire,tier3,test_ood,True,7,7,True,True,True
woolsey-fire_00000169,woolsey-fire,tier3,test_ood,True,7,7,True,True,True
woolsey-fire_00000170,woolsey-fire,tier3,test_ood,True,7,7,True,True,True
woolsey-fire_00000171,woolsey-fire,tier3,test_ood,True,7,7,True,True,True
woolsey-fire_00000172,woolsey-fire,tier3,test_ood,True,7,7,True,True,True
woolsey-fire_00000173,woolsey-fire,tier3,test_ood,True,7,7,True,True,True
woolsey-fire_00000174,woolsey-fire,tier3,test_ood,True,7,7,True,True,True
woolsey-fire_00000175,woolsey-fire,tier3,test_ood,True,7,7,True,True,True
woolsey-fire_00000176,woolsey-fire,tier3,test_ood,True,7,7,True,True,True
woolsey-fire_00000177,woolsey-fire,tier3,test_ood,True,7,7,True,True,True
woolsey-fire_00000178,woolsey-fire,tier3,test_ood,True,7,7,True,True,True
woolsey-fire_00000179,woolsey-fire,tier3,test_ood,True,7,7,True,True,True
woolsey-fire_00000180,woolsey-fire,tier3,test_ood,True,7,7,True,True,True
woolsey-fire_00000181,woolsey-fire,tier3,test_ood,True,7,7,True,True,True
woolsey-fire_00000182,woolsey-fire,tier3,test_ood,True,7,7,True,True,True
woolsey-fire_00000183,woolsey-fire,tier3,test_ood,True,7,7,True,True,True
woolsey-fire_00000184,woolsey-fire,tier3,test_ood,True,7,7,True,True,True
woolsey-fire_00000185,woolsey-fire,tier3,test_ood,True,7,7,True,True,True
woolsey-fire_00000186,woolsey-fire,tier3,test_ood,True,7,7,True,True,True
woolsey-fire_00000187,woolsey-fire,tier3,test_ood,True,7,7,True,True,True
woolsey-fire_00000188,woolsey-fire,tier3,test_ood,True,7,7,True,True,True
woolsey-fire_00000189,woolsey-fire,tier3,test_ood,True,7,7,True,True,True
woolsey-fire_00000190,woolsey-fire,tier3,test_ood,True,7,7,True,True,True
woolsey-fire_00000191,woolsey-fire,tier3,test_ood,True,7,7,True,True,True
woolsey-fire_00000192,woolsey-fire,tier3,test_ood,True,7,7,True,True,True
woolsey-fire_00000193,woolsey-fire,tier3,test_ood,True,7,7,True,True,True
woolsey-fire_00000194,woolsey-fire,tier3,test_ood,True,7,7,True,True,True
woolsey-fire_00000195,woolsey-fire,tier3,test_ood,True,7,7,True,True,True
woolsey-fire_00000196,woolsey-fire,tier3,test_ood,True,7,7,True,True,True
woolsey-fire_00000197,woolsey-fire,tier3,test_ood,True,7,7,True,True,True
woolsey-fire_00000198,woolsey-fire,tier3,test_ood,True,7,7,True,True,True
woolsey-fire_00000199,woolsey-fire,tier3,test_ood,True,7,7,True,True,True
woolsey-fire_00000200,woolsey-fire,tier3,test_ood,True,7,7,True,True,True
woolsey-fire_00000201,woolsey-fire,tier3,test_ood,True,7,7,True,True,True
woolsey-fire_00000202,woolsey-fire,tier3,test_ood,True,7,7,True,True,True
woolsey-fire_00000203,woolsey-fire,tier3,test_ood,True,7,7,True,True,True
woolsey-fire_00000204,woolsey-fire,tier3,test_ood,True,7,7,True,True,True
woolsey-fire_00000205,woolsey-fire,tier3,test_ood,True,7,7,True,True,True
woolsey-fire_00000206,woolsey-fire,tier3,test_ood,True,7,7,True,True,True
woolsey-fire_00000207,woolsey-fire,tier3,test_ood,True,7,7,True,True,True
woolsey-fire_00000208,woolsey-fire,tier3,test_ood,True,7,7,True,True,True
woolsey-fire_00000209,woolsey-fire,tier3,test_ood,True,7,7,True,True,True
woolsey-fire_00000210,woolsey-fire,tier3,test_ood,True,7,7,True,True,True
woolsey-fire_00000211,woolsey-fire,tier3,test_ood,True,7,7,True,True,True
woolsey-fire_00000212,woolsey-fire,tier3,test_ood,True,7,7,True,True,True
woolsey-fire_00000213,woolsey-fire,tier3,test_ood,True,7,7,True,True,True
woolsey-fire_00000214,woolsey-fire,tier3,test_ood,True,7,7,True,True,True
woolsey-fire_00000215,woolsey-fire,tier3,test_ood,True,7,7,True,True,True
woolsey-fire_00000216,woolsey-fire,tier3,test_ood,True,7,7,True,True,True
woolsey-fire_00000217,woolsey-fire,tier3,test_ood,True,7,7,True,True,True
woolsey-fire_00000218,woolsey-fire,tier3,test_ood,True,7,7,True,True,True
woolsey-fire_00000219,woolsey-fire,tier3,test_ood,True,7,7,True,True,True
woolsey-fire_00000220,woolsey-fire,tier3,test_ood,True,7,7,True,True,True
woolsey-fire_00000221,woolsey-fire,tier3,test_ood,True,7,7,True,True,True
woolsey-fire_00000222,woolsey-fire,tier3,test_ood,True,7,7,True,True,True
woolsey-fire_00000223,woolsey-fire,tier3,test_ood,True,7,7,True,True,True
woolsey-fire_00000224,woolsey-fire,tier3,test_ood,True,7,7,True,True,True
woolsey-fire_00000225,woolsey-fire,tier3,test_ood,True,7,7,True,True,True
woolsey-fire_00000226,woolsey-fire,tier3,test_ood,True,7,7,True,True,True
woolsey-fire_00000227,woolsey-fire,tier3,test_ood,True,7,7,True,True,True
woolsey-fire_00000228,woolsey-fire,tier3,test_ood,True,7,7,True,True,True
woolsey-fire_00000229,woolsey-fire,tier3,test_ood,True,7,7,True,True,True
woolsey-fire_00000230,woolsey-fire,tier3,test_ood,True,7,7,True,True,True
woolsey-fire_00000231,woolsey-fire,tier3,test_ood,True,7,7,True,True,True
woolsey-fire_00000232,woolsey-fire,tier3,test_ood,True,7,7,True,True,True
woolsey-fire_00000233,woolsey-fire,tier3,test_ood,True,7,7,True,True,True
woolsey-fire_00000234,woolsey-fire,tier3,test_ood,True,7,7,True,True,True
woolsey-fire_00000235,woolsey-fire,tier3,test_ood,True,7,7,True,True,True
woolsey-fire_00000236,woolsey-fire,tier3,test_ood,True,7,7,True,True,True
woolsey-fire_00000237,woolsey-fire,tier3,test_ood,True,7,7,True,True,True
woolsey-fire_00000238,woolsey-fire,tier3,test_ood,True,7,7,True,True,True
woolsey-fire_00000239,woolsey-fire,tier3,test_ood,True,7,7,True,True,True
woolsey-fire_00000240,woolsey-fire,tier3,test_ood,True,7,7,True,True,True
woolsey-fire_00000241,woolsey-fire,tier3,test_ood,True,7,7,True,True,True
woolsey-fire_00000242,woolsey-fire,tier3,test_ood,True,7,7,True,True,True
woolsey-fire_00000243,woolsey-fire,tier3,test_ood,True,7,7,True,True,True
woolsey-fire_00000244,woolsey-fire,tier3,test_ood,True,7,7,True,True,True
woolsey-fire_00000245,woolsey-fire,tier3,test_ood,True,7,7,True,True,True
woolsey-fire_00000246,woolsey-fire,tier3,test_ood,True,7,7,True,True,True
woolsey-fire_00000247,woolsey-fire,tier3,test_ood,True,7,7,True,True,True
woolsey-fire_00000248,woolsey-fire,tier3,test_ood,True,7,7,True,True,True
woolsey-fire_00000249,woolsey-fire,tier3,test_ood,True,7,7,True,True,True
woolsey-fire_00000250,woolsey-fire,tier3,test_ood,True,7,7,True,True,True
woolsey-fire_00000251,woolsey-fire,tier3,test_ood,True,7,7,True,True,True
woolsey-fire_00000252,woolsey-fire,tier3,test_ood,True,7,7,True,True,True
woolsey-fire_00000253,woolsey-fire,tier3,test_ood,True,7,7,True,True,True
woolsey-fire_00000254,woolsey-fire,tier3,test_ood,True,7,7,True,True,True
woolsey-fire_00000255,woolsey-fire,tier3,test_ood,True,7,7,True,True,True
woolsey-fire_00000256,woolsey-fire,tier3,test_ood,True,7,7,True,True,True
woolsey-fire_00000257,woolsey-fire,tier3,test_ood,True,7,7,True,True,True
woolsey-fire_00000258,woolsey-fire,tier3,test_ood,True,7,7,True,True,True
woolsey-fire_00000259,woolsey-fire,tier3,test_ood,True,7,7,True,True,True
woolsey-fire_00000260,woolsey-fire,tier3,test_ood,True,7,7,True,True,True
woolsey-fire_00000261,woolsey-fire,tier3,test_ood,True,7,7,True,True,True
woolsey-fire_00000262,woolsey-fire,tier3,test_ood,True,7,7,True,True,True
woolsey-fire_00000263,woolsey-fire,tier3,test_ood,True,7,7,True,True,True
woolsey-fire_00000264,woolsey-fire,tier3,test_ood,True,7,7,True,True,True
woolsey-fire_00000265,woolsey-fire,tier3,test_ood,True,7,7,True,True,True
woolsey-fire_00000266,woolsey-fire,tier3,test_ood,True,7,7,True,True,True
woolsey-fire_00000267,woolsey-fire,tier3,test_ood,True,7,7,True,True,True
woolsey-fire_00000268,woolsey-fire,tier3,test_ood,True,7,7,True,True,True
woolsey-fire_00000269,woolsey-fire,tier3,test_ood,True,7,7,True,True,True
woolsey-fire_00000270,woolsey-fire,tier3,test_ood,True,7,7,True,True,True
woolsey-fire_00000271,woolsey-fire,tier3,test_ood,True,7,7,True,True,True
woolsey-fire_00000272,woolsey-fire,tier3,test_ood,True,7,7,True,True,True
woolsey-fire_00000273,woolsey-fire,tier3,test_ood,True,7,7,True,True,True
woolsey-fire_00000274,woolsey-fire,tier3,test_ood,True,7,7,True,True,True
woolsey-fire_00000275,woolsey-fire,tier3,test_ood,True,7,7,True,True,True
woolsey-fire_00000276,woolsey-fire,tier3,test_ood,True,7,7,True,True,True
woolsey-fire_00000277,woolsey-fire,tier3,test_ood,True,7,7,True,True,True
woolsey-fire_00000278,woolsey-fire,tier3,test_ood,True,7,7,True,True,True
woolsey-fire_00000279,woolsey-fire,tier3,test_ood,True,7,7,True,True,True
woolsey-fire_00000280,woolsey-fire,tier3,test_ood,True,7,7,True,True,True
woolsey-fire_00000281,woolsey-fire,tier3,test_ood,True,7,7,True,True,True
woolsey-fire_00000282,woolsey-fire,tier3,test_ood,True,7,7,True,True,True
woolsey-fire_00000283,woolsey-fire,tier3,test_ood,True,7,7,True,True,True
woolsey-fire_00000284,woolsey-fire,tier3,test_ood,True,7,7,True,True,True
woolsey-fire_00000285,woolsey-fire,tier3,test_ood,True,7,7,True,True,True
woolsey-fire_00000286,woolsey-fire,tier3,test_ood,True,7,7,True,True,True
woolsey-fire_00000287,woolsey-fire,tier3,test_ood,True,7,7,True,True,True
woolsey-fire_00000288,woolsey-fire,tier3,test_ood,True,7,7,True,True,True
woolsey-fire_00000289,woolsey-fire,tier3,test_ood,True,7,7,True,True,True
woolsey-fire_00000290,woolsey-fire,tier3,test_ood,True,7,7,True,True,True
woolsey-fire_00000291,woolsey-fire,tier3,test_ood,True,7,7,True,True,True
woolsey-fire_00000292,woolsey-fire,tier3,test_ood,True,7,7,True,True,True
woolsey-fire_00000293,woolsey-fire,tier3,test_ood,True,7,7,True,True,True
woolsey-fire_00000294,woolsey-fire,tier3,test_ood,True,7,7,True,True,True
woolsey-fire_00000295,woolsey-fire,tier3,test_ood,True,7,7,True,True,True
woolsey-fire_00000296,woolsey-fire,tier3,test_ood,True,7,7,True,True,True
woolsey-fire_00000297,woolsey-fire,tier3,test_ood,True,7,7,True,True,True
woolsey-fire_00000298,woolsey-fire,tier3,test_ood,True,7,7,True,True,True
woolsey-fire_00000299,woolsey-fire,tier3,test_ood,True,7,7,True,True,True
woolsey-fire_00000300,woolsey-fire,tier3,test_ood,True,7,7,True,True,True
woolsey-fire_00000301,woolsey-fire,tier3,test_ood,True,7,7,True,True,True
woolsey-fire_00000302,woolsey-fire,tier3,test_ood,True,7,7,True,True,True
woolsey-fire_00000303,woolsey-fire,tier3,test_ood,True,7,7,True,True,True
woolsey-fire_00000304,woolsey-fire,tier3,test_ood,True,7,7,True,True,True
woolsey-fire_00000305,woolsey-fire,tier3,test_ood,True,7,7,True,True,True
woolsey-fire_00000306,woolsey-fire,tier3,test_ood,True,7,7,True,True,True
woolsey-fire_00000307,woolsey-fire,tier3,test_ood,True,7,7,True,True,True
woolsey-fire_00000308,woolsey-fire,tier3,test_ood,True,7,7,True,True,True
woolsey-fire_00000309,woolsey-fire,tier3,test_ood,True,7,7,True,True,True
woolsey-fire_00000310,woolsey-fire,tier3,test_ood,True,7,7,True,True,True
woolsey-fire_00000311,woolsey-fire,tier3,test_ood,True,7,7,True,True,True
woolsey-fire_00000312,woolsey-fire,tier3,test_ood,True,7,7,True,True,True
woolsey-fire_00000313,woolsey-fire,tier3,test_ood,True,7,7,True,True,True
woolsey-fire_00000314,woolsey-fire,tier3,test_ood,True,7,7,True,True,True
woolsey-fire_00000315,woolsey-fire,tier3,test_ood,True,7,7,True,True,True
woolsey-fire_00000316,woolsey-fire,tier3,test_ood,True,7,7,True,True,True
woolsey-fire_00000317,woolsey-fire,tier3,test_ood,True,7,7,True,True,True
woolsey-fire_00000318,woolsey-fire,tier3,test_ood,True,7,7,True,True,True
woolsey-fire_00000319,woolsey-fire,tier3,test_ood,True,7,7,True,True,True
woolsey-fire_00000320,woolsey-fire,tier3,test_ood,True,7,7,True,True,True
woolsey-fire_00000321,woolsey-fire,tier3,test_ood,True,7,7,True,True,True
woolsey-fire_00000322,woolsey-fire,tier3,test_ood,True,7,7,True,True,True
woolsey-fire_00000323,woolsey-fire,tier3,test_ood,True,7,7,True,True,True
woolsey-fire_00000324,woolsey-fire,tier3,test_ood,True,7,7,True,True,True
woolsey-fire_00000325,woolsey-fire,tier3,test_ood,True,7,7,True,True,True
woolsey-fire_00000326,woolsey-fire,tier3,test_ood,True,7,7,True,True,True
woolsey-fire_00000327,woolsey-fire,tier3,test_ood,True,7,7,True,True,True
woolsey-fire_00000328,woolsey-fire,tier3,test_ood,True,7,7,True,True,True
woolsey-fire_00000329,woolsey-fire,tier3,test_ood,True,7,7,True,True,True
woolsey-fire_00000330,woolsey-fire,tier3,test_ood,True,7,7,True,True,True
woolsey-fire_00000331,woolsey-fire,tier3,test_ood,True,7,7,True,True,True
woolsey-fire_00000332,woolsey-fire,tier3,test_ood,True,7,7,True,True,True
woolsey-fire_00000333,woolsey-fire,tier3,test_ood,True,7,7,True,True,True
woolsey-fire_00000334,woolsey-fire,tier3,test_ood,True,7,7,True,True,True
woolsey-fire_00000335,woolsey-fire,tier3,test_ood,True,7,7,True,True,True
woolsey-fire_00000336,woolsey-fire,tier3,test_ood,True,7,7,True,True,True
woolsey-fire_00000337,woolsey-fire,tier3,test_ood,True,7,7,True,True,True
woolsey-fire_00000338,woolsey-fire,tier3,test_ood,True,7,7,True,True,True
woolsey-fire_00000339,woolsey-fire,tier3,test_ood,True,7,7,True,True,True
woolsey-fire_00000340,woolsey-fire,tier3,test_ood,True,7,7,True,True,True
woolsey-fire_00000341,woolsey-fire,tier3,test_ood,True,7,7,True,True,True
woolsey-fire_00000342,woolsey-fire,tier3,test_ood,True,7,7,True,True,True
woolsey-fire_00000343,woolsey-fire,tier3,test_ood,True,7,7,True,True,True
woolsey-fire_00000344,woolsey-fire,tier3,test_ood,True,7,7,True,True,True
woolsey-fire_00000345,woolsey-fire,tier3,test_ood,True,7,7,True,True,True
woolsey-fire_00000346,woolsey-fire,tier3,test_ood,True,7,7,True,True,True
woolsey-fire_00000347,woolsey-fire,tier3,test_ood,True,7,7,True,True,True
woolsey-fire_00000348,woolsey-fire,tier3,test_ood,True,7,7,True,True,True
woolsey-fire_00000349,woolsey-fire,tier3,test_ood,True,7,7,True,True,True
woolsey-fire_00000350,woolsey-fire,tier3,test_ood,True,7,7,True,True,True
woolsey-fire_00000351,woolsey-fire,tier3,test_ood,True,7,7,True,True,True
woolsey-fire_00000352,woolsey-fire,tier3,test_ood,True,7,7,True,True,True
woolsey-fire_00000353,woolsey-fire,tier3,test_ood,True,7,7,True,True,True
woolsey-fire_00000354,woolsey-fire,tier3,test_ood,True,7,7,True,True,True
woolsey-fire_00000355,woolsey-fire,tier3,test_ood,True,7,7,True,True,True
woolsey-fire_00000356,woolsey-fire,tier3,test_ood,True,7,7,True,True,True
woolsey-fire_00000357,woolsey-fire,tier3,test_ood,True,7,7,True,True,True
woolsey-fire_00000358,woolsey-fire,tier3,test_ood,True,7,7,True,True,True
woolsey-fire_00000359,woolsey-fire,tier3,test_ood,True,7,7,True,True,True
woolsey-fire_00000360,woolsey-fire,tier3,test_ood,True,7,7,True,True,True
woolsey-fire_00000361,woolsey-fire,tier3,test_ood,True,7,7,True,True,True
woolsey-fire_00000362,woolsey-fire,tier3,test_ood,True,7,7,True,True,True
woolsey-fire_00000363,woolsey-fire,tier3,test_ood,True,7,7,True,True,True
woolsey-fire_00000364,woolsey-fire,tier3,test_ood,True,7,7,True,True,True
woolsey-fire_00000365,woolsey-fire,tier3,test_ood,True,7,7,True,True,True
woolsey-fire_00000366,woolsey-fire,tier3,test_ood,True,7,7,True,True,True
woolsey-fire_00000367,woolsey-fire,tier3,test_ood,True,7,7,True,True,True
woolsey-fire_00000368,woolsey-fire,tier3,test_ood,True,7,7,True,True,True
woolsey-fire_00000369,woolsey-fire,tier3,test_ood,True,7,7,True,True,True
woolsey-fire_00000370,woolsey-fire,tier3,test_ood,True,7,7,True,True,True
woolsey-fire_00000371,woolsey-fire,tier3,test_ood,True,7,7,True,True,True
woolsey-fire_00000372,woolsey-fire,tier3,test_ood,True,7,7,True,True,True
woolsey-fire_00000373,woolsey-fire,tier3,test_ood,True,7,7,True,True,True
woolsey-fire_00000374,woolsey-fire,tier3,test_ood,True,7,7,True,True,True
woolsey-fire_00000375,woolsey-fire,tier3,test_ood,True,7,7,True,True,True
woolsey-fire_00000376,woolsey-fire,tier3,test_ood,True,7,7,True,True,True
woolsey-fire_00000377,woolsey-fire,tier3,test_ood,True,7,7,True,True,True
woolsey-fire_00000378,woolsey-fire,tier3,test_ood,True,7,7,True,True,True
woolsey-fire_00000379,woolsey-fire,tier3,test_ood,True,7,7,True,True,True
woolsey-fire_00000380,woolsey-fire,tier3,test_ood,True,7,7,True,True,True
woolsey-fire_00000381,woolsey-fire,tier3,test_ood,True,7,7,True,True,True
woolsey-fire_00000382,woolsey-fire,tier3,test_ood,True,7,7,True,True,True
woolsey-fire_00000383,woolsey-fire,tier3,test_ood,True,7,7,True,True,True
woolsey-fire_00000384,woolsey-fire,tier3,test_ood,True,7,7,True,True,True
woolsey-fire_00000385,woolsey-fire,tier3,test_ood,True,7,7,True,True,True
woolsey-fire_00000386,woolsey-fire,tier3,test_ood,True,7,7,True,True,True
woolsey-fire_00000387,woolsey-fire,tier3,test_ood,True,7,7,True,True,True
woolsey-fire_00000388,woolsey-fire,tier3,test_ood,True,7,7,True,True,True
woolsey-fire_00000389,woolsey-fire,tier3,test_ood,True,7,7,True,True,True
woolsey-fire_00000390,woolsey-fire,tier3,test_ood,True,7,7,True,True,True
woolsey-fire_00000391,woolsey-fire,tier3,test_ood,True,7,7,True,True,True
woolsey-fire_00000392,woolsey-fire,tier3,test_ood,True,7,7,True,True,True
woolsey-fire_00000393,woolsey-fire,tier3,test_ood,True,7,7,True,True,True
woolsey-fire_00000394,woolsey-fire,tier3,test_ood,True,7,7,True,True,True
woolsey-fire_00000395,woolsey-fire,tier3,test_ood,True,7,7,True,True,True
woolsey-fire_00000396,woolsey-fire,tier3,test_ood,True,7,7,True,True,True
woolsey-fire_00000397,woolsey-fire,tier3,test_ood,True,7,7,True,True,True
woolsey-fire_00000398,woolsey-fire,tier3,test_ood,True,7,7,True,True,True
woolsey-fire_00000399,woolsey-fire,tier3,test_ood,True,7,7,True,True,True
woolsey-fire_00000400,woolsey-fire,tier3,test_ood,True,7,7,True,True,True
woolsey-fire_00000401,woolsey-fire,tier3,test_ood,True,7,7,True,True,True
woolsey-fire_00000402,woolsey-fire,tier3,test_ood,True,7,7,True,True,True
woolsey-fire_00000403,woolsey-fire,tier3,test_ood,True,7,7,True,True,True
woolsey-fire_00000404,woolsey-fire,tier3,test_ood,True,7,7,True,True,True
woolsey-fire_00000405,woolsey-fire,tier3,test_ood,True,7,7,True,True,True
woolsey-fire_00000406,woolsey-fire,tier3,test_ood,True,7,7,True,True,True
woolsey-fire_00000407,woolsey-fire,tier3,test_ood,True,7,7,True,True,True
woolsey-fire_00000408,woolsey-fire,tier3,test_ood,True,7,7,True,True,True
woolsey-fire_00000409,woolsey-fire,tier3,test_ood,True,7,7,True,True,True
woolsey-fire_00000410,woolsey-fire,tier3,test_ood,True,7,7,True,True,True
woolsey-fire_00000411,woolsey-fire,tier3,test_ood,True,7,7,True,True,True
woolsey-fire_00000412,woolsey-fire,tier3,test_ood,True,7,7,True,True,True
woolsey-fire_00000413,woolsey-fire,tier3,test_ood,True,7,7,True,True,True
woolsey-fire_00000414,woolsey-fire,tier3,test_ood,True,7,7,True,True,True
woolsey-fire_00000415,woolsey-fire,tier3,test_ood,True,7,7,True,True,True
woolsey-fire_00000416,woolsey-fire,tier3,test_ood,True,7,7,True,True,True
woolsey-fire_00000417,woolsey-fire,tier3,test_ood,True,7,7,True,True,True
woolsey-fire_00000418,woolsey-fire,tier3,test_ood,True,7,7,True,True,True
woolsey-fire_00000419,woolsey-fire,tier3,test_ood,True,7,7,True,True,True
woolsey-fire_00000420,woolsey-fire,tier3,test_ood,True,7,7,True,True,True
woolsey-fire_00000421,woolsey-fire,tier3,test_ood,True,7,7,True,True,True
woolsey-fire_00000422,woolsey-fire,tier3,test_ood,True,7,7,True,True,True
woolsey-fire_00000423,woolsey-fire,tier3,test_ood,True,7,7,True,True,True
woolsey-fire_00000424,woolsey-fire,tier3,test_ood,True,7,7,True,True,True
woolsey-fire_00000425,woolsey-fire,tier3,test_ood,True,7,7,True,True,True
woolsey-fire_00000426,woolsey-fire,tier3,test_ood,True,7,7,True,True,True
woolsey-fire_00000427,woolsey-fire,tier3,test_ood,True,7,7,True,True,True
woolsey-fire_00000428,woolsey-fire,tier3,test_ood,True,7,7,True,True,True
woolsey-fire_00000429,woolsey-fire,tier3,test_ood,True,7,7,True,True,True
woolsey-fire_00000430,woolsey-fire,tier3,test_ood,True,7,7,True,True,True
woolsey-fire_00000431,woolsey-fire,tier3,test_ood,True,7,7,True,True,True
woolsey-fire_00000432,woolsey-fire,tier3,test_ood,True,7,7,True,True,True
woolsey-fire_00000433,woolsey-fire,tier3,test_ood,True,7,7,True,True,True
woolsey-fire_00000434,woolsey-fire,tier3,test_ood,True,7,7,True,True,True
woolsey-fire_00000435,woolsey-fire,tier3,test_ood,True,7,7,True,True,True
woolsey-fire_00000436,woolsey-fire,tier3,test_ood,True,7,7,True,True,True
woolsey-fire_00000437,woolsey-fire,tier3,test_ood,True,7,7,True,True,True
woolsey-fire_00000438,woolsey-fire,tier3,test_ood,True,7,7,True,True,True
woolsey-fire_00000439,woolsey-fire,tier3,test_ood,True,7,7,True,True,True
woolsey-fire_00000440,woolsey-fire,tier3,test_ood,True,7,7,True,True,True
woolsey-fire_00000441,woolsey-fire,tier3,test_ood,True,7,7,True,True,True
woolsey-fire_00000442,woolsey-fire,tier3,test_ood,True,7,7,True,True,True
woolsey-fire_00000443,woolsey-fire,tier3,test_ood,True,7,7,True,True,True
woolsey-fire_00000444,woolsey-fire,tier3,test_ood,True,7,7,True,True,True
woolsey-fire_00000445,woolsey-fire,tier3,test_ood,True,7,7,True,True,True
woolsey-fire_00000446,woolsey-fire,tier3,test_ood,True,7,7,True,True,True
woolsey-fire_00000447,woolsey-fire,tier3,test_ood,True,7,7,True,True,True
woolsey-fire_00000448,woolsey-fire,tier3,test_ood,True,7,7,True,True,True
woolsey-fire_00000449,woolsey-fire,tier3,test_ood,True,7,7,True,True,True
woolsey-fire_00000450,woolsey-fire,tier3,test_ood,True,7,7,True,True,True
woolsey-fire_00000451,woolsey-fire,tier3,test_ood,True,7,7,True,True,True
woolsey-fire_00000452,woolsey-fire,tier3,test_ood,True,7,7,True,True,True
woolsey-fire_00000453,woolsey-fire,tier3,test_ood,True,7,7,True,True,True
woolsey-fire_00000454,woolsey-fire,tier3,test_ood,True,7,7,True,True,True
woolsey-fire_00000455,woolsey-fire,tier3,test_ood,True,7,7,True,True,True
woolsey-fire_00000456,woolsey-fire,tier3,test_ood,True,7,7,True,True,True
woolsey-fire_00000457,woolsey-fire,tier3,test_ood,True,7,7,True,True,True
woolsey-fire_00000458,woolsey-fire,tier3,test_ood,True,7,7,True,True,True
woolsey-fire_00000459,woolsey-fire,tier3,test_ood,True,7,7,True,True,True
woolsey-fire_00000460,woolsey-fire,tier3,test_ood,True,7,7,True,True,True
woolsey-fire_00000461,woolsey-fire,tier3,test_ood,True,7,7,True,True,True
woolsey-fire_00000462,woolsey-fire,tier3,test_ood,True,7,7,True,True,True
woolsey-fire_00000463,woolsey-fire,tier3,test_ood,True,7,7,True,True,True
woolsey-fire_00000464,woolsey-fire,tier3,test_ood,True,7,7,True,True,True
woolsey-fire_00000465,woolsey-fire,tier3,test_ood,True,7,7,True,True,True
woolsey-fire_00000466,woolsey-fire,tier3,test_ood,True,7,7,True,True,True
woolsey-fire_00000467,woolsey-fire,tier3,test_ood,True,7,7,True,True,True
woolsey-fire_00000468,woolsey-fire,tier3,test_ood,True,7,7,True,True,True
woolsey-fire_00000469,woolsey-fire,tier3,test_ood,True,7,7,True,True,True
woolsey-fire_00000470,woolsey-fire,tier3,test_ood,True,7,7,True,True,True
woolsey-fire_00000471,woolsey-fire,tier3,test_ood,True,7,7,True,True,True
woolsey-fire_00000472,woolsey-fire,tier3,test_ood,True,7,7,True,True,True
woolsey-fire_00000473,woolsey-fire,tier3,test_ood,True,7,7,True,True,True
woolsey-fire_00000474,woolsey-fire,tier3,test_ood,True,7,7,True,True,True
woolsey-fire_00000475,woolsey-fire,tier3,test_ood,True,7,7,True,True,True
woolsey-fire_00000476,woolsey-fire,tier3,test_ood,True,7,7,True,True,True
woolsey-fire_00000477,woolsey-fire,tier3,test_ood,True,7,7,True,True,True
woolsey-fire_00000478,woolsey-fire,tier3,test_ood,True,7,7,True,True,True
woolsey-fire_00000479,woolsey-fire,tier3,test_ood,True,7,7,True,True,True
woolsey-fire_00000480,woolsey-fire,tier3,test_ood,True,7,7,True,True,True
woolsey-fire_00000481,woolsey-fire,tier3,test_ood,True,7,7,True,True,True
woolsey-fire_00000482,woolsey-fire,tier3,test_ood,True,7,7,True,True,True
woolsey-fire_00000483,woolsey-fire,tier3,test_ood,True,7,7,True,True,True
woolsey-fire_00000484,woolsey-fire,tier3,test_ood,True,7,7,True,True,True
woolsey-fire_00000485,woolsey-fire,tier3,test_ood,True,7,7,True,True,True
woolsey-fire_00000486,woolsey-fire,tier3,test_ood,True,7,7,True,True,True
woolsey-fire_00000487,woolsey-fire,tier3,test_ood,True,7,7,True,True,True
woolsey-fire_00000488,woolsey-fire,tier3,test_ood,True,7,7,True,True,True
woolsey-fire_00000489,woolsey-fire,tier3,test_ood,True,7,7,True,True,True
woolsey-fire_00000490,woolsey-fire,tier3,test_ood,True,7,7,True,True,True
woolsey-fire_00000491,woolsey-fire,tier3,test_ood,True,7,7,True,True,True
woolsey-fire_00000492,woolsey-fire,tier3,test_ood,True,7,7,True,True,True
woolsey-fire_00000493,woolsey-fire,tier3,test_ood,True,7,7,True,True,True
woolsey-fire_00000494,woolsey-fire,tier3,test_ood,True,7,7,True,True,True
woolsey-fire_00000495,woolsey-fire,tier3,test_ood,True,7,7,True,True,True
woolsey-fire_00000496,woolsey-fire,tier3,test_ood,True,7,7,True,True,True
woolsey-fire_00000497,woolsey-fire,tier3,test_ood,True,7,7,True,True,True
woolsey-fire_00000498,woolsey-fire,tier3,test_ood,True,7,7,True,True,True
woolsey-fire_00000499,woolsey-fire,tier3,test_ood,True,7,7,True,True,True
woolsey-fire_00000500,woolsey-fire,tier3,test_ood,True,7,7,True,True,True
woolsey-fire_00000501,woolsey-fire,tier3,test_ood,True,7,7,True,True,True
woolsey-fire_00000502,woolsey-fire,tier3,test_ood,True,7,7,True,True,True
woolsey-fire_00000503,woolsey-fire,tier3,test_ood,True,7,7,True,True,True
woolsey-fire_00000504,woolsey-fire,tier3,test_ood,True,7,7,True,True,True
woolsey-fire_00000505,woolsey-fire,tier3,test_ood,True,7,7,True,True,True
woolsey-fire_00000506,woolsey-fire,tier3,test_ood,True,7,7,True,True,True
woolsey-fire_00000507,woolsey-fire,tier3,test_ood,True,7,7,True,True,True
woolsey-fire_00000508,woolsey-fire,tier3,test_ood,True,7,7,True,True,True
woolsey-fire_00000509,woolsey-fire,tier3,test_ood,True,7,7,True,True,True
woolsey-fire_00000510,woolsey-fire,tier3,test_ood,True,7,7,True,True,True
woolsey-fire_00000511,woolsey-fire,tier3,test_ood,True,7,7,True,True,True
woolsey-fire_00000512,woolsey-fire,tier3,test_ood,True,7,7,True,True,True
woolsey-fire_00000513,woolsey-fire,tier3,test_ood,True,7,7,True,True,True
woolsey-fire_00000514,woolsey-fire,tier3,test_ood,True,7,7,True,True,True
woolsey-fire_00000515,woolsey-fire,tier3,test_ood,True,7,7,True,True,True
woolsey-fire_00000516,woolsey-fire,tier3,test_ood,True,7,7,True,True,True
woolsey-fire_00000517,woolsey-fire,tier3,test_ood,True,7,7,True,True,True
woolsey-fire_00000518,woolsey-fire,tier3,test_ood,True,7,7,True,True,True
woolsey-fire_00000519,woolsey-fire,tier3,test_ood,True,7,7,True,True,True
woolsey-fire_00000520,woolsey-fire,tier3,test_ood,True,7,7,True,True,True
woolsey-fire_00000521,woolsey-fire,tier3,test_ood,True,7,7,True,True,True
woolsey-fire_00000522,woolsey-fire,tier3,test_ood,True,7,7,True,True,True
woolsey-fire_00000523,woolsey-fire,tier3,test_ood,True,7,7,True,True,True
woolsey-fire_00000524,woolsey-fire,tier3,test_ood,True,7,7,True,True,True
woolsey-fire_00000525,woolsey-fire,tier3,test_ood,True,7,7,True,True,True
woolsey-fire_00000526,woolsey-fire,tier3,test_ood,True,7,7,True,True,True
woolsey-fire_00000527,woolsey-fire,tier3,test_ood,True,7,7,True,True,True
woolsey-fire_00000528,woolsey-fire,tier3,test_ood,True,7,7,True,True,True
woolsey-fire_00000529,woolsey-fire,tier3,test_ood,True,7,7,True,True,True
woolsey-fire_00000530,woolsey-fire,tier3,test_ood,True,7,7,True,True,True
woolsey-fire_00000531,woolsey-fire,tier3,test_ood,True,7,7,True,True,True
woolsey-fire_00000532,woolsey-fire,tier3,test_ood,True,7,7,True,True,True
woolsey-fire_00000533,woolsey-fire,tier3,test_ood,True,7,7,True,True,True
woolsey-fire_00000534,woolsey-fire,tier3,test_ood,True,7,7,True,True,True
woolsey-fire_00000535,woolsey-fire,tier3,test_ood,True,7,7,True,True,True
woolsey-fire_00000536,woolsey-fire,tier3,test_ood,True,7,7,True,True,True
woolsey-fire_00000537,woolsey-fire,tier3,test_ood,True,7,7,True,True,True
woolsey-fire_00000538,woolsey-fire,tier3,test_ood,True,7,7,True,True,True
woolsey-fire_00000539,woolsey-fire,tier3,test_ood,True,7,7,True,True,True
woolsey-fire_00000540,woolsey-fire,tier3,test_ood,True,7,7,True,True,True
woolsey-fire_00000541,woolsey-fire,tier3,test_ood,True,7,7,True,True,True
woolsey-fire_00000542,woolsey-fire,tier3,test_ood,True,7,7,True,True,True
woolsey-fire_00000543,woolsey-fire,tier3,test_ood,True,7,7,True,True,True
woolsey-fire_00000544,woolsey-fire,tier3,test_ood,True,7,7,True,True,True
woolsey-fire_00000545,woolsey-fire,tier3,test_ood,True,7,7,True,True,True
woolsey-fire_00000546,woolsey-fire,tier3,test_ood,True,7,7,True,True,True
woolsey-fire_00000547,woolsey-fire,tier3,test_ood,True,7,7,True,True,True
woolsey-fire_00000548,woolsey-fire,tier3,test_ood,True,7,7,True,True,True
woolsey-fire_00000549,woolsey-fire,tier3,test_ood,True,7,7,True,True,True
woolsey-fire_00000550,woolsey-fire,tier3,test_ood,True,7,7,True,True,True
woolsey-fire_00000551,woolsey-fire,tier3,test_ood,True,7,7,True,True,True
woolsey-fire_00000552,woolsey-fire,tier3,test_ood,True,7,7,True,True,True
woolsey-fire_00000553,woolsey-fire,tier3,test_ood,True,7,7,True,True,True
woolsey-fire_00000554,woolsey-fire,tier3,test_ood,True,7,7,True,True,True
woolsey-fire_00000555,woolsey-fire,tier3,test_ood,True,7,7,True,True,True
woolsey-fire_00000556,woolsey-fire,tier3,test_ood,True,7,7,True,True,True
woolsey-fire_00000557,woolsey-fire,tier3,test_ood,True,7,7,True,True,True
woolsey-fire_00000558,woolsey-fire,tier3,test_ood,True,7,7,True,True,True
woolsey-fire_00000559,woolsey-fire,tier3,test_ood,True,7,7,True,True,True
woolsey-fire_00000560,woolsey-fire,tier3,test_ood,True,7,7,True,True,True
woolsey-fire_00000561,woolsey-fire,tier3,test_ood,True,7,7,True,True,True
woolsey-fire_00000562,woolsey-fire,tier3,test_ood,True,7,7,True,True,True
woolsey-fire_00000563,woolsey-fire,tier3,test_ood,True,7,7,True,True,True
woolsey-fire_00000564,woolsey-fire,tier3,test_ood,True,7,7,True,True,True
woolsey-fire_00000565,woolsey-fire,tier3,test_ood,True,7,7,True,True,True
woolsey-fire_00000566,woolsey-fire,tier3,test_ood,True,7,7,True,True,True
woolsey-fire_00000567,woolsey-fire,tier3,test_ood,True,7,7,True,True,True
woolsey-fire_00000568,woolsey-fire,tier3,test_ood,True,7,7,True,True,True
woolsey-fire_00000569,woolsey-fire,tier3,test_ood,True,7,7,True,True,True
woolsey-fire_00000570,woolsey-fire,tier3,test_ood,True,7,7,True,True,True
woolsey-fire_00000571,woolsey-fire,tier3,test_ood,True,7,7,True,True,True
woolsey-fire_00000572,woolsey-fire,tier3,test_ood,True,7,7,True,True,True
woolsey-fire_00000573,woolsey-fire,tier3,test_ood,True,7,7,True,True,True
woolsey-fire_00000574,woolsey-fire,tier3,test_ood,True,7,7,True,True,True
woolsey-fire_00000575,woolsey-fire,tier3,test_ood,True,7,7,True,True,True
woolsey-fire_00000576,woolsey-fire,tier3,test_ood,True,7,7,True,True,True
woolsey-fire_00000577,woolsey-fire,tier3,test_ood,True,7,7,True,True,True
woolsey-fire_00000578,woolsey-fire,tier3,test_ood,True,7,7,True,True,True
woolsey-fire_00000579,woolsey-fire,tier3,test_ood,True,7,7,True,True,True
woolsey-fire_00000580,woolsey-fire,tier3,test_ood,True,7,7,True,True,True
woolsey-fire_00000581,woolsey-fire,tier3,test_ood,True,7,7,True,True,True
woolsey-fire_00000582,woolsey-fire,tier3,test_ood,True,7,7,True,True,True
woolsey-fire_00000583,woolsey-fire,tier3,test_ood,True,7,7,True,True,True
woolsey-fire_00000584,woolsey-fire,tier3,test_ood,True,7,7,True,True,True
woolsey-fire_00000585,woolsey-fire,tier3,test_ood,True,7,7,True,True,True
woolsey-fire_00000586,woolsey-fire,tier3,test_ood,True,7,7,True,True,True
woolsey-fire_00000587,woolsey-fire,tier3,test_ood,True,7,7,True,True,True
woolsey-fire_00000588,woolsey-fire,tier3,test_ood,True,7,7,True,True,True
woolsey-fire_00000589,woolsey-fire,tier3,test_ood,True,7,7,True,True,True
woolsey-fire_00000590,woolsey-fire,tier3,test_ood,True,7,7,True,True,True
woolsey-fire_00000591,woolsey-fire,tier3,test_ood,True,7,7,True,True,True
woolsey-fire_00000592,woolsey-fire,tier3,test_ood,True,7,7,True,True,True
woolsey-fire_00000593,woolsey-fire,tier3,test_ood,True,7,7,True,True,True
woolsey-fire_00000594,woolsey-fire,tier3,test_ood,True,7,7,True,True,True
woolsey-fire_00000595,woolsey-fire,tier3,test_ood,True,7,7,True,True,True
woolsey-fire_00000596,woolsey-fire,tier3,test_ood,True,7,7,True,True,True
woolsey-fire_00000597,woolsey-fire,tier3,test_ood,True,7,7,True,True,True
woolsey-fire_00000598,woolsey-fire,tier3,test_ood,True,7,7,True,True,True
woolsey-fire_00000599,woolsey-fire,tier3,test_ood,True,7,7,True,True,True
woolsey-fire_00000600,woolsey-fire,tier3,test_ood,True,7,7,True,True,True
woolsey-fire_00000601,woolsey-fire,tier3,test_ood,True,7,7,True,True,True
woolsey-fire_00000602,woolsey-fire,tier3,test_ood,True,7,7,True,True,True
woolsey-fire_00000603,woolsey-fire,tier3,test_ood,True,7,7,True,True,True
woolsey-fire_00000604,woolsey-fire,tier3,test_ood,True,7,7,True,True,True
woolsey-fire_00000605,woolsey-fire,tier3,test_ood,True,7,7,True,True,True
woolsey-fire_00000606,woolsey-fire,tier3,test_ood,True,7,7,True,True,True
woolsey-fire_00000607,woolsey-fire,tier3,test_ood,True,7,7,True,True,True
woolsey-fire_00000608,woolsey-fire,tier3,test_ood,True,7,7,True,True,True
woolsey-fire_00000609,woolsey-fire,tier3,test_ood,True,7,7,True,True,True
woolsey-fire_00000610,woolsey-fire,tier3,test_ood,True,7,7,True,True,True
woolsey-fire_00000611,woolsey-fire,tier3,test_ood,True,7,7,True,True,True
woolsey-fire_00000612,woolsey-fire,tier3,test_ood,True,7,7,True,True,True
woolsey-fire_00000613,woolsey-fire,tier3,test_ood,True,7,7,True,True,True
woolsey-fire_00000614,woolsey-fire,tier3,test_ood,True,7,7,True,True,True
woolsey-fire_00000615,woolsey-fire,tier3,test_ood,True,7,7,True,True,True
woolsey-fire_00000616,woolsey-fire,tier3,test_ood,True,7,7,True,True,True
woolsey-fire_00000617,woolsey-fire,tier3,test_ood,True,7,7,True,True,True
woolsey-fire_00000618,woolsey-fire,tier3,test_ood,True,7,7,True,True,True
woolsey-fire_00000619,woolsey-fire,tier3,test_ood,True,7,7,True,True,True
woolsey-fire_00000620,woolsey-fire,tier3,test_ood,True,7,7,True,True,True
woolsey-fire_00000621,woolsey-fire,tier3,test_ood,True,7,7,True,True,True
woolsey-fire_00000622,woolsey-fire,tier3,test_ood,True,7,7,True,True,True
woolsey-fire_00000623,woolsey-fire,tier3,test_ood,True,7,7,True,True,True
woolsey-fire_00000624,woolsey-fire,tier3,test_ood,True,7,7,True,True,True
woolsey-fire_00000625,woolsey-fire,tier3,test_ood,True,7,7,True,True,True
woolsey-fire_00000626,woolsey-fire,tier3,test_ood,True,7,7,True,True,True
woolsey-fire_00000627,woolsey-fire,tier3,test_ood,True,7,7,True,True,True
woolsey-fire_00000628,woolsey-fire,tier3,test_ood,True,7,7,True,True,True
woolsey-fire_00000629,woolsey-fire,tier3,test_ood,True,7,7,True,True,True
woolsey-fire_00000630,woolsey-fire,tier3,test_ood,True,7,7,True,True,True
woolsey-fire_00000631,woolsey-fire,tier3,test_ood,True,7,7,True,True,True
woolsey-fire_00000632,woolsey-fire,tier3,test_ood,True,7,7,True,True,True
woolsey-fire_00000633,woolsey-fire,tier3,test_ood,True,7,7,True,True,True
woolsey-fire_00000634,woolsey-fire,tier3,test_ood,True,7,7,True,True,True
woolsey-fire_00000635,woolsey-fire,tier3,test_ood,True,7,7,True,True,True
woolsey-fire_00000636,woolsey-fire,tier3,test_ood,True,7,7,True,True,True
woolsey-fire_00000637,woolsey-fire,tier3,test_ood,True,7,7,True,True,True
woolsey-fire_00000638,woolsey-fire,tier3,test_ood,True,7,7,True,True,True
woolsey-fire_00000639,woolsey-fire,tier3,test_ood,True,7,7,True,True,True
woolsey-fire_00000640,woolsey-fire,tier3,test_ood,True,7,7,True,True,True
woolsey-fire_00000641,woolsey-fire,tier3,test_ood,True,7,7,True,True,True
woolsey-fire_00000642,woolsey-fire,tier3,test_ood,True,7,7,True,True,True
woolsey-fire_00000643,woolsey-fire,tier3,test_ood,True,7,7,True,True,True
woolsey-fire_00000644,woolsey-fire,tier3,test_ood,True,7,7,True,True,True
woolsey-fire_00000645,woolsey-fire,tier3,test_ood,True,7,7,True,True,True
woolsey-fire_00000646,woolsey-fire,tier3,test_ood,True,7,7,True,True,True
woolsey-fire_00000647,woolsey-fire,tier3,test_ood,True,7,7,True,True,True
woolsey-fire_00000648,woolsey-fire,tier3,test_ood,True,7,7,True,True,True
woolsey-fire_00000649,woolsey-fire,tier3,test_ood,True,7,7,True,True,True
woolsey-fire_00000650,woolsey-fire,tier3,test_ood,True,7,7,True,True,True
woolsey-fire_00000651,woolsey-fire,tier3,test_ood,True,7,7,True,True,True
woolsey-fire_00000652,woolsey-fire,tier3,test_ood,True,7,7,True,True,True
woolsey-fire_00000653,woolsey-fire,tier3,test_ood,True,7,7,True,True,True
woolsey-fire_00000654,woolsey-fire,tier3,test_ood,True,7,7,True,True,True
woolsey-fire_00000655,woolsey-fire,tier3,test_ood,True,7,7,True,True,True
woolsey-fire_00000656,woolsey-fire,tier3,test_ood,True,7,7,True,True,True
woolsey-fire_00000657,woolsey-fire,tier3,test_ood,True,7,7,True,True,True
woolsey-fire_00000658,woolsey-fire,tier3,test_ood,True,7,7,True,True,True
woolsey-fire_00000659,woolsey-fire,tier3,test_ood,True,7,7,True,True,True
woolsey-fire_00000660,woolsey-fire,tier3,test_ood,True,7,7,True,True,True
woolsey-fire_00000661,woolsey-fire,tier3,test_ood,True,7,7,True,True,True
woolsey-fire_00000662,woolsey-fire,tier3,test_ood,True,7,7,True,True,True
woolsey-fire_00000663,woolsey-fire,tier3,test_ood,True,7,7,True,True,True
woolsey-fire_00000664,woolsey-fire,tier3,test_ood,True,7,7,True,True,True
woolsey-fire_00000665,woolsey-fire,tier3,test_ood,True,7,7,True,True,True
woolsey-fire_00000666,woolsey-fire,tier3,test_ood,True,7,7,True,True,True
woolsey-fire_00000667,woolsey-fire,tier3,test_ood,True,7,7,True,True,True
woolsey-fire_00000668,woolsey-fire,tier3,test_ood,True,7,7,True,True,True
woolsey-fire_00000669,woolsey-fire,tier3,test_ood,True,7,7,True,True,True
woolsey-fire_00000670,woolsey-fire,tier3,test_ood,True,7,7,True,True,True
woolsey-fire_00000671,woolsey-fire,tier3,test_ood,True,7,7,True,True,True
woolsey-fire_00000672,woolsey-fire,tier3,test_ood,True,7,7,True,True,True
woolsey-fire_00000673,woolsey-fire,tier3,test_ood,True,7,7,True,True,True
woolsey-fire_00000674,woolsey-fire,tier3,test_ood,True,7,7,True,True,True
woolsey-fire_00000675,woolsey-fire,tier3,test_ood,True,7,7,True,True,True
woolsey-fire_00000676,woolsey-fire,tier3,test_ood,True,7,7,True,True,True
woolsey-fire_00000677,woolsey-fire,tier3,test_ood,True,7,7,True,True,True
woolsey-fire_00000678,woolsey-fire,tier3,test_ood,True,7,7,True,True,True
woolsey-fire_00000679,woolsey-fire,tier3,test_ood,True,7,7,True,True,True
woolsey-fire_00000680,woolsey-fire,tier3,test_ood,True,7,7,True,True,True
woolsey-fire_00000681,woolsey-fire,tier3,test_ood,True,7,7,True,True,True
woolsey-fire_00000682,woolsey-fire,tier3,test_ood,True,7,7,True,True,True
woolsey-fire_00000683,woolsey-fire,tier3,test_ood,True,7,7,True,True,True
woolsey-fire_00000684,woolsey-fire,tier3,test_ood,True,7,7,True,True,True
woolsey-fire_00000685,woolsey-fire,tier3,test_ood,True,7,7,True,True,True
woolsey-fire_00000686,woolsey-fire,tier3,test_ood,True,7,7,True,True,True
woolsey-fire_00000687,woolsey-fire,tier3,test_ood,True,7,7,True,True,True
woolsey-fire_00000688,woolsey-fire,tier3,test_ood,True,7,7,True,True,True
woolsey-fire_00000689,woolsey-fire,tier3,test_ood,True,7,7,True,True,True
woolsey-fire_00000690,woolsey-fire,tier3,test_ood,True,7,7,True,True,True
woolsey-fire_00000691,woolsey-fire,tier3,test_ood,True,7,7,True,True,True
woolsey-fire_00000692,woolsey-fire,tier3,test_ood,True,7,7,True,True,True
woolsey-fire_00000693,woolsey-fire,tier3,test_ood,True,7,7,True,True,True
woolsey-fire_00000694,woolsey-fire,tier3,test_ood,True,7,7,True,True,True
woolsey-fire_00000695,woolsey-fire,tier3,test_ood,True,7,7,True,True,True
woolsey-fire_00000696,woolsey-fire,tier3,test_ood,True,7,7,True,True,True
woolsey-fire_00000697,woolsey-fire,tier3,test_ood,True,7,7,True,True,True
woolsey-fire_00000698,woolsey-fire,tier3,test_ood,True,7,7,True,True,True
woolsey-fire_00000699,woolsey-fire,tier3,test_ood,True,7,7,True,True,True
woolsey-fire_00000700,woolsey-fire,tier3,test_ood,True,7,7,True,True,True
woolsey-fire_00000701,woolsey-fire,tier3,test_ood,True,7,7,True,True,True
woolsey-fire_00000702,woolsey-fire,tier3,test_ood,True,7,7,True,True,True
woolsey-fire_00000703,woolsey-fire,tier3,test_ood,True,7,7,True,True,True
woolsey-fire_00000704,woolsey-fire,tier3,test_ood,True,7,7,True,True,True
woolsey-fire_00000705,woolsey-fire,tier3,test_ood,True,7,7,True,True,True
woolsey-fire_00000706,woolsey-fire,tier3,test_ood,True,7,7,True,True,True
woolsey-fire_00000707,woolsey-fire,tier3,test_ood,True,7,7,True,True,True
woolsey-fire_00000708,woolsey-fire,tier3,test_ood,True,7,7,True,True,True
woolsey-fire_00000709,woolsey-fire,tier3,test_ood,True,7,7,True,True,True
woolsey-fire_00000710,woolsey-fire,tier3,test_ood,True,7,7,True,True,True
woolsey-fire_00000711,woolsey-fire,tier3,test_ood,True,7,7,True,True,True
woolsey-fire_00000712,woolsey-fire,tier3,test_ood,True,7,7,True,True,True
woolsey-fire_00000713,woolsey-fire,tier3,test_ood,True,7,7,True,True,True
woolsey-fire_00000714,woolsey-fire,tier3,test_ood,True,7,7,True,True,True
woolsey-fire_00000715,woolsey-fire,tier3,test_ood,True,7,7,True,True,True
woolsey-fire_00000716,woolsey-fire,tier3,test_ood,True,7,7,True,True,True
woolsey-fire_00000717,woolsey-fire,tier3,test_ood,True,7,7,True,True,True
woolsey-fire_00000718,woolsey-fire,tier3,test_ood,True,7,7,True,True,True
woolsey-fire_00000719,woolsey-fire,tier3,test_ood,True,7,7,True,True,True
woolsey-fire_00000720,woolsey-fire,tier3,test_ood,True,7,7,True,True,True
woolsey-fire_00000721,woolsey-fire,tier3,test_ood,True,7,7,True,True,True
woolsey-fire_00000722,woolsey-fire,tier3,test_ood,True,7,7,True,True,True
woolsey-fire_00000723,woolsey-fire,tier3,test_ood,True,7,7,True,True,True
woolsey-fire_00000724,woolsey-fire,tier3,test_ood,True,7,7,True,True,True
woolsey-fire_00000725,woolsey-fire,tier3,test_ood,True,7,7,True,True,True
woolsey-fire_00000726,woolsey-fire,tier3,test_ood,True,7,7,True,True,True
woolsey-fire_00000727,woolsey-fire,tier3,test_ood,True,7,7,True,True,True
woolsey-fire_00000728,woolsey-fire,tier3,test_ood,True,7,7,True,True,True
woolsey-fire_00000729,woolsey-fire,tier3,test_ood,True,7,7,True,True,True
woolsey-fire_00000730,woolsey-fire,tier3,test_ood,True,7,7,True,True,True
woolsey-fire_00000731,woolsey-fire,tier3,test_ood,True,7,7,True,True,True
woolsey-fire_00000732,woolsey-fire,tier3,test_ood,True,7,7,True,True,True
woolsey-fire_00000733,woolsey-fire,tier3,test_ood,True,7,7,True,True,True
woolsey-fire_00000734,woolsey-fire,tier3,test_ood,True,7,7,True,True,True
woolsey-fire_00000735,woolsey-fire,tier3,test_ood,True,7,7,True,True,True
woolsey-fire_00000736,woolsey-fire,tier3,test_ood,True,7,7,True,True,True
woolsey-fire_00000737,woolsey-fire,tier3,test_ood,True,7,7,True,True,True
woolsey-fire_00000738,woolsey-fire,tier3,test_ood,True,7,7,True,True,True
woolsey-fire_00000739,woolsey-fire,tier3,test_ood,True,7,7,True,True,True
woolsey-fire_00000740,woolsey-fire,tier3,test_ood,True,7,7,True,True,True
woolsey-fire_00000741,woolsey-fire,tier3,test_ood,True,7,7,True,True,True
woolsey-fire_00000742,woolsey-fire,tier3,test_ood,True,7,7,True,True,True
woolsey-fire_00000743,woolsey-fire,tier3,test_ood,True,7,7,True,True,True
woolsey-fire_00000744,woolsey-fire,tier3,test_ood,True,7,7,True,True,True
woolsey-fire_00000745,woolsey-fire,tier3,test_ood,True,7,7,True,True,True
woolsey-fire_00000746,woolsey-fire,tier3,test_ood,True,7,7,True,True,True
woolsey-fire_00000747,woolsey-fire,tier3,test_ood,True,7,7,True,True,True
woolsey-fire_00000748,woolsey-fire,tier3,test_ood,True,7,7,True,True,True
woolsey-fire_00000749,woolsey-fire,tier3,test_ood,True,7,7,True,True,True
woolsey-fire_00000750,woolsey-fire,tier3,test_ood,True,7,7,True,True,True
woolsey-fire_00000751,woolsey-fire,tier3,test_ood,True,7,7,True,True,True
woolsey-fire_00000752,woolsey-fire,tier3,test_ood,True,7,7,True,True,True
woolsey-fire_00000753,woolsey-fire,tier3,test_ood,True,7,7,True,True,True
woolsey-fire_00000754,woolsey-fire,tier3,test_ood,True,7,7,True,True,True
woolsey-fire_00000755,woolsey-fire,tier3,test_ood,True,7,7,True,True,True
woolsey-fire_00000756,woolsey-fire,tier3,test_ood,True,7,7,True,True,True
woolsey-fire_00000757,woolsey-fire,tier3,test_ood,True,7,7,True,True,True
woolsey-fire_00000758,woolsey-fire,tier3,test_ood,True,7,7,True,True,True
woolsey-fire_00000759,woolsey-fire,tier3,test_ood,True,7,7,True,True,True
woolsey-fire_00000760,woolsey-fire,tier3,test_ood,True,7,7,True,True,True
woolsey-fire_00000761,woolsey-fire,tier3,test_ood,True,7,7,True,True,True
woolsey-fire_00000762,woolsey-fire,tier3,test_ood,True,7,7,True,True,True
woolsey-fire_00000763,woolsey-fire,tier3,test_ood,True,7,7,True,True,True
woolsey-fire_00000764,woolsey-fire,tier3,test_ood,True,7,7,True,True,True
woolsey-fire_00000765,woolsey-fire,tier3,test_ood,True,7,7,True,True,True
woolsey-fire_00000766,woolsey-fire,tier3,test_ood,True,7,7,True,True,True
woolsey-fire_00000767,woolsey-fire,tier3,test_ood,True,7,7,True,True,True
woolsey-fire_00000768,woolsey-fire,tier3,test_ood,True,7,7,True,True,True
woolsey-fire_00000769,woolsey-fire,tier3,test_ood,True,7,7,True,True,True
woolsey-fire_00000770,woolsey-fire,tier3,test_ood,True,7,7,True,True,True
woolsey-fire_00000771,woolsey-fire,tier3,test_ood,True,7,7,True,True,True
woolsey-fire_00000772,woolsey-fire,tier3,test_ood,True,7,7,True,True,True
woolsey-fire_00000773,woolsey-fire,tier3,test_ood,True,7,7,True,True,True
woolsey-fire_00000774,woolsey-fire,tier3,test_ood,True,7,7,True,True,True
woolsey-fire_00000775,woolsey-fire,tier3,test_ood,True,7,7,True,True,True
woolsey-fire_00000776,woolsey-fire,tier3,test_ood,True,7,7,True,True,True
woolsey-fire_00000777,woolsey-fire,tier3,test_ood,True,7,7,True,True,True
woolsey-fire_00000778,woolsey-fire,tier3,test_ood,True,7,7,True,True,True
woolsey-fire_00000779,woolsey-fire,tier3,test_ood,True,7,7,True,True,True
woolsey-fire_00000780,woolsey-fire,tier3,test_ood,True,7,7,True,True,True
woolsey-fire_00000781,woolsey-fire,tier3,test_ood,True,7,7,True,True,True
woolsey-fire_00000782,woolsey-fire,tier3,test_ood,True,7,7,True,True,True
woolsey-fire_00000783,woolsey-fire,tier3,test_ood,True,7,7,True,True,True
woolsey-fire_00000784,woolsey-fire,tier3,test_ood,True,7,7,True,True,True
woolsey-fire_00000785,woolsey-fire,tier3,test_ood,True,7,7,True,True,True
woolsey-fire_00000786,woolsey-fire,tier3,test_ood,True,7,7,True,True,True
woolsey-fire_00000787,woolsey-fire,tier3,test_ood,True,7,7,True,True,True
woolsey-fire_00000788,woolsey-fire,tier3,test_ood,True,7,7,True,True,True
woolsey-fire_00000789,woolsey-fire,tier3,test_ood,True,7,7,True,True,True
woolsey-fire_00000790,woolsey-fire,tier3,test_ood,True,7,7,True,True,True
woolsey-fire_00000791,woolsey-fire,tier3,test_ood,True,7,7,True,True,True
woolsey-fire_00000792,woolsey-fire,tier3,test_ood,True,7,7,True,True,True
woolsey-fire_00000793,woolsey-fire,tier3,test_ood,True,7,7,True,True,True
woolsey-fire_00000794,woolsey-fire,tier3,test_ood,True,7,7,True,True,True
woolsey-fire_00000795,woolsey-fire,tier3,test_ood,True,7,7,True,True,True
woolsey-fire_00000796,woolsey-fire,tier3,test_ood,True,7,7,True,True,True
woolsey-fire_00000797,woolsey-fire,tier3,test_ood,True,7,7,True,True,True
woolsey-fire_00000798,woolsey-fire,tier3,test_ood,True,7,7,True,True,True
woolsey-fire_00000799,woolsey-fire,tier3,test_ood,True,7,7,True,True,True
woolsey-fire_00000800,woolsey-fire,tier3,test_ood,True,7,7,True,True,True
woolsey-fire_00000801,woolsey-fire,tier3,test_ood,True,7,7,True,True,True
woolsey-fire_00000802,woolsey-fire,tier3,test_ood,True,7,7,True,True,True
woolsey-fire_00000803,woolsey-fire,tier3,test_ood,True,7,7,True,True,True
woolsey-fire_00000804,woolsey-fire,tier3,test_ood,True,7,7,True,True,True
woolsey-fire_00000805,woolsey-fire,tier3,test_ood,True,7,7,True,True,True
woolsey-fire_00000806,woolsey-fire,tier3,test_ood,True,7,7,True,True,True
woolsey-fire_00000807,woolsey-fire,tier3,test_ood,True,7,7,True,True,True
woolsey-fire_00000808,woolsey-fire,tier3,test_ood,True,7,7,True,True,True
woolsey-fire_00000809,woolsey-fire,tier3,test_ood,True,7,7,True,True,True
woolsey-fire_00000810,woolsey-fire,tier3,test_ood,True,7,7,True,True,True
woolsey-fire_00000811,woolsey-fire,tier3,test_ood,True,7,7,True,True,True
woolsey-fire_00000812,woolsey-fire,tier3,test_ood,True,7,7,True,True,True
woolsey-fire_00000813,woolsey-fire,tier3,test_ood,True,7,7,True,True,True
woolsey-fire_00000814,woolsey-fire,tier3,test_ood,True,7,7,True,True,True
woolsey-fire_00000815,woolsey-fire,tier3,test_ood,True,7,7,True,True,True
woolsey-fire_00000816,woolsey-fire,tier3,test_ood,True,7,7,True,True,True
woolsey-fire_00000817,woolsey-fire,tier3,test_ood,True,7,7,True,True,True
woolsey-fire_00000818,woolsey-fire,tier3,test_ood,True,7,7,True,True,True
woolsey-fire_00000819,woolsey-fire,tier3,test_ood,True,7,7,True,True,True
woolsey-fire_00000820,woolsey-fire,tier3,test_ood,True,7,7,True,True,True
woolsey-fire_00000821,woolsey-fire,tier3,test_ood,True,7,7,True,True,True
woolsey-fire_00000822,woolsey-fire,tier3,test_ood,True,7,7,True,True,True
woolsey-fire_00000823,woolsey-fire,tier3,test_ood,True,7,7,True,True,True
woolsey-fire_00000824,woolsey-fire,tier3,test_ood,True,7,7,True,True,True
woolsey-fire_00000825,woolsey-fire,tier3,test_ood,True,7,7,True,True,True
woolsey-fire_00000826,woolsey-fire,tier3,test_ood,True,7,7,True,True,True
woolsey-fire_00000827,woolsey-fire,tier3,test_ood,True,7,7,True,True,True
woolsey-fire_00000828,woolsey-fire,tier3,test_ood,True,7,7,True,True,True
woolsey-fire_00000829,woolsey-fire,tier3,test_ood,True,7,7,True,True,True
woolsey-fire_00000830,woolsey-fire,tier3,test_ood,True,7,7,True,True,True
woolsey-fire_00000831,woolsey-fire,tier3,test_ood,True,7,7,True,True,True
woolsey-fire_00000832,woolsey-fire,tier3,test_ood,True,7,7,True,True,True
woolsey-fire_00000833,woolsey-fire,tier3,test_ood,True,7,7,True,True,True
woolsey-fire_00000834,woolsey-fire,tier3,test_ood,True,7,7,True,True,True
woolsey-fire_00000835,woolsey-fire,tier3,test_ood,True,7,7,True,True,True
woolsey-fire_00000836,woolsey-fire,tier3,test_ood,True,7,7,True,True,True
woolsey-fire_00000837,woolsey-fire,tier3,test_ood,True,7,7,True,True,True
woolsey-fire_00000838,woolsey-fire,tier3,test_ood,True,7,7,True,True,True
woolsey-fire_00000839,woolsey-fire,tier3,test_ood,True,7,7,True,True,True
woolsey-fire_00000840,woolsey-fire,tier3,test_ood,True,7,7,True,True,True
woolsey-fire_00000841,woolsey-fire,tier3,test_ood,True,7,7,True,True,True
woolsey-fire_00000842,woolsey-fire,tier3,test_ood,True,7,7,True,True,True
woolsey-fire_00000843,woolsey-fire,tier3,test_ood,True,7,7,True,True,True
woolsey-fire_00000844,woolsey-fire,tier3,test_ood,True,7,7,True,True,True
woolsey-fire_00000845,woolsey-fire,tier3,test_ood,True,7,7,True,True,True
woolsey-fire_00000846,woolsey-fire,tier3,test_ood,True,7,7,True,True,True
woolsey-fire_00000847,woolsey-fire,tier3,test_ood,True,7,7,True,True,True
woolsey-fire_00000848,woolsey-fire,tier3,test_ood,True,7,7,True,True,True
woolsey-fire_00000849,woolsey-fire,tier3,test_ood,True,7,7,True,True,True
woolsey-fire_00000850,woolsey-fire,tier3,test_ood,True,7,7,True,True,True
woolsey-fire_00000851,woolsey-fire,tier3,test_ood,True,7,7,True,True,True
woolsey-fire_00000852,woolsey-fire,tier3,test_ood,True,7,7,True,True,True
woolsey-fire_00000853,woolsey-fire,tier3,test_ood,True,7,7,True,True,True
woolsey-fire_00000854,woolsey-fire,tier3,test_ood,True,7,7,True,True,True
woolsey-fire_00000855,woolsey-fire,tier3,test_ood,True,7,7,True,True,True
woolsey-fire_00000856,woolsey-fire,tier3,test_ood,True,7,7,True,True,True
woolsey-fire_00000857,woolsey-fire,tier3,test_ood,True,7,7,True,True,True
woolsey-fire_00000858,woolsey-fire,tier3,test_ood,True,7,7,True,True,True
woolsey-fire_00000859,woolsey-fire,tier3,test_ood,True,7,7,True,True,True
woolsey-fire_00000860,woolsey-fire,tier3,test_ood,True,7,7,True,True,True
woolsey-fire_00000861,woolsey-fire,tier3,test_ood,True,7,7,True,True,True
woolsey-fire_00000862,woolsey-fire,tier3,test_ood,True,7,7,True,True,True
woolsey-fire_00000863,woolsey-fire,tier3,test_ood,True,7,7,True,True,True
woolsey-fire_00000864,woolsey-fire,tier3,test_ood,True,7,7,True,True,True
woolsey-fire_00000865,woolsey-fire,tier3,test_ood,True,7,7,True,True,True
woolsey-fire_00000866,woolsey-fire,tier3,test_ood,True,7,7,True,True,True
woolsey-fire_00000867,woolsey-fire,tier3,test_ood,True,7,7,True,True,True
woolsey-fire_00000868,woolsey-fire,tier3,test_ood,True,7,7,True,True,True
woolsey-fire_00000869,woolsey-fire,tier3,test_ood,True,7,7,True,True,True
woolsey-fire_00000870,woolsey-fire,tier3,test_ood,True,7,7,True,True,True
woolsey-fire_00000871,woolsey-fire,tier3,test_ood,True,7,7,True,True,True
woolsey-fire_00000872,woolsey-fire,tier3,test_ood,True,7,7,True,True,True
woolsey-fire_00000873,woolsey-fire,tier3,test_ood,True,7,7,True,True,True
woolsey-fire_00000874,woolsey-fire,tier3,test_ood,True,7,7,True,True,True
woolsey-fire_00000875,woolsey-fire,tier3,test_ood,True,7,7,True,True,True
woolsey-fire_00000876,woolsey-fire,tier3,test_ood,True,7,7,True,True,True
woolsey-fire_00000877,woolsey-fire,tier3,test_ood,True,7,7,True,True,True
guatemala-volcano_00000000,guatemala-volcano,tier1,train,False,7,7,True,True,True
guatemala-volcano_00000001,guatemala-volcano,tier1,train,False,7,7,True,True,True
guatemala-volcano_00000002,guatemala-volcano,tier1,train,False,7,7,True,True,True
guatemala-volcano_00000006,guatemala-volcano,tier1,train,False,7,7,True,True,True
guatemala-volcano_00000007,guatemala-volcano,tier1,train,False,7,7,True,True,True
guatemala-volcano_00000008,guatemala-volcano,tier1,train,False,7,7,True,True,True
guatemala-volcano_00000010,guatemala-volcano,tier1,train,False,7,7,True,True,True
guatemala-volcano_00000013,guatemala-volcano,tier1,train,False,7,7,True,True,True
guatemala-volcano_00000015,guatemala-volcano,tier1,train,False,7,7,True,True,True
guatemala-volcano_00000016,guatemala-volcano,tier1,train,False,7,7,True,True,True
guatemala-volcano_00000018,guatemala-volcano,tier1,train,False,7,7,True,True,True
guatemala-volcano_00000019,guatemala-volcano,tier1,train,False,7,7,True,True,True
guatemala-volcano_00000023,guatemala-volcano,tier1,train,False,7,7,True,True,True
guatemala-volcano_00000025,guatemala-volcano,tier1,train,False,7,7,True,True,True
guatemala-volcano_00000026,guatemala-volcano,tier1,train,False,7,7,True,True,True
guatemala-volcano_00000027,guatemala-volcano,tier1,train,False,7,7,True,True,True
hurricane-florence_00000000,hurricane-florence,tier1,train,False,7,7,True,True,True
hurricane-florence_00000002,hurricane-florence,tier1,train,False,7,7,True,True,True
hurricane-florence_00000003,hurricane-florence,tier1,train,False,7,7,True,True,True
hurricane-florence_00000008,hurricane-florence,tier1,train,False,7,7,True,True,True
hurricane-florence_00000012,hurricane-florence,tier1,train,False,7,7,True,True,True
hurricane-florence_00000015,hurricane-florence,tier1,train,False,7,7,True,True,True
hurricane-florence_00000016,hurricane-florence,tier1,train,False,7,7,True,True,True
hurricane-florence_00000018,hurricane-florence,tier1,train,False,7,7,True,True,True
hurricane-florence_00000020,hurricane-florence,tier1,train,False,7,7,True,True,True
hurricane-florence_00000022,hurricane-florence,tier1,train,False,7,7,True,True,True
hurricane-florence_00000023,hurricane-florence,tier1,train,False,7,7,True,True,True
hurricane-florence_00000024,hurricane-florence,tier1,train,False,7,7,True,True,True
hurricane-florence_00000027,hurricane-florence,tier1,train,False,7,7,True,True,True
hurricane-florence_00000028,hurricane-florence,tier1,train,False,7,7,True,True,True
hurricane-florence_00000030,hurricane-florence,tier1,train,False,7,7,True,True,True
hurricane-florence_00000031,hurricane-florence,tier1,train,False,7,7,True,True,True
hurricane-florence_00000032,hurricane-florence,tier1,train,False,7,7,True,True,True
hurricane-florence_00000036,hurricane-florence,tier1,train,False,7,7,True,True,True
hurricane-florence_00000043,hurricane-florence,tier1,train,False,7,7,True,True,True
hurricane-florence_00000044,hurricane-florence,tier1,train,False,7,7,True,True,True
hurricane-florence_00000045,hurricane-florence,tier1,train,False,7,7,True,True,True
hurricane-florence_00000048,hurricane-florence,tier1,train,False,7,7,True,True,True
hurricane-florence_00000049,hurricane-florence,tier1,train,False,7,7,True,True,True
hurricane-florence_00000051,hurricane-florence,tier1,train,False,7,7,True,True,True
hurricane-florence_00000053,hurricane-florence,tier1,train,False,7,7,True,True,True
hurricane-florence_00000054,hurricane-florence,tier1,train,False,7,7,True,True,True
hurricane-florence_00000055,hurricane-florence,tier1,train,False,7,7,True,True,True
hurricane-florence_00000057,hurricane-florence,tier1,train,False,7,7,True,True,True
hurricane-florence_00000058,hurricane-florence,tier1,train,False,7,7,True,True,True
hurricane-florence_00000059,hurricane-florence,tier1,train,False,7,7,True,True,True
hurricane-florence_00000061,hurricane-florence,tier1,train,False,7,7,True,True,True
hurricane-florence_00000062,hurricane-florence,tier1,train,False,7,7,True,True,True
hurricane-florence_00000063,hurricane-florence,tier1,train,False,7,7,True,True,True
hurricane-florence_00000064,hurricane-florence,tier1,train,False,7,7,True,True,True
hurricane-florence_00000065,hurricane-florence,tier1,train,False,7,7,True,True,True
hurricane-florence_00000066,hurricane-florence,tier1,train,False,7,7,True,True,True
hurricane-florence_00000067,hurricane-florence,tier1,train,False,7,7,True,True,True
hurricane-florence_00000069,hurricane-florence,tier1,train,False,7,7,True,True,True
hurricane-florence_00000070,hurricane-florence,tier1,train,False,7,7,True,True,True
hurricane-florence_00000072,hurricane-florence,tier1,train,False,7,7,True,True,True
hurricane-florence_00000073,hurricane-florence,tier1,train,False,7,7,True,True,True
hurricane-florence_00000075,hurricane-florence,tier1,train,False,7,7,True,True,True
hurricane-florence_00000078,hurricane-florence,tier1,train,False,7,7,True,True,True
hurricane-florence_00000084,hurricane-florence,tier1,train,False,7,7,True,True,True
hurricane-florence_00000091,hurricane-florence,tier1,train,False,7,7,True,True,True
hurricane-florence_00000093,hurricane-florence,tier1,train,False,7,7,True,True,True
hurricane-florence_00000094,hurricane-florence,tier1,train,False,7,7,True,True,True
hurricane-florence_00000099,hurricane-florence,tier1,train,False,7,7,True,True,True
hurricane-florence_00000100,hurricane-florence,tier1,train,False,7,7,True,True,True
hurricane-florence_00000101,hurricane-florence,tier1,train,False,7,7,True,True,True
hurricane-florence_00000102,hurricane-florence,tier1,train,False,7,7,True,True,True
hurricane-florence_00000103,hurricane-florence,tier1,train,False,7,7,True,True,True
hurricane-florence_00000104,hurricane-florence,tier1,train,False,7,7,True,True,True
hurricane-florence_00000106,hurricane-florence,tier1,train,False,7,7,True,True,True
hurricane-florence_00000110,hurricane-florence,tier1,train,False,7,7,True,True,True
hurricane-florence_00000111,hurricane-florence,tier1,train,False,7,7,True,True,True
hurricane-florence_00000114,hurricane-florence,tier1,train,False,7,7,True,True,True
hurricane-florence_00000115,hurricane-florence,tier1,train,False,7,7,True,True,True
hurricane-florence_00000118,hurricane-florence,tier1,train,False,7,7,True,True,True
hurricane-florence_00000120,hurricane-florence,tier1,train,False,7,7,True,True,True
hurricane-florence_00000122,hurricane-florence,tier1,train,False,7,7,True,True,True
hurricane-florence_00000123,hurricane-florence,tier1,train,False,7,7,True,True,True
hurricane-florence_00000126,hurricane-florence,tier1,train,False,7,7,True,True,True
hurricane-florence_00000132,hurricane-florence,tier1,train,False,7,7,True,True,True
hurricane-florence_00000136,hurricane-florence,tier1,train,False,7,7,True,True,True
hurricane-florence_00000138,hurricane-florence,tier1,train,False,7,7,True,True,True
hurricane-florence_00000139,hurricane-florence,tier1,train,False,7,7,True,True,True
hurricane-florence_00000140,hurricane-florence,tier1,train,False,7,7,True,True,True
hurricane-florence_00000144,hurricane-florence,tier1,train,False,7,7,True,True,True
hurricane-florence_00000146,hurricane-florence,tier1,train,False,7,7,True,True,True
hurricane-florence_00000147,hurricane-florence,tier1,train,False,7,7,True,True,True
hurricane-florence_00000148,hurricane-florence,tier1,train,False,7,7,True,True,True
hurricane-florence_00000149,hurricane-florence,tier1,train,False,7,7,True,True,True
hurricane-florence_00000151,hurricane-florence,tier1,train,False,7,7,True,True,True
hurricane-florence_00000153,hurricane-florence,tier1,train,False,7,7,True,True,True
hurricane-florence_00000158,hurricane-florence,tier1,train,False,7,7,True,True,True
hurricane-florence_00000159,hurricane-florence,tier1,train,False,7,7,True,True,True
hurricane-florence_00000164,hurricane-florence,tier1,train,False,7,7,True,True,True
hurricane-florence_00000165,hurricane-florence,tier1,train,False,7,7,True,True,True
hurricane-florence_00000166,hurricane-florence,tier1,train,False,7,7,True,True,True
hurricane-florence_00000168,hurricane-florence,tier1,train,False,7,7,True,True,True
hurricane-florence_00000174,hurricane-florence,tier1,train,False,7,7,True,True,True
hurricane-florence_00000178,hurricane-florence,tier1,train,False,7,7,True,True,True
hurricane-florence_00000180,hurricane-florence,tier1,train,False,7,7,True,True,True
hurricane-florence_00000181,hurricane-florence,tier1,train,False,7,7,True,True,True
hurricane-florence_00000183,hurricane-florence,tier1,train,False,7,7,True,True,True
hurricane-florence_00000185,hurricane-florence,tier1,train,False,7,7,True,True,True
hurricane-florence_00000188,hurricane-florence,tier1,train,False,7,7,True,True,True
hurricane-florence_00000189,hurricane-florence,tier1,train,False,7,7,True,True,True
hurricane-florence_00000190,hurricane-florence,tier1,train,False,7,7,True,True,True
hurricane-florence_00000192,hurricane-florence,tier1,train,False,7,7,True,True,True
hurricane-florence_00000193,hurricane-florence,tier1,train,False,7,7,True,True,True
hurricane-florence_00000194,hurricane-florence,tier1,train,False,7,7,True,True,True
hurricane-florence_00000195,hurricane-florence,tier1,train,False,7,7,True,True,True
hurricane-florence_00000199,hurricane-florence,tier1,train,False,7,7,True,True,True
hurricane-florence_00000203,hurricane-florence,tier1,train,False,7,7,True,True,True
hurricane-florence_00000210,hurricane-florence,tier1,train,False,7,7,True,True,True
hurricane-florence_00000212,hurricane-florence,tier1,train,False,7,7,True,True,True
hurricane-florence_00000216,hurricane-florence,tier1,train,False,7,7,True,True,True
hurricane-florence_00000217,hurricane-florence,tier1,train,False,7,7,True,True,True
hurricane-florence_00000218,hurricane-florence,tier1,train,False,7,7,True,True,True
hurricane-florence_00000219,hurricane-florence,tier1,train,False,7,7,True,True,True
hurricane-florence_00000221,hurricane-florence,tier1,train,False,7,7,True,True,True
hurricane-florence_00000222,hurricane-florence,tier1,train,False,7,7,True,True,True
hurricane-florence_00000224,hurricane-florence,tier1,train,False,7,7,True,True,True
hurricane-florence_00000226,hurricane-florence,tier1,train,False,7,7,True,True,True
hurricane-florence_00000229,hurricane-florence,tier1,train,False,7,7,True,True,True
hurricane-florence_00000231,hurricane-florence,tier1,train,False,7,7,True,True,True
hurricane-florence_00000232,hurricane-florence,tier1,train,False,7,7,True,True,True
hurricane-florence_00000233,hurricane-florence,tier1,train,False,7,7,True,True,True
hurricane-florence_00000237,hurricane-florence,tier1,train,False,7,7,True,True,True
hurricane-florence_00000242,hurricane-florence,tier1,train,False,7,7,True,True,True
hurricane-florence_00000244,hurricane-florence,tier1,train,False,7,7,True,True,True
hurricane-florence_00000245,hurricane-florence,tier1,train,False,7,7,True,True,True
hurricane-florence_00000251,hurricane-florence,tier1,train,False,7,7,True,True,True
hurricane-florence_00000252,hurricane-florence,tier1,train,False,7,7,True,True,True
hurricane-florence_00000255,hurricane-florence,tier1,train,False,7,7,True,True,True
hurricane-florence_00000259,hurricane-florence,tier1,train,False,7,7,True,True,True
hurricane-florence_00000260,hurricane-florence,tier1,train,False,7,7,True,True,True
hurricane-florence_00000263,hurricane-florence,tier1,train,False,7,7,True,True,True
hurricane-florence_00000264,hurricane-florence,tier1,train,False,7,7,True,True,True
hurricane-florence_00000266,hurricane-florence,tier1,train,False,7,7,True,True,True
hurricane-florence_00000269,hurricane-florence,tier1,train,False,7,7,True,True,True
hurricane-florence_00000272,hurricane-florence,tier1,train,False,7,7,True,True,True
hurricane-florence_00000273,hurricane-florence,tier1,train,False,7,7,True,True,True
hurricane-florence_00000274,hurricane-florence,tier1,train,False,7,7,True,True,True
hurricane-florence_00000275,hurricane-florence,tier1,train,False,7,7,True,True,True
hurricane-florence_00000277,hurricane-florence,tier1,train,False,7,7,True,True,True
hurricane-florence_00000278,hurricane-florence,tier1,train,False,7,7,True,True,True
hurricane-florence_00000279,hurricane-florence,tier1,train,False,7,7,True,True,True
hurricane-florence_00000282,hurricane-florence,tier1,train,False,7,7,True,True,True
hurricane-florence_00000284,hurricane-florence,tier1,train,False,7,7,True,True,True
hurricane-florence_00000285,hurricane-florence,tier1,train,False,7,7,True,True,True
hurricane-florence_00000289,hurricane-florence,tier1,train,False,7,7,True,True,True
hurricane-florence_00000290,hurricane-florence,tier1,train,False,7,7,True,True,True
hurricane-florence_00000293,hurricane-florence,tier1,train,False,7,7,True,True,True
hurricane-florence_00000296,hurricane-florence,tier1,train,False,7,7,True,True,True
hurricane-florence_00000297,hurricane-florence,tier1,train,False,7,7,True,True,True
hurricane-florence_00000298,hurricane-florence,tier1,train,False,7,7,True,True,True
hurricane-florence_00000300,hurricane-florence,tier1,train,False,7,7,True,True,True
hurricane-florence_00000302,hurricane-florence,tier1,train,False,7,7,True,True,True
hurricane-florence_00000303,hurricane-florence,tier1,train,False,7,7,True,True,True
hurricane-florence_00000306,hurricane-florence,tier1,train,False,7,7,True,True,True
hurricane-florence_00000308,hurricane-florence,tier1,train,False,7,7,True,True,True
hurricane-florence_00000309,hurricane-florence,tier1,train,False,7,7,True,True,True
hurricane-florence_00000310,hurricane-florence,tier1,train,False,7,7,True,True,True
hurricane-florence_00000312,hurricane-florence,tier1,train,False,7,7,True,True,True
hurricane-florence_00000314,hurricane-florence,tier1,train,False,7,7,True,True,True
hurricane-florence_00000315,hurricane-florence,tier1,train,False,7,7,True,True,True
hurricane-florence_00000319,hurricane-florence,tier1,train,False,7,7,True,True,True
hurricane-florence_00000320,hurricane-florence,tier1,train,False,7,7,True,True,True
hurricane-florence_00000324,hurricane-florence,tier1,train,False,7,7,True,True,True
hurricane-florence_00000325,hurricane-florence,tier1,train,False,7,7,True,True,True
hurricane-florence_00000329,hurricane-florence,tier1,train,False,7,7,True,True,True
hurricane-florence_00000330,hurricane-florence,tier1,train,False,7,7,True,True,True
hurricane-florence_00000331,hurricane-florence,tier1,train,False,7,7,True,True,True
hurricane-florence_00000332,hurricane-florence,tier1,train,False,7,7,True,True,True
hurricane-florence_00000333,hurricane-florence,tier1,train,False,7,7,True,True,True
hurricane-florence_00000334,hurricane-florence,tier1,train,False,7,7,True,True,True
hurricane-florence_00000335,hurricane-florence,tier1,train,False,7,7,True,True,True
hurricane-florence_00000336,hurricane-florence,tier1,train,False,7,7,True,True,True
hurricane-florence_00000337,hurricane-florence,tier1,train,False,7,7,True,True,True
hurricane-florence_00000338,hurricane-florence,tier1,train,False,7,7,True,True,True
hurricane-florence_00000340,hurricane-florence,tier1,train,False,7,7,True,True,True
hurricane-florence_00000341,hurricane-florence,tier1,train,False,7,7,True,True,True
hurricane-florence_00000345,hurricane-florence,tier1,train,False,7,7,True,True,True
hurricane-florence_00000347,hurricane-florence,tier1,train,False,7,7,True,True,True
hurricane-florence_00000350,hurricane-florence,tier1,train,False,7,7,True,True,True
hurricane-florence_00000353,hurricane-florence,tier1,train,False,7,7,True,True,True
hurricane-florence_00000355,hurricane-florence,tier1,train,False,7,7,True,True,True
hurricane-florence_00000356,hurricane-florence,tier1,train,False,7,7,True,True,True
hurricane-florence_00000357,hurricane-florence,tier1,train,False,7,7,True,True,True
hurricane-florence_00000359,hurricane-florence,tier1,train,False,7,7,True,True,True
hurricane-florence_00000360,hurricane-florence,tier1,train,False,7,7,True,True,True
hurricane-florence_00000361,hurricane-florence,tier1,train,False,7,7,True,True,True
hurricane-florence_00000362,hurricane-florence,tier1,train,False,7,7,True,True,True
hurricane-florence_00000365,hurricane-florence,tier1,train,False,7,7,True,True,True
hurricane-florence_00000366,hurricane-florence,tier1,train,False,7,7,True,True,True
hurricane-florence_00000368,hurricane-florence,tier1,train,False,7,7,True,True,True
hurricane-florence_00000369,hurricane-florence,tier1,train,False,7,7,True,True,True
hurricane-florence_00000371,hurricane-florence,tier1,train,False,7,7,True,True,True
hurricane-florence_00000372,hurricane-florence,tier1,train,False,7,7,True,True,True
hurricane-florence_00000374,hurricane-florence,tier1,train,False,7,7,True,True,True
hurricane-florence_00000376,hurricane-florence,tier1,train,False,7,7,True,True,True
hurricane-florence_00000379,hurricane-florence,tier1,train,False,7,7,True,True,True
hurricane-florence_00000380,hurricane-florence,tier1,train,False,7,7,True,True,True
hurricane-florence_00000381,hurricane-florence,tier1,train,False,7,7,True,True,True
hurricane-florence_00000382,hurricane-florence,tier1,train,False,7,7,True,True,True
hurricane-florence_00000387,hurricane-florence,tier1,train,False,7,7,True,True,True
hurricane-florence_00000388,hurricane-florence,tier1,train,False,7,7,True,True,True
hurricane-florence_00000389,hurricane-florence,tier1,train,False,7,7,True,True,True
hurricane-florence_00000390,hurricane-florence,tier1,train,False,7,7,True,True,True
hurricane-florence_00000392,hurricane-florence,tier1,train,False,7,7,True,True,True
hurricane-florence_00000393,hurricane-florence,tier1,train,False,7,7,True,True,True
hurricane-florence_00000394,hurricane-florence,tier1,train,False,7,7,True,True,True
hurricane-florence_00000395,hurricane-florence,tier1,train,False,7,7,True,True,True
hurricane-florence_00000397,hurricane-florence,tier1,train,False,7,7,True,True,True
hurricane-florence_00000398,hurricane-florence,tier1,train,False,7,7,True,True,True
hurricane-florence_00000399,hurricane-florence,tier1,train,False,7,7,True,True,True
hurricane-florence_00000401,hurricane-florence,tier1,train,False,7,7,True,True,True
hurricane-florence_00000403,hurricane-florence,tier1,train,False,7,7,True,True,True
hurricane-florence_00000404,hurricane-florence,tier1,train,False,7,7,True,True,True
hurricane-florence_00000405,hurricane-florence,tier1,train,False,7,7,True,True,True
hurricane-florence_00000406,hurricane-florence,tier1,train,False,7,7,True,True,True
hurricane-florence_00000407,hurricane-florence,tier1,train,False,7,7,True,True,True
hurricane-florence_00000408,hurricane-florence,tier1,train,False,7,7,True,True,True
hurricane-florence_00000409,hurricane-florence,tier1,train,False,7,7,True,True,True
hurricane-florence_00000410,hurricane-florence,tier1,train,False,7,7,True,True,True
hurricane-florence_00000411,hurricane-florence,tier1,train,False,7,7,True,True,True
hurricane-florence_00000416,hurricane-florence,tier1,train,False,7,7,True,True,True
hurricane-florence_00000418,hurricane-florence,tier1,train,False,7,7,True,True,True
hurricane-florence_00000419,hurricane-florence,tier1,train,False,7,7,True,True,True
hurricane-florence_00000420,hurricane-florence,tier1,train,False,7,7,True,True,True
hurricane-florence_00000423,hurricane-florence,tier1,train,False,7,7,True,True,True
hurricane-florence_00000425,hurricane-florence,tier1,train,False,7,7,True,True,True
hurricane-florence_00000427,hurricane-florence,tier1,train,False,7,7,True,True,True
hurricane-florence_00000428,hurricane-florence,tier1,train,False,7,7,True,True,True
hurricane-florence_00000431,hurricane-florence,tier1,train,False,7,7,True,True,True
hurricane-florence_00000433,hurricane-florence,tier1,train,False,7,7,True,True,True
hurricane-florence_00000435,hurricane-florence,tier1,train,False,7,7,True,True,True
hurricane-florence_00000436,hurricane-florence,tier1,train,False,7,7,True,True,True
hurricane-florence_00000437,hurricane-florence,tier1,train,False,7,7,True,True,True
hurricane-florence_00000438,hurricane-florence,tier1,train,False,7,7,True,True,True
hurricane-florence_00000442,hurricane-florence,tier1,train,False,7,7,True,True,True
hurricane-florence_00000443,hurricane-florence,tier1,train,False,7,7,True,True,True
hurricane-florence_00000444,hurricane-florence,tier1,train,False,7,7,True,True,True
hurricane-florence_00000445,hurricane-florence,tier1,train,False,7,7,True,True,True
hurricane-florence_00000446,hurricane-florence,tier1,train,False,7,7,True,True,True
hurricane-florence_00000449,hurricane-florence,tier1,train,False,7,7,True,True,True
hurricane-florence_00000450,hurricane-florence,tier1,train,False,7,7,True,True,True
hurricane-florence_00000451,hurricane-florence,tier1,train,False,7,7,True,True,True
hurricane-florence_00000452,hurricane-florence,tier1,train,False,7,7,True,True,True
hurricane-florence_00000453,hurricane-florence,tier1,train,False,7,7,True,True,True
hurricane-florence_00000457,hurricane-florence,tier1,train,False,7,7,True,True,True
hurricane-florence_00000459,hurricane-florence,tier1,train,False,7,7,True,True,True
hurricane-florence_00000460,hurricane-florence,tier1,train,False,7,7,True,True,True
hurricane-florence_00000461,hurricane-florence,tier1,train,False,7,7,True,True,True
hurricane-florence_00000462,hurricane-florence,tier1,train,False,7,7,True,True,True
hurricane-florence_00000467,hurricane-florence,tier1,train,False,7,7,True,True,True
hurricane-florence_00000469,hurricane-florence,tier1,train,False,7,7,True,True,True
hurricane-florence_00000472,hurricane-florence,tier1,train,False,7,7,True,True,True
hurricane-florence_00000473,hurricane-florence,tier1,train,False,7,7,True,True,True
hurricane-florence_00000475,hurricane-florence,tier1,train,False,7,7,True,True,True
hurricane-florence_00000476,hurricane-florence,tier1,train,False,7,7,True,True,True
hurricane-florence_00000477,hurricane-florence,tier1,train,False,7,7,True,True,True
hurricane-florence_00000478,hurricane-florence,tier1,train,False,7,7,True,True,True
hurricane-florence_00000481,hurricane-florence,tier1,train,False,7,7,True,True,True
hurricane-florence_00000482,hurricane-florence,tier1,train,False,7,7,True,True,True
hurricane-florence_00000484,hurricane-florence,tier1,train,False,7,7,True,True,True
hurricane-florence_00000485,hurricane-florence,tier1,train,False,7,7,True,True,True
hurricane-florence_00000486,hurricane-florence,tier1,train,False,7,7,True,True,True
hurricane-florence_00000490,hurricane-florence,tier1,train,False,7,7,True,True,True
hurricane-florence_00000492,hurricane-florence,tier1,train,False,7,7,True,True,True
hurricane-florence_00000493,hurricane-florence,tier1,train,False,7,7,True,True,True
hurricane-florence_00000494,hurricane-florence,tier1,train,False,7,7,True,True,True
hurricane-florence_00000496,hurricane-florence,tier1,train,False,7,7,True,True,True
hurricane-florence_00000497,hurricane-florence,tier1,train,False,7,7,True,True,True
hurricane-florence_00000498,hurricane-florence,tier1,train,False,7,7,True,True,True
hurricane-florence_00000500,hurricane-florence,tier1,train,False,7,7,True,True,True
hurricane-florence_00000501,hurricane-florence,tier1,train,False,7,7,True,True,True
hurricane-florence_00000503,hurricane-florence,tier1,train,False,7,7,True,True,True
hurricane-florence_00000504,hurricane-florence,tier1,train,False,7,7,True,True,True
hurricane-florence_00000506,hurricane-florence,tier1,train,False,7,7,True,True,True
hurricane-florence_00000508,hurricane-florence,tier1,train,False,7,7,True,True,True
hurricane-florence_00000510,hurricane-florence,tier1,train,False,7,7,True,True,True
hurricane-florence_00000512,hurricane-florence,tier1,train,False,7,7,True,True,True
hurricane-florence_00000513,hurricane-florence,tier1,train,False,7,7,True,True,True
hurricane-florence_00000514,hurricane-florence,tier1,train,False,7,7,True,True,True
hurricane-florence_00000515,hurricane-florence,tier1,train,False,7,7,True,True,True
hurricane-florence_00000516,hurricane-florence,tier1,train,False,7,7,True,True,True
hurricane-florence_00000517,hurricane-florence,tier1,train,False,7,7,True,True,True
hurricane-florence_00000522,hurricane-florence,tier1,train,False,7,7,True,True,True
hurricane-florence_00000523,hurricane-florence,tier1,train,False,7,7,True,True,True
hurricane-florence_00000526,hurricane-florence,tier1,train,False,7,7,True,True,True
hurricane-florence_00000527,hurricane-florence,tier1,train,False,7,7,True,True,True
hurricane-florence_00000529,hurricane-florence,tier1,train,False,7,7,True,True,True
hurricane-florence_00000531,hurricane-florence,tier1,train,False,7,7,True,True,True
hurricane-florence_00000533,hurricane-florence,tier1,train,False,7,7,True,True,True
hurricane-florence_00000537,hurricane-florence,tier1,train,False,7,7,True,True,True
hurricane-florence_00000538,hurricane-florence,tier1,train,False,7,7,True,True,True
hurricane-florence_00000540,hurricane-florence,tier1,train,False,7,7,True,True,True
hurricane-florence_00000542,hurricane-florence,tier1,train,False,7,7,True,True,True
hurricane-florence_00000545,hurricane-florence,tier1,train,False,7,7,True,True,True
hurricane-harvey_00000000,hurricane-harvey,tier1,train,False,7,7,True,True,True
hurricane-harvey_00000001,hurricane-harvey,tier1,train,False,7,7,True,True,True
hurricane-harvey_00000002,hurricane-harvey,tier1,train,False,7,7,True,True,True
hurricane-harvey_00000006,hurricane-harvey,tier1,train,False,7,7,True,True,True
hurricane-harvey_00000007,hurricane-harvey,tier1,train,False,7,7,True,True,True
hurricane-harvey_00000008,hurricane-harvey,tier1,train,False,7,7,True,True,True
hurricane-harvey_00000009,hurricane-harvey,tier1,train,False,7,7,True,True,True
hurricane-harvey_00000010,hurricane-harvey,tier1,train,False,7,7,True,True,True
hurricane-harvey_00000012,hurricane-harvey,tier1,train,False,7,7,True,True,True
hurricane-harvey_00000015,hurricane-harvey,tier1,train,False,7,7,True,True,True
hurricane-harvey_00000016,hurricane-harvey,tier1,train,False,7,7,True,True,True
hurricane-harvey_00000017,hurricane-harvey,tier1,train,False,7,7,True,True,True
hurricane-harvey_00000020,hurricane-harvey,tier1,train,False,7,7,True,True,True
hurricane-harvey_00000022,hurricane-harvey,tier1,train,False,7,7,True,True,True
hurricane-harvey_00000024,hurricane-harvey,tier1,train,False,7,7,True,True,True
hurricane-harvey_00000025,hurricane-harvey,tier1,train,False,7,7,True,True,True
hurricane-harvey_00000026,hurricane-harvey,tier1,train,False,7,7,True,True,True
hurricane-harvey_00000028,hurricane-harvey,tier1,train,False,7,7,True,True,True
hurricane-harvey_00000030,hurricane-harvey,tier1,train,False,7,7,True,True,True
hurricane-harvey_00000035,hurricane-harvey,tier1,train,False,7,7,True,True,True
hurricane-harvey_00000039,hurricane-harvey,tier1,train,False,7,7,True,True,True
hurricane-harvey_00000040,hurricane-harvey,tier1,train,False,7,7,True,True,True
hurricane-harvey_00000041,hurricane-harvey,tier1,train,False,7,7,True,True,True
hurricane-harvey_00000043,hurricane-harvey,tier1,train,False,7,7,True,True,True
hurricane-harvey_00000045,hurricane-harvey,tier1,train,False,7,7,True,True,True
hurricane-harvey_00000046,hurricane-harvey,tier1,train,False,7,7,True,True,True
hurricane-harvey_00000047,hurricane-harvey,tier1,train,False,7,7,True,True,True
hurricane-harvey_00000048,hurricane-harvey,tier1,train,False,7,7,True,True,True
hurricane-harvey_00000049,hurricane-harvey,tier1,train,False,7,7,True,True,True
hurricane-harvey_00000051,hurricane-harvey,tier1,train,False,7,7,True,True,True
hurricane-harvey_00000052,hurricane-harvey,tier1,train,False,7,7,True,True,True
hurricane-harvey_00000053,hurricane-harvey,tier1,train,False,7,7,True,True,True
hurricane-harvey_00000055,hurricane-harvey,tier1,train,False,7,7,True,True,True
hurricane-harvey_00000056,hurricane-harvey,tier1,train,False,7,7,True,True,True
hurricane-harvey_00000059,hurricane-harvey,tier1,train,False,7,7,True,True,True
hurricane-harvey_00000060,hurricane-harvey,tier1,train,False,7,7,True,True,True
hurricane-harvey_00000061,hurricane-harvey,tier1,train,False,7,7,True,True,True
hurricane-harvey_00000066,hurricane-harvey,tier1,train,False,7,7,True,True,True
hurricane-harvey_00000069,hurricane-harvey,tier1,train,False,7,7,True,True,True
hurricane-harvey_00000070,hurricane-harvey,tier1,train,False,7,7,True,True,True
hurricane-harvey_00000071,hurricane-harvey,tier1,train,False,7,7,True,True,True
hurricane-harvey_00000072,hurricane-harvey,tier1,train,False,7,7,True,True,True
hurricane-harvey_00000073,hurricane-harvey,tier1,train,False,7,7,True,True,True
hurricane-harvey_00000075,hurricane-harvey,tier1,train,False,7,7,True,True,True
hurricane-harvey_00000076,hurricane-harvey,tier1,train,False,7,7,True,True,True
hurricane-harvey_00000079,hurricane-harvey,tier1,train,False,7,7,True,True,True
hurricane-harvey_00000082,hurricane-harvey,tier1,train,False,7,7,True,True,True
hurricane-harvey_00000084,hurricane-harvey,tier1,train,False,7,7,True,True,True
hurricane-harvey_00000085,hurricane-harvey,tier1,train,False,7,7,True,True,True
hurricane-harvey_00000089,hurricane-harvey,tier1,train,False,7,7,True,True,True
hurricane-harvey_00000091,hurricane-harvey,tier1,train,False,7,7,True,True,True
hurricane-harvey_00000092,hurricane-harvey,tier1,train,False,7,7,True,True,True
hurricane-harvey_00000098,hurricane-harvey,tier1,train,False,7,7,True,True,True
hurricane-harvey_00000099,hurricane-harvey,tier1,train,False,7,7,True,True,True
hurricane-harvey_00000100,hurricane-harvey,tier1,train,False,7,7,True,True,True
hurricane-harvey_00000101,hurricane-harvey,tier1,train,False,7,7,True,True,True
hurricane-harvey_00000104,hurricane-harvey,tier1,train,False,7,7,True,True,True
hurricane-harvey_00000107,hurricane-harvey,tier1,train,False,7,7,True,True,True
hurricane-harvey_00000108,hurricane-harvey,tier1,train,False,7,7,True,True,True
hurricane-harvey_00000109,hurricane-harvey,tier1,train,False,7,7,True,True,True
hurricane-harvey_00000111,hurricane-harvey,tier1,train,False,7,7,True,True,True
hurricane-harvey_00000113,hurricane-harvey,tier1,train,False,7,7,True,True,True
hurricane-harvey_00000114,hurricane-harvey,tier1,train,False,7,7,True,True,True
hurricane-harvey_00000115,hurricane-harvey,tier1,train,False,7,7,True,True,True
hurricane-harvey_00000116,hurricane-harvey,tier1,train,False,7,7,True,True,True
hurricane-harvey_00000118,hurricane-harvey,tier1,train,False,7,7,True,True,True
hurricane-harvey_00000119,hurricane-harvey,tier1,train,False,7,7,True,True,True
hurricane-harvey_00000123,hurricane-harvey,tier1,train,False,7,7,True,True,True
hurricane-harvey_00000126,hurricane-harvey,tier1,train,False,7,7,True,True,True
hurricane-harvey_00000128,hurricane-harvey,tier1,train,False,7,7,True,True,True
hurricane-harvey_00000129,hurricane-harvey,tier1,train,False,7,7,True,True,True
hurricane-harvey_00000130,hurricane-harvey,tier1,train,False,7,7,True,True,True
hurricane-harvey_00000132,hurricane-harvey,tier1,train,False,7,7,True,True,True
hurricane-harvey_00000134,hurricane-harvey,tier1,train,False,7,7,True,True,True
hurricane-harvey_00000136,hurricane-harvey,tier1,train,False,7,7,True,True,True
hurricane-harvey_00000137,hurricane-harvey,tier1,train,False,7,7,True,True,True
hurricane-harvey_00000138,hurricane-harvey,tier1,train,False,7,7,True,True,True
hurricane-harvey_00000141,hurricane-harvey,tier1,train,False,7,7,True,True,True
hurricane-harvey_00000142,hurricane-harvey,tier1,train,False,7,7,True,True,True
hurricane-harvey_00000144,hurricane-harvey,tier1,train,False,7,7,True,True,True
hurricane-harvey_00000146,hurricane-harvey,tier1,train,False,7,7,True,True,True
hurricane-harvey_00000147,hurricane-harvey,tier1,train,False,7,7,True,True,True
hurricane-harvey_00000151,hurricane-harvey,tier1,train,False,7,7,True,True,True
hurricane-harvey_00000152,hurricane-harvey,tier1,train,False,7,7,True,True,True
hurricane-harvey_00000153,hurricane-harvey,tier1,train,False,7,7,True,True,True
hurricane-harvey_00000154,hurricane-harvey,tier1,train,False,7,7,True,True,True
hurricane-harvey_00000156,hurricane-harvey,tier1,train,False,7,7,True,True,True
hurricane-harvey_00000157,hurricane-harvey,tier1,train,False,7,7,True,True,True
hurricane-harvey_00000159,hurricane-harvey,tier1,train,False,7,7,True,True,True
hurricane-harvey_00000160,hurricane-harvey,tier1,train,False,7,7,True,True,True
hurricane-harvey_00000167,hurricane-harvey,tier1,train,False,7,7,True,True,True
hurricane-harvey_00000168,hurricane-harvey,tier1,train,False,7,7,True,True,True
hurricane-harvey_00000169,hurricane-harvey,tier1,train,False,7,7,True,True,True
hurricane-harvey_00000170,hurricane-harvey,tier1,train,False,7,7,True,True,True
hurricane-harvey_00000171,hurricane-harvey,tier1,train,False,7,7,True,True,True
hurricane-harvey_00000172,hurricane-harvey,tier1,train,False,7,7,True,True,True
hurricane-harvey_00000174,hurricane-harvey,tier1,train,False,7,7,True,True,True
hurricane-harvey_00000176,hurricane-harvey,tier1,train,False,7,7,True,True,True
hurricane-harvey_00000177,hurricane-harvey,tier1,train,False,7,7,True,True,True
hurricane-harvey_00000178,hurricane-harvey,tier1,train,False,7,7,True,True,True
hurricane-harvey_00000180,hurricane-harvey,tier1,train,False,7,7,True,True,True
hurricane-harvey_00000187,hurricane-harvey,tier1,train,False,7,7,True,True,True
hurricane-harvey_00000189,hurricane-harvey,tier1,train,False,7,7,True,True,True
hurricane-harvey_00000194,hurricane-harvey,tier1,train,False,7,7,True,True,True
hurricane-harvey_00000195,hurricane-harvey,tier1,train,False,7,7,True,True,True
hurricane-harvey_00000196,hurricane-harvey,tier1,train,False,7,7,True,True,True
hurricane-harvey_00000197,hurricane-harvey,tier1,train,False,7,7,True,True,True
hurricane-harvey_00000200,hurricane-harvey,tier1,train,False,7,7,True,True,True
hurricane-harvey_00000203,hurricane-harvey,tier1,train,False,7,7,True,True,True
hurricane-harvey_00000204,hurricane-harvey,tier1,train,False,7,7,True,True,True
hurricane-harvey_00000206,hurricane-harvey,tier1,train,False,7,7,True,True,True
hurricane-harvey_00000207,hurricane-harvey,tier1,train,False,7,7,True,True,True
hurricane-harvey_00000208,hurricane-harvey,tier1,train,False,7,7,True,True,True
hurricane-harvey_00000210,hurricane-harvey,tier1,train,False,7,7,True,True,True
hurricane-harvey_00000212,hurricane-harvey,tier1,train,False,7,7,True,True,True
hurricane-harvey_00000213,hurricane-harvey,tier1,train,False,7,7,True,True,True
hurricane-harvey_00000214,hurricane-harvey,tier1,train,False,7,7,True,True,True
hurricane-harvey_00000216,hurricane-harvey,tier1,train,False,7,7,True,True,True
hurricane-harvey_00000217,hurricane-harvey,tier1,train,False,7,7,True,True,True
hurricane-harvey_00000218,hurricane-harvey,tier1,train,False,7,7,True,True,True
hurricane-harvey_00000220,hurricane-harvey,tier1,train,False,7,7,True,True,True
hurricane-harvey_00000221,hurricane-harvey,tier1,train,False,7,7,True,True,True
hurricane-harvey_00000222,hurricane-harvey,tier1,train,False,7,7,True,True,True
hurricane-harvey_00000224,hurricane-harvey,tier1,train,False,7,7,True,True,True
hurricane-harvey_00000226,hurricane-harvey,tier1,train,False,7,7,True,True,True
hurricane-harvey_00000228,hurricane-harvey,tier1,train,False,7,7,True,True,True
hurricane-harvey_00000233,hurricane-harvey,tier1,train,False,7,7,True,True,True
hurricane-harvey_00000235,hurricane-harvey,tier1,train,False,7,7,True,True,True
hurricane-harvey_00000237,hurricane-harvey,tier1,train,False,7,7,True,True,True
hurricane-harvey_00000238,hurricane-harvey,tier1,train,False,7,7,True,True,True
hurricane-harvey_00000239,hurricane-harvey,tier1,train,False,7,7,True,True,True
hurricane-harvey_00000241,hurricane-harvey,tier1,train,False,7,7,True,True,True
hurricane-harvey_00000243,hurricane-harvey,tier1,train,False,7,7,True,True,True
hurricane-harvey_00000244,hurricane-harvey,tier1,train,False,7,7,True,True,True
hurricane-harvey_00000248,hurricane-harvey,tier1,train,False,7,7,True,True,True
hurricane-harvey_00000249,hurricane-harvey,tier1,train,False,7,7,True,True,True
hurricane-harvey_00000251,hurricane-harvey,tier1,train,False,7,7,True,True,True
hurricane-harvey_00000255,hurricane-harvey,tier1,train,False,7,7,True,True,True
hurricane-harvey_00000257,hurricane-harvey,tier1,train,False,7,7,True,True,True
hurricane-harvey_00000258,hurricane-harvey,tier1,train,False,7,7,True,True,True
hurricane-harvey_00000260,hurricane-harvey,tier1,train,False,7,7,True,True,True
hurricane-harvey_00000261,hurricane-harvey,tier1,train,False,7,7,True,True,True
hurricane-harvey_00000262,hurricane-harvey,tier1,train,False,7,7,True,True,True
hurricane-harvey_00000264,hurricane-harvey,tier1,train,False,7,7,True,True,True
hurricane-harvey_00000265,hurricane-harvey,tier1,train,False,7,7,True,True,True
hurricane-harvey_00000266,hurricane-harvey,tier1,train,False,7,7,True,True,True
hurricane-harvey_00000267,hurricane-harvey,tier1,train,False,7,7,True,True,True
hurricane-harvey_00000268,hurricane-harvey,tier1,train,False,7,7,True,True,True
hurricane-harvey_00000269,hurricane-harvey,tier1,train,False,7,7,True,True,True
hurricane-harvey_00000270,hurricane-harvey,tier1,train,False,7,7,True,True,True
hurricane-harvey_00000272,hurricane-harvey,tier1,train,False,7,7,True,True,True
hurricane-harvey_00000273,hurricane-harvey,tier1,train,False,7,7,True,True,True
hurricane-harvey_00000275,hurricane-harvey,tier1,train,False,7,7,True,True,True
hurricane-harvey_00000277,hurricane-harvey,tier1,train,False,7,7,True,True,True
hurricane-harvey_00000280,hurricane-harvey,tier1,train,False,7,7,True,True,True
hurricane-harvey_00000281,hurricane-harvey,tier1,train,False,7,7,True,True,True
hurricane-harvey_00000284,hurricane-harvey,tier1,train,False,7,7,True,True,True
hurricane-harvey_00000286,hurricane-harvey,tier1,train,False,7,7,True,True,True
hurricane-harvey_00000288,hurricane-harvey,tier1,train,False,7,7,True,True,True
hurricane-harvey_00000289,hurricane-harvey,tier1,train,False,7,7,True,True,True
hurricane-harvey_00000291,hurricane-harvey,tier1,train,False,7,7,True,True,True
hurricane-harvey_00000292,hurricane-harvey,tier1,train,False,7,7,True,True,True
hurricane-harvey_00000300,hurricane-harvey,tier1,train,False,7,7,True,True,True
hurricane-harvey_00000302,hurricane-harvey,tier1,train,False,7,7,True,True,True
hurricane-harvey_00000307,hurricane-harvey,tier1,train,False,7,7,True,True,True
hurricane-harvey_00000312,hurricane-harvey,tier1,train,False,7,7,True,True,True
hurricane-harvey_00000313,hurricane-harvey,tier1,train,False,7,7,True,True,True
hurricane-harvey_00000315,hurricane-harvey,tier1,train,False,7,7,True,True,True
hurricane-harvey_00000316,hurricane-harvey,tier1,train,False,7,7,True,True,True
hurricane-harvey_00000317,hurricane-harvey,tier1,train,False,7,7,True,True,True
hurricane-harvey_00000318,hurricane-harvey,tier1,train,False,7,7,True,True,True
hurricane-harvey_00000319,hurricane-harvey,tier1,train,False,7,7,True,True,True
hurricane-harvey_00000320,hurricane-harvey,tier1,train,False,7,7,True,True,True
hurricane-harvey_00000323,hurricane-harvey,tier1,train,False,7,7,True,True,True
hurricane-harvey_00000325,hurricane-harvey,tier1,train,False,7,7,True,True,True
hurricane-harvey_00000327,hurricane-harvey,tier1,train,False,7,7,True,True,True
hurricane-harvey_00000329,hurricane-harvey,tier1,train,False,7,7,True,True,True
hurricane-harvey_00000330,hurricane-harvey,tier1,train,False,7,7,True,True,True
hurricane-harvey_00000332,hurricane-harvey,tier1,train,False,7,7,True,True,True
hurricane-harvey_00000333,hurricane-harvey,tier1,train,False,7,7,True,True,True
hurricane-harvey_00000335,hurricane-harvey,tier1,train,False,7,7,True,True,True
hurricane-harvey_00000336,hurricane-harvey,tier1,train,False,7,7,True,True,True
hurricane-harvey_00000337,hurricane-harvey,tier1,train,False,7,7,True,True,True
hurricane-harvey_00000338,hurricane-harvey,tier1,train,False,7,7,True,True,True
hurricane-harvey_00000344,hurricane-harvey,tier1,train,False,7,7,True,True,True
hurricane-harvey_00000345,hurricane-harvey,tier1,train,False,7,7,True,True,True
hurricane-harvey_00000346,hurricane-harvey,tier1,train,False,7,7,True,True,True
hurricane-harvey_00000347,hurricane-harvey,tier1,train,False,7,7,True,True,True
hurricane-harvey_00000348,hurricane-harvey,tier1,train,False,7,7,True,True,True
hurricane-harvey_00000354,hurricane-harvey,tier1,train,False,7,7,True,True,True
hurricane-harvey_00000356,hurricane-harvey,tier1,train,False,7,7,True,True,True
hurricane-harvey_00000357,hurricane-harvey,tier1,train,False,7,7,True,True,True
hurricane-harvey_00000358,hurricane-harvey,tier1,train,False,7,7,True,True,True
hurricane-harvey_00000361,hurricane-harvey,tier1,train,False,7,7,True,True,True
hurricane-harvey_00000365,hurricane-harvey,tier1,train,False,7,7,True,True,True
hurricane-harvey_00000366,hurricane-harvey,tier1,train,False,7,7,True,True,True
hurricane-harvey_00000367,hurricane-harvey,tier1,train,False,7,7,True,True,True
hurricane-harvey_00000369,hurricane-harvey,tier1,train,False,7,7,True,True,True
hurricane-harvey_00000373,hurricane-harvey,tier1,train,False,7,7,True,True,True
hurricane-harvey_00000374,hurricane-harvey,tier1,train,False,7,7,True,True,True
hurricane-harvey_00000375,hurricane-harvey,tier1,train,False,7,7,True,True,True
hurricane-harvey_00000379,hurricane-harvey,tier1,train,False,7,7,True,True,True
hurricane-harvey_00000380,hurricane-harvey,tier1,train,False,7,7,True,True,True
hurricane-harvey_00000381,hurricane-harvey,tier1,train,False,7,7,True,True,True
hurricane-harvey_00000382,hurricane-harvey,tier1,train,False,7,7,True,True,True
hurricane-harvey_00000384,hurricane-harvey,tier1,train,False,7,7,True,True,True
hurricane-harvey_00000387,hurricane-harvey,tier1,train,False,7,7,True,True,True
hurricane-harvey_00000388,hurricane-harvey,tier1,train,False,7,7,True,True,True
hurricane-harvey_00000389,hurricane-harvey,tier1,train,False,7,7,True,True,True
hurricane-harvey_00000391,hurricane-harvey,tier1,train,False,7,7,True,True,True
hurricane-harvey_00000392,hurricane-harvey,tier1,train,False,7,7,True,True,True
hurricane-harvey_00000393,hurricane-harvey,tier1,train,False,7,7,True,True,True
hurricane-harvey_00000396,hurricane-harvey,tier1,train,False,7,7,True,True,True
hurricane-harvey_00000397,hurricane-harvey,tier1,train,False,7,7,True,True,True
hurricane-harvey_00000398,hurricane-harvey,tier1,train,False,7,7,True,True,True
hurricane-harvey_00000400,hurricane-harvey,tier1,train,False,7,7,True,True,True
hurricane-harvey_00000402,hurricane-harvey,tier1,train,False,7,7,True,True,True
hurricane-harvey_00000406,hurricane-harvey,tier1,train,False,7,7,True,True,True
hurricane-harvey_00000408,hurricane-harvey,tier1,train,False,7,7,True,True,True
hurricane-harvey_00000412,hurricane-harvey,tier1,train,False,7,7,True,True,True
hurricane-harvey_00000413,hurricane-harvey,tier1,train,False,7,7,True,True,True
hurricane-harvey_00000418,hurricane-harvey,tier1,train,False,7,7,True,True,True
hurricane-harvey_00000419,hurricane-harvey,tier1,train,False,7,7,True,True,True
hurricane-harvey_00000422,hurricane-harvey,tier1,train,False,7,7,True,True,True
hurricane-harvey_00000423,hurricane-harvey,tier1,train,False,7,7,True,True,True
hurricane-harvey_00000425,hurricane-harvey,tier1,train,False,7,7,True,True,True
hurricane-harvey_00000426,hurricane-harvey,tier1,train,False,7,7,True,True,True
hurricane-harvey_00000427,hurricane-harvey,tier1,train,False,7,7,True,True,True
hurricane-harvey_00000429,hurricane-harvey,tier1,train,False,7,7,True,True,True
hurricane-harvey_00000430,hurricane-harvey,tier1,train,False,7,7,True,True,True
hurricane-harvey_00000431,hurricane-harvey,tier1,train,False,7,7,True,True,True
hurricane-harvey_00000432,hurricane-harvey,tier1,train,False,7,7,True,True,True
hurricane-harvey_00000433,hurricane-harvey,tier1,train,False,7,7,True,True,True
hurricane-harvey_00000434,hurricane-harvey,tier1,train,False,7,7,True,True,True
hurricane-harvey_00000435,hurricane-harvey,tier1,train,False,7,7,True,True,True
hurricane-harvey_00000437,hurricane-harvey,tier1,train,False,7,7,True,True,True
hurricane-harvey_00000438,hurricane-harvey,tier1,train,False,7,7,True,True,True
hurricane-harvey_00000439,hurricane-harvey,tier1,train,False,7,7,True,True,True
hurricane-harvey_00000440,hurricane-harvey,tier1,train,False,7,7,True,True,True
hurricane-harvey_00000442,hurricane-harvey,tier1,train,False,7,7,True,True,True
hurricane-harvey_00000443,hurricane-harvey,tier1,train,False,7,7,True,True,True
hurricane-harvey_00000446,hurricane-harvey,tier1,train,False,7,7,True,True,True
hurricane-harvey_00000451,hurricane-harvey,tier1,train,False,7,7,True,True,True
hurricane-harvey_00000452,hurricane-harvey,tier1,train,False,7,7,True,True,True
hurricane-harvey_00000454,hurricane-harvey,tier1,train,False,7,7,True,True,True
hurricane-harvey_00000455,hurricane-harvey,tier1,train,False,7,7,True,True,True
hurricane-harvey_00000461,hurricane-harvey,tier1,train,False,7,7,True,True,True
hurricane-harvey_00000462,hurricane-harvey,tier1,train,False,7,7,True,True,True
hurricane-harvey_00000463,hurricane-harvey,tier1,train,False,7,7,True,True,True
hurricane-harvey_00000467,hurricane-harvey,tier1,train,False,7,7,True,True,True
hurricane-harvey_00000469,hurricane-harvey,tier1,train,False,7,7,True,True,True
hurricane-harvey_00000470,hurricane-harvey,tier1,train,False,7,7,True,True,True
hurricane-harvey_00000471,hurricane-harvey,tier1,train,False,7,7,True,True,True
hurricane-harvey_00000472,hurricane-harvey,tier1,train,False,7,7,True,True,True
hurricane-harvey_00000473,hurricane-harvey,tier1,train,False,7,7,True,True,True
hurricane-harvey_00000474,hurricane-harvey,tier1,train,False,7,7,True,True,True
hurricane-harvey_00000478,hurricane-harvey,tier1,train,False,7,7,True,True,True
hurricane-harvey_00000480,hurricane-harvey,tier1,train,False,7,7,True,True,True
hurricane-harvey_00000481,hurricane-harvey,tier1,train,False,7,7,True,True,True
hurricane-harvey_00000482,hurricane-harvey,tier1,train,False,7,7,True,True,True
hurricane-harvey_00000484,hurricane-harvey,tier1,train,False,7,7,True,True,True
hurricane-harvey_00000486,hurricane-harvey,tier1,train,False,7,7,True,True,True
hurricane-harvey_00000488,hurricane-harvey,tier1,train,False,7,7,True,True,True
hurricane-harvey_00000489,hurricane-harvey,tier1,train,False,7,7,True,True,True
hurricane-harvey_00000491,hurricane-harvey,tier1,train,False,7,7,True,True,True
hurricane-harvey_00000492,hurricane-harvey,tier1,train,False,7,7,True,True,True
hurricane-harvey_00000494,hurricane-harvey,tier1,train,False,7,7,True,True,True
hurricane-harvey_00000495,hurricane-harvey,tier1,train,False,7,7,True,True,True
hurricane-harvey_00000496,hurricane-harvey,tier1,train,False,7,7,True,True,True
hurricane-harvey_00000499,hurricane-harvey,tier1,train,False,7,7,True,True,True
hurricane-harvey_00000500,hurricane-harvey,tier1,train,False,7,7,True,True,True
hurricane-harvey_00000505,hurricane-harvey,tier1,train,False,7,7,True,True,True
hurricane-harvey_00000506,hurricane-harvey,tier1,train,False,7,7,True,True,True
hurricane-harvey_00000507,hurricane-harvey,tier1,train,False,7,7,True,True,True
hurricane-harvey_00000508,hurricane-harvey,tier1,train,False,7,7,True,True,True
hurricane-harvey_00000509,hurricane-harvey,tier1,train,False,7,7,True,True,True
hurricane-harvey_00000511,hurricane-harvey,tier1,train,False,7,7,True,True,True
hurricane-harvey_00000514,hurricane-harvey,tier1,train,False,7,7,True,True,True
hurricane-harvey_00000515,hurricane-harvey,tier1,train,False,7,7,True,True,True
hurricane-harvey_00000517,hurricane-harvey,tier1,train,False,7,7,True,True,True
hurricane-harvey_00000519,hurricane-harvey,tier1,train,False,7,7,True,True,True
hurricane-harvey_00000520,hurricane-harvey,tier1,train,False,7,7,True,True,True
hurricane-harvey_00000521,hurricane-harvey,tier1,train,False,7,7,True,True,True
hurricane-matthew_00000000,hurricane-matthew,tier1,train,False,7,7,True,True,True
hurricane-matthew_00000001,hurricane-matthew,tier1,train,False,7,7,True,True,True
hurricane-matthew_00000002,hurricane-matthew,tier1,train,False,7,7,True,True,True
hurricane-matthew_00000003,hurricane-matthew,tier1,train,False,7,7,True,True,True
hurricane-matthew_00000005,hurricane-matthew,tier1,train,False,7,7,True,True,True
hurricane-matthew_00000006,hurricane-matthew,tier1,train,False,7,7,True,True,True
hurricane-matthew_00000007,hurricane-matthew,tier1,train,False,7,7,True,True,True
hurricane-matthew_00000008,hurricane-matthew,tier1,train,False,7,7,True,True,True
hurricane-matthew_00000013,hurricane-matthew,tier1,train,False,7,7,True,True,True
hurricane-matthew_00000014,hurricane-matthew,tier1,train,False,7,7,True,True,True
hurricane-matthew_00000016,hurricane-matthew,tier1,train,False,7,7,True,True,True
hurricane-matthew_00000017,hurricane-matthew,tier1,train,False,7,7,True,True,True
hurricane-matthew_00000021,hurricane-matthew,tier1,train,False,7,7,True,True,True
hurricane-matthew_00000023,hurricane-matthew,tier1,train,False,7,7,True,True,True
hurricane-matthew_00000030,hurricane-matthew,tier1,train,False,7,7,True,True,True
hurricane-matthew_00000031,hurricane-matthew,tier1,train,False,7,7,True,True,True
hurricane-matthew_00000034,hurricane-matthew,tier1,train,False,7,7,True,True,True
hurricane-matthew_00000035,hurricane-matthew,tier1,train,False,7,7,True,True,True
hurricane-matthew_00000039,hurricane-matthew,tier1,train,False,7,7,True,True,True
hurricane-matthew_00000040,hurricane-matthew,tier1,train,False,7,7,True,True,True
hurricane-matthew_00000041,hurricane-matthew,tier1,train,False,7,7,True,True,True
hurricane-matthew_00000043,hurricane-matthew,tier1,train,False,7,7,True,True,True
hurricane-matthew_00000044,hurricane-matthew,tier1,train,False,7,7,True,True,True
hurricane-matthew_00000045,hurricane-matthew,tier1,train,False,7,7,True,True,True
hurricane-matthew_00000048,hurricane-matthew,tier1,train,False,7,7,True,True,True
hurricane-matthew_00000049,hurricane-matthew,tier1,train,False,7,7,True,True,True
hurricane-matthew_00000050,hurricane-matthew,tier1,train,False,7,7,True,True,True
hurricane-matthew_00000052,hurricane-matthew,tier1,train,False,7,7,True,True,True
hurricane-matthew_00000053,hurricane-matthew,tier1,train,False,7,7,True,True,True
hurricane-matthew_00000054,hurricane-matthew,tier1,train,False,7,7,True,True,True
hurricane-matthew_00000056,hurricane-matthew,tier1,train,False,7,7,True,True,True
hurricane-matthew_00000062,hurricane-matthew,tier1,train,False,7,7,True,True,True
hurricane-matthew_00000063,hurricane-matthew,tier1,train,False,7,7,True,True,True
hurricane-matthew_00000064,hurricane-matthew,tier1,train,False,7,7,True,True,True
hurricane-matthew_00000065,hurricane-matthew,tier1,train,False,7,7,True,True,True
hurricane-matthew_00000066,hurricane-matthew,tier1,train,False,7,7,True,True,True
hurricane-matthew_00000067,hurricane-matthew,tier1,train,False,7,7,True,True,True
hurricane-matthew_00000069,hurricane-matthew,tier1,train,False,7,7,True,True,True
hurricane-matthew_00000070,hurricane-matthew,tier1,train,False,7,7,True,True,True
hurricane-matthew_00000071,hurricane-matthew,tier1,train,False,7,7,True,True,True
hurricane-matthew_00000072,hurricane-matthew,tier1,train,False,7,7,True,True,True
hurricane-matthew_00000078,hurricane-matthew,tier1,train,False,7,7,True,True,True
hurricane-matthew_00000079,hurricane-matthew,tier1,train,False,7,7,True,True,True
hurricane-matthew_00000080,hurricane-matthew,tier1,train,False,7,7,True,True,True
hurricane-matthew_00000082,hurricane-matthew,tier1,train,False,7,7,True,True,True
hurricane-matthew_00000083,hurricane-matthew,tier1,train,False,7,7,True,True,True
hurricane-matthew_00000084,hurricane-matthew,tier1,train,False,7,7,True,True,True
hurricane-matthew_00000085,hurricane-matthew,tier1,train,False,7,7,True,True,True
hurricane-matthew_00000086,hurricane-matthew,tier1,train,False,7,7,True,True,True
hurricane-matthew_00000090,hurricane-matthew,tier1,train,False,7,7,True,True,True
hurricane-matthew_00000092,hurricane-matthew,tier1,train,False,7,7,True,True,True
hurricane-matthew_00000093,hurricane-matthew,tier1,train,False,7,7,True,True,True
hurricane-matthew_00000094,hurricane-matthew,tier1,train,False,7,7,True,True,True
hurricane-matthew_00000095,hurricane-matthew,tier1,train,False,7,7,True,True,True
hurricane-matthew_00000097,hurricane-matthew,tier1,train,False,7,7,True,True,True
hurricane-matthew_00000099,hurricane-matthew,tier1,train,False,7,7,True,True,True
hurricane-matthew_00000100,hurricane-matthew,tier1,train,False,7,7,True,True,True
hurricane-matthew_00000102,hurricane-matthew,tier1,train,False,7,7,True,True,True
hurricane-matthew_00000103,hurricane-matthew,tier1,train,False,7,7,True,True,True
hurricane-matthew_00000104,hurricane-matthew,tier1,train,False,7,7,True,True,True
hurricane-matthew_00000110,hurricane-matthew,tier1,train,False,7,7,True,True,True
hurricane-matthew_00000116,hurricane-matthew,tier1,train,False,7,7,True,True,True
hurricane-matthew_00000119,hurricane-matthew,tier1,train,False,7,7,True,True,True
hurricane-matthew_00000120,hurricane-matthew,tier1,train,False,7,7,True,True,True
hurricane-matthew_00000125,hurricane-matthew,tier1,train,False,7,7,True,True,True
hurricane-matthew_00000126,hurricane-matthew,tier1,train,False,7,7,True,True,True
hurricane-matthew_00000128,hurricane-matthew,tier1,train,False,7,7,True,True,True
hurricane-matthew_00000129,hurricane-matthew,tier1,train,False,7,7,True,True,True
hurricane-matthew_00000130,hurricane-matthew,tier1,train,False,7,7,True,True,True
hurricane-matthew_00000132,hurricane-matthew,tier1,train,False,7,7,True,True,True
hurricane-matthew_00000133,hurricane-matthew,tier1,train,False,7,7,True,True,True
hurricane-matthew_00000134,hurricane-matthew,tier1,train,False,7,7,True,True,True
hurricane-matthew_00000136,hurricane-matthew,tier1,train,False,7,7,True,True,True
hurricane-matthew_00000137,hurricane-matthew,tier1,train,False,7,7,True,True,True
hurricane-matthew_00000140,hurricane-matthew,tier1,train,False,7,7,True,True,True
hurricane-matthew_00000143,hurricane-matthew,tier1,train,False,7,7,True,True,True
hurricane-matthew_00000145,hurricane-matthew,tier1,train,False,7,7,True,True,True
hurricane-matthew_00000149,hurricane-matthew,tier1,train,False,7,7,True,True,True
hurricane-matthew_00000152,hurricane-matthew,tier1,train,False,7,7,True,True,True
hurricane-matthew_00000153,hurricane-matthew,tier1,train,False,7,7,True,True,True
hurricane-matthew_00000154,hurricane-matthew,tier1,train,False,7,7,True,True,True
hurricane-matthew_00000155,hurricane-matthew,tier1,train,False,7,7,True,True,True
hurricane-matthew_00000156,hurricane-matthew,tier1,train,False,7,7,True,True,True
hurricane-matthew_00000158,hurricane-matthew,tier1,train,False,7,7,True,True,True
hurricane-matthew_00000159,hurricane-matthew,tier1,train,False,7,7,True,True,True
hurricane-matthew_00000162,hurricane-matthew,tier1,train,False,7,7,True,True,True
hurricane-matthew_00000164,hurricane-matthew,tier1,train,False,7,7,True,True,True
hurricane-matthew_00000166,hurricane-matthew,tier1,train,False,7,7,True,True,True
hurricane-matthew_00000167,hurricane-matthew,tier1,train,False,7,7,True,True,True
hurricane-matthew_00000168,hurricane-matthew,tier1,train,False,7,7,True,True,True
hurricane-matthew_00000169,hurricane-matthew,tier1,train,False,7,7,True,True,True
hurricane-matthew_00000170,hurricane-matthew,tier1,train,False,7,7,True,True,True
hurricane-matthew_00000171,hurricane-matthew,tier1,train,False,7,7,True,True,True
hurricane-matthew_00000172,hurricane-matthew,tier1,train,False,7,7,True,True,True
hurricane-matthew_00000173,hurricane-matthew,tier1,train,False,7,7,True,True,True
hurricane-matthew_00000174,hurricane-matthew,tier1,train,False,7,7,True,True,True
hurricane-matthew_00000175,hurricane-matthew,tier1,train,False,7,7,True,True,True
hurricane-matthew_00000176,hurricane-matthew,tier1,train,False,7,7,True,True,True
hurricane-matthew_00000178,hurricane-matthew,tier1,train,False,7,7,True,True,True
hurricane-matthew_00000179,hurricane-matthew,tier1,train,False,7,7,True,True,True
hurricane-matthew_00000181,hurricane-matthew,tier1,train,False,7,7,True,True,True
hurricane-matthew_00000182,hurricane-matthew,tier1,train,False,7,7,True,True,True
hurricane-matthew_00000185,hurricane-matthew,tier1,train,False,7,7,True,True,True
hurricane-matthew_00000186,hurricane-matthew,tier1,train,False,7,7,True,True,True
hurricane-matthew_00000187,hurricane-matthew,tier1,train,False,7,7,True,True,True
hurricane-matthew_00000190,hurricane-matthew,tier1,train,False,7,7,True,True,True
hurricane-matthew_00000192,hurricane-matthew,tier1,train,False,7,7,True,True,True
hurricane-matthew_00000193,hurricane-matthew,tier1,train,False,7,7,True,True,True
hurricane-matthew_00000195,hurricane-matthew,tier1,train,False,7,7,True,True,True
hurricane-matthew_00000197,hurricane-matthew,tier1,train,False,7,7,True,True,True
hurricane-matthew_00000198,hurricane-matthew,tier1,train,False,7,7,True,True,True
hurricane-matthew_00000200,hurricane-matthew,tier1,train,False,7,7,True,True,True
hurricane-matthew_00000202,hurricane-matthew,tier1,train,False,7,7,True,True,True
hurricane-matthew_00000204,hurricane-matthew,tier1,train,False,7,7,True,True,True
hurricane-matthew_00000205,hurricane-matthew,tier1,train,False,7,7,True,True,True
hurricane-matthew_00000206,hurricane-matthew,tier1,train,False,7,7,True,True,True
hurricane-matthew_00000207,hurricane-matthew,tier1,train,False,7,7,True,True,True
hurricane-matthew_00000208,hurricane-matthew,tier1,train,False,7,7,True,True,True
hurricane-matthew_00000209,hurricane-matthew,tier1,train,False,7,7,True,True,True
hurricane-matthew_00000211,hurricane-matthew,tier1,train,False,7,7,True,True,True
hurricane-matthew_00000212,hurricane-matthew,tier1,train,False,7,7,True,True,True
hurricane-matthew_00000213,hurricane-matthew,tier1,train,False,7,7,True,True,True
hurricane-matthew_00000215,hurricane-matthew,tier1,train,False,7,7,True,True,True
hurricane-matthew_00000221,hurricane-matthew,tier1,train,False,7,7,True,True,True
hurricane-matthew_00000222,hurricane-matthew,tier1,train,False,7,7,True,True,True
hurricane-matthew_00000223,hurricane-matthew,tier1,train,False,7,7,True,True,True
hurricane-matthew_00000226,hurricane-matthew,tier1,train,False,7,7,True,True,True
hurricane-matthew_00000228,hurricane-matthew,tier1,train,False,7,7,True,True,True
hurricane-matthew_00000231,hurricane-matthew,tier1,train,False,7,7,True,True,True
hurricane-matthew_00000233,hurricane-matthew,tier1,train,False,7,7,True,True,True
hurricane-matthew_00000234,hurricane-matthew,tier1,train,False,7,7,True,True,True
hurricane-matthew_00000237,hurricane-matthew,tier1,train,False,7,7,True,True,True
hurricane-matthew_00000239,hurricane-matthew,tier1,train,False,7,7,True,True,True
hurricane-matthew_00000241,hurricane-matthew,tier1,train,False,7,7,True,True,True
hurricane-matthew_00000242,hurricane-matthew,tier1,train,False,7,7,True,True,True
hurricane-matthew_00000243,hurricane-matthew,tier1,train,False,7,7,True,True,True
hurricane-matthew_00000244,hurricane-matthew,tier1,train,False,7,7,True,True,True
hurricane-matthew_00000245,hurricane-matthew,tier1,train,False,7,7,True,True,True
hurricane-matthew_00000248,hurricane-matthew,tier1,train,False,7,7,True,True,True
hurricane-matthew_00000250,hurricane-matthew,tier1,train,False,7,7,True,True,True
hurricane-matthew_00000252,hurricane-matthew,tier1,train,False,7,7,True,True,True
hurricane-matthew_00000259,hurricane-matthew,tier1,train,False,7,7,True,True,True
hurricane-matthew_00000260,hurricane-matthew,tier1,train,False,7,7,True,True,True
hurricane-matthew_00000261,hurricane-matthew,tier1,train,False,7,7,True,True,True
hurricane-matthew_00000264,hurricane-matthew,tier1,train,False,7,7,True,True,True
hurricane-matthew_00000265,hurricane-matthew,tier1,train,False,7,7,True,True,True
hurricane-matthew_00000268,hurricane-matthew,tier1,train,False,7,7,True,True,True
hurricane-matthew_00000269,hurricane-matthew,tier1,train,False,7,7,True,True,True
hurricane-matthew_00000271,hurricane-matthew,tier1,train,False,7,7,True,True,True
hurricane-matthew_00000275,hurricane-matthew,tier1,train,False,7,7,True,True,True
hurricane-matthew_00000276,hurricane-matthew,tier1,train,False,7,7,True,True,True
hurricane-matthew_00000278,hurricane-matthew,tier1,train,False,7,7,True,True,True
hurricane-matthew_00000279,hurricane-matthew,tier1,train,False,7,7,True,True,True
hurricane-matthew_00000281,hurricane-matthew,tier1,train,False,7,7,True,True,True
hurricane-matthew_00000283,hurricane-matthew,tier1,train,False,7,7,True,True,True
hurricane-matthew_00000284,hurricane-matthew,tier1,train,False,7,7,True,True,True
hurricane-matthew_00000285,hurricane-matthew,tier1,train,False,7,7,True,True,True
hurricane-matthew_00000287,hurricane-matthew,tier1,train,False,7,7,True,True,True
hurricane-matthew_00000289,hurricane-matthew,tier1,train,False,7,7,True,True,True
hurricane-matthew_00000293,hurricane-matthew,tier1,train,False,7,7,True,True,True
hurricane-matthew_00000295,hurricane-matthew,tier1,train,False,7,7,True,True,True
hurricane-matthew_00000296,hurricane-matthew,tier1,train,False,7,7,True,True,True
hurricane-matthew_00000301,hurricane-matthew,tier1,train,False,7,7,True,True,True
hurricane-matthew_00000302,hurricane-matthew,tier1,train,False,7,7,True,True,True
hurricane-matthew_00000303,hurricane-matthew,tier1,train,False,7,7,True,True,True
hurricane-matthew_00000305,hurricane-matthew,tier1,train,False,7,7,True,True,True
hurricane-matthew_00000306,hurricane-matthew,tier1,train,False,7,7,True,True,True
hurricane-matthew_00000307,hurricane-matthew,tier1,train,False,7,7,True,True,True
hurricane-matthew_00000310,hurricane-matthew,tier1,train,False,7,7,True,True,True
hurricane-matthew_00000311,hurricane-matthew,tier1,train,False,7,7,True,True,True
hurricane-matthew_00000312,hurricane-matthew,tier1,train,False,7,7,True,True,True
hurricane-matthew_00000314,hurricane-matthew,tier1,train,False,7,7,True,True,True
hurricane-matthew_00000316,hurricane-matthew,tier1,train,False,7,7,True,True,True
hurricane-matthew_00000322,hurricane-matthew,tier1,train,False,7,7,True,True,True
hurricane-matthew_00000329,hurricane-matthew,tier1,train,False,7,7,True,True,True
hurricane-matthew_00000331,hurricane-matthew,tier1,train,False,7,7,True,True,True
hurricane-matthew_00000334,hurricane-matthew,tier1,train,False,7,7,True,True,True
hurricane-matthew_00000335,hurricane-matthew,tier1,train,False,7,7,True,True,True
hurricane-matthew_00000336,hurricane-matthew,tier1,train,False,7,7,True,True,True
hurricane-matthew_00000341,hurricane-matthew,tier1,train,False,7,7,True,True,True
hurricane-matthew_00000343,hurricane-matthew,tier1,train,False,7,7,True,True,True
hurricane-matthew_00000346,hurricane-matthew,tier1,train,False,7,7,True,True,True
hurricane-matthew_00000350,hurricane-matthew,tier1,train,False,7,7,True,True,True
hurricane-matthew_00000353,hurricane-matthew,tier1,train,False,7,7,True,True,True
hurricane-matthew_00000354,hurricane-matthew,tier1,train,False,7,7,True,True,True
hurricane-matthew_00000355,hurricane-matthew,tier1,train,False,7,7,True,True,True
hurricane-matthew_00000360,hurricane-matthew,tier1,train,False,7,7,True,True,True
hurricane-matthew_00000362,hurricane-matthew,tier1,train,False,7,7,True,True,True
hurricane-matthew_00000364,hurricane-matthew,tier1,train,False,7,7,True,True,True
hurricane-matthew_00000365,hurricane-matthew,tier1,train,False,7,7,True,True,True
hurricane-matthew_00000366,hurricane-matthew,tier1,train,False,7,7,True,True,True
hurricane-matthew_00000367,hurricane-matthew,tier1,train,False,7,7,True,True,True
hurricane-matthew_00000368,hurricane-matthew,tier1,train,False,7,7,True,True,True
hurricane-matthew_00000369,hurricane-matthew,tier1,train,False,7,7,True,True,True
hurricane-matthew_00000370,hurricane-matthew,tier1,train,False,7,7,True,True,True
hurricane-matthew_00000373,hurricane-matthew,tier1,train,False,7,7,True,True,True
hurricane-matthew_00000375,hurricane-matthew,tier1,train,False,7,7,True,True,True
hurricane-matthew_00000376,hurricane-matthew,tier1,train,False,7,7,True,True,True
hurricane-matthew_00000379,hurricane-matthew,tier1,train,False,7,7,True,True,True
hurricane-matthew_00000380,hurricane-matthew,tier1,train,False,7,7,True,True,True
hurricane-matthew_00000381,hurricane-matthew,tier1,train,False,7,7,True,True,True
hurricane-matthew_00000384,hurricane-matthew,tier1,train,False,7,7,True,True,True
hurricane-matthew_00000387,hurricane-matthew,tier1,train,False,7,7,True,True,True
hurricane-matthew_00000388,hurricane-matthew,tier1,train,False,7,7,True,True,True
hurricane-matthew_00000390,hurricane-matthew,tier1,train,False,7,7,True,True,True
hurricane-matthew_00000392,hurricane-matthew,tier1,train,False,7,7,True,True,True
hurricane-matthew_00000393,hurricane-matthew,tier1,train,False,7,7,True,True,True
hurricane-matthew_00000398,hurricane-matthew,tier1,train,False,7,7,True,True,True
hurricane-matthew_00000399,hurricane-matthew,tier1,train,False,7,7,True,True,True
hurricane-matthew_00000400,hurricane-matthew,tier1,train,False,7,7,True,True,True
hurricane-matthew_00000401,hurricane-matthew,tier1,train,False,7,7,True,True,True
hurricane-matthew_00000402,hurricane-matthew,tier1,train,False,7,7,True,True,True
hurricane-michael_00000000,hurricane-michael,tier1,train,False,7,7,True,True,True
hurricane-michael_00000001,hurricane-michael,tier1,train,False,7,7,True,True,True
hurricane-michael_00000003,hurricane-michael,tier1,train,False,7,7,True,True,True
hurricane-michael_00000005,hurricane-michael,tier1,train,False,7,7,True,True,True
hurricane-michael_00000009,hurricane-michael,tier1,train,False,7,7,True,True,True
hurricane-michael_00000010,hurricane-michael,tier1,train,False,7,7,True,True,True
hurricane-michael_00000011,hurricane-michael,tier1,train,False,7,7,True,True,True
hurricane-michael_00000012,hurricane-michael,tier1,train,False,7,7,True,True,True
hurricane-michael_00000013,hurricane-michael,tier1,train,False,7,7,True,True,True
hurricane-michael_00000014,hurricane-michael,tier1,train,False,7,7,True,True,True
hurricane-michael_00000016,hurricane-michael,tier1,train,False,7,7,True,True,True
hurricane-michael_00000017,hurricane-michael,tier1,train,False,7,7,True,True,True
hurricane-michael_00000020,hurricane-michael,tier1,train,False,7,7,True,True,True
hurricane-michael_00000021,hurricane-michael,tier1,train,False,7,7,True,True,True
hurricane-michael_00000024,hurricane-michael,tier1,train,False,7,7,True,True,True
hurricane-michael_00000025,hurricane-michael,tier1,train,False,7,7,True,True,True
hurricane-michael_00000028,hurricane-michael,tier1,train,False,7,7,True,True,True
hurricane-michael_00000029,hurricane-michael,tier1,train,False,7,7,True,True,True
hurricane-michael_00000034,hurricane-michael,tier1,train,False,7,7,True,True,True
hurricane-michael_00000035,hurricane-michael,tier1,train,False,7,7,True,True,True
hurricane-michael_00000036,hurricane-michael,tier1,train,False,7,7,True,True,True
hurricane-michael_00000038,hurricane-michael,tier1,train,False,7,7,True,True,True
hurricane-michael_00000039,hurricane-michael,tier1,train,False,7,7,True,True,True
hurricane-michael_00000041,hurricane-michael,tier1,train,False,7,7,True,True,True
hurricane-michael_00000043,hurricane-michael,tier1,train,False,7,7,True,True,True
hurricane-michael_00000044,hurricane-michael,tier1,train,False,7,7,True,True,True
hurricane-michael_00000045,hurricane-michael,tier1,train,False,7,7,True,True,True
hurricane-michael_00000047,hurricane-michael,tier1,train,False,7,7,True,True,True
hurricane-michael_00000048,hurricane-michael,tier1,train,False,7,7,True,True,True
hurricane-michael_00000049,hurricane-michael,tier1,train,False,7,7,True,True,True
hurricane-michael_00000050,hurricane-michael,tier1,train,False,7,7,True,True,True
hurricane-michael_00000052,hurricane-michael,tier1,train,False,7,7,True,True,True
hurricane-michael_00000053,hurricane-michael,tier1,train,False,7,7,True,True,True
hurricane-michael_00000056,hurricane-michael,tier1,train,False,7,7,True,True,True
hurricane-michael_00000059,hurricane-michael,tier1,train,False,7,7,True,True,True
hurricane-michael_00000060,hurricane-michael,tier1,train,False,7,7,True,True,True
hurricane-michael_00000061,hurricane-michael,tier1,train,False,7,7,True,True,True
hurricane-michael_00000066,hurricane-michael,tier1,train,False,7,7,True,True,True
hurricane-michael_00000067,hurricane-michael,tier1,train,False,7,7,True,True,True
hurricane-michael_00000068,hurricane-michael,tier1,train,False,7,7,True,True,True
hurricane-michael_00000072,hurricane-michael,tier1,train,False,7,7,True,True,True
hurricane-michael_00000075,hurricane-michael,tier1,train,False,7,7,True,True,True
hurricane-michael_00000076,hurricane-michael,tier1,train,False,7,7,True,True,True
hurricane-michael_00000077,hurricane-michael,tier1,train,False,7,7,True,True,True
hurricane-michael_00000078,hurricane-michael,tier1,train,False,7,7,True,True,True
hurricane-michael_00000081,hurricane-michael,tier1,train,False,7,7,True,True,True
hurricane-michael_00000083,hurricane-michael,tier1,train,False,7,7,True,True,True
hurricane-michael_00000085,hurricane-michael,tier1,train,False,7,7,True,True,True
hurricane-michael_00000087,hurricane-michael,tier1,train,False,7,7,True,True,True
hurricane-michael_00000088,hurricane-michael,tier1,train,False,7,7,True,True,True
hurricane-michael_00000090,hurricane-michael,tier1,train,False,7,7,True,True,True
hurricane-michael_00000092,hurricane-michael,tier1,train,False,7,7,True,True,True
hurricane-michael_00000093,hurricane-michael,tier1,train,False,7,7,True,True,True
hurricane-michael_00000094,hurricane-michael,tier1,train,False,7,7,True,True,True
hurricane-michael_00000096,hurricane-michael,tier1,train,False,7,7,True,True,True
hurricane-michael_00000098,hurricane-michael,tier1,train,False,7,7,True,True,True
hurricane-michael_00000099,hurricane-michael,tier1,train,False,7,7,True,True,True
hurricane-michael_00000100,hurricane-michael,tier1,train,False,7,7,True,True,True
hurricane-michael_00000101,hurricane-michael,tier1,train,False,7,7,True,True,True
hurricane-michael_00000102,hurricane-michael,tier1,train,False,7,7,True,True,True
hurricane-michael_00000103,hurricane-michael,tier1,train,False,7,7,True,True,True
hurricane-michael_00000104,hurricane-michael,tier1,train,False,7,7,True,True,True
hurricane-michael_00000110,hurricane-michael,tier1,train,False,7,7,True,True,True
hurricane-michael_00000112,hurricane-michael,tier1,train,False,7,7,True,True,True
hurricane-michael_00000118,hurricane-michael,tier1,train,False,7,7,True,True,True
hurricane-michael_00000119,hurricane-michael,tier1,train,False,7,7,True,True,True
hurricane-michael_00000122,hurricane-michael,tier1,train,False,7,7,True,True,True
hurricane-michael_00000124,hurricane-michael,tier1,train,False,7,7,True,True,True
hurricane-michael_00000125,hurricane-michael,tier1,train,False,7,7,True,True,True
hurricane-michael_00000130,hurricane-michael,tier1,train,False,7,7,True,True,True
hurricane-michael_00000133,hurricane-michael,tier1,train,False,7,7,True,True,True
hurricane-michael_00000134,hurricane-michael,tier1,train,False,7,7,True,True,True
hurricane-michael_00000135,hurricane-michael,tier1,train,False,7,7,True,True,True
hurricane-michael_00000136,hurricane-michael,tier1,train,False,7,7,True,True,True
hurricane-michael_00000137,hurricane-michael,tier1,train,False,7,7,True,True,True
hurricane-michael_00000141,hurricane-michael,tier1,train,False,7,7,True,True,True
hurricane-michael_00000142,hurricane-michael,tier1,train,False,7,7,True,True,True
hurricane-michael_00000143,hurricane-michael,tier1,train,False,7,7,True,True,True
hurricane-michael_00000144,hurricane-michael,tier1,train,False,7,7,True,True,True
hurricane-michael_00000145,hurricane-michael,tier1,train,False,7,7,True,True,True
hurricane-michael_00000146,hurricane-michael,tier1,train,False,7,7,True,True,True
hurricane-michael_00000147,hurricane-michael,tier1,train,False,7,7,True,True,True
hurricane-michael_00000150,hurricane-michael,tier1,train,False,7,7,True,True,True
hurricane-michael_00000151,hurricane-michael,tier1,train,False,7,7,True,True,True
hurricane-michael_00000154,hurricane-michael,tier1,train,False,7,7,True,True,True
hurricane-michael_00000156,hurricane-michael,tier1,train,False,7,7,True,True,True
hurricane-michael_00000157,hurricane-michael,tier1,train,False,7,7,True,True,True
hurricane-michael_00000158,hurricane-michael,tier1,train,False,7,7,True,True,True
hurricane-michael_00000159,hurricane-michael,tier1,train,False,7,7,True,True,True
hurricane-michael_00000162,hurricane-michael,tier1,train,False,7,7,True,True,True
hurricane-michael_00000165,hurricane-michael,tier1,train,False,7,7,True,True,True
hurricane-michael_00000166,hurricane-michael,tier1,train,False,7,7,True,True,True
hurricane-michael_00000167,hurricane-michael,tier1,train,False,7,7,True,True,True
hurricane-michael_00000170,hurricane-michael,tier1,train,False,7,7,True,True,True
hurricane-michael_00000172,hurricane-michael,tier1,train,False,7,7,True,True,True
hurricane-michael_00000174,hurricane-michael,tier1,train,False,7,7,True,True,True
hurricane-michael_00000175,hurricane-michael,tier1,train,False,7,7,True,True,True
hurricane-michael_00000177,hurricane-michael,tier1,train,False,7,7,True,True,True
hurricane-michael_00000180,hurricane-michael,tier1,train,False,7,7,True,True,True
hurricane-michael_00000181,hurricane-michael,tier1,train,False,7,7,True,True,True
hurricane-michael_00000184,hurricane-michael,tier1,train,False,7,7,True,True,True
hurricane-michael_00000187,hurricane-michael,tier1,train,False,7,7,True,True,True
hurricane-michael_00000188,hurricane-michael,tier1,train,False,7,7,True,True,True
hurricane-michael_00000189,hurricane-michael,tier1,train,False,7,7,True,True,True
hurricane-michael_00000192,hurricane-michael,tier1,train,False,7,7,True,True,True
hurricane-michael_00000196,hurricane-michael,tier1,train,False,7,7,True,True,True
hurricane-michael_00000199,hurricane-michael,tier1,train,False,7,7,True,True,True
hurricane-michael_00000200,hurricane-michael,tier1,train,False,7,7,True,True,True
hurricane-michael_00000202,hurricane-michael,tier1,train,False,7,7,True,True,True
hurricane-michael_00000204,hurricane-michael,tier1,train,False,7,7,True,True,True
hurricane-michael_00000205,hurricane-michael,tier1,train,False,7,7,True,True,True
hurricane-michael_00000206,hurricane-michael,tier1,train,False,7,7,True,True,True
hurricane-michael_00000207,hurricane-michael,tier1,train,False,7,7,True,True,True
hurricane-michael_00000208,hurricane-michael,tier1,train,False,7,7,True,True,True
hurricane-michael_00000210,hurricane-michael,tier1,train,False,7,7,True,True,True
hurricane-michael_00000211,hurricane-michael,tier1,train,False,7,7,True,True,True
hurricane-michael_00000212,hurricane-michael,tier1,train,False,7,7,True,True,True
hurricane-michael_00000214,hurricane-michael,tier1,train,False,7,7,True,True,True
hurricane-michael_00000216,hurricane-michael,tier1,train,False,7,7,True,True,True
hurricane-michael_00000220,hurricane-michael,tier1,train,False,7,7,True,True,True
hurricane-michael_00000222,hurricane-michael,tier1,train,False,7,7,True,True,True
hurricane-michael_00000225,hurricane-michael,tier1,train,False,7,7,True,True,True
hurricane-michael_00000228,hurricane-michael,tier1,train,False,7,7,True,True,True
hurricane-michael_00000230,hurricane-michael,tier1,train,False,7,7,True,True,True
hurricane-michael_00000231,hurricane-michael,tier1,train,False,7,7,True,True,True
hurricane-michael_00000233,hurricane-michael,tier1,train,False,7,7,True,True,True
hurricane-michael_00000234,hurricane-michael,tier1,train,False,7,7,True,True,True
hurricane-michael_00000236,hurricane-michael,tier1,train,False,7,7,True,True,True
hurricane-michael_00000238,hurricane-michael,tier1,train,False,7,7,True,True,True
hurricane-michael_00000239,hurricane-michael,tier1,train,False,7,7,True,True,True
hurricane-michael_00000240,hurricane-michael,tier1,train,False,7,7,True,True,True
hurricane-michael_00000241,hurricane-michael,tier1,train,False,7,7,True,True,True
hurricane-michael_00000243,hurricane-michael,tier1,train,False,7,7,True,True,True
hurricane-michael_00000246,hurricane-michael,tier1,train,False,7,7,True,True,True
hurricane-michael_00000248,hurricane-michael,tier1,train,False,7,7,True,True,True
hurricane-michael_00000249,hurricane-michael,tier1,train,False,7,7,True,True,True
hurricane-michael_00000250,hurricane-michael,tier1,train,False,7,7,True,True,True
hurricane-michael_00000251,hurricane-michael,tier1,train,False,7,7,True,True,True
hurricane-michael_00000252,hurricane-michael,tier1,train,False,7,7,True,True,True
hurricane-michael_00000253,hurricane-michael,tier1,train,False,7,7,True,True,True
hurricane-michael_00000257,hurricane-michael,tier1,train,False,7,7,True,True,True
hurricane-michael_00000258,hurricane-michael,tier1,train,False,7,7,True,True,True
hurricane-michael_00000260,hurricane-michael,tier1,train,False,7,7,True,True,True
hurricane-michael_00000261,hurricane-michael,tier1,train,False,7,7,True,True,True
hurricane-michael_00000263,hurricane-michael,tier1,train,False,7,7,True,True,True
hurricane-michael_00000265,hurricane-michael,tier1,train,False,7,7,True,True,True
hurricane-michael_00000266,hurricane-michael,tier1,train,False,7,7,True,True,True
hurricane-michael_00000267,hurricane-michael,tier1,train,False,7,7,True,True,True
hurricane-michael_00000268,hurricane-michael,tier1,train,False,7,7,True,True,True
hurricane-michael_00000269,hurricane-michael,tier1,train,False,7,7,True,True,True
hurricane-michael_00000271,hurricane-michael,tier1,train,False,7,7,True,True,True
hurricane-michael_00000272,hurricane-michael,tier1,train,False,7,7,True,True,True
hurricane-michael_00000273,hurricane-michael,tier1,train,False,7,7,True,True,True
hurricane-michael_00000275,hurricane-michael,tier1,train,False,7,7,True,True,True
hurricane-michael_00000281,hurricane-michael,tier1,train,False,7,7,True,True,True
hurricane-michael_00000283,hurricane-michael,tier1,train,False,7,7,True,True,True
hurricane-michael_00000284,hurricane-michael,tier1,train,False,7,7,True,True,True
hurricane-michael_00000285,hurricane-michael,tier1,train,False,7,7,True,True,True
hurricane-michael_00000286,hurricane-michael,tier1,train,False,7,7,True,True,True
hurricane-michael_00000287,hurricane-michael,tier1,train,False,7,7,True,True,True
hurricane-michael_00000289,hurricane-michael,tier1,train,False,7,7,True,True,True
hurricane-michael_00000290,hurricane-michael,tier1,train,False,7,7,True,True,True
hurricane-michael_00000292,hurricane-michael,tier1,train,False,7,7,True,True,True
hurricane-michael_00000293,hurricane-michael,tier1,train,False,7,7,True,True,True
hurricane-michael_00000294,hurricane-michael,tier1,train,False,7,7,True,True,True
hurricane-michael_00000295,hurricane-michael,tier1,train,False,7,7,True,True,True
hurricane-michael_00000296,hurricane-michael,tier1,train,False,7,7,True,True,True
hurricane-michael_00000299,hurricane-michael,tier1,train,False,7,7,True,True,True
hurricane-michael_00000300,hurricane-michael,tier1,train,False,7,7,True,True,True
hurricane-michael_00000301,hurricane-michael,tier1,train,False,7,7,True,True,True
hurricane-michael_00000302,hurricane-michael,tier1,train,False,7,7,True,True,True
hurricane-michael_00000303,hurricane-michael,tier1,train,False,7,7,True,True,True
hurricane-michael_00000304,hurricane-michael,tier1,train,False,7,7,True,True,True
hurricane-michael_00000305,hurricane-michael,tier1,train,False,7,7,True,True,True
hurricane-michael_00000307,hurricane-michael,tier1,train,False,7,7,True,True,True
hurricane-michael_00000308,hurricane-michael,tier1,train,False,7,7,True,True,True
hurricane-michael_00000309,hurricane-michael,tier1,train,False,7,7,True,True,True
hurricane-michael_00000311,hurricane-michael,tier1,train,False,7,7,True,True,True
hurricane-michael_00000312,hurricane-michael,tier1,train,False,7,7,True,True,True
hurricane-michael_00000313,hurricane-michael,tier1,train,False,7,7,True,True,True
hurricane-michael_00000315,hurricane-michael,tier1,train,False,7,7,True,True,True
hurricane-michael_00000322,hurricane-michael,tier1,train,False,7,7,True,True,True
hurricane-michael_00000323,hurricane-michael,tier1,train,False,7,7,True,True,True
hurricane-michael_00000324,hurricane-michael,tier1,train,False,7,7,True,True,True
hurricane-michael_00000325,hurricane-michael,tier1,train,False,7,7,True,True,True
hurricane-michael_00000326,hurricane-michael,tier1,train,False,7,7,True,True,True
hurricane-michael_00000328,hurricane-michael,tier1,train,False,7,7,True,True,True
hurricane-michael_00000329,hurricane-michael,tier1,train,False,7,7,True,True,True
hurricane-michael_00000330,hurricane-michael,tier1,train,False,7,7,True,True,True
hurricane-michael_00000333,hurricane-michael,tier1,train,False,7,7,True,True,True
hurricane-michael_00000334,hurricane-michael,tier1,train,False,7,7,True,True,True
hurricane-michael_00000337,hurricane-michael,tier1,train,False,7,7,True,True,True
hurricane-michael_00000338,hurricane-michael,tier1,train,False,7,7,True,True,True
hurricane-michael_00000339,hurricane-michael,tier1,train,False,7,7,True,True,True
hurricane-michael_00000340,hurricane-michael,tier1,train,False,7,7,True,True,True
hurricane-michael_00000341,hurricane-michael,tier1,train,False,7,7,True,True,True
hurricane-michael_00000344,hurricane-michael,tier1,train,False,7,7,True,True,True
hurricane-michael_00000345,hurricane-michael,tier1,train,False,7,7,True,True,True
hurricane-michael_00000348,hurricane-michael,tier1,train,False,7,7,True,True,True
hurricane-michael_00000349,hurricane-michael,tier1,train,False,7,7,True,True,True
hurricane-michael_00000351,hurricane-michael,tier1,train,False,7,7,True,True,True
hurricane-michael_00000353,hurricane-michael,tier1,train,False,7,7,True,True,True
hurricane-michael_00000355,hurricane-michael,tier1,train,False,7,7,True,True,True
hurricane-michael_00000357,hurricane-michael,tier1,train,False,7,7,True,True,True
hurricane-michael_00000358,hurricane-michael,tier1,train,False,7,7,True,True,True
hurricane-michael_00000359,hurricane-michael,tier1,train,False,7,7,True,True,True
hurricane-michael_00000360,hurricane-michael,tier1,train,False,7,7,True,True,True
hurricane-michael_00000361,hurricane-michael,tier1,train,False,7,7,True,True,True
hurricane-michael_00000362,hurricane-michael,tier1,train,False,7,7,True,True,True
hurricane-michael_00000365,hurricane-michael,tier1,train,False,7,7,True,True,True
hurricane-michael_00000367,hurricane-michael,tier1,train,False,7,7,True,True,True
hurricane-michael_00000369,hurricane-michael,tier1,train,False,7,7,True,True,True
hurricane-michael_00000371,hurricane-michael,tier1,train,False,7,7,True,True,True
hurricane-michael_00000377,hurricane-michael,tier1,train,False,7,7,True,True,True
hurricane-michael_00000379,hurricane-michael,tier1,train,False,7,7,True,True,True
hurricane-michael_00000380,hurricane-michael,tier1,train,False,7,7,True,True,True
hurricane-michael_00000387,hurricane-michael,tier1,train,False,7,7,True,True,True
hurricane-michael_00000388,hurricane-michael,tier1,train,False,7,7,True,True,True
hurricane-michael_00000389,hurricane-michael,tier1,train,False,7,7,True,True,True
hurricane-michael_00000392,hurricane-michael,tier1,train,False,7,7,True,True,True
hurricane-michael_00000393,hurricane-michael,tier1,train,False,7,7,True,True,True
hurricane-michael_00000402,hurricane-michael,tier1,train,False,7,7,True,True,True
hurricane-michael_00000403,hurricane-michael,tier1,train,False,7,7,True,True,True
hurricane-michael_00000404,hurricane-michael,tier1,train,False,7,7,True,True,True
hurricane-michael_00000405,hurricane-michael,tier1,train,False,7,7,True,True,True
hurricane-michael_00000406,hurricane-michael,tier1,train,False,7,7,True,True,True
hurricane-michael_00000408,hurricane-michael,tier1,train,False,7,7,True,True,True
hurricane-michael_00000409,hurricane-michael,tier1,train,False,7,7,True,True,True
hurricane-michael_00000410,hurricane-michael,tier1,train,False,7,7,True,True,True
hurricane-michael_00000411,hurricane-michael,tier1,train,False,7,7,True,True,True
hurricane-michael_00000412,hurricane-michael,tier1,train,False,7,7,True,True,True
hurricane-michael_00000413,hurricane-michael,tier1,train,False,7,7,True,True,True
hurricane-michael_00000415,hurricane-michael,tier1,train,False,7,7,True,True,True
hurricane-michael_00000416,hurricane-michael,tier1,train,False,7,7,True,True,True
hurricane-michael_00000417,hurricane-michael,tier1,train,False,7,7,True,True,True
hurricane-michael_00000419,hurricane-michael,tier1,train,False,7,7,True,True,True
hurricane-michael_00000421,hurricane-michael,tier1,train,False,7,7,True,True,True
hurricane-michael_00000422,hurricane-michael,tier1,train,False,7,7,True,True,True
hurricane-michael_00000424,hurricane-michael,tier1,train,False,7,7,True,True,True
hurricane-michael_00000427,hurricane-michael,tier1,train,False,7,7,True,True,True
hurricane-michael_00000430,hurricane-michael,tier1,train,False,7,7,True,True,True
hurricane-michael_00000435,hurricane-michael,tier1,train,False,7,7,True,True,True
hurricane-michael_00000439,hurricane-michael,tier1,train,False,7,7,True,True,True
hurricane-michael_00000440,hurricane-michael,tier1,train,False,7,7,True,True,True
hurricane-michael_00000441,hurricane-michael,tier1,train,False,7,7,True,True,True
hurricane-michael_00000442,hurricane-michael,tier1,train,False,7,7,True,True,True
hurricane-michael_00000444,hurricane-michael,tier1,train,False,7,7,True,True,True
hurricane-michael_00000451,hurricane-michael,tier1,train,False,7,7,True,True,True
hurricane-michael_00000452,hurricane-michael,tier1,train,False,7,7,True,True,True
hurricane-michael_00000454,hurricane-michael,tier1,train,False,7,7,True,True,True
hurricane-michael_00000455,hurricane-michael,tier1,train,False,7,7,True,True,True
hurricane-michael_00000458,hurricane-michael,tier1,train,False,7,7,True,True,True
hurricane-michael_00000460,hurricane-michael,tier1,train,False,7,7,True,True,True
hurricane-michael_00000461,hurricane-michael,tier1,train,False,7,7,True,True,True
hurricane-michael_00000462,hurricane-michael,tier1,train,False,7,7,True,True,True
hurricane-michael_00000463,hurricane-michael,tier1,train,False,7,7,True,True,True
hurricane-michael_00000465,hurricane-michael,tier1,train,False,7,7,True,True,True
hurricane-michael_00000466,hurricane-michael,tier1,train,False,7,7,True,True,True
hurricane-michael_00000472,hurricane-michael,tier1,train,False,7,7,True,True,True
hurricane-michael_00000473,hurricane-michael,tier1,train,False,7,7,True,True,True
hurricane-michael_00000474,hurricane-michael,tier1,train,False,7,7,True,True,True
hurricane-michael_00000475,hurricane-michael,tier1,train,False,7,7,True,True,True
hurricane-michael_00000476,hurricane-michael,tier1,train,False,7,7,True,True,True
hurricane-michael_00000479,hurricane-michael,tier1,train,False,7,7,True,True,True
hurricane-michael_00000480,hurricane-michael,tier1,train,False,7,7,True,True,True
hurricane-michael_00000482,hurricane-michael,tier1,train,False,7,7,True,True,True
hurricane-michael_00000484,hurricane-michael,tier1,train,False,7,7,True,True,True
hurricane-michael_00000485,hurricane-michael,tier1,train,False,7,7,True,True,True
hurricane-michael_00000487,hurricane-michael,tier1,train,False,7,7,True,True,True
hurricane-michael_00000489,hurricane-michael,tier1,train,False,7,7,True,True,True
hurricane-michael_00000490,hurricane-michael,tier1,train,False,7,7,True,True,True
hurricane-michael_00000492,hurricane-michael,tier1,train,False,7,7,True,True,True
hurricane-michael_00000494,hurricane-michael,tier1,train,False,7,7,True,True,True
hurricane-michael_00000496,hurricane-michael,tier1,train,False,7,7,True,True,True
hurricane-michael_00000497,hurricane-michael,tier1,train,False,7,7,True,True,True
hurricane-michael_00000498,hurricane-michael,tier1,train,False,7,7,True,True,True
hurricane-michael_00000499,hurricane-michael,tier1,train,False,7,7,True,True,True
hurricane-michael_00000500,hurricane-michael,tier1,train,False,7,7,True,True,True
hurricane-michael_00000502,hurricane-michael,tier1,train,False,7,7,True,True,True
hurricane-michael_00000504,hurricane-michael,tier1,train,False,7,7,True,True,True
hurricane-michael_00000505,hurricane-michael,tier1,train,False,7,7,True,True,True
hurricane-michael_00000509,hurricane-michael,tier1,train,False,7,7,True,True,True
hurricane-michael_00000511,hurricane-michael,tier1,train,False,7,7,True,True,True
hurricane-michael_00000515,hurricane-michael,tier1,train,False,7,7,True,True,True
hurricane-michael_00000516,hurricane-michael,tier1,train,False,7,7,True,True,True
hurricane-michael_00000517,hurricane-michael,tier1,train,False,7,7,True,True,True
hurricane-michael_00000519,hurricane-michael,tier1,train,False,7,7,True,True,True
hurricane-michael_00000521,hurricane-michael,tier1,train,False,7,7,True,True,True
hurricane-michael_00000522,hurricane-michael,tier1,train,False,7,7,True,True,True
hurricane-michael_00000523,hurricane-michael,tier1,train,False,7,7,True,True,True
hurricane-michael_00000524,hurricane-michael,tier1,train,False,7,7,True,True,True
hurricane-michael_00000527,hurricane-michael,tier1,train,False,7,7,True,True,True
hurricane-michael_00000528,hurricane-michael,tier1,train,False,7,7,True,True,True
hurricane-michael_00000529,hurricane-michael,tier1,train,False,7,7,True,True,True
hurricane-michael_00000530,hurricane-michael,tier1,train,False,7,7,True,True,True
hurricane-michael_00000536,hurricane-michael,tier1,train,False,7,7,True,True,True
hurricane-michael_00000537,hurricane-michael,tier1,train,False,7,7,True,True,True
hurricane-michael_00000538,hurricane-michael,tier1,train,False,7,7,True,True,True
hurricane-michael_00000539,hurricane-michael,tier1,train,False,7,7,True,True,True
hurricane-michael_00000541,hurricane-michael,tier1,train,False,7,7,True,True,True
hurricane-michael_00000542,hurricane-michael,tier1,train,False,7,7,True,True,True
hurricane-michael_00000543,hurricane-michael,tier1,train,False,7,7,True,True,True
hurricane-michael_00000546,hurricane-michael,tier1,train,False,7,7,True,True,True
hurricane-michael_00000547,hurricane-michael,tier1,train,False,7,7,True,True,True
hurricane-michael_00000548,hurricane-michael,tier1,train,False,7,7,True,True,True
joplin-tornado_00000000,joplin-tornado,tier3,train,False,7,7,True,True,True
joplin-tornado_00000001,joplin-tornado,tier3,train,False,7,7,True,True,True
joplin-tornado_00000002,joplin-tornado,tier3,train,False,7,7,True,True,True
joplin-tornado_00000003,joplin-tornado,tier3,train,False,7,7,True,True,True
joplin-tornado_00000005,joplin-tornado,tier3,train,False,7,7,True,True,True
joplin-tornado_00000006,joplin-tornado,tier3,train,False,7,7,True,True,True
joplin-tornado_00000007,joplin-tornado,tier3,train,False,7,7,True,True,True
joplin-tornado_00000008,joplin-tornado,tier3,train,False,7,7,True,True,True
joplin-tornado_00000009,joplin-tornado,tier3,train,False,7,7,True,True,True
joplin-tornado_00000010,joplin-tornado,tier3,train,False,7,7,True,True,True
joplin-tornado_00000011,joplin-tornado,tier3,train,False,7,7,True,True,True
joplin-tornado_00000012,joplin-tornado,tier3,train,False,7,7,True,True,True
joplin-tornado_00000013,joplin-tornado,tier3,train,False,7,7,True,True,True
joplin-tornado_00000014,joplin-tornado,tier3,train,False,7,7,True,True,True
joplin-tornado_00000015,joplin-tornado,tier3,train,False,7,7,True,True,True
joplin-tornado_00000016,joplin-tornado,tier3,train,False,7,7,True,True,True
joplin-tornado_00000017,joplin-tornado,tier3,train,False,7,7,True,True,True
joplin-tornado_00000018,joplin-tornado,tier3,train,False,7,7,True,True,True
joplin-tornado_00000020,joplin-tornado,tier3,train,False,7,7,True,True,True
joplin-tornado_00000021,joplin-tornado,tier3,train,False,7,7,True,True,True
joplin-tornado_00000022,joplin-tornado,tier3,train,False,7,7,True,True,True
joplin-tornado_00000024,joplin-tornado,tier3,train,False,7,7,True,True,True
joplin-tornado_00000025,joplin-tornado,tier3,train,False,7,7,True,True,True
joplin-tornado_00000026,joplin-tornado,tier3,train,False,7,7,True,True,True
joplin-tornado_00000027,joplin-tornado,tier3,train,False,7,7,True,True,True
joplin-tornado_00000028,joplin-tornado,tier3,train,False,7,7,True,True,True
joplin-tornado_00000029,joplin-tornado,tier3,train,False,7,7,True,True,True
joplin-tornado_00000030,joplin-tornado,tier3,train,False,7,7,True,True,True
joplin-tornado_00000031,joplin-tornado,tier3,train,False,7,7,True,True,True
joplin-tornado_00000032,joplin-tornado,tier3,train,False,7,7,True,True,True
joplin-tornado_00000033,joplin-tornado,tier3,train,False,7,7,True,True,True
joplin-tornado_00000034,joplin-tornado,tier3,train,False,7,7,True,True,True
joplin-tornado_00000035,joplin-tornado,tier3,train,False,7,7,True,True,True
joplin-tornado_00000037,joplin-tornado,tier3,train,False,7,7,True,True,True
joplin-tornado_00000038,joplin-tornado,tier3,train,False,7,7,True,True,True
joplin-tornado_00000039,joplin-tornado,tier3,train,False,7,7,True,True,True
joplin-tornado_00000040,joplin-tornado,tier3,train,False,7,7,True,True,True
joplin-tornado_00000041,joplin-tornado,tier3,train,False,7,7,True,True,True
joplin-tornado_00000042,joplin-tornado,tier3,train,False,7,7,True,True,True
joplin-tornado_00000043,joplin-tornado,tier3,train,False,7,7,True,True,True
joplin-tornado_00000044,joplin-tornado,tier3,train,False,7,7,True,True,True
joplin-tornado_00000045,joplin-tornado,tier3,train,False,7,7,True,True,True
joplin-tornado_00000046,joplin-tornado,tier3,train,False,7,7,True,True,True
joplin-tornado_00000047,joplin-tornado,tier3,train,False,7,7,True,True,True
joplin-tornado_00000048,joplin-tornado,tier3,train,False,7,7,True,True,True
joplin-tornado_00000049,joplin-tornado,tier3,train,False,7,7,True,True,True
joplin-tornado_00000050,joplin-tornado,tier3,train,False,7,7,True,True,True
joplin-tornado_00000051,joplin-tornado,tier3,train,False,7,7,True,True,True
joplin-tornado_00000053,joplin-tornado,tier3,train,False,7,7,True,True,True
joplin-tornado_00000054,joplin-tornado,tier3,train,False,7,7,True,True,True
joplin-tornado_00000055,joplin-tornado,tier3,train,False,7,7,True,True,True
joplin-tornado_00000056,joplin-tornado,tier3,train,False,7,7,True,True,True
joplin-tornado_00000057,joplin-tornado,tier3,train,False,7,7,True,True,True
joplin-tornado_00000059,joplin-tornado,tier3,train,False,7,7,True,True,True
joplin-tornado_00000060,joplin-tornado,tier3,train,False,7,7,True,True,True
joplin-tornado_00000061,joplin-tornado,tier3,train,False,7,7,True,True,True
joplin-tornado_00000062,joplin-tornado,tier3,train,False,7,7,True,True,True
joplin-tornado_00000063,joplin-tornado,tier3,train,False,7,7,True,True,True
joplin-tornado_00000064,joplin-tornado,tier3,train,False,7,7,True,True,True
joplin-tornado_00000065,joplin-tornado,tier3,train,False,7,7,True,True,True
joplin-tornado_00000066,joplin-tornado,tier3,train,False,7,7,True,True,True
joplin-tornado_00000067,joplin-tornado,tier3,train,False,7,7,True,True,True
joplin-tornado_00000068,joplin-tornado,tier3,train,False,7,7,True,True,True
joplin-tornado_00000069,joplin-tornado,tier3,train,False,7,7,True,True,True
joplin-tornado_00000070,joplin-tornado,tier3,train,False,7,7,True,True,True
joplin-tornado_00000071,joplin-tornado,tier3,train,False,7,7,True,True,True
joplin-tornado_00000072,joplin-tornado,tier3,train,False,7,7,True,True,True
joplin-tornado_00000073,joplin-tornado,tier3,train,False,7,7,True,True,True
joplin-tornado_00000074,joplin-tornado,tier3,train,False,7,7,True,True,True
joplin-tornado_00000075,joplin-tornado,tier3,train,False,7,7,True,True,True
joplin-tornado_00000076,joplin-tornado,tier3,train,False,7,7,True,True,True
joplin-tornado_00000077,joplin-tornado,tier3,train,False,7,7,True,True,True
joplin-tornado_00000078,joplin-tornado,tier3,train,False,7,7,True,True,True
joplin-tornado_00000079,joplin-tornado,tier3,train,False,7,7,True,True,True
joplin-tornado_00000081,joplin-tornado,tier3,train,False,7,7,True,True,True
joplin-tornado_00000082,joplin-tornado,tier3,train,False,7,7,True,True,True
joplin-tornado_00000083,joplin-tornado,tier3,train,False,7,7,True,True,True
joplin-tornado_00000084,joplin-tornado,tier3,train,False,7,7,True,True,True
joplin-tornado_00000086,joplin-tornado,tier3,train,False,7,7,True,True,True
joplin-tornado_00000087,joplin-tornado,tier3,train,False,7,7,True,True,True
joplin-tornado_00000088,joplin-tornado,tier3,train,False,7,7,True,True,True
joplin-tornado_00000089,joplin-tornado,tier3,train,False,7,7,True,True,True
joplin-tornado_00000090,joplin-tornado,tier3,train,False,7,7,True,True,True
joplin-tornado_00000091,joplin-tornado,tier3,train,False,7,7,True,True,True
joplin-tornado_00000092,joplin-tornado,tier3,train,False,7,7,True,True,True
joplin-tornado_00000093,joplin-tornado,tier3,train,False,7,7,True,True,True
joplin-tornado_00000094,joplin-tornado,tier3,train,False,7,7,True,True,True
joplin-tornado_00000095,joplin-tornado,tier3,train,False,7,7,True,True,True
joplin-tornado_00000096,joplin-tornado,tier3,train,False,7,7,True,True,True
joplin-tornado_00000097,joplin-tornado,tier3,train,False,7,7,True,True,True
joplin-tornado_00000099,joplin-tornado,tier3,train,False,7,7,True,True,True
joplin-tornado_00000100,joplin-tornado,tier3,train,False,7,7,True,True,True
joplin-tornado_00000101,joplin-tornado,tier3,train,False,7,7,True,True,True
joplin-tornado_00000102,joplin-tornado,tier3,train,False,7,7,True,True,True
joplin-tornado_00000103,joplin-tornado,tier3,train,False,7,7,True,True,True
joplin-tornado_00000104,joplin-tornado,tier3,train,False,7,7,True,True,True
joplin-tornado_00000105,joplin-tornado,tier3,train,False,7,7,True,True,True
joplin-tornado_00000106,joplin-tornado,tier3,train,False,7,7,True,True,True
joplin-tornado_00000108,joplin-tornado,tier3,train,False,7,7,True,True,True
joplin-tornado_00000109,joplin-tornado,tier3,train,False,7,7,True,True,True
joplin-tornado_00000110,joplin-tornado,tier3,train,False,7,7,True,True,True
joplin-tornado_00000111,joplin-tornado,tier3,train,False,7,7,True,True,True
joplin-tornado_00000112,joplin-tornado,tier3,train,False,7,7,True,True,True
joplin-tornado_00000114,joplin-tornado,tier3,train,False,7,7,True,True,True
joplin-tornado_00000115,joplin-tornado,tier3,train,False,7,7,True,True,True
joplin-tornado_00000116,joplin-tornado,tier3,train,False,7,7,True,True,True
joplin-tornado_00000117,joplin-tornado,tier3,train,False,7,7,True,True,True
joplin-tornado_00000120,joplin-tornado,tier3,train,False,7,7,True,True,True
joplin-tornado_00000121,joplin-tornado,tier3,train,False,7,7,True,True,True
joplin-tornado_00000122,joplin-tornado,tier3,train,False,7,7,True,True,True
joplin-tornado_00000123,joplin-tornado,tier3,train,False,7,7,True,True,True
joplin-tornado_00000124,joplin-tornado,tier3,train,False,7,7,True,True,True
joplin-tornado_00000125,joplin-tornado,tier3,train,False,7,7,True,True,True
joplin-tornado_00000126,joplin-tornado,tier3,train,False,7,7,True,True,True
joplin-tornado_00000128,joplin-tornado,tier3,train,False,7,7,True,True,True
joplin-tornado_00000130,joplin-tornado,tier3,train,False,7,7,True,True,True
joplin-tornado_00000131,joplin-tornado,tier3,train,False,7,7,True,True,True
joplin-tornado_00000132,joplin-tornado,tier3,train,False,7,7,True,True,True
joplin-tornado_00000133,joplin-tornado,tier3,train,False,7,7,True,True,True
joplin-tornado_00000134,joplin-tornado,tier3,train,False,7,7,True,True,True
joplin-tornado_00000135,joplin-tornado,tier3,train,False,7,7,True,True,True
joplin-tornado_00000137,joplin-tornado,tier3,train,False,7,7,True,True,True
joplin-tornado_00000138,joplin-tornado,tier3,train,False,7,7,True,True,True
joplin-tornado_00000140,joplin-tornado,tier3,train,False,7,7,True,True,True
joplin-tornado_00000141,joplin-tornado,tier3,train,False,7,7,True,True,True
joplin-tornado_00000142,joplin-tornado,tier3,train,False,7,7,True,True,True
joplin-tornado_00000143,joplin-tornado,tier3,train,False,7,7,True,True,True
joplin-tornado_00000144,joplin-tornado,tier3,train,False,7,7,True,True,True
joplin-tornado_00000145,joplin-tornado,tier3,train,False,7,7,True,True,True
joplin-tornado_00000146,joplin-tornado,tier3,train,False,7,7,True,True,True
joplin-tornado_00000147,joplin-tornado,tier3,train,False,7,7,True,True,True
joplin-tornado_00000148,joplin-tornado,tier3,train,False,7,7,True,True,True
lower-puna-volcano_00000000,lower-puna-volcano,tier3,train,False,7,7,True,True,True
lower-puna-volcano_00000001,lower-puna-volcano,tier3,train,False,7,7,True,True,True
lower-puna-volcano_00000002,lower-puna-volcano,tier3,train,False,7,7,True,True,True
lower-puna-volcano_00000004,lower-puna-volcano,tier3,train,False,7,7,True,True,True
lower-puna-volcano_00000005,lower-puna-volcano,tier3,train,False,7,7,True,True,True
lower-puna-volcano_00000007,lower-puna-volcano,tier3,train,False,7,7,True,True,True
lower-puna-volcano_00000008,lower-puna-volcano,tier3,train,False,7,7,True,True,True
lower-puna-volcano_00000009,lower-puna-volcano,tier3,train,False,7,7,True,True,True
lower-puna-volcano_00000010,lower-puna-volcano,tier3,train,False,7,7,True,True,True
lower-puna-volcano_00000011,lower-puna-volcano,tier3,train,False,7,7,True,True,True
lower-puna-volcano_00000012,lower-puna-volcano,tier3,train,False,7,7,True,True,True
lower-puna-volcano_00000016,lower-puna-volcano,tier3,train,False,7,7,True,True,True
lower-puna-volcano_00000017,lower-puna-volcano,tier3,train,False,7,7,True,True,True
lower-puna-volcano_00000018,lower-puna-volcano,tier3,train,False,7,7,True,True,True
lower-puna-volcano_00000019,lower-puna-volcano,tier3,train,False,7,7,True,True,True
lower-puna-volcano_00000020,lower-puna-volcano,tier3,train,False,7,7,True,True,True
lower-puna-volcano_00000021,lower-puna-volcano,tier3,train,False,7,7,True,True,True
lower-puna-volcano_00000022,lower-puna-volcano,tier3,train,False,7,7,True,True,True
lower-puna-volcano_00000023,lower-puna-volcano,tier3,train,False,7,7,True,True,True
lower-puna-volcano_00000024,lower-puna-volcano,tier3,train,False,7,7,True,True,True
lower-puna-volcano_00000025,lower-puna-volcano,tier3,train,False,7,7,True,True,True
lower-puna-volcano_00000026,lower-puna-volcano,tier3,train,False,7,7,True,True,True
lower-puna-volcano_00000027,lower-puna-volcano,tier3,train,False,7,7,True,True,True
lower-puna-volcano_00000028,lower-puna-volcano,tier3,train,False,7,7,True,True,True
lower-puna-volcano_00000029,lower-puna-volcano,tier3,train,False,7,7,True,True,True
lower-puna-volcano_00000030,lower-puna-volcano,tier3,train,False,7,7,True,True,True
lower-puna-volcano_00000031,lower-puna-volcano,tier3,train,False,7,7,True,True,True
lower-puna-volcano_00000032,lower-puna-volcano,tier3,train,False,7,7,True,True,True
lower-puna-volcano_00000033,lower-puna-volcano,tier3,train,False,7,7,True,True,True
lower-puna-volcano_00000034,lower-puna-volcano,tier3,train,False,7,7,True,True,True
lower-puna-volcano_00000035,lower-puna-volcano,tier3,train,False,7,7,True,True,True
lower-puna-volcano_00000036,lower-puna-volcano,tier3,train,False,7,7,True,True,True
lower-puna-volcano_00000037,lower-puna-volcano,tier3,train,False,7,7,True,True,True
lower-puna-volcano_00000039,lower-puna-volcano,tier3,train,False,7,7,True,True,True
lower-puna-volcano_00000040,lower-puna-volcano,tier3,train,False,7,7,True,True,True
lower-puna-volcano_00000041,lower-puna-volcano,tier3,train,False,7,7,True,True,True
lower-puna-volcano_00000042,lower-puna-volcano,tier3,train,False,7,7,True,True,True
lower-puna-volcano_00000043,lower-puna-volcano,tier3,train,False,7,7,True,True,True
lower-puna-volcano_00000044,lower-puna-volcano,tier3,train,False,7,7,True,True,True
lower-puna-volcano_00000045,lower-puna-volcano,tier3,train,False,7,7,True,True,True
lower-puna-volcano_00000047,lower-puna-volcano,tier3,train,False,7,7,True,True,True
lower-puna-volcano_00000048,lower-puna-volcano,tier3,train,False,7,7,True,True,True
lower-puna-volcano_00000049,lower-puna-volcano,tier3,train,False,7,7,True,True,True
lower-puna-volcano_00000050,lower-puna-volcano,tier3,train,False,7,7,True,True,True
lower-puna-volcano_00000051,lower-puna-volcano,tier3,train,False,7,7,True,True,True
lower-puna-volcano_00000052,lower-puna-volcano,tier3,train,False,7,7,True,True,True
lower-puna-volcano_00000053,lower-puna-volcano,tier3,train,False,7,7,True,True,True
lower-puna-volcano_00000054,lower-puna-volcano,tier3,train,False,7,7,True,True,True
lower-puna-volcano_00000055,lower-puna-volcano,tier3,train,False,7,7,True,True,True
lower-puna-volcano_00000056,lower-puna-volcano,tier3,train,False,7,7,True,True,True
lower-puna-volcano_00000057,lower-puna-volcano,tier3,train,False,7,7,True,True,True
lower-puna-volcano_00000058,lower-puna-volcano,tier3,train,False,7,7,True,True,True
lower-puna-volcano_00000059,lower-puna-volcano,tier3,train,False,7,7,True,True,True
lower-puna-volcano_00000060,lower-puna-volcano,tier3,train,False,7,7,True,True,True
lower-puna-volcano_00000061,lower-puna-volcano,tier3,train,False,7,7,True,True,True
lower-puna-volcano_00000062,lower-puna-volcano,tier3,train,False,7,7,True,True,True
lower-puna-volcano_00000063,lower-puna-volcano,tier3,train,False,7,7,True,True,True
lower-puna-volcano_00000064,lower-puna-volcano,tier3,train,False,7,7,True,True,True
lower-puna-volcano_00000065,lower-puna-volcano,tier3,train,False,7,7,True,True,True
lower-puna-volcano_00000066,lower-puna-volcano,tier3,train,False,7,7,True,True,True
lower-puna-volcano_00000067,lower-puna-volcano,tier3,train,False,7,7,True,True,True
lower-puna-volcano_00000068,lower-puna-volcano,tier3,train,False,7,7,True,True,True
lower-puna-volcano_00000069,lower-puna-volcano,tier3,train,False,7,7,True,True,True
lower-puna-volcano_00000070,lower-puna-volcano,tier3,train,False,7,7,True,True,True
lower-puna-volcano_00000071,lower-puna-volcano,tier3,train,False,7,7,True,True,True
lower-puna-volcano_00000072,lower-puna-volcano,tier3,train,False,7,7,True,True,True
lower-puna-volcano_00000073,lower-puna-volcano,tier3,train,False,7,7,True,True,True
lower-puna-volcano_00000074,lower-puna-volcano,tier3,train,False,7,7,True,True,True
lower-puna-volcano_00000075,lower-puna-volcano,tier3,train,False,7,7,True,True,True
lower-puna-volcano_00000076,lower-puna-volcano,tier3,train,False,7,7,True,True,True
lower-puna-volcano_00000077,lower-puna-volcano,tier3,train,False,7,7,True,True,True
lower-puna-volcano_00000078,lower-puna-volcano,tier3,train,False,7,7,True,True,True
lower-puna-volcano_00000079,lower-puna-volcano,tier3,train,False,7,7,True,True,True
lower-puna-volcano_00000080,lower-puna-volcano,tier3,train,False,7,7,True,True,True
lower-puna-volcano_00000082,lower-puna-volcano,tier3,train,False,7,7,True,True,True
lower-puna-volcano_00000083,lower-puna-volcano,tier3,train,False,7,7,True,True,True
lower-puna-volcano_00000084,lower-puna-volcano,tier3,train,False,7,7,True,True,True
lower-puna-volcano_00000086,lower-puna-volcano,tier3,train,False,7,7,True,True,True
lower-puna-volcano_00000087,lower-puna-volcano,tier3,train,False,7,7,True,True,True
lower-puna-volcano_00000088,lower-puna-volcano,tier3,train,False,7,7,True,True,True
lower-puna-volcano_00000089,lower-puna-volcano,tier3,train,False,7,7,True,True,True
lower-puna-volcano_00000090,lower-puna-volcano,tier3,train,False,7,7,True,True,True
lower-puna-volcano_00000091,lower-puna-volcano,tier3,train,False,7,7,True,True,True
lower-puna-volcano_00000092,lower-puna-volcano,tier3,train,False,7,7,True,True,True
lower-puna-volcano_00000093,lower-puna-volcano,tier3,train,False,7,7,True,True,True
lower-puna-volcano_00000094,lower-puna-volcano,tier3,train,False,7,7,True,True,True
lower-puna-volcano_00000095,lower-puna-volcano,tier3,train,False,7,7,True,True,True
lower-puna-volcano_00000096,lower-puna-volcano,tier3,train,False,7,7,True,True,True
lower-puna-volcano_00000098,lower-puna-volcano,tier3,train,False,7,7,True,True,True
lower-puna-volcano_00000099,lower-puna-volcano,tier3,train,False,7,7,True,True,True
lower-puna-volcano_00000100,lower-puna-volcano,tier3,train,False,7,7,True,True,True
lower-puna-volcano_00000101,lower-puna-volcano,tier3,train,False,7,7,True,True,True
lower-puna-volcano_00000103,lower-puna-volcano,tier3,train,False,7,7,True,True,True
lower-puna-volcano_00000104,lower-puna-volcano,tier3,train,False,7,7,True,True,True
lower-puna-volcano_00000105,lower-puna-volcano,tier3,train,False,7,7,True,True,True
lower-puna-volcano_00000106,lower-puna-volcano,tier3,train,False,7,7,True,True,True
lower-puna-volcano_00000108,lower-puna-volcano,tier3,train,False,7,7,True,True,True
lower-puna-volcano_00000109,lower-puna-volcano,tier3,train,False,7,7,True,True,True
lower-puna-volcano_00000110,lower-puna-volcano,tier3,train,False,7,7,True,True,True
lower-puna-volcano_00000111,lower-puna-volcano,tier3,train,False,7,7,True,True,True
lower-puna-volcano_00000112,lower-puna-volcano,tier3,train,False,7,7,True,True,True
lower-puna-volcano_00000113,lower-puna-volcano,tier3,train,False,7,7,True,True,True
lower-puna-volcano_00000114,lower-puna-volcano,tier3,train,False,7,7,True,True,True
lower-puna-volcano_00000115,lower-puna-volcano,tier3,train,False,7,7,True,True,True
lower-puna-volcano_00000117,lower-puna-volcano,tier3,train,False,7,7,True,True,True
lower-puna-volcano_00000118,lower-puna-volcano,tier3,train,False,7,7,True,True,True
lower-puna-volcano_00000119,lower-puna-volcano,tier3,train,False,7,7,True,True,True
lower-puna-volcano_00000120,lower-puna-volcano,tier3,train,False,7,7,True,True,True
lower-puna-volcano_00000121,lower-puna-volcano,tier3,train,False,7,7,True,True,True
lower-puna-volcano_00000122,lower-puna-volcano,tier3,train,False,7,7,True,True,True
lower-puna-volcano_00000123,lower-puna-volcano,tier3,train,False,7,7,True,True,True
lower-puna-volcano_00000124,lower-puna-volcano,tier3,train,False,7,7,True,True,True
lower-puna-volcano_00000125,lower-puna-volcano,tier3,train,False,7,7,True,True,True
lower-puna-volcano_00000126,lower-puna-volcano,tier3,train,False,7,7,True,True,True
lower-puna-volcano_00000127,lower-puna-volcano,tier3,train,False,7,7,True,True,True
lower-puna-volcano_00000128,lower-puna-volcano,tier3,train,False,7,7,True,True,True
lower-puna-volcano_00000129,lower-puna-volcano,tier3,train,False,7,7,True,True,True
lower-puna-volcano_00000131,lower-puna-volcano,tier3,train,False,7,7,True,True,True
lower-puna-volcano_00000132,lower-puna-volcano,tier3,train,False,7,7,True,True,True
lower-puna-volcano_00000133,lower-puna-volcano,tier3,train,False,7,7,True,True,True
lower-puna-volcano_00000134,lower-puna-volcano,tier3,train,False,7,7,True,True,True
lower-puna-volcano_00000135,lower-puna-volcano,tier3,train,False,7,7,True,True,True
lower-puna-volcano_00000137,lower-puna-volcano,tier3,train,False,7,7,True,True,True
lower-puna-volcano_00000138,lower-puna-volcano,tier3,train,False,7,7,True,True,True
lower-puna-volcano_00000139,lower-puna-volcano,tier3,train,False,7,7,True,True,True
lower-puna-volcano_00000140,lower-puna-volcano,tier3,train,False,7,7,True,True,True
lower-puna-volcano_00000141,lower-puna-volcano,tier3,train,False,7,7,True,True,True
lower-puna-volcano_00000142,lower-puna-volcano,tier3,train,False,7,7,True,True,True
lower-puna-volcano_00000143,lower-puna-volcano,tier3,train,False,7,7,True,True,True
lower-puna-volcano_00000144,lower-puna-volcano,tier3,train,False,7,7,True,True,True
lower-puna-volcano_00000145,lower-puna-volcano,tier3,train,False,7,7,True,True,True
lower-puna-volcano_00000146,lower-puna-volcano,tier3,train,False,7,7,True,True,True
lower-puna-volcano_00000147,lower-puna-volcano,tier3,train,False,7,7,True,True,True
lower-puna-volcano_00000148,lower-puna-volcano,tier3,train,False,7,7,True,True,True
lower-puna-volcano_00000149,lower-puna-volcano,tier3,train,False,7,7,True,True,True
lower-puna-volcano_00000150,lower-puna-volcano,tier3,train,False,7,7,True,True,True
lower-puna-volcano_00000152,lower-puna-volcano,tier3,train,False,7,7,True,True,True
lower-puna-volcano_00000153,lower-puna-volcano,tier3,train,False,7,7,True,True,True
lower-puna-volcano_00000154,lower-puna-volcano,tier3,train,False,7,7,True,True,True
lower-puna-volcano_00000155,lower-puna-volcano,tier3,train,False,7,7,True,True,True
lower-puna-volcano_00000156,lower-puna-volcano,tier3,train,False,7,7,True,True,True
lower-puna-volcano_00000157,lower-puna-volcano,tier3,train,False,7,7,True,True,True
lower-puna-volcano_00000159,lower-puna-volcano,tier3,train,False,7,7,True,True,True
lower-puna-volcano_00000161,lower-puna-volcano,tier3,train,False,7,7,True,True,True
lower-puna-volcano_00000162,lower-puna-volcano,tier3,train,False,7,7,True,True,True
lower-puna-volcano_00000163,lower-puna-volcano,tier3,train,False,7,7,True,True,True
lower-puna-volcano_00000164,lower-puna-volcano,tier3,train,False,7,7,True,True,True
lower-puna-volcano_00000165,lower-puna-volcano,tier3,train,False,7,7,True,True,True
lower-puna-volcano_00000166,lower-puna-volcano,tier3,train,False,7,7,True,True,True
lower-puna-volcano_00000167,lower-puna-volcano,tier3,train,False,7,7,True,True,True
lower-puna-volcano_00000168,lower-puna-volcano,tier3,train,False,7,7,True,True,True
lower-puna-volcano_00000169,lower-puna-volcano,tier3,train,False,7,7,True,True,True
lower-puna-volcano_00000171,lower-puna-volcano,tier3,train,False,7,7,True,True,True
lower-puna-volcano_00000172,lower-puna-volcano,tier3,train,False,7,7,True,True,True
lower-puna-volcano_00000173,lower-puna-volcano,tier3,train,False,7,7,True,True,True
lower-puna-volcano_00000174,lower-puna-volcano,tier3,train,False,7,7,True,True,True
lower-puna-volcano_00000176,lower-puna-volcano,tier3,train,False,7,7,True,True,True
lower-puna-volcano_00000177,lower-puna-volcano,tier3,train,False,7,7,True,True,True
lower-puna-volcano_00000178,lower-puna-volcano,tier3,train,False,7,7,True,True,True
lower-puna-volcano_00000179,lower-puna-volcano,tier3,train,False,7,7,True,True,True
lower-puna-volcano_00000180,lower-puna-volcano,tier3,train,False,7,7,True,True,True
lower-puna-volcano_00000181,lower-puna-volcano,tier3,train,False,7,7,True,True,True
lower-puna-volcano_00000183,lower-puna-volcano,tier3,train,False,7,7,True,True,True
lower-puna-volcano_00000184,lower-puna-volcano,tier3,train,False,7,7,True,True,True
lower-puna-volcano_00000185,lower-puna-volcano,tier3,train,False,7,7,True,True,True
lower-puna-volcano_00000186,lower-puna-volcano,tier3,train,False,7,7,True,True,True
lower-puna-volcano_00000188,lower-puna-volcano,tier3,train,False,7,7,True,True,True
lower-puna-volcano_00000189,lower-puna-volcano,tier3,train,False,7,7,True,True,True
lower-puna-volcano_00000190,lower-puna-volcano,tier3,train,False,7,7,True,True,True
lower-puna-volcano_00000191,lower-puna-volcano,tier3,train,False,7,7,True,True,True
lower-puna-volcano_00000192,lower-puna-volcano,tier3,train,False,7,7,True,True,True
lower-puna-volcano_00000193,lower-puna-volcano,tier3,train,False,7,7,True,True,True
lower-puna-volcano_00000194,lower-puna-volcano,tier3,train,False,7,7,True,True,True
lower-puna-volcano_00000195,lower-puna-volcano,tier3,train,False,7,7,True,True,True
lower-puna-volcano_00000196,lower-puna-volcano,tier3,train,False,7,7,True,True,True
lower-puna-volcano_00000197,lower-puna-volcano,tier3,train,False,7,7,True,True,True
lower-puna-volcano_00000199,lower-puna-volcano,tier3,train,False,7,7,True,True,True
lower-puna-volcano_00000200,lower-puna-volcano,tier3,train,False,7,7,True,True,True
lower-puna-volcano_00000201,lower-puna-volcano,tier3,train,False,7,7,True,True,True
lower-puna-volcano_00000202,lower-puna-volcano,tier3,train,False,7,7,True,True,True
lower-puna-volcano_00000203,lower-puna-volcano,tier3,train,False,7,7,True,True,True
lower-puna-volcano_00000204,lower-puna-volcano,tier3,train,False,7,7,True,True,True
lower-puna-volcano_00000205,lower-puna-volcano,tier3,train,False,7,7,True,True,True
lower-puna-volcano_00000206,lower-puna-volcano,tier3,train,False,7,7,True,True,True
lower-puna-volcano_00000207,lower-puna-volcano,tier3,train,False,7,7,True,True,True
lower-puna-volcano_00000208,lower-puna-volcano,tier3,train,False,7,7,True,True,True
lower-puna-volcano_00000210,lower-puna-volcano,tier3,train,False,7,7,True,True,True
lower-puna-volcano_00000211,lower-puna-volcano,tier3,train,False,7,7,True,True,True
lower-puna-volcano_00000212,lower-puna-volcano,tier3,train,False,7,7,True,True,True
lower-puna-volcano_00000213,lower-puna-volcano,tier3,train,False,7,7,True,True,True
lower-puna-volcano_00000215,lower-puna-volcano,tier3,train,False,7,7,True,True,True
lower-puna-volcano_00000216,lower-puna-volcano,tier3,train,False,7,7,True,True,True
lower-puna-volcano_00000217,lower-puna-volcano,tier3,train,False,7,7,True,True,True
lower-puna-volcano_00000218,lower-puna-volcano,tier3,train,False,7,7,True,True,True
lower-puna-volcano_00000219,lower-puna-volcano,tier3,train,False,7,7,True,True,True
lower-puna-volcano_00000220,lower-puna-volcano,tier3,train,False,7,7,True,True,True
lower-puna-volcano_00000221,lower-puna-volcano,tier3,train,False,7,7,True,True,True
lower-puna-volcano_00000223,lower-puna-volcano,tier3,train,False,7,7,True,True,True
lower-puna-volcano_00000224,lower-puna-volcano,tier3,train,False,7,7,True,True,True
lower-puna-volcano_00000225,lower-puna-volcano,tier3,train,False,7,7,True,True,True
lower-puna-volcano_00000226,lower-puna-volcano,tier3,train,False,7,7,True,True,True
lower-puna-volcano_00000227,lower-puna-volcano,tier3,train,False,7,7,True,True,True
lower-puna-volcano_00000228,lower-puna-volcano,tier3,train,False,7,7,True,True,True
lower-puna-volcano_00000229,lower-puna-volcano,tier3,train,False,7,7,True,True,True
lower-puna-volcano_00000230,lower-puna-volcano,tier3,train,False,7,7,True,True,True
lower-puna-volcano_00000231,lower-puna-volcano,tier3,train,False,7,7,True,True,True
lower-puna-volcano_00000232,lower-puna-volcano,tier3,train,False,7,7,True,True,True
lower-puna-volcano_00000233,lower-puna-volcano,tier3,train,False,7,7,True,True,True
lower-puna-volcano_00000234,lower-puna-volcano,tier3,train,False,7,7,True,True,True
lower-puna-volcano_00000235,lower-puna-volcano,tier3,train,False,7,7,True,True,True
lower-puna-volcano_00000236,lower-puna-volcano,tier3,train,False,7,7,True,True,True
lower-puna-volcano_00000237,lower-puna-volcano,tier3,train,False,7,7,True,True,True
lower-puna-volcano_00000238,lower-puna-volcano,tier3,train,False,7,7,True,True,True
lower-puna-volcano_00000239,lower-puna-volcano,tier3,train,False,7,7,True,True,True
lower-puna-volcano_00000240,lower-puna-volcano,tier3,train,False,7,7,True,True,True
lower-puna-volcano_00000241,lower-puna-volcano,tier3,train,False,7,7,True,True,True
lower-puna-volcano_00000242,lower-puna-volcano,tier3,train,False,7,7,True,True,True
lower-puna-volcano_00000243,lower-puna-volcano,tier3,train,False,7,7,True,True,True
lower-puna-volcano_00000244,lower-puna-volcano,tier3,train,False,7,7,True,True,True
lower-puna-volcano_00000245,lower-puna-volcano,tier3,train,False,7,7,True,True,True
lower-puna-volcano_00000246,lower-puna-volcano,tier3,train,False,7,7,True,True,True
lower-puna-volcano_00000247,lower-puna-volcano,tier3,train,False,7,7,True,True,True
lower-puna-volcano_00000248,lower-puna-volcano,tier3,train,False,7,7,True,True,True
lower-puna-volcano_00000250,lower-puna-volcano,tier3,train,False,7,7,True,True,True
lower-puna-volcano_00000251,lower-puna-volcano,tier3,train,False,7,7,True,True,True
lower-puna-volcano_00000252,lower-puna-volcano,tier3,train,False,7,7,True,True,True
lower-puna-volcano_00000253,lower-puna-volcano,tier3,train,False,7,7,True,True,True
lower-puna-volcano_00000254,lower-puna-volcano,tier3,train,False,7,7,True,True,True
lower-puna-volcano_00000255,lower-puna-volcano,tier3,train,False,7,7,True,True,True
lower-puna-volcano_00000256,lower-puna-volcano,tier3,train,False,7,7,True,True,True
lower-puna-volcano_00000257,lower-puna-volcano,tier3,train,False,7,7,True,True,True
lower-puna-volcano_00000258,lower-puna-volcano,tier3,train,False,7,7,True,True,True
lower-puna-volcano_00000259,lower-puna-volcano,tier3,train,False,7,7,True,True,True
lower-puna-volcano_00000260,lower-puna-volcano,tier3,train,False,7,7,True,True,True
lower-puna-volcano_00000261,lower-puna-volcano,tier3,train,False,7,7,True,True,True
lower-puna-volcano_00000262,lower-puna-volcano,tier3,train,False,7,7,True,True,True
lower-puna-volcano_00000263,lower-puna-volcano,tier3,train,False,7,7,True,True,True
lower-puna-volcano_00000264,lower-puna-volcano,tier3,train,False,7,7,True,True,True
lower-puna-volcano_00000266,lower-puna-volcano,tier3,train,False,7,7,True,True,True
lower-puna-volcano_00000267,lower-puna-volcano,tier3,train,False,7,7,True,True,True
lower-puna-volcano_00000268,lower-puna-volcano,tier3,train,False,7,7,True,True,True
lower-puna-volcano_00000270,lower-puna-volcano,tier3,train,False,7,7,True,True,True
lower-puna-volcano_00000271,lower-puna-volcano,tier3,train,False,7,7,True,True,True
lower-puna-volcano_00000273,lower-puna-volcano,tier3,train,False,7,7,True,True,True
lower-puna-volcano_00000274,lower-puna-volcano,tier3,train,False,7,7,True,True,True
lower-puna-volcano_00000275,lower-puna-volcano,tier3,train,False,7,7,True,True,True
lower-puna-volcano_00000276,lower-puna-volcano,tier3,train,False,7,7,True,True,True
lower-puna-volcano_00000277,lower-puna-volcano,tier3,train,False,7,7,True,True,True
lower-puna-volcano_00000278,lower-puna-volcano,tier3,train,False,7,7,True,True,True
lower-puna-volcano_00000279,lower-puna-volcano,tier3,train,False,7,7,True,True,True
lower-puna-volcano_00000280,lower-puna-volcano,tier3,train,False,7,7,True,True,True
lower-puna-volcano_00000282,lower-puna-volcano,tier3,train,False,7,7,True,True,True
lower-puna-volcano_00000283,lower-puna-volcano,tier3,train,False,7,7,True,True,True
lower-puna-volcano_00000284,lower-puna-volcano,tier3,train,False,7,7,True,True,True
lower-puna-volcano_00000285,lower-puna-volcano,tier3,train,False,7,7,True,True,True
lower-puna-volcano_00000286,lower-puna-volcano,tier3,train,False,7,7,True,True,True
lower-puna-volcano_00000288,lower-puna-volcano,tier3,train,False,7,7,True,True,True
lower-puna-volcano_00000289,lower-puna-volcano,tier3,train,False,7,7,True,True,True
lower-puna-volcano_00000290,lower-puna-volcano,tier3,train,False,7,7,True,True,True
mexico-earthquake_00000000,mexico-earthquake,tier1,train,False,7,7,True,True,True
mexico-earthquake_00000001,mexico-earthquake,tier1,train,False,7,7,True,True,True
mexico-earthquake_00000002,mexico-earthquake,tier1,train,False,7,7,True,True,True
mexico-earthquake_00000003,mexico-earthquake,tier1,train,False,7,7,True,True,True
mexico-earthquake_00000004,mexico-earthquake,tier1,train,False,7,7,True,True,True
mexico-earthquake_00000008,mexico-earthquake,tier1,train,False,7,7,True,True,True
mexico-earthquake_00000009,mexico-earthquake,tier1,train,False,7,7,True,True,True
mexico-earthquake_00000011,mexico-earthquake,tier1,train,False,7,7,True,True,True
mexico-earthquake_00000013,mexico-earthquake,tier1,train,False,7,7,True,True,True
mexico-earthquake_00000015,mexico-earthquake,tier1,train,False,7,7,True,True,True
mexico-earthquake_00000017,mexico-earthquake,tier1,train,False,7,7,True,True,True
mexico-earthquake_00000018,mexico-earthquake,tier1,train,False,7,7,True,True,True
mexico-earthquake_00000019,mexico-earthquake,tier1,train,False,7,7,True,True,True
mexico-earthquake_00000020,mexico-earthquake,tier1,train,False,7,7,True,True,True
mexico-earthquake_00000021,mexico-earthquake,tier1,train,False,7,7,True,True,True
mexico-earthquake_00000023,mexico-earthquake,tier1,train,False,7,7,True,True,True
mexico-earthquake_00000024,mexico-earthquake,tier1,train,False,7,7,True,True,True
mexico-earthquake_00000029,mexico-earthquake,tier1,train,False,7,7,True,True,True
mexico-earthquake_00000031,mexico-earthquake,tier1,train,False,7,7,True,True,True
mexico-earthquake_00000032,mexico-earthquake,tier1,train,False,7,7,True,True,True
mexico-earthquake_00000033,mexico-earthquake,tier1,train,False,7,7,True,True,True
mexico-earthquake_00000034,mexico-earthquake,tier1,train,False,7,7,True,True,True
mexico-earthquake_00000035,mexico-earthquake,tier1,train,False,7,7,True,True,True
mexico-earthquake_00000037,mexico-earthquake,tier1,train,False,7,7,True,True,True
mexico-earthquake_00000039,mexico-earthquake,tier1,train,False,7,7,True,True,True
mexico-earthquake_00000040,mexico-earthquake,tier1,train,False,7,7,True,True,True
mexico-earthquake_00000041,mexico-earthquake,tier1,train,False,7,7,True,True,True
mexico-earthquake_00000042,mexico-earthquake,tier1,train,False,7,7,True,True,True
mexico-earthquake_00000043,mexico-earthquake,tier1,train,False,7,7,True,True,True
mexico-earthquake_00000044,mexico-earthquake,tier1,train,False,7,7,True,True,True
mexico-earthquake_00000046,mexico-earthquake,tier1,train,False,7,7,True,True,True
mexico-earthquake_00000047,mexico-earthquake,tier1,train,False,7,7,True,True,True
mexico-earthquake_00000048,mexico-earthquake,tier1,train,False,7,7,True,True,True
mexico-earthquake_00000049,mexico-earthquake,tier1,train,False,7,7,True,True,True
mexico-earthquake_00000052,mexico-earthquake,tier1,train,False,7,7,True,True,True
mexico-earthquake_00000053,mexico-earthquake,tier1,train,False,7,7,True,True,True
mexico-earthquake_00000055,mexico-earthquake,tier1,train,False,7,7,True,True,True
mexico-earthquake_00000057,mexico-earthquake,tier1,train,False,7,7,True,True,True
mexico-earthquake_00000059,mexico-earthquake,tier1,train,False,7,7,True,True,True
mexico-earthquake_00000064,mexico-earthquake,tier1,train,False,7,7,True,True,True
mexico-earthquake_00000066,mexico-earthquake,tier1,train,False,7,7,True,True,True
mexico-earthquake_00000067,mexico-earthquake,tier1,train,False,7,7,True,True,True
mexico-earthquake_00000068,mexico-earthquake,tier1,train,False,7,7,True,True,True
mexico-earthquake_00000072,mexico-earthquake,tier1,train,False,7,7,True,True,True
mexico-earthquake_00000074,mexico-earthquake,tier1,train,False,7,7,True,True,True
mexico-earthquake_00000075,mexico-earthquake,tier1,train,False,7,7,True,True,True
mexico-earthquake_00000078,mexico-earthquake,tier1,train,False,7,7,True,True,True
mexico-earthquake_00000079,mexico-earthquake,tier1,train,False,7,7,True,True,True
mexico-earthquake_00000082,mexico-earthquake,tier1,train,False,7,7,True,True,True
mexico-earthquake_00000083,mexico-earthquake,tier1,train,False,7,7,True,True,True
mexico-earthquake_00000084,mexico-earthquake,tier1,train,False,7,7,True,True,True
mexico-earthquake_00000087,mexico-earthquake,tier1,train,False,7,7,True,True,True
mexico-earthquake_00000089,mexico-earthquake,tier1,train,False,7,7,True,True,True
mexico-earthquake_00000092,mexico-earthquake,tier1,train,False,7,7,True,True,True
mexico-earthquake_00000093,mexico-earthquake,tier1,train,False,7,7,True,True,True
mexico-earthquake_00000096,mexico-earthquake,tier1,train,False,7,7,True,True,True
mexico-earthquake_00000098,mexico-earthquake,tier1,train,False,7,7,True,True,True
mexico-earthquake_00000100,mexico-earthquake,tier1,train,False,7,7,True,True,True
mexico-earthquake_00000101,mexico-earthquake,tier1,train,False,7,7,True,True,True
mexico-earthquake_00000102,mexico-earthquake,tier1,train,False,7,7,True,True,True
mexico-earthquake_00000103,mexico-earthquake,tier1,train,False,7,7,True,True,True
mexico-earthquake_00000105,mexico-earthquake,tier1,train,False,7,7,True,True,True
mexico-earthquake_00000107,mexico-earthquake,tier1,train,False,7,7,True,True,True
mexico-earthquake_00000108,mexico-earthquake,tier1,train,False,7,7,True,True,True
mexico-earthquake_00000110,mexico-earthquake,tier1,train,False,7,7,True,True,True
mexico-earthquake_00000111,mexico-earthquake,tier1,train,False,7,7,True,True,True
mexico-earthquake_00000112,mexico-earthquake,tier1,train,False,7,7,True,True,True
mexico-earthquake_00000114,mexico-earthquake,tier1,train,False,7,7,True,True,True
mexico-earthquake_00000115,mexico-earthquake,tier1,train,False,7,7,True,True,True
mexico-earthquake_00000118,mexico-earthquake,tier1,train,False,7,7,True,True,True
mexico-earthquake_00000119,mexico-earthquake,tier1,train,False,7,7,True,True,True
mexico-earthquake_00000122,mexico-earthquake,tier1,train,False,7,7,True,True,True
mexico-earthquake_00000125,mexico-earthquake,tier1,train,False,7,7,True,True,True
mexico-earthquake_00000126,mexico-earthquake,tier1,train,False,7,7,True,True,True
mexico-earthquake_00000128,mexico-earthquake,tier1,train,False,7,7,True,True,True
mexico-earthquake_00000129,mexico-earthquake,tier1,train,False,7,7,True,True,True
mexico-earthquake_00000132,mexico-earthquake,tier1,train,False,7,7,True,True,True
mexico-earthquake_00000136,mexico-earthquake,tier1,train,False,7,7,True,True,True
mexico-earthquake_00000138,mexico-earthquake,tier1,train,False,7,7,True,True,True
mexico-earthquake_00000140,mexico-earthquake,tier1,train,False,7,7,True,True,True
mexico-earthquake_00000141,mexico-earthquake,tier1,train,False,7,7,True,True,True
mexico-earthquake_00000144,mexico-earthquake,tier1,train,False,7,7,True,True,True
mexico-earthquake_00000146,mexico-earthquake,tier1,train,False,7,7,True,True,True
mexico-earthquake_00000148,mexico-earthquake,tier1,train,False,7,7,True,True,True
mexico-earthquake_00000150,mexico-earthquake,tier1,train,False,7,7,True,True,True
mexico-earthquake_00000151,mexico-earthquake,tier1,train,False,7,7,True,True,True
mexico-earthquake_00000152,mexico-earthquake,tier1,train,False,7,7,True,True,True
mexico-earthquake_00000153,mexico-earthquake,tier1,train,False,7,7,True,True,True
mexico-earthquake_00000155,mexico-earthquake,tier1,train,False,7,7,True,True,True
mexico-earthquake_00000158,mexico-earthquake,tier1,train,False,7,7,True,True,True
mexico-earthquake_00000159,mexico-earthquake,tier1,train,False,7,7,True,True,True
mexico-earthquake_00000160,mexico-earthquake,tier1,train,False,7,7,True,True,True
mexico-earthquake_00000164,mexico-earthquake,tier1,train,False,7,7,True,True,True
mexico-earthquake_00000166,mexico-earthquake,tier1,train,False,7,7,True,True,True
mexico-earthquake_00000168,mexico-earthquake,tier1,train,False,7,7,True,True,True
mexico-earthquake_00000171,mexico-earthquake,tier1,train,False,7,7,True,True,True
mexico-earthquake_00000172,mexico-earthquake,tier1,train,False,7,7,True,True,True
mexico-earthquake_00000173,mexico-earthquake,tier1,train,False,7,7,True,True,True
mexico-earthquake_00000176,mexico-earthquake,tier1,train,False,7,7,True,True,True
mexico-earthquake_00000177,mexico-earthquake,tier1,train,False,7,7,True,True,True
mexico-earthquake_00000179,mexico-earthquake,tier1,train,False,7,7,True,True,True
mexico-earthquake_00000181,mexico-earthquake,tier1,train,False,7,7,True,True,True
mexico-earthquake_00000182,mexico-earthquake,tier1,train,False,7,7,True,True,True
mexico-earthquake_00000184,mexico-earthquake,tier1,train,False,7,7,True,True,True
mexico-earthquake_00000185,mexico-earthquake,tier1,train,False,7,7,True,True,True
mexico-earthquake_00000186,mexico-earthquake,tier1,train,False,7,7,True,True,True
mexico-earthquake_00000191,mexico-earthquake,tier1,train,False,7,7,True,True,True
mexico-earthquake_00000192,mexico-earthquake,tier1,train,False,7,7,True,True,True
midwest-flooding_00000001,midwest-flooding,tier1,train,False,7,7,True,True,True
midwest-flooding_00000002,midwest-flooding,tier1,train,False,7,7,True,True,True
midwest-flooding_00000005,midwest-flooding,tier1,train,False,7,7,True,True,True
midwest-flooding_00000007,midwest-flooding,tier1,train,False,7,7,True,True,True
midwest-flooding_00000010,midwest-flooding,tier1,train,False,7,7,True,True,True
midwest-flooding_00000013,midwest-flooding,tier1,train,False,7,7,True,True,True
midwest-flooding_00000019,midwest-flooding,tier1,train,False,7,7,True,True,True
midwest-flooding_00000020,midwest-flooding,tier1,train,False,7,7,True,True,True
midwest-flooding_00000022,midwest-flooding,tier1,train,False,7,7,True,True,True
midwest-flooding_00000024,midwest-flooding,tier1,train,False,7,7,True,True,True
midwest-flooding_00000025,midwest-flooding,tier1,train,False,7,7,True,True,True
midwest-flooding_00000027,midwest-flooding,tier1,train,False,7,7,True,True,True
midwest-flooding_00000028,midwest-flooding,tier1,train,False,7,7,True,True,True
midwest-flooding_00000029,midwest-flooding,tier1,train,False,7,7,True,True,True
midwest-flooding_00000030,midwest-flooding,tier1,train,False,7,7,True,True,True
midwest-flooding_00000031,midwest-flooding,tier1,train,False,7,7,True,True,True
midwest-flooding_00000033,midwest-flooding,tier1,train,False,7,7,True,True,True
midwest-flooding_00000035,midwest-flooding,tier1,train,False,7,7,True,True,True
midwest-flooding_00000038,midwest-flooding,tier1,train,False,7,7,True,True,True
midwest-flooding_00000039,midwest-flooding,tier1,train,False,7,7,True,True,True
midwest-flooding_00000040,midwest-flooding,tier1,train,False,7,7,True,True,True
midwest-flooding_00000041,midwest-flooding,tier1,train,False,7,7,True,True,True
midwest-flooding_00000043,midwest-flooding,tier1,train,False,7,7,True,True,True
midwest-flooding_00000044,midwest-flooding,tier1,train,False,7,7,True,True,True
midwest-flooding_00000047,midwest-flooding,tier1,train,False,7,7,True,True,True
midwest-flooding_00000049,midwest-flooding,tier1,train,False,7,7,True,True,True
midwest-flooding_00000054,midwest-flooding,tier1,train,False,7,7,True,True,True
midwest-flooding_00000058,midwest-flooding,tier1,train,False,7,7,True,True,True
midwest-flooding_00000059,midwest-flooding,tier1,train,False,7,7,True,True,True
midwest-flooding_00000060,midwest-flooding,tier1,train,False,7,7,True,True,True
midwest-flooding_00000061,midwest-flooding,tier1,train,False,7,7,True,True,True
midwest-flooding_00000062,midwest-flooding,tier1,train,False,7,7,True,True,True
midwest-flooding_00000063,midwest-flooding,tier1,train,False,7,7,True,True,True
midwest-flooding_00000065,midwest-flooding,tier1,train,False,7,7,True,True,True
midwest-flooding_00000066,midwest-flooding,tier1,train,False,7,7,True,True,True
midwest-flooding_00000067,midwest-flooding,tier1,train,False,7,7,True,True,True
midwest-flooding_00000070,midwest-flooding,tier1,train,False,7,7,True,True,True
midwest-flooding_00000073,midwest-flooding,tier1,train,False,7,7,True,True,True
midwest-flooding_00000074,midwest-flooding,tier1,train,False,7,7,True,True,True
midwest-flooding_00000075,midwest-flooding,tier1,train,False,7,7,True,True,True
midwest-flooding_00000076,midwest-flooding,tier1,train,False,7,7,True,True,True
midwest-flooding_00000077,midwest-flooding,tier1,train,False,7,7,True,True,True
midwest-flooding_00000078,midwest-flooding,tier1,train,False,7,7,True,True,True
midwest-flooding_00000079,midwest-flooding,tier1,train,False,7,7,True,True,True
midwest-flooding_00000081,midwest-flooding,tier1,train,False,7,7,True,True,True
midwest-flooding_00000083,midwest-flooding,tier1,train,False,7,7,True,True,True
midwest-flooding_00000084,midwest-flooding,tier1,train,False,7,7,True,True,True
midwest-flooding_00000085,midwest-flooding,tier1,train,False,7,7,True,True,True
midwest-flooding_00000086,midwest-flooding,tier1,train,False,7,7,True,True,True
midwest-flooding_00000087,midwest-flooding,tier1,train,False,7,7,True,True,True
midwest-flooding_00000093,midwest-flooding,tier1,train,False,7,7,True,True,True
midwest-flooding_00000095,midwest-flooding,tier1,train,False,7,7,True,True,True
midwest-flooding_00000096,midwest-flooding,tier1,train,False,7,7,True,True,True
midwest-flooding_00000099,midwest-flooding,tier1,train,False,7,7,True,True,True
midwest-flooding_00000100,midwest-flooding,tier1,train,False,7,7,True,True,True
midwest-flooding_00000102,midwest-flooding,tier1,train,False,7,7,True,True,True
midwest-flooding_00000103,midwest-flooding,tier1,train,False,7,7,True,True,True
midwest-flooding_00000107,midwest-flooding,tier1,train,False,7,7,True,True,True
midwest-flooding_00000108,midwest-flooding,tier1,train,False,7,7,True,True,True
midwest-flooding_00000109,midwest-flooding,tier1,train,False,7,7,True,True,True
midwest-flooding_00000110,midwest-flooding,tier1,train,False,7,7,True,True,True
midwest-flooding_00000113,midwest-flooding,tier1,train,False,7,7,True,True,True
midwest-flooding_00000115,midwest-flooding,tier1,train,False,7,7,True,True,True
midwest-flooding_00000117,midwest-flooding,tier1,train,False,7,7,True,True,True
midwest-flooding_00000119,midwest-flooding,tier1,train,False,7,7,True,True,True
midwest-flooding_00000120,midwest-flooding,tier1,train,False,7,7,True,True,True
midwest-flooding_00000121,midwest-flooding,tier1,train,False,7,7,True,True,True
midwest-flooding_00000123,midwest-flooding,tier1,train,False,7,7,True,True,True
midwest-flooding_00000125,midwest-flooding,tier1,train,False,7,7,True,True,True
midwest-flooding_00000126,midwest-flooding,tier1,train,False,7,7,True,True,True
midwest-flooding_00000127,midwest-flooding,tier1,train,False,7,7,True,True,True
midwest-flooding_00000130,midwest-flooding,tier1,train,False,7,7,True,True,True
midwest-flooding_00000132,midwest-flooding,tier1,train,False,7,7,True,True,True
midwest-flooding_00000137,midwest-flooding,tier1,train,False,7,7,True,True,True
midwest-flooding_00000140,midwest-flooding,tier1,train,False,7,7,True,True,True
midwest-flooding_00000141,midwest-flooding,tier1,train,False,7,7,True,True,True
midwest-flooding_00000143,midwest-flooding,tier1,train,False,7,7,True,True,True
midwest-flooding_00000144,midwest-flooding,tier1,train,False,7,7,True,True,True
midwest-flooding_00000145,midwest-flooding,tier1,train,False,7,7,True,True,True
midwest-flooding_00000148,midwest-flooding,tier1,train,False,7,7,True,True,True
midwest-flooding_00000150,midwest-flooding,tier1,train,False,7,7,True,True,True
midwest-flooding_00000151,midwest-flooding,tier1,train,False,7,7,True,True,True
midwest-flooding_00000152,midwest-flooding,tier1,train,False,7,7,True,True,True
midwest-flooding_00000153,midwest-flooding,tier1,train,False,7,7,True,True,True
midwest-flooding_00000154,midwest-flooding,tier1,train,False,7,7,True,True,True
midwest-flooding_00000156,midwest-flooding,tier1,train,False,7,7,True,True,True
midwest-flooding_00000157,midwest-flooding,tier1,train,False,7,7,True,True,True
midwest-flooding_00000159,midwest-flooding,tier1,train,False,7,7,True,True,True
midwest-flooding_00000161,midwest-flooding,tier1,train,False,7,7,True,True,True
midwest-flooding_00000162,midwest-flooding,tier1,train,False,7,7,True,True,True
midwest-flooding_00000164,midwest-flooding,tier1,train,False,7,7,True,True,True
midwest-flooding_00000165,midwest-flooding,tier1,train,False,7,7,True,True,True
midwest-flooding_00000167,midwest-flooding,tier1,train,False,7,7,True,True,True
midwest-flooding_00000168,midwest-flooding,tier1,train,False,7,7,True,True,True
midwest-flooding_00000170,midwest-flooding,tier1,train,False,7,7,True,True,True
midwest-flooding_00000171,midwest-flooding,tier1,train,False,7,7,True,True,True
midwest-flooding_00000173,midwest-flooding,tier1,train,False,7,7,True,True,True
midwest-flooding_00000175,midwest-flooding,tier1,train,False,7,7,True,True,True
midwest-flooding_00000177,midwest-flooding,tier1,train,False,7,7,True,True,True
midwest-flooding_00000178,midwest-flooding,tier1,train,False,7,7,True,True,True
midwest-flooding_00000181,midwest-flooding,tier1,train,False,7,7,True,True,True
midwest-flooding_00000182,midwest-flooding,tier1,train,False,7,7,True,True,True
midwest-flooding_00000183,midwest-flooding,tier1,train,False,7,7,True,True,True
midwest-flooding_00000186,midwest-flooding,tier1,train,False,7,7,True,True,True
midwest-flooding_00000188,midwest-flooding,tier1,train,False,7,7,True,True,True
midwest-flooding_00000190,midwest-flooding,tier1,train,False,7,7,True,True,True
midwest-flooding_00000194,midwest-flooding,tier1,train,False,7,7,True,True,True
midwest-flooding_00000196,midwest-flooding,tier1,train,False,7,7,True,True,True
midwest-flooding_00000197,midwest-flooding,tier1,train,False,7,7,True,True,True
midwest-flooding_00000200,midwest-flooding,tier1,train,False,7,7,True,True,True
midwest-flooding_00000201,midwest-flooding,tier1,train,False,7,7,True,True,True
midwest-flooding_00000202,midwest-flooding,tier1,train,False,7,7,True,True,True
midwest-flooding_00000203,midwest-flooding,tier1,train,False,7,7,True,True,True
midwest-flooding_00000204,midwest-flooding,tier1,train,False,7,7,True,True,True
midwest-flooding_00000205,midwest-flooding,tier1,train,False,7,7,True,True,True
midwest-flooding_00000206,midwest-flooding,tier1,train,False,7,7,True,True,True
midwest-flooding_00000207,midwest-flooding,tier1,train,False,7,7,True,True,True
midwest-flooding_00000209,midwest-flooding,tier1,train,False,7,7,True,True,True
midwest-flooding_00000211,midwest-flooding,tier1,train,False,7,7,True,True,True
midwest-flooding_00000212,midwest-flooding,tier1,train,False,7,7,True,True,True
midwest-flooding_00000214,midwest-flooding,tier1,train,False,7,7,True,True,True
midwest-flooding_00000216,midwest-flooding,tier1,train,False,7,7,True,True,True
midwest-flooding_00000219,midwest-flooding,tier1,train,False,7,7,True,True,True
midwest-flooding_00000220,midwest-flooding,tier1,train,False,7,7,True,True,True
midwest-flooding_00000221,midwest-flooding,tier1,train,False,7,7,True,True,True
midwest-flooding_00000222,midwest-flooding,tier1,train,False,7,7,True,True,True
midwest-flooding_00000223,midwest-flooding,tier1,train,False,7,7,True,True,True
midwest-flooding_00000228,midwest-flooding,tier1,train,False,7,7,True,True,True
midwest-flooding_00000229,midwest-flooding,tier1,train,False,7,7,True,True,True
midwest-flooding_00000230,midwest-flooding,tier1,train,False,7,7,True,True,True
midwest-flooding_00000231,midwest-flooding,tier1,train,False,7,7,True,True,True
midwest-flooding_00000233,midwest-flooding,tier1,train,False,7,7,True,True,True
midwest-flooding_00000234,midwest-flooding,tier1,train,False,7,7,True,True,True
midwest-flooding_00000235,midwest-flooding,tier1,train,False,7,7,True,True,True
midwest-flooding_00000236,midwest-flooding,tier1,train,False,7,7,True,True,True
midwest-flooding_00000237,midwest-flooding,tier1,train,False,7,7,True,True,True
midwest-flooding_00000238,midwest-flooding,tier1,train,False,7,7,True,True,True
midwest-flooding_00000239,midwest-flooding,tier1,train,False,7,7,True,True,True
midwest-flooding_00000242,midwest-flooding,tier1,train,False,7,7,True,True,True
midwest-flooding_00000244,midwest-flooding,tier1,train,False,7,7,True,True,True
midwest-flooding_00000246,midwest-flooding,tier1,train,False,7,7,True,True,True
midwest-flooding_00000247,midwest-flooding,tier1,train,False,7,7,True,True,True
midwest-flooding_00000249,midwest-flooding,tier1,train,False,7,7,True,True,True
midwest-flooding_00000251,midwest-flooding,tier1,train,False,7,7,True,True,True
midwest-flooding_00000252,midwest-flooding,tier1,train,False,7,7,True,True,True
midwest-flooding_00000253,midwest-flooding,tier1,train,False,7,7,True,True,True
midwest-flooding_00000255,midwest-flooding,tier1,train,False,7,7,True,True,True
midwest-flooding_00000258,midwest-flooding,tier1,train,False,7,7,True,True,True
midwest-flooding_00000259,midwest-flooding,tier1,train,False,7,7,True,True,True
midwest-flooding_00000263,midwest-flooding,tier1,train,False,7,7,True,True,True
midwest-flooding_00000264,midwest-flooding,tier1,train,False,7,7,True,True,True
midwest-flooding_00000265,midwest-flooding,tier1,train,False,7,7,True,True,True
midwest-flooding_00000267,midwest-flooding,tier1,train,False,7,7,True,True,True
midwest-flooding_00000268,midwest-flooding,tier1,train,False,7,7,True,True,True
midwest-flooding_00000269,midwest-flooding,tier1,train,False,7,7,True,True,True
midwest-flooding_00000270,midwest-flooding,tier1,train,False,7,7,True,True,True
midwest-flooding_00000272,midwest-flooding,tier1,train,False,7,7,True,True,True
midwest-flooding_00000275,midwest-flooding,tier1,train,False,7,7,True,True,True
midwest-flooding_00000276,midwest-flooding,tier1,train,False,7,7,True,True,True
midwest-flooding_00000277,midwest-flooding,tier1,train,False,7,7,True,True,True
midwest-flooding_00000279,midwest-flooding,tier1,train,False,7,7,True,True,True
midwest-flooding_00000281,midwest-flooding,tier1,train,False,7,7,True,True,True
midwest-flooding_00000282,midwest-flooding,tier1,train,False,7,7,True,True,True
midwest-flooding_00000283,midwest-flooding,tier1,train,False,7,7,True,True,True
midwest-flooding_00000285,midwest-flooding,tier1,train,False,7,7,True,True,True
midwest-flooding_00000289,midwest-flooding,tier1,train,False,7,7,True,True,True
midwest-flooding_00000293,midwest-flooding,tier1,train,False,7,7,True,True,True
midwest-flooding_00000299,midwest-flooding,tier1,train,False,7,7,True,True,True
midwest-flooding_00000301,midwest-flooding,tier1,train,False,7,7,True,True,True
midwest-flooding_00000303,midwest-flooding,tier1,train,False,7,7,True,True,True
midwest-flooding_00000304,midwest-flooding,tier1,train,False,7,7,True,True,True
midwest-flooding_00000308,midwest-flooding,tier1,train,False,7,7,True,True,True
midwest-flooding_00000310,midwest-flooding,tier1,train,False,7,7,True,True,True
midwest-flooding_00000313,midwest-flooding,tier1,train,False,7,7,True,True,True
midwest-flooding_00000314,midwest-flooding,tier1,train,False,7,7,True,True,True
midwest-flooding_00000316,midwest-flooding,tier1,train,False,7,7,True,True,True
midwest-flooding_00000317,midwest-flooding,tier1,train,False,7,7,True,True,True
midwest-flooding_00000318,midwest-flooding,tier1,train,False,7,7,True,True,True
midwest-flooding_00000319,midwest-flooding,tier1,train,False,7,7,True,True,True
midwest-flooding_00000320,midwest-flooding,tier1,train,False,7,7,True,True,True
midwest-flooding_00000322,midwest-flooding,tier1,train,False,7,7,True,True,True
midwest-flooding_00000328,midwest-flooding,tier1,train,False,7,7,True,True,True
midwest-flooding_00000329,midwest-flooding,tier1,train,False,7,7,True,True,True
midwest-flooding_00000330,midwest-flooding,tier1,train,False,7,7,True,True,True
midwest-flooding_00000337,midwest-flooding,tier1,train,False,7,7,True,True,True
midwest-flooding_00000338,midwest-flooding,tier1,train,False,7,7,True,True,True
midwest-flooding_00000339,midwest-flooding,tier1,train,False,7,7,True,True,True
midwest-flooding_00000340,midwest-flooding,tier1,train,False,7,7,True,True,True
midwest-flooding_00000343,midwest-flooding,tier1,train,False,7,7,True,True,True
midwest-flooding_00000345,midwest-flooding,tier1,train,False,7,7,True,True,True
midwest-flooding_00000346,midwest-flooding,tier1,train,False,7,7,True,True,True
midwest-flooding_00000347,midwest-flooding,tier1,train,False,7,7,True,True,True
midwest-flooding_00000348,midwest-flooding,tier1,train,False,7,7,True,True,True
midwest-flooding_00000350,midwest-flooding,tier1,train,False,7,7,True,True,True
midwest-flooding_00000351,midwest-flooding,tier1,train,False,7,7,True,True,True
midwest-flooding_00000352,midwest-flooding,tier1,train,False,7,7,True,True,True
midwest-flooding_00000353,midwest-flooding,tier1,train,False,7,7,True,True,True
midwest-flooding_00000355,midwest-flooding,tier1,train,False,7,7,True,True,True
midwest-flooding_00000357,midwest-flooding,tier1,train,False,7,7,True,True,True
midwest-flooding_00000358,midwest-flooding,tier1,train,False,7,7,True,True,True
midwest-flooding_00000359,midwest-flooding,tier1,train,False,7,7,True,True,True
midwest-flooding_00000360,midwest-flooding,tier1,train,False,7,7,True,True,True
midwest-flooding_00000366,midwest-flooding,tier1,train,False,7,7,True,True,True
midwest-flooding_00000367,midwest-flooding,tier1,train,False,7,7,True,True,True
midwest-flooding_00000368,midwest-flooding,tier1,train,False,7,7,True,True,True
midwest-flooding_00000371,midwest-flooding,tier1,train,False,7,7,True,True,True
midwest-flooding_00000374,midwest-flooding,tier1,train,False,7,7,True,True,True
midwest-flooding_00000376,midwest-flooding,tier1,train,False,7,7,True,True,True
midwest-flooding_00000377,midwest-flooding,tier1,train,False,7,7,True,True,True
midwest-flooding_00000378,midwest-flooding,tier1,train,False,7,7,True,True,True
midwest-flooding_00000379,midwest-flooding,tier1,train,False,7,7,True,True,True
midwest-flooding_00000380,midwest-flooding,tier1,train,False,7,7,True,True,True
midwest-flooding_00000381,midwest-flooding,tier1,train,False,7,7,True,True,True
midwest-flooding_00000385,midwest-flooding,tier1,train,False,7,7,True,True,True
midwest-flooding_00000386,midwest-flooding,tier1,train,False,7,7,True,True,True
midwest-flooding_00000388,midwest-flooding,tier1,train,False,7,7,True,True,True
midwest-flooding_00000389,midwest-flooding,tier1,train,False,7,7,True,True,True
midwest-flooding_00000392,midwest-flooding,tier1,train,False,7,7,True,True,True
midwest-flooding_00000393,midwest-flooding,tier1,train,False,7,7,True,True,True
midwest-flooding_00000394,midwest-flooding,tier1,train,False,7,7,True,True,True
midwest-flooding_00000395,midwest-flooding,tier1,train,False,7,7,True,True,True
midwest-flooding_00000397,midwest-flooding,tier1,train,False,7,7,True,True,True
midwest-flooding_00000398,midwest-flooding,tier1,train,False,7,7,True,True,True
midwest-flooding_00000399,midwest-flooding,tier1,train,False,7,7,True,True,True
midwest-flooding_00000401,midwest-flooding,tier1,train,False,7,7,True,True,True
midwest-flooding_00000403,midwest-flooding,tier1,train,False,7,7,True,True,True
midwest-flooding_00000404,midwest-flooding,tier1,train,False,7,7,True,True,True
midwest-flooding_00000405,midwest-flooding,tier1,train,False,7,7,True,True,True
midwest-flooding_00000406,midwest-flooding,tier1,train,False,7,7,True,True,True
midwest-flooding_00000407,midwest-flooding,tier1,train,False,7,7,True,True,True
midwest-flooding_00000410,midwest-flooding,tier1,train,False,7,7,True,True,True
midwest-flooding_00000411,midwest-flooding,tier1,train,False,7,7,True,True,True
midwest-flooding_00000415,midwest-flooding,tier1,train,False,7,7,True,True,True
midwest-flooding_00000417,midwest-flooding,tier1,train,False,7,7,True,True,True
midwest-flooding_00000422,midwest-flooding,tier1,train,False,7,7,True,True,True
midwest-flooding_00000423,midwest-flooding,tier1,train,False,7,7,True,True,True
midwest-flooding_00000424,midwest-flooding,tier1,train,False,7,7,True,True,True
midwest-flooding_00000426,midwest-flooding,tier1,train,False,7,7,True,True,True
midwest-flooding_00000429,midwest-flooding,tier1,train,False,7,7,True,True,True
midwest-flooding_00000430,midwest-flooding,tier1,train,False,7,7,True,True,True
midwest-flooding_00000431,midwest-flooding,tier1,train,False,7,7,True,True,True
midwest-flooding_00000433,midwest-flooding,tier1,train,False,7,7,True,True,True
midwest-flooding_00000435,midwest-flooding,tier1,train,False,7,7,True,True,True
midwest-flooding_00000436,midwest-flooding,tier1,train,False,7,7,True,True,True
midwest-flooding_00000438,midwest-flooding,tier1,train,False,7,7,True,True,True
midwest-flooding_00000441,midwest-flooding,tier1,train,False,7,7,True,True,True
midwest-flooding_00000442,midwest-flooding,tier1,train,False,7,7,True,True,True
midwest-flooding_00000444,midwest-flooding,tier1,train,False,7,7,True,True,True
moore-tornado_00000000,moore-tornado,tier3,train,False,7,7,True,True,True
moore-tornado_00000001,moore-tornado,tier3,train,False,7,7,True,True,True
moore-tornado_00000003,moore-tornado,tier3,train,False,7,7,True,True,True
moore-tornado_00000004,moore-tornado,tier3,train,False,7,7,True,True,True
moore-tornado_00000005,moore-tornado,tier3,train,False,7,7,True,True,True
moore-tornado_00000006,moore-tornado,tier3,train,False,7,7,True,True,True
moore-tornado_00000007,moore-tornado,tier3,train,False,7,7,True,True,True
moore-tornado_00000009,moore-tornado,tier3,train,False,7,7,True,True,True
moore-tornado_00000011,moore-tornado,tier3,train,False,7,7,True,True,True
moore-tornado_00000012,moore-tornado,tier3,train,False,7,7,True,True,True
moore-tornado_00000013,moore-tornado,tier3,train,False,7,7,True,True,True
moore-tornado_00000014,moore-tornado,tier3,train,False,7,7,True,True,True
moore-tornado_00000015,moore-tornado,tier3,train,False,7,7,True,True,True
moore-tornado_00000016,moore-tornado,tier3,train,False,7,7,True,True,True
moore-tornado_00000017,moore-tornado,tier3,train,False,7,7,True,True,True
moore-tornado_00000018,moore-tornado,tier3,train,False,7,7,True,True,True
moore-tornado_00000019,moore-tornado,tier3,train,False,7,7,True,True,True
moore-tornado_00000020,moore-tornado,tier3,train,False,7,7,True,True,True
moore-tornado_00000021,moore-tornado,tier3,train,False,7,7,True,True,True
moore-tornado_00000022,moore-tornado,tier3,train,False,7,7,True,True,True
moore-tornado_00000023,moore-tornado,tier3,train,False,7,7,True,True,True
moore-tornado_00000024,moore-tornado,tier3,train,False,7,7,True,True,True
moore-tornado_00000026,moore-tornado,tier3,train,False,7,7,True,True,True
moore-tornado_00000027,moore-tornado,tier3,train,False,7,7,True,True,True
moore-tornado_00000028,moore-tornado,tier3,train,False,7,7,True,True,True
moore-tornado_00000029,moore-tornado,tier3,train,False,7,7,True,True,True
moore-tornado_00000030,moore-tornado,tier3,train,False,7,7,True,True,True
moore-tornado_00000031,moore-tornado,tier3,train,False,7,7,True,True,True
moore-tornado_00000032,moore-tornado,tier3,train,False,7,7,True,True,True
moore-tornado_00000033,moore-tornado,tier3,train,False,7,7,True,True,True
moore-tornado_00000035,moore-tornado,tier3,train,False,7,7,True,True,True
moore-tornado_00000036,moore-tornado,tier3,train,False,7,7,True,True,True
moore-tornado_00000037,moore-tornado,tier3,train,False,7,7,True,True,True
moore-tornado_00000038,moore-tornado,tier3,train,False,7,7,True,True,True
moore-tornado_00000039,moore-tornado,tier3,train,False,7,7,True,True,True
moore-tornado_00000040,moore-tornado,tier3,train,False,7,7,True,True,True
moore-tornado_00000041,moore-tornado,tier3,train,False,7,7,True,True,True
moore-tornado_00000042,moore-tornado,tier3,train,False,7,7,True,True,True
moore-tornado_00000043,moore-tornado,tier3,train,False,7,7,True,True,True
moore-tornado_00000044,moore-tornado,tier3,train,False,7,7,True,True,True
moore-tornado_00000045,moore-tornado,tier3,train,False,7,7,True,True,True
moore-tornado_00000046,moore-tornado,tier3,train,False,7,7,True,True,True
moore-tornado_00000049,moore-tornado,tier3,train,False,7,7,True,True,True
moore-tornado_00000050,moore-tornado,tier3,train,False,7,7,True,True,True
moore-tornado_00000051,moore-tornado,tier3,train,False,7,7,True,True,True
moore-tornado_00000052,moore-tornado,tier3,train,False,7,7,True,True,True
moore-tornado_00000053,moore-tornado,tier3,train,False,7,7,True,True,True
moore-tornado_00000054,moore-tornado,tier3,train,False,7,7,True,True,True
moore-tornado_00000055,moore-tornado,tier3,train,False,7,7,True,True,True
moore-tornado_00000056,moore-tornado,tier3,train,False,7,7,True,True,True
moore-tornado_00000057,moore-tornado,tier3,train,False,7,7,True,True,True
moore-tornado_00000058,moore-tornado,tier3,train,False,7,7,True,True,True
moore-tornado_00000059,moore-tornado,tier3,train,False,7,7,True,True,True
moore-tornado_00000060,moore-tornado,tier3,train,False,7,7,True,True,True
moore-tornado_00000061,moore-tornado,tier3,train,False,7,7,True,True,True
moore-tornado_00000062,moore-tornado,tier3,train,False,7,7,True,True,True
moore-tornado_00000063,moore-tornado,tier3,train,False,7,7,True,True,True
moore-tornado_00000064,moore-tornado,tier3,train,False,7,7,True,True,True
moore-tornado_00000065,moore-tornado,tier3,train,False,7,7,True,True,True
moore-tornado_00000066,moore-tornado,tier3,train,False,7,7,True,True,True
moore-tornado_00000067,moore-tornado,tier3,train,False,7,7,True,True,True
moore-tornado_00000068,moore-tornado,tier3,train,False,7,7,True,True,True
moore-tornado_00000069,moore-tornado,tier3,train,False,7,7,True,True,True
moore-tornado_00000070,moore-tornado,tier3,train,False,7,7,True,True,True
moore-tornado_00000072,moore-tornado,tier3,train,False,7,7,True,True,True
moore-tornado_00000074,moore-tornado,tier3,train,False,7,7,True,True,True
moore-tornado_00000075,moore-tornado,tier3,train,False,7,7,True,True,True
moore-tornado_00000076,moore-tornado,tier3,train,False,7,7,True,True,True
moore-tornado_00000077,moore-tornado,tier3,train,False,7,7,True,True,True
moore-tornado_00000078,moore-tornado,tier3,train,False,7,7,True,True,True
moore-tornado_00000079,moore-tornado,tier3,train,False,7,7,True,True,True
moore-tornado_00000080,moore-tornado,tier3,train,False,7,7,True,True,True
moore-tornado_00000081,moore-tornado,tier3,train,False,7,7,True,True,True
moore-tornado_00000082,moore-tornado,tier3,train,False,7,7,True,True,True
moore-tornado_00000083,moore-tornado,tier3,train,False,7,7,True,True,True
moore-tornado_00000085,moore-tornado,tier3,train,False,7,7,True,True,True
moore-tornado_00000086,moore-tornado,tier3,train,False,7,7,True,True,True
moore-tornado_00000087,moore-tornado,tier3,train,False,7,7,True,True,True
moore-tornado_00000088,moore-tornado,tier3,train,False,7,7,True,True,True
moore-tornado_00000089,moore-tornado,tier3,train,False,7,7,True,True,True
moore-tornado_00000090,moore-tornado,tier3,train,False,7,7,True,True,True
moore-tornado_00000091,moore-tornado,tier3,train,False,7,7,True,True,True
moore-tornado_00000092,moore-tornado,tier3,train,False,7,7,True,True,True
moore-tornado_00000093,moore-tornado,tier3,train,False,7,7,True,True,True
moore-tornado_00000094,moore-tornado,tier3,train,False,7,7,True,True,True
moore-tornado_00000095,moore-tornado,tier3,train,False,7,7,True,True,True
moore-tornado_00000096,moore-tornado,tier3,train,False,7,7,True,True,True
moore-tornado_00000097,moore-tornado,tier3,train,False,7,7,True,True,True
moore-tornado_00000099,moore-tornado,tier3,train,False,7,7,True,True,True
moore-tornado_00000100,moore-tornado,tier3,train,False,7,7,True,True,True
moore-tornado_00000102,moore-tornado,tier3,train,False,7,7,True,True,True
moore-tornado_00000103,moore-tornado,tier3,train,False,7,7,True,True,True
moore-tornado_00000104,moore-tornado,tier3,train,False,7,7,True,True,True
moore-tornado_00000105,moore-tornado,tier3,train,False,7,7,True,True,True
moore-tornado_00000106,moore-tornado,tier3,train,False,7,7,True,True,True
moore-tornado_00000107,moore-tornado,tier3,train,False,7,7,True,True,True
moore-tornado_00000108,moore-tornado,tier3,train,False,7,7,True,True,True
moore-tornado_00000110,moore-tornado,tier3,train,False,7,7,True,True,True
moore-tornado_00000111,moore-tornado,tier3,train,False,7,7,True,True,True
moore-tornado_00000112,moore-tornado,tier3,train,False,7,7,True,True,True
moore-tornado_00000113,moore-tornado,tier3,train,False,7,7,True,True,True
moore-tornado_00000114,moore-tornado,tier3,train,False,7,7,True,True,True
moore-tornado_00000115,moore-tornado,tier3,train,False,7,7,True,True,True
moore-tornado_00000117,moore-tornado,tier3,train,False,7,7,True,True,True
moore-tornado_00000118,moore-tornado,tier3,train,False,7,7,True,True,True
moore-tornado_00000119,moore-tornado,tier3,train,False,7,7,True,True,True
moore-tornado_00000120,moore-tornado,tier3,train,False,7,7,True,True,True
moore-tornado_00000121,moore-tornado,tier3,train,False,7,7,True,True,True
moore-tornado_00000122,moore-tornado,tier3,train,False,7,7,True,True,True
moore-tornado_00000123,moore-tornado,tier3,train,False,7,7,True,True,True
moore-tornado_00000124,moore-tornado,tier3,train,False,7,7,True,True,True
moore-tornado_00000125,moore-tornado,tier3,train,False,7,7,True,True,True
moore-tornado_00000126,moore-tornado,tier3,train,False,7,7,True,True,True
moore-tornado_00000127,moore-tornado,tier3,train,False,7,7,True,True,True
moore-tornado_00000128,moore-tornado,tier3,train,False,7,7,True,True,True
moore-tornado_00000129,moore-tornado,tier3,train,False,7,7,True,True,True
moore-tornado_00000130,moore-tornado,tier3,train,False,7,7,True,True,True
moore-tornado_00000131,moore-tornado,tier3,train,False,7,7,True,True,True
moore-tornado_00000132,moore-tornado,tier3,train,False,7,7,True,True,True
moore-tornado_00000133,moore-tornado,tier3,train,False,7,7,True,True,True
moore-tornado_00000134,moore-tornado,tier3,train,False,7,7,True,True,True
moore-tornado_00000135,moore-tornado,tier3,train,False,7,7,True,True,True
moore-tornado_00000136,moore-tornado,tier3,train,False,7,7,True,True,True
moore-tornado_00000137,moore-tornado,tier3,train,False,7,7,True,True,True
moore-tornado_00000138,moore-tornado,tier3,train,False,7,7,True,True,True
moore-tornado_00000139,moore-tornado,tier3,train,False,7,7,True,True,True
moore-tornado_00000140,moore-tornado,tier3,train,False,7,7,True,True,True
moore-tornado_00000141,moore-tornado,tier3,train,False,7,7,True,True,True
moore-tornado_00000142,moore-tornado,tier3,train,False,7,7,True,True,True
moore-tornado_00000143,moore-tornado,tier3,train,False,7,7,True,True,True
moore-tornado_00000144,moore-tornado,tier3,train,False,7,7,True,True,True
moore-tornado_00000145,moore-tornado,tier3,train,False,7,7,True,True,True
moore-tornado_00000146,moore-tornado,tier3,train,False,7,7,True,True,True
moore-tornado_00000147,moore-tornado,tier3,train,False,7,7,True,True,True
moore-tornado_00000148,moore-tornado,tier3,train,False,7,7,True,True,True
moore-tornado_00000149,moore-tornado,tier3,train,False,7,7,True,True,True
moore-tornado_00000150,moore-tornado,tier3,train,False,7,7,True,True,True
moore-tornado_00000151,moore-tornado,tier3,train,False,7,7,True,True,True
moore-tornado_00000152,moore-tornado,tier3,train,False,7,7,True,True,True
moore-tornado_00000153,moore-tornado,tier3,train,False,7,7,True,True,True
moore-tornado_00000154,moore-tornado,tier3,train,False,7,7,True,True,True
moore-tornado_00000156,moore-tornado,tier3,train,False,7,7,True,True,True
moore-tornado_00000157,moore-tornado,tier3,train,False,7,7,True,True,True
moore-tornado_00000158,moore-tornado,tier3,train,False,7,7,True,True,True
moore-tornado_00000159,moore-tornado,tier3,train,False,7,7,True,True,True
moore-tornado_00000161,moore-tornado,tier3,train,False,7,7,True,True,True
moore-tornado_00000162,moore-tornado,tier3,train,False,7,7,True,True,True
moore-tornado_00000163,moore-tornado,tier3,train,False,7,7,True,True,True
moore-tornado_00000164,moore-tornado,tier3,train,False,7,7,True,True,True
moore-tornado_00000165,moore-tornado,tier3,train,False,7,7,True,True,True
moore-tornado_00000166,moore-tornado,tier3,train,False,7,7,True,True,True
moore-tornado_00000167,moore-tornado,tier3,train,False,7,7,True,True,True
moore-tornado_00000168,moore-tornado,tier3,train,False,7,7,True,True,True
moore-tornado_00000169,moore-tornado,tier3,train,False,7,7,True,True,True
moore-tornado_00000170,moore-tornado,tier3,train,False,7,7,True,True,True
moore-tornado_00000172,moore-tornado,tier3,train,False,7,7,True,True,True
moore-tornado_00000174,moore-tornado,tier3,train,False,7,7,True,True,True
moore-tornado_00000175,moore-tornado,tier3,train,False,7,7,True,True,True
moore-tornado_00000176,moore-tornado,tier3,train,False,7,7,True,True,True
moore-tornado_00000177,moore-tornado,tier3,train,False,7,7,True,True,True
moore-tornado_00000178,moore-tornado,tier3,train,False,7,7,True,True,True
moore-tornado_00000179,moore-tornado,tier3,train,False,7,7,True,True,True
moore-tornado_00000180,moore-tornado,tier3,train,False,7,7,True,True,True
moore-tornado_00000181,moore-tornado,tier3,train,False,7,7,True,True,True
moore-tornado_00000182,moore-tornado,tier3,train,False,7,7,True,True,True
moore-tornado_00000183,moore-tornado,tier3,train,False,7,7,True,True,True
moore-tornado_00000184,moore-tornado,tier3,train,False,7,7,True,True,True
moore-tornado_00000185,moore-tornado,tier3,train,False,7,7,True,True,True
moore-tornado_00000186,moore-tornado,tier3,train,False,7,7,True,True,True
moore-tornado_00000187,moore-tornado,tier3,train,False,7,7,True,True,True
moore-tornado_00000188,moore-tornado,tier3,train,False,7,7,True,True,True
moore-tornado_00000189,moore-tornado,tier3,train,False,7,7,True,True,True
moore-tornado_00000190,moore-tornado,tier3,train,False,7,7,True,True,True
moore-tornado_00000191,moore-tornado,tier3,train,False,7,7,True,True,True
moore-tornado_00000192,moore-tornado,tier3,train,False,7,7,True,True,True
moore-tornado_00000194,moore-tornado,tier3,train,False,7,7,True,True,True
moore-tornado_00000195,moore-tornado,tier3,train,False,7,7,True,True,True
moore-tornado_00000196,moore-tornado,tier3,train,False,7,7,True,True,True
moore-tornado_00000198,moore-tornado,tier3,train,False,7,7,True,True,True
moore-tornado_00000200,moore-tornado,tier3,train,False,7,7,True,True,True
moore-tornado_00000201,moore-tornado,tier3,train,False,7,7,True,True,True
moore-tornado_00000202,moore-tornado,tier3,train,False,7,7,True,True,True
moore-tornado_00000203,moore-tornado,tier3,train,False,7,7,True,True,True
moore-tornado_00000204,moore-tornado,tier3,train,False,7,7,True,True,True
moore-tornado_00000206,moore-tornado,tier3,train,False,7,7,True,True,True
moore-tornado_00000207,moore-tornado,tier3,train,False,7,7,True,True,True
moore-tornado_00000208,moore-tornado,tier3,train,False,7,7,True,True,True
moore-tornado_00000209,moore-tornado,tier3,train,False,7,7,True,True,True
moore-tornado_00000210,moore-tornado,tier3,train,False,7,7,True,True,True
moore-tornado_00000211,moore-tornado,tier3,train,False,7,7,True,True,True
moore-tornado_00000212,moore-tornado,tier3,train,False,7,7,True,True,True
moore-tornado_00000214,moore-tornado,tier3,train,False,7,7,True,True,True
moore-tornado_00000215,moore-tornado,tier3,train,False,7,7,True,True,True
moore-tornado_00000216,moore-tornado,tier3,train,False,7,7,True,True,True
moore-tornado_00000218,moore-tornado,tier3,train,False,7,7,True,True,True
moore-tornado_00000219,moore-tornado,tier3,train,False,7,7,True,True,True
moore-tornado_00000220,moore-tornado,tier3,train,False,7,7,True,True,True
moore-tornado_00000221,moore-tornado,tier3,train,False,7,7,True,True,True
moore-tornado_00000222,moore-tornado,tier3,train,False,7,7,True,True,True
moore-tornado_00000224,moore-tornado,tier3,train,False,7,7,True,True,True
moore-tornado_00000225,moore-tornado,tier3,train,False,7,7,True,True,True
moore-tornado_00000226,moore-tornado,tier3,train,False,7,7,True,True,True
nepal-flooding_00000000,nepal-flooding,tier3,train,False,7,7,True,True,True
nepal-flooding_00000001,nepal-flooding,tier3,train,False,7,7,True,True,True
nepal-flooding_00000002,nepal-flooding,tier3,train,False,7,7,True,True,True
nepal-flooding_00000003,nepal-flooding,tier3,train,False,7,7,True,True,True
nepal-flooding_00000004,nepal-flooding,tier3,train,False,7,7,True,True,True
nepal-flooding_00000005,nepal-flooding,tier3,train,False,7,7,True,True,True
nepal-flooding_00000007,nepal-flooding,tier3,train,False,7,7,True,True,True
nepal-flooding_00000008,nepal-flooding,tier3,train,False,7,7,True,True,True
nepal-flooding_00000009,nepal-flooding,tier3,train,False,7,7,True,True,True
nepal-flooding_00000010,nepal-flooding,tier3,train,False,7,7,True,True,True
nepal-flooding_00000012,nepal-flooding,tier3,train,False,7,7,True,True,True
nepal-flooding_00000013,nepal-flooding,tier3,train,False,7,7,True,True,True
nepal-flooding_00000014,nepal-flooding,tier3,train,False,7,7,True,True,True
nepal-flooding_00000015,nepal-flooding,tier3,train,False,7,7,True,True,True
nepal-flooding_00000016,nepal-flooding,tier3,train,False,7,7,True,True,True
nepal-flooding_00000017,nepal-flooding,tier3,train,False,7,7,True,True,True
nepal-flooding_00000018,nepal-flooding,tier3,train,False,7,7,True,True,True
nepal-flooding_00000019,nepal-flooding,tier3,train,False,7,7,True,True,True
nepal-flooding_00000020,nepal-flooding,tier3,train,False,7,7,True,True,True
nepal-flooding_00000021,nepal-flooding,tier3,train,False,7,7,True,True,True
nepal-flooding_00000022,nepal-flooding,tier3,train,False,7,7,True,True,True
nepal-flooding_00000023,nepal-flooding,tier3,train,False,7,7,True,True,True
nepal-flooding_00000025,nepal-flooding,tier3,train,False,7,7,True,True,True
nepal-flooding_00000026,nepal-flooding,tier3,train,False,7,7,True,True,True
nepal-flooding_00000027,nepal-flooding,tier3,train,False,7,7,True,True,True
nepal-flooding_00000028,nepal-flooding,tier3,train,False,7,7,True,True,True
nepal-flooding_00000029,nepal-flooding,tier3,train,False,7,7,True,True,True
nepal-flooding_00000030,nepal-flooding,tier3,train,False,7,7,True,True,True
nepal-flooding_00000031,nepal-flooding,tier3,train,False,7,7,True,True,True
nepal-flooding_00000032,nepal-flooding,tier3,train,False,7,7,True,True,True
nepal-flooding_00000033,nepal-flooding,tier3,train,False,7,7,True,True,True
nepal-flooding_00000034,nepal-flooding,tier3,train,False,7,7,True,True,True
nepal-flooding_00000035,nepal-flooding,tier3,train,False,7,7,True,True,True
nepal-flooding_00000036,nepal-flooding,tier3,train,False,7,7,True,True,True
nepal-flooding_00000037,nepal-flooding,tier3,train,False,7,7,True,True,True
nepal-flooding_00000038,nepal-flooding,tier3,train,False,7,7,True,True,True
nepal-flooding_00000039,nepal-flooding,tier3,train,False,7,7,True,True,True
nepal-flooding_00000040,nepal-flooding,tier3,train,False,7,7,True,True,True
nepal-flooding_00000042,nepal-flooding,tier3,train,False,7,7,True,True,True
nepal-flooding_00000043,nepal-flooding,tier3,train,False,7,7,True,True,True
nepal-flooding_00000044,nepal-flooding,tier3,train,False,7,7,True,True,True
nepal-flooding_00000045,nepal-flooding,tier3,train,False,7,7,True,True,True
nepal-flooding_00000046,nepal-flooding,tier3,train,False,7,7,True,True,True
nepal-flooding_00000047,nepal-flooding,tier3,train,False,7,7,True,True,True
nepal-flooding_00000048,nepal-flooding,tier3,train,False,7,7,True,True,True
nepal-flooding_00000049,nepal-flooding,tier3,train,False,7,7,True,True,True
nepal-flooding_00000050,nepal-flooding,tier3,train,False,7,7,True,True,True
nepal-flooding_00000051,nepal-flooding,tier3,train,False,7,7,True,True,True
nepal-flooding_00000052,nepal-flooding,tier3,train,False,7,7,True,True,True
nepal-flooding_00000053,nepal-flooding,tier3,train,False,7,7,True,True,True
nepal-flooding_00000054,nepal-flooding,tier3,train,False,7,7,True,True,True
nepal-flooding_00000055,nepal-flooding,tier3,train,False,7,7,True,True,True
nepal-flooding_00000056,nepal-flooding,tier3,train,False,7,7,True,True,True
nepal-flooding_00000057,nepal-flooding,tier3,train,False,7,7,True,True,True
nepal-flooding_00000058,nepal-flooding,tier3,train,False,7,7,True,True,True
nepal-flooding_00000059,nepal-flooding,tier3,train,False,7,7,True,True,True
nepal-flooding_00000060,nepal-flooding,tier3,train,False,7,7,True,True,True
nepal-flooding_00000061,nepal-flooding,tier3,train,False,7,7,True,True,True
nepal-flooding_00000062,nepal-flooding,tier3,train,False,7,7,True,True,True
nepal-flooding_00000063,nepal-flooding,tier3,train,False,7,7,True,True,True
nepal-flooding_00000064,nepal-flooding,tier3,train,False,7,7,True,True,True
nepal-flooding_00000065,nepal-flooding,tier3,train,False,7,7,True,True,True
nepal-flooding_00000067,nepal-flooding,tier3,train,False,7,7,True,True,True
nepal-flooding_00000068,nepal-flooding,tier3,train,False,7,7,True,True,True
nepal-flooding_00000069,nepal-flooding,tier3,train,False,7,7,True,True,True
nepal-flooding_00000070,nepal-flooding,tier3,train,False,7,7,True,True,True
nepal-flooding_00000071,nepal-flooding,tier3,train,False,7,7,True,True,True
nepal-flooding_00000073,nepal-flooding,tier3,train,False,7,7,True,True,True
nepal-flooding_00000074,nepal-flooding,tier3,train,False,7,7,True,True,True
nepal-flooding_00000075,nepal-flooding,tier3,train,False,7,7,True,True,True
nepal-flooding_00000076,nepal-flooding,tier3,train,False,7,7,True,True,True
nepal-flooding_00000077,nepal-flooding,tier3,train,False,7,7,True,True,True
nepal-flooding_00000078,nepal-flooding,tier3,train,False,7,7,True,True,True
nepal-flooding_00000079,nepal-flooding,tier3,train,False,7,7,True,True,True
nepal-flooding_00000080,nepal-flooding,tier3,train,False,7,7,True,True,True
nepal-flooding_00000081,nepal-flooding,tier3,train,False,7,7,True,True,True
nepal-flooding_00000082,nepal-flooding,tier3,train,False,7,7,True,True,True
nepal-flooding_00000084,nepal-flooding,tier3,train,False,7,7,True,True,True
nepal-flooding_00000085,nepal-flooding,tier3,train,False,7,7,True,True,True
nepal-flooding_00000086,nepal-flooding,tier3,train,False,7,7,True,True,True
nepal-flooding_00000087,nepal-flooding,tier3,train,False,7,7,True,True,True
nepal-flooding_00000088,nepal-flooding,tier3,train,False,7,7,True,True,True
nepal-flooding_00000089,nepal-flooding,tier3,train,False,7,7,True,True,True
nepal-flooding_00000090,nepal-flooding,tier3,train,False,7,7,True,True,True
nepal-flooding_00000091,nepal-flooding,tier3,train,False,7,7,True,True,True
nepal-flooding_00000092,nepal-flooding,tier3,train,False,7,7,True,True,True
nepal-flooding_00000093,nepal-flooding,tier3,train,False,7,7,True,True,True
nepal-flooding_00000095,nepal-flooding,tier3,train,False,7,7,True,True,True
nepal-flooding_00000096,nepal-flooding,tier3,train,False,7,7,True,True,True
nepal-flooding_00000097,nepal-flooding,tier3,train,False,7,7,True,True,True
nepal-flooding_00000098,nepal-flooding,tier3,train,False,7,7,True,True,True
nepal-flooding_00000099,nepal-flooding,tier3,train,False,7,7,True,True,True
nepal-flooding_00000101,nepal-flooding,tier3,train,False,7,7,True,True,True
nepal-flooding_00000102,nepal-flooding,tier3,train,False,7,7,True,True,True
nepal-flooding_00000104,nepal-flooding,tier3,train,False,7,7,True,True,True
nepal-flooding_00000105,nepal-flooding,tier3,train,False,7,7,True,True,True
nepal-flooding_00000106,nepal-flooding,tier3,train,False,7,7,True,True,True
nepal-flooding_00000107,nepal-flooding,tier3,train,False,7,7,True,True,True
nepal-flooding_00000108,nepal-flooding,tier3,train,False,7,7,True,True,True
nepal-flooding_00000110,nepal-flooding,tier3,train,False,7,7,True,True,True
nepal-flooding_00000111,nepal-flooding,tier3,train,False,7,7,True,True,True
nepal-flooding_00000112,nepal-flooding,tier3,train,False,7,7,True,True,True
nepal-flooding_00000114,nepal-flooding,tier3,train,False,7,7,True,True,True
nepal-flooding_00000115,nepal-flooding,tier3,train,False,7,7,True,True,True
nepal-flooding_00000117,nepal-flooding,tier3,train,False,7,7,True,True,True
nepal-flooding_00000118,nepal-flooding,tier3,train,False,7,7,True,True,True
nepal-flooding_00000119,nepal-flooding,tier3,train,False,7,7,True,True,True
nepal-flooding_00000120,nepal-flooding,tier3,train,False,7,7,True,True,True
nepal-flooding_00000121,nepal-flooding,tier3,train,False,7,7,True,True,True
nepal-flooding_00000122,nepal-flooding,tier3,train,False,7,7,True,True,True
nepal-flooding_00000123,nepal-flooding,tier3,train,False,7,7,True,True,True
nepal-flooding_00000124,nepal-flooding,tier3,train,False,7,7,True,True,True
nepal-flooding_00000125,nepal-flooding,tier3,train,False,7,7,True,True,True
nepal-flooding_00000126,nepal-flooding,tier3,train,False,7,7,True,True,True
nepal-flooding_00000127,nepal-flooding,tier3,train,False,7,7,True,True,True
nepal-flooding_00000128,nepal-flooding,tier3,train,False,7,7,True,True,True
nepal-flooding_00000130,nepal-flooding,tier3,train,False,7,7,True,True,True
nepal-flooding_00000131,nepal-flooding,tier3,train,False,7,7,True,True,True
nepal-flooding_00000132,nepal-flooding,tier3,train,False,7,7,True,True,True
nepal-flooding_00000134,nepal-flooding,tier3,train,False,7,7,True,True,True
nepal-flooding_00000135,nepal-flooding,tier3,train,False,7,7,True,True,True
nepal-flooding_00000136,nepal-flooding,tier3,train,False,7,7,True,True,True
nepal-flooding_00000137,nepal-flooding,tier3,train,False,7,7,True,True,True
nepal-flooding_00000138,nepal-flooding,tier3,train,False,7,7,True,True,True
nepal-flooding_00000139,nepal-flooding,tier3,train,False,7,7,True,True,True
nepal-flooding_00000140,nepal-flooding,tier3,train,False,7,7,True,True,True
nepal-flooding_00000141,nepal-flooding,tier3,train,False,7,7,True,True,True
nepal-flooding_00000143,nepal-flooding,tier3,train,False,7,7,True,True,True
nepal-flooding_00000144,nepal-flooding,tier3,train,False,7,7,True,True,True
nepal-flooding_00000145,nepal-flooding,tier3,train,False,7,7,True,True,True
nepal-flooding_00000146,nepal-flooding,tier3,train,False,7,7,True,True,True
nepal-flooding_00000147,nepal-flooding,tier3,train,False,7,7,True,True,True
nepal-flooding_00000149,nepal-flooding,tier3,train,False,7,7,True,True,True
nepal-flooding_00000150,nepal-flooding,tier3,train,False,7,7,True,True,True
nepal-flooding_00000151,nepal-flooding,tier3,train,False,7,7,True,True,True
nepal-flooding_00000152,nepal-flooding,tier3,train,False,7,7,True,True,True
nepal-flooding_00000153,nepal-flooding,tier3,train,False,7,7,True,True,True
nepal-flooding_00000154,nepal-flooding,tier3,train,False,7,7,True,True,True
nepal-flooding_00000155,nepal-flooding,tier3,train,False,7,7,True,True,True
nepal-flooding_00000156,nepal-flooding,tier3,train,False,7,7,True,True,True
nepal-flooding_00000158,nepal-flooding,tier3,train,False,7,7,True,True,True
nepal-flooding_00000159,nepal-flooding,tier3,train,False,7,7,True,True,True
nepal-flooding_00000161,nepal-flooding,tier3,train,False,7,7,True,True,True
nepal-flooding_00000162,nepal-flooding,tier3,train,False,7,7,True,True,True
nepal-flooding_00000164,nepal-flooding,tier3,train,False,7,7,True,True,True
nepal-flooding_00000165,nepal-flooding,tier3,train,False,7,7,True,True,True
nepal-flooding_00000166,nepal-flooding,tier3,train,False,7,7,True,True,True
nepal-flooding_00000167,nepal-flooding,tier3,train,False,7,7,True,True,True
nepal-flooding_00000168,nepal-flooding,tier3,train,False,7,7,True,True,True
nepal-flooding_00000169,nepal-flooding,tier3,train,False,7,7,True,True,True
nepal-flooding_00000170,nepal-flooding,tier3,train,False,7,7,True,True,True
nepal-flooding_00000171,nepal-flooding,tier3,train,False,7,7,True,True,True
nepal-flooding_00000172,nepal-flooding,tier3,train,False,7,7,True,True,True
nepal-flooding_00000173,nepal-flooding,tier3,train,False,7,7,True,True,True
nepal-flooding_00000174,nepal-flooding,tier3,train,False,7,7,True,True,True
nepal-flooding_00000175,nepal-flooding,tier3,train,False,7,7,True,True,True
nepal-flooding_00000176,nepal-flooding,tier3,train,False,7,7,True,True,True
nepal-flooding_00000177,nepal-flooding,tier3,train,False,7,7,True,True,True
nepal-flooding_00000178,nepal-flooding,tier3,train,False,7,7,True,True,True
nepal-flooding_00000180,nepal-flooding,tier3,train,False,7,7,True,True,True
nepal-flooding_00000181,nepal-flooding,tier3,train,False,7,7,True,True,True
nepal-flooding_00000182,nepal-flooding,tier3,train,False,7,7,True,True,True
nepal-flooding_00000183,nepal-flooding,tier3,train,False,7,7,True,True,True
nepal-flooding_00000184,nepal-flooding,tier3,train,False,7,7,True,True,True
nepal-flooding_00000185,nepal-flooding,tier3,train,False,7,7,True,True,True
nepal-flooding_00000186,nepal-flooding,tier3,train,False,7,7,True,True,True
nepal-flooding_00000187,nepal-flooding,tier3,train,False,7,7,True,True,True
nepal-flooding_00000188,nepal-flooding,tier3,train,False,7,7,True,True,True
nepal-flooding_00000189,nepal-flooding,tier3,train,False,7,7,True,True,True
nepal-flooding_00000190,nepal-flooding,tier3,train,False,7,7,True,True,True
nepal-flooding_00000191,nepal-flooding,tier3,train,False,7,7,True,True,True
nepal-flooding_00000192,nepal-flooding,tier3,train,False,7,7,True,True,True
nepal-flooding_00000193,nepal-flooding,tier3,train,False,7,7,True,True,True
nepal-flooding_00000194,nepal-flooding,tier3,train,False,7,7,True,True,True
nepal-flooding_00000196,nepal-flooding,tier3,train,False,7,7,True,True,True
nepal-flooding_00000197,nepal-flooding,tier3,train,False,7,7,True,True,True
nepal-flooding_00000198,nepal-flooding,tier3,train,False,7,7,True,True,True
nepal-flooding_00000199,nepal-flooding,tier3,train,False,7,7,True,True,True
nepal-flooding_00000200,nepal-flooding,tier3,train,False,7,7,True,True,True
nepal-flooding_00000201,nepal-flooding,tier3,train,False,7,7,True,True,True
nepal-flooding_00000202,nepal-flooding,tier3,train,False,7,7,True,True,True
nepal-flooding_00000203,nepal-flooding,tier3,train,False,7,7,True,True,True
nepal-flooding_00000204,nepal-flooding,tier3,train,False,7,7,True,True,True
nepal-flooding_00000206,nepal-flooding,tier3,train,False,7,7,True,True,True
nepal-flooding_00000207,nepal-flooding,tier3,train,False,7,7,True,True,True
nepal-flooding_00000208,nepal-flooding,tier3,train,False,7,7,True,True,True
nepal-flooding_00000209,nepal-flooding,tier3,train,False,7,7,True,True,True
nepal-flooding_00000210,nepal-flooding,tier3,train,False,7,7,True,True,True
nepal-flooding_00000211,nepal-flooding,tier3,train,False,7,7,True,True,True
nepal-flooding_00000212,nepal-flooding,tier3,train,False,7,7,True,True,True
nepal-flooding_00000213,nepal-flooding,tier3,train,False,7,7,True,True,True
nepal-flooding_00000214,nepal-flooding,tier3,train,False,7,7,True,True,True
nepal-flooding_00000216,nepal-flooding,tier3,train,False,7,7,True,True,True
nepal-flooding_00000217,nepal-flooding,tier3,train,False,7,7,True,True,True
nepal-flooding_00000218,nepal-flooding,tier3,train,False,7,7,True,True,True
nepal-flooding_00000219,nepal-flooding,tier3,train,False,7,7,True,True,True
nepal-flooding_00000220,nepal-flooding,tier3,train,False,7,7,True,True,True
nepal-flooding_00000221,nepal-flooding,tier3,train,False,7,7,True,True,True
nepal-flooding_00000222,nepal-flooding,tier3,train,False,7,7,True,True,True
nepal-flooding_00000223,nepal-flooding,tier3,train,False,7,7,True,True,True
nepal-flooding_00000224,nepal-flooding,tier3,train,False,7,7,True,True,True
nepal-flooding_00000225,nepal-flooding,tier3,train,False,7,7,True,True,True
nepal-flooding_00000226,nepal-flooding,tier3,train,False,7,7,True,True,True
nepal-flooding_00000227,nepal-flooding,tier3,train,False,7,7,True,True,True
nepal-flooding_00000228,nepal-flooding,tier3,train,False,7,7,True,True,True
nepal-flooding_00000229,nepal-flooding,tier3,train,False,7,7,True,True,True
nepal-flooding_00000230,nepal-flooding,tier3,train,False,7,7,True,True,True
nepal-flooding_00000231,nepal-flooding,tier3,train,False,7,7,True,True,True
nepal-flooding_00000232,nepal-flooding,tier3,train,False,7,7,True,True,True
nepal-flooding_00000233,nepal-flooding,tier3,train,False,7,7,True,True,True
nepal-flooding_00000234,nepal-flooding,tier3,train,False,7,7,True,True,True
nepal-flooding_00000235,nepal-flooding,tier3,train,False,7,7,True,True,True
nepal-flooding_00000236,nepal-flooding,tier3,train,False,7,7,True,True,True
nepal-flooding_00000239,nepal-flooding,tier3,train,False,7,7,True,True,True
nepal-flooding_00000240,nepal-flooding,tier3,train,False,7,7,True,True,True
nepal-flooding_00000241,nepal-flooding,tier3,train,False,7,7,True,True,True
nepal-flooding_00000242,nepal-flooding,tier3,train,False,7,7,True,True,True
nepal-flooding_00000244,nepal-flooding,tier3,train,False,7,7,True,True,True
nepal-flooding_00000245,nepal-flooding,tier3,train,False,7,7,True,True,True
nepal-flooding_00000246,nepal-flooding,tier3,train,False,7,7,True,True,True
nepal-flooding_00000248,nepal-flooding,tier3,train,False,7,7,True,True,True
nepal-flooding_00000249,nepal-flooding,tier3,train,False,7,7,True,True,True
nepal-flooding_00000250,nepal-flooding,tier3,train,False,7,7,True,True,True
nepal-flooding_00000251,nepal-flooding,tier3,train,False,7,7,True,True,True
nepal-flooding_00000253,nepal-flooding,tier3,train,False,7,7,True,True,True
nepal-flooding_00000254,nepal-flooding,tier3,train,False,7,7,True,True,True
nepal-flooding_00000255,nepal-flooding,tier3,train,False,7,7,True,True,True
nepal-flooding_00000256,nepal-flooding,tier3,train,False,7,7,True,True,True
nepal-flooding_00000257,nepal-flooding,tier3,train,False,7,7,True,True,True
nepal-flooding_00000258,nepal-flooding,tier3,train,False,7,7,True,True,True
nepal-flooding_00000259,nepal-flooding,tier3,train,False,7,7,True,True,True
nepal-flooding_00000260,nepal-flooding,tier3,train,False,7,7,True,True,True
nepal-flooding_00000262,nepal-flooding,tier3,train,False,7,7,True,True,True
nepal-flooding_00000263,nepal-flooding,tier3,train,False,7,7,True,True,True
nepal-flooding_00000264,nepal-flooding,tier3,train,False,7,7,True,True,True
nepal-flooding_00000266,nepal-flooding,tier3,train,False,7,7,True,True,True
nepal-flooding_00000267,nepal-flooding,tier3,train,False,7,7,True,True,True
nepal-flooding_00000268,nepal-flooding,tier3,train,False,7,7,True,True,True
nepal-flooding_00000269,nepal-flooding,tier3,train,False,7,7,True,True,True
nepal-flooding_00000270,nepal-flooding,tier3,train,False,7,7,True,True,True
nepal-flooding_00000271,nepal-flooding,tier3,train,False,7,7,True,True,True
nepal-flooding_00000272,nepal-flooding,tier3,train,False,7,7,True,True,True
nepal-flooding_00000273,nepal-flooding,tier3,train,False,7,7,True,True,True
nepal-flooding_00000274,nepal-flooding,tier3,train,False,7,7,True,True,True
nepal-flooding_00000275,nepal-flooding,tier3,train,False,7,7,True,True,True
nepal-flooding_00000276,nepal-flooding,tier3,train,False,7,7,True,True,True
nepal-flooding_00000277,nepal-flooding,tier3,train,False,7,7,True,True,True
nepal-flooding_00000279,nepal-flooding,tier3,train,False,7,7,True,True,True
nepal-flooding_00000280,nepal-flooding,tier3,train,False,7,7,True,True,True
nepal-flooding_00000281,nepal-flooding,tier3,train,False,7,7,True,True,True
nepal-flooding_00000282,nepal-flooding,tier3,train,False,7,7,True,True,True
nepal-flooding_00000283,nepal-flooding,tier3,train,False,7,7,True,True,True
nepal-flooding_00000284,nepal-flooding,tier3,train,False,7,7,True,True,True
nepal-flooding_00000286,nepal-flooding,tier3,train,False,7,7,True,True,True
nepal-flooding_00000287,nepal-flooding,tier3,train,False,7,7,True,True,True
nepal-flooding_00000289,nepal-flooding,tier3,train,False,7,7,True,True,True
nepal-flooding_00000290,nepal-flooding,tier3,train,False,7,7,True,True,True
nepal-flooding_00000291,nepal-flooding,tier3,train,False,7,7,True,True,True
nepal-flooding_00000292,nepal-flooding,tier3,train,False,7,7,True,True,True
nepal-flooding_00000293,nepal-flooding,tier3,train,False,7,7,True,True,True
nepal-flooding_00000294,nepal-flooding,tier3,train,False,7,7,True,True,True
nepal-flooding_00000295,nepal-flooding,tier3,train,False,7,7,True,True,True
nepal-flooding_00000296,nepal-flooding,tier3,train,False,7,7,True,True,True
nepal-flooding_00000297,nepal-flooding,tier3,train,False,7,7,True,True,True
nepal-flooding_00000298,nepal-flooding,tier3,train,False,7,7,True,True,True
nepal-flooding_00000299,nepal-flooding,tier3,train,False,7,7,True,True,True
nepal-flooding_00000300,nepal-flooding,tier3,train,False,7,7,True,True,True
nepal-flooding_00000301,nepal-flooding,tier3,train,False,7,7,True,True,True
nepal-flooding_00000302,nepal-flooding,tier3,train,False,7,7,True,True,True
nepal-flooding_00000303,nepal-flooding,tier3,train,False,7,7,True,True,True
nepal-flooding_00000304,nepal-flooding,tier3,train,False,7,7,True,True,True
nepal-flooding_00000305,nepal-flooding,tier3,train,False,7,7,True,True,True
nepal-flooding_00000306,nepal-flooding,tier3,train,False,7,7,True,True,True
nepal-flooding_00000307,nepal-flooding,tier3,train,False,7,7,True,True,True
nepal-flooding_00000308,nepal-flooding,tier3,train,False,7,7,True,True,True
nepal-flooding_00000309,nepal-flooding,tier3,train,False,7,7,True,True,True
nepal-flooding_00000311,nepal-flooding,tier3,train,False,7,7,True,True,True
nepal-flooding_00000312,nepal-flooding,tier3,train,False,7,7,True,True,True
nepal-flooding_00000313,nepal-flooding,tier3,train,False,7,7,True,True,True
nepal-flooding_00000314,nepal-flooding,tier3,train,False,7,7,True,True,True
nepal-flooding_00000316,nepal-flooding,tier3,train,False,7,7,True,True,True
nepal-flooding_00000317,nepal-flooding,tier3,train,False,7,7,True,True,True
nepal-flooding_00000318,nepal-flooding,tier3,train,False,7,7,True,True,True
nepal-flooding_00000319,nepal-flooding,tier3,train,False,7,7,True,True,True
nepal-flooding_00000321,nepal-flooding,tier3,train,False,7,7,True,True,True
nepal-flooding_00000322,nepal-flooding,tier3,train,False,7,7,True,True,True
nepal-flooding_00000323,nepal-flooding,tier3,train,False,7,7,True,True,True
nepal-flooding_00000324,nepal-flooding,tier3,train,False,7,7,True,True,True
nepal-flooding_00000325,nepal-flooding,tier3,train,False,7,7,True,True,True
nepal-flooding_00000326,nepal-flooding,tier3,train,False,7,7,True,True,True
nepal-flooding_00000327,nepal-flooding,tier3,train,False,7,7,True,True,True
nepal-flooding_00000328,nepal-flooding,tier3,train,False,7,7,True,True,True
nepal-flooding_00000329,nepal-flooding,tier3,train,False,7,7,True,True,True
nepal-flooding_00000330,nepal-flooding,tier3,train,False,7,7,True,True,True
nepal-flooding_00000331,nepal-flooding,tier3,train,False,7,7,True,True,True
nepal-flooding_00000332,nepal-flooding,tier3,train,False,7,7,True,True,True
nepal-flooding_00000333,nepal-flooding,tier3,train,False,7,7,True,True,True
nepal-flooding_00000334,nepal-flooding,tier3,train,False,7,7,True,True,True
nepal-flooding_00000336,nepal-flooding,tier3,train,False,7,7,True,True,True
nepal-flooding_00000337,nepal-flooding,tier3,train,False,7,7,True,True,True
nepal-flooding_00000338,nepal-flooding,tier3,train,False,7,7,True,True,True
nepal-flooding_00000339,nepal-flooding,tier3,train,False,7,7,True,True,True
nepal-flooding_00000342,nepal-flooding,tier3,train,False,7,7,True,True,True
nepal-flooding_00000343,nepal-flooding,tier3,train,False,7,7,True,True,True
nepal-flooding_00000344,nepal-flooding,tier3,train,False,7,7,True,True,True
nepal-flooding_00000345,nepal-flooding,tier3,train,False,7,7,True,True,True
nepal-flooding_00000346,nepal-flooding,tier3,train,False,7,7,True,True,True
nepal-flooding_00000348,nepal-flooding,tier3,train,False,7,7,True,True,True
nepal-flooding_00000349,nepal-flooding,tier3,train,False,7,7,True,True,True
nepal-flooding_00000350,nepal-flooding,tier3,train,False,7,7,True,True,True
nepal-flooding_00000351,nepal-flooding,tier3,train,False,7,7,True,True,True
nepal-flooding_00000352,nepal-flooding,tier3,train,False,7,7,True,True,True
nepal-flooding_00000353,nepal-flooding,tier3,train,False,7,7,True,True,True
nepal-flooding_00000354,nepal-flooding,tier3,train,False,7,7,True,True,True
nepal-flooding_00000355,nepal-flooding,tier3,train,False,7,7,True,True,True
nepal-flooding_00000356,nepal-flooding,tier3,train,False,7,7,True,True,True
nepal-flooding_00000357,nepal-flooding,tier3,train,False,7,7,True,True,True
nepal-flooding_00000358,nepal-flooding,tier3,train,False,7,7,True,True,True
nepal-flooding_00000359,nepal-flooding,tier3,train,False,7,7,True,True,True
nepal-flooding_00000361,nepal-flooding,tier3,train,False,7,7,True,True,True
nepal-flooding_00000362,nepal-flooding,tier3,train,False,7,7,True,True,True
nepal-flooding_00000364,nepal-flooding,tier3,train,False,7,7,True,True,True
nepal-flooding_00000365,nepal-flooding,tier3,train,False,7,7,True,True,True
nepal-flooding_00000366,nepal-flooding,tier3,train,False,7,7,True,True,True
nepal-flooding_00000367,nepal-flooding,tier3,train,False,7,7,True,True,True
nepal-flooding_00000368,nepal-flooding,tier3,train,False,7,7,True,True,True
nepal-flooding_00000369,nepal-flooding,tier3,train,False,7,7,True,True,True
nepal-flooding_00000370,nepal-flooding,tier3,train,False,7,7,True,True,True
nepal-flooding_00000371,nepal-flooding,tier3,train,False,7,7,True,True,True
nepal-flooding_00000372,nepal-flooding,tier3,train,False,7,7,True,True,True
nepal-flooding_00000373,nepal-flooding,tier3,train,False,7,7,True,True,True
nepal-flooding_00000374,nepal-flooding,tier3,train,False,7,7,True,True,True
nepal-flooding_00000375,nepal-flooding,tier3,train,False,7,7,True,True,True
nepal-flooding_00000376,nepal-flooding,tier3,train,False,7,7,True,True,True
nepal-flooding_00000377,nepal-flooding,tier3,train,False,7,7,True,True,True
nepal-flooding_00000378,nepal-flooding,tier3,train,False,7,7,True,True,True
nepal-flooding_00000379,nepal-flooding,tier3,train,False,7,7,True,True,True
nepal-flooding_00000381,nepal-flooding,tier3,train,False,7,7,True,True,True
nepal-flooding_00000382,nepal-flooding,tier3,train,False,7,7,True,True,True
nepal-flooding_00000383,nepal-flooding,tier3,train,False,7,7,True,True,True
nepal-flooding_00000384,nepal-flooding,tier3,train,False,7,7,True,True,True
nepal-flooding_00000385,nepal-flooding,tier3,train,False,7,7,True,True,True
nepal-flooding_00000386,nepal-flooding,tier3,train,False,7,7,True,True,True
nepal-flooding_00000387,nepal-flooding,tier3,train,False,7,7,True,True,True
nepal-flooding_00000388,nepal-flooding,tier3,train,False,7,7,True,True,True
nepal-flooding_00000389,nepal-flooding,tier3,train,False,7,7,True,True,True
nepal-flooding_00000390,nepal-flooding,tier3,train,False,7,7,True,True,True
nepal-flooding_00000391,nepal-flooding,tier3,train,False,7,7,True,True,True
nepal-flooding_00000392,nepal-flooding,tier3,train,False,7,7,True,True,True
nepal-flooding_00000393,nepal-flooding,tier3,train,False,7,7,True,True,True
nepal-flooding_00000394,nepal-flooding,tier3,train,False,7,7,True,True,True
nepal-flooding_00000395,nepal-flooding,tier3,train,False,7,7,True,True,True
nepal-flooding_00000396,nepal-flooding,tier3,train,False,7,7,True,True,True
nepal-flooding_00000397,nepal-flooding,tier3,train,False,7,7,True,True,True
nepal-flooding_00000399,nepal-flooding,tier3,train,False,7,7,True,True,True
nepal-flooding_00000400,nepal-flooding,tier3,train,False,7,7,True,True,True
nepal-flooding_00000401,nepal-flooding,tier3,train,False,7,7,True,True,True
nepal-flooding_00000402,nepal-flooding,tier3,train,False,7,7,True,True,True
nepal-flooding_00000403,nepal-flooding,tier3,train,False,7,7,True,True,True
nepal-flooding_00000407,nepal-flooding,tier3,train,False,7,7,True,True,True
nepal-flooding_00000408,nepal-flooding,tier3,train,False,7,7,True,True,True
nepal-flooding_00000409,nepal-flooding,tier3,train,False,7,7,True,True,True
nepal-flooding_00000410,nepal-flooding,tier3,train,False,7,7,True,True,True
nepal-flooding_00000411,nepal-flooding,tier3,train,False,7,7,True,True,True
nepal-flooding_00000412,nepal-flooding,tier3,train,False,7,7,True,True,True
nepal-flooding_00000413,nepal-flooding,tier3,train,False,7,7,True,True,True
nepal-flooding_00000414,nepal-flooding,tier3,train,False,7,7,True,True,True
nepal-flooding_00000415,nepal-flooding,tier3,train,False,7,7,True,True,True
nepal-flooding_00000416,nepal-flooding,tier3,train,False,7,7,True,True,True
nepal-flooding_00000417,nepal-flooding,tier3,train,False,7,7,True,True,True
nepal-flooding_00000419,nepal-flooding,tier3,train,False,7,7,True,True,True
nepal-flooding_00000420,nepal-flooding,tier3,train,False,7,7,True,True,True
nepal-flooding_00000421,nepal-flooding,tier3,train,False,7,7,True,True,True
nepal-flooding_00000422,nepal-flooding,tier3,train,False,7,7,True,True,True
nepal-flooding_00000423,nepal-flooding,tier3,train,False,7,7,True,True,True
nepal-flooding_00000424,nepal-flooding,tier3,train,False,7,7,True,True,True
nepal-flooding_00000425,nepal-flooding,tier3,train,False,7,7,True,True,True
nepal-flooding_00000426,nepal-flooding,tier3,train,False,7,7,True,True,True
nepal-flooding_00000427,nepal-flooding,tier3,train,False,7,7,True,True,True
nepal-flooding_00000429,nepal-flooding,tier3,train,False,7,7,True,True,True
nepal-flooding_00000430,nepal-flooding,tier3,train,False,7,7,True,True,True
nepal-flooding_00000431,nepal-flooding,tier3,train,False,7,7,True,True,True
nepal-flooding_00000432,nepal-flooding,tier3,train,False,7,7,True,True,True
nepal-flooding_00000433,nepal-flooding,tier3,train,False,7,7,True,True,True
nepal-flooding_00000434,nepal-flooding,tier3,train,False,7,7,True,True,True
nepal-flooding_00000436,nepal-flooding,tier3,train,False,7,7,True,True,True
nepal-flooding_00000437,nepal-flooding,tier3,train,False,7,7,True,True,True
nepal-flooding_00000438,nepal-flooding,tier3,train,False,7,7,True,True,True
nepal-flooding_00000439,nepal-flooding,tier3,train,False,7,7,True,True,True
nepal-flooding_00000440,nepal-flooding,tier3,train,False,7,7,True,True,True
nepal-flooding_00000441,nepal-flooding,tier3,train,False,7,7,True,True,True
nepal-flooding_00000442,nepal-flooding,tier3,train,False,7,7,True,True,True
nepal-flooding_00000443,nepal-flooding,tier3,train,False,7,7,True,True,True
nepal-flooding_00000444,nepal-flooding,tier3,train,False,7,7,True,True,True
nepal-flooding_00000445,nepal-flooding,tier3,train,False,7,7,True,True,True
nepal-flooding_00000446,nepal-flooding,tier3,train,False,7,7,True,True,True
nepal-flooding_00000447,nepal-flooding,tier3,train,False,7,7,True,True,True
nepal-flooding_00000449,nepal-flooding,tier3,train,False,7,7,True,True,True
nepal-flooding_00000450,nepal-flooding,tier3,train,False,7,7,True,True,True
nepal-flooding_00000451,nepal-flooding,tier3,train,False,7,7,True,True,True
nepal-flooding_00000452,nepal-flooding,tier3,train,False,7,7,True,True,True
nepal-flooding_00000453,nepal-flooding,tier3,train,False,7,7,True,True,True
nepal-flooding_00000454,nepal-flooding,tier3,train,False,7,7,True,True,True
nepal-flooding_00000456,nepal-flooding,tier3,train,False,7,7,True,True,True
nepal-flooding_00000457,nepal-flooding,tier3,train,False,7,7,True,True,True
nepal-flooding_00000458,nepal-flooding,tier3,train,False,7,7,True,True,True
nepal-flooding_00000460,nepal-flooding,tier3,train,False,7,7,True,True,True
nepal-flooding_00000462,nepal-flooding,tier3,train,False,7,7,True,True,True
nepal-flooding_00000463,nepal-flooding,tier3,train,False,7,7,True,True,True
nepal-flooding_00000464,nepal-flooding,tier3,train,False,7,7,True,True,True
nepal-flooding_00000466,nepal-flooding,tier3,train,False,7,7,True,True,True
nepal-flooding_00000467,nepal-flooding,tier3,train,False,7,7,True,True,True
nepal-flooding_00000468,nepal-flooding,tier3,train,False,7,7,True,True,True
nepal-flooding_00000469,nepal-flooding,tier3,train,False,7,7,True,True,True
nepal-flooding_00000470,nepal-flooding,tier3,train,False,7,7,True,True,True
nepal-flooding_00000471,nepal-flooding,tier3,train,False,7,7,True,True,True
nepal-flooding_00000472,nepal-flooding,tier3,train,False,7,7,True,True,True
nepal-flooding_00000473,nepal-flooding,tier3,train,False,7,7,True,True,True
nepal-flooding_00000474,nepal-flooding,tier3,train,False,7,7,True,True,True
nepal-flooding_00000475,nepal-flooding,tier3,train,False,7,7,True,True,True
nepal-flooding_00000476,nepal-flooding,tier3,train,False,7,7,True,True,True
nepal-flooding_00000477,nepal-flooding,tier3,train,False,7,7,True,True,True
nepal-flooding_00000478,nepal-flooding,tier3,train,False,7,7,True,True,True
nepal-flooding_00000479,nepal-flooding,tier3,train,False,7,7,True,True,True
nepal-flooding_00000481,nepal-flooding,tier3,train,False,7,7,True,True,True
nepal-flooding_00000483,nepal-flooding,tier3,train,False,7,7,True,True,True
nepal-flooding_00000484,nepal-flooding,tier3,train,False,7,7,True,True,True
nepal-flooding_00000485,nepal-flooding,tier3,train,False,7,7,True,True,True
nepal-flooding_00000486,nepal-flooding,tier3,train,False,7,7,True,True,True
nepal-flooding_00000487,nepal-flooding,tier3,train,False,7,7,True,True,True
nepal-flooding_00000488,nepal-flooding,tier3,train,False,7,7,True,True,True
nepal-flooding_00000490,nepal-flooding,tier3,train,False,7,7,True,True,True
nepal-flooding_00000491,nepal-flooding,tier3,train,False,7,7,True,True,True
nepal-flooding_00000492,nepal-flooding,tier3,train,False,7,7,True,True,True
nepal-flooding_00000493,nepal-flooding,tier3,train,False,7,7,True,True,True
nepal-flooding_00000494,nepal-flooding,tier3,train,False,7,7,True,True,True
nepal-flooding_00000495,nepal-flooding,tier3,train,False,7,7,True,True,True
nepal-flooding_00000496,nepal-flooding,tier3,train,False,7,7,True,True,True
nepal-flooding_00000497,nepal-flooding,tier3,train,False,7,7,True,True,True
nepal-flooding_00000498,nepal-flooding,tier3,train,False,7,7,True,True,True
nepal-flooding_00000500,nepal-flooding,tier3,train,False,7,7,True,True,True
nepal-flooding_00000501,nepal-flooding,tier3,train,False,7,7,True,True,True
nepal-flooding_00000502,nepal-flooding,tier3,train,False,7,7,True,True,True
nepal-flooding_00000503,nepal-flooding,tier3,train,False,7,7,True,True,True
nepal-flooding_00000504,nepal-flooding,tier3,train,False,7,7,True,True,True
nepal-flooding_00000505,nepal-flooding,tier3,train,False,7,7,True,True,True
nepal-flooding_00000506,nepal-flooding,tier3,train,False,7,7,True,True,True
nepal-flooding_00000507,nepal-flooding,tier3,train,False,7,7,True,True,True
nepal-flooding_00000509,nepal-flooding,tier3,train,False,7,7,True,True,True
nepal-flooding_00000510,nepal-flooding,tier3,train,False,7,7,True,True,True
nepal-flooding_00000511,nepal-flooding,tier3,train,False,7,7,True,True,True
nepal-flooding_00000512,nepal-flooding,tier3,train,False,7,7,True,True,True
nepal-flooding_00000513,nepal-flooding,tier3,train,False,7,7,True,True,True
nepal-flooding_00000514,nepal-flooding,tier3,train,False,7,7,True,True,True
nepal-flooding_00000515,nepal-flooding,tier3,train,False,7,7,True,True,True
nepal-flooding_00000517,nepal-flooding,tier3,train,False,7,7,True,True,True
nepal-flooding_00000518,nepal-flooding,tier3,train,False,7,7,True,True,True
nepal-flooding_00000519,nepal-flooding,tier3,train,False,7,7,True,True,True
nepal-flooding_00000520,nepal-flooding,tier3,train,False,7,7,True,True,True
nepal-flooding_00000521,nepal-flooding,tier3,train,False,7,7,True,True,True
nepal-flooding_00000522,nepal-flooding,tier3,train,False,7,7,True,True,True
nepal-flooding_00000523,nepal-flooding,tier3,train,False,7,7,True,True,True
nepal-flooding_00000524,nepal-flooding,tier3,train,False,7,7,True,True,True
nepal-flooding_00000526,nepal-flooding,tier3,train,False,7,7,True,True,True
nepal-flooding_00000527,nepal-flooding,tier3,train,False,7,7,True,True,True
nepal-flooding_00000528,nepal-flooding,tier3,train,False,7,7,True,True,True
nepal-flooding_00000529,nepal-flooding,tier3,train,False,7,7,True,True,True
nepal-flooding_00000530,nepal-flooding,tier3,train,False,7,7,True,True,True
nepal-flooding_00000531,nepal-flooding,tier3,train,False,7,7,True,True,True
nepal-flooding_00000532,nepal-flooding,tier3,train,False,7,7,True,True,True
nepal-flooding_00000533,nepal-flooding,tier3,train,False,7,7,True,True,True
nepal-flooding_00000534,nepal-flooding,tier3,train,False,7,7,True,True,True
nepal-flooding_00000535,nepal-flooding,tier3,train,False,7,7,True,True,True
nepal-flooding_00000537,nepal-flooding,tier3,train,False,7,7,True,True,True
nepal-flooding_00000538,nepal-flooding,tier3,train,False,7,7,True,True,True
nepal-flooding_00000539,nepal-flooding,tier3,train,False,7,7,True,True,True
nepal-flooding_00000540,nepal-flooding,tier3,train,False,7,7,True,True,True
nepal-flooding_00000541,nepal-flooding,tier3,train,False,7,7,True,True,True
nepal-flooding_00000542,nepal-flooding,tier3,train,False,7,7,True,True,True
nepal-flooding_00000543,nepal-flooding,tier3,train,False,7,7,True,True,True
nepal-flooding_00000544,nepal-flooding,tier3,train,False,7,7,True,True,True
nepal-flooding_00000545,nepal-flooding,tier3,train,False,7,7,True,True,True
nepal-flooding_00000546,nepal-flooding,tier3,train,False,7,7,True,True,True
nepal-flooding_00000547,nepal-flooding,tier3,train,False,7,7,True,True,True
nepal-flooding_00000548,nepal-flooding,tier3,train,False,7,7,True,True,True
nepal-flooding_00000550,nepal-flooding,tier3,train,False,7,7,True,True,True
nepal-flooding_00000551,nepal-flooding,tier3,train,False,7,7,True,True,True
nepal-flooding_00000552,nepal-flooding,tier3,train,False,7,7,True,True,True
nepal-flooding_00000553,nepal-flooding,tier3,train,False,7,7,True,True,True
nepal-flooding_00000554,nepal-flooding,tier3,train,False,7,7,True,True,True
nepal-flooding_00000555,nepal-flooding,tier3,train,False,7,7,True,True,True
nepal-flooding_00000556,nepal-flooding,tier3,train,False,7,7,True,True,True
nepal-flooding_00000557,nepal-flooding,tier3,train,False,7,7,True,True,True
nepal-flooding_00000558,nepal-flooding,tier3,train,False,7,7,True,True,True
nepal-flooding_00000559,nepal-flooding,tier3,train,False,7,7,True,True,True
nepal-flooding_00000561,nepal-flooding,tier3,train,False,7,7,True,True,True
nepal-flooding_00000562,nepal-flooding,tier3,train,False,7,7,True,True,True
nepal-flooding_00000563,nepal-flooding,tier3,train,False,7,7,True,True,True
nepal-flooding_00000564,nepal-flooding,tier3,train,False,7,7,True,True,True
nepal-flooding_00000565,nepal-flooding,tier3,train,False,7,7,True,True,True
nepal-flooding_00000566,nepal-flooding,tier3,train,False,7,7,True,True,True
nepal-flooding_00000567,nepal-flooding,tier3,train,False,7,7,True,True,True
nepal-flooding_00000568,nepal-flooding,tier3,train,False,7,7,True,True,True
nepal-flooding_00000569,nepal-flooding,tier3,train,False,7,7,True,True,True
nepal-flooding_00000570,nepal-flooding,tier3,train,False,7,7,True,True,True
nepal-flooding_00000571,nepal-flooding,tier3,train,False,7,7,True,True,True
nepal-flooding_00000572,nepal-flooding,tier3,train,False,7,7,True,True,True
nepal-flooding_00000573,nepal-flooding,tier3,train,False,7,7,True,True,True
nepal-flooding_00000574,nepal-flooding,tier3,train,False,7,7,True,True,True
nepal-flooding_00000575,nepal-flooding,tier3,train,False,7,7,True,True,True
nepal-flooding_00000576,nepal-flooding,tier3,train,False,7,7,True,True,True
nepal-flooding_00000578,nepal-flooding,tier3,train,False,7,7,True,True,True
nepal-flooding_00000579,nepal-flooding,tier3,train,False,7,7,True,True,True
nepal-flooding_00000580,nepal-flooding,tier3,train,False,7,7,True,True,True
nepal-flooding_00000581,nepal-flooding,tier3,train,False,7,7,True,True,True
nepal-flooding_00000582,nepal-flooding,tier3,train,False,7,7,True,True,True
nepal-flooding_00000583,nepal-flooding,tier3,train,False,7,7,True,True,True
nepal-flooding_00000584,nepal-flooding,tier3,train,False,7,7,True,True,True
nepal-flooding_00000585,nepal-flooding,tier3,train,False,7,7,True,True,True
nepal-flooding_00000586,nepal-flooding,tier3,train,False,7,7,True,True,True
nepal-flooding_00000587,nepal-flooding,tier3,train,False,7,7,True,True,True
nepal-flooding_00000588,nepal-flooding,tier3,train,False,7,7,True,True,True
nepal-flooding_00000589,nepal-flooding,tier3,train,False,7,7,True,True,True
nepal-flooding_00000590,nepal-flooding,tier3,train,False,7,7,True,True,True
nepal-flooding_00000591,nepal-flooding,tier3,train,False,7,7,True,True,True
nepal-flooding_00000593,nepal-flooding,tier3,train,False,7,7,True,True,True
nepal-flooding_00000594,nepal-flooding,tier3,train,False,7,7,True,True,True
nepal-flooding_00000595,nepal-flooding,tier3,train,False,7,7,True,True,True
nepal-flooding_00000596,nepal-flooding,tier3,train,False,7,7,True,True,True
nepal-flooding_00000597,nepal-flooding,tier3,train,False,7,7,True,True,True
nepal-flooding_00000598,nepal-flooding,tier3,train,False,7,7,True,True,True
nepal-flooding_00000599,nepal-flooding,tier3,train,False,7,7,True,True,True
nepal-flooding_00000600,nepal-flooding,tier3,train,False,7,7,True,True,True
nepal-flooding_00000601,nepal-flooding,tier3,train,False,7,7,True,True,True
nepal-flooding_00000602,nepal-flooding,tier3,train,False,7,7,True,True,True
nepal-flooding_00000603,nepal-flooding,tier3,train,False,7,7,True,True,True
nepal-flooding_00000604,nepal-flooding,tier3,train,False,7,7,True,True,True
nepal-flooding_00000605,nepal-flooding,tier3,train,False,7,7,True,True,True
nepal-flooding_00000606,nepal-flooding,tier3,train,False,7,7,True,True,True
nepal-flooding_00000607,nepal-flooding,tier3,train,False,7,7,True,True,True
nepal-flooding_00000609,nepal-flooding,tier3,train,False,7,7,True,True,True
nepal-flooding_00000610,nepal-flooding,tier3,train,False,7,7,True,True,True
nepal-flooding_00000611,nepal-flooding,tier3,train,False,7,7,True,True,True
nepal-flooding_00000612,nepal-flooding,tier3,train,False,7,7,True,True,True
nepal-flooding_00000613,nepal-flooding,tier3,train,False,7,7,True,True,True
nepal-flooding_00000614,nepal-flooding,tier3,train,False,7,7,True,True,True
nepal-flooding_00000615,nepal-flooding,tier3,train,False,7,7,True,True,True
nepal-flooding_00000616,nepal-flooding,tier3,train,False,7,7,True,True,True
nepal-flooding_00000617,nepal-flooding,tier3,train,False,7,7,True,True,True
nepal-flooding_00000618,nepal-flooding,tier3,train,False,7,7,True,True,True
palu-tsunami_00000000,palu-tsunami,tier1,train,False,7,7,True,True,True
palu-tsunami_00000001,palu-tsunami,tier1,train,False,7,7,True,True,True
palu-tsunami_00000003,palu-tsunami,tier1,train,False,7,7,True,True,True
palu-tsunami_00000005,palu-tsunami,tier1,train,False,7,7,True,True,True
palu-tsunami_00000006,palu-tsunami,tier1,train,False,7,7,True,True,True
palu-tsunami_00000007,palu-tsunami,tier1,train,False,7,7,True,True,True
palu-tsunami_00000011,palu-tsunami,tier1,train,False,7,7,True,True,True
palu-tsunami_00000015,palu-tsunami,tier1,train,False,7,7,True,True,True
palu-tsunami_00000016,palu-tsunami,tier1,train,False,7,7,True,True,True
palu-tsunami_00000019,palu-tsunami,tier1,train,False,7,7,True,True,True
palu-tsunami_00000020,palu-tsunami,tier1,train,False,7,7,True,True,True
palu-tsunami_00000022,palu-tsunami,tier1,train,False,7,7,True,True,True
palu-tsunami_00000024,palu-tsunami,tier1,train,False,7,7,True,True,True
palu-tsunami_00000025,palu-tsunami,tier1,train,False,7,7,True,True,True
palu-tsunami_00000026,palu-tsunami,tier1,train,False,7,7,True,True,True
palu-tsunami_00000030,palu-tsunami,tier1,train,False,7,7,True,True,True
palu-tsunami_00000033,palu-tsunami,tier1,train,False,7,7,True,True,True
palu-tsunami_00000034,palu-tsunami,tier1,train,False,7,7,True,True,True
palu-tsunami_00000040,palu-tsunami,tier1,train,False,7,7,True,True,True
palu-tsunami_00000042,palu-tsunami,tier1,train,False,7,7,True,True,True
palu-tsunami_00000043,palu-tsunami,tier1,train,False,7,7,True,True,True
palu-tsunami_00000044,palu-tsunami,tier1,train,False,7,7,True,True,True
palu-tsunami_00000050,palu-tsunami,tier1,train,False,7,7,True,True,True
palu-tsunami_00000051,palu-tsunami,tier1,train,False,7,7,True,True,True
palu-tsunami_00000053,palu-tsunami,tier1,train,False,7,7,True,True,True
palu-tsunami_00000054,palu-tsunami,tier1,train,False,7,7,True,True,True
palu-tsunami_00000056,palu-tsunami,tier1,train,False,7,7,True,True,True
palu-tsunami_00000057,palu-tsunami,tier1,train,False,7,7,True,True,True
palu-tsunami_00000058,palu-tsunami,tier1,train,False,7,7,True,True,True
palu-tsunami_00000061,palu-tsunami,tier1,train,False,7,7,True,True,True
palu-tsunami_00000064,palu-tsunami,tier1,train,False,7,7,True,True,True
palu-tsunami_00000065,palu-tsunami,tier1,train,False,7,7,True,True,True
palu-tsunami_00000066,palu-tsunami,tier1,train,False,7,7,True,True,True
palu-tsunami_00000068,palu-tsunami,tier1,train,False,7,7,True,True,True
palu-tsunami_00000069,palu-tsunami,tier1,train,False,7,7,True,True,True
palu-tsunami_00000071,palu-tsunami,tier1,train,False,7,7,True,True,True
palu-tsunami_00000072,palu-tsunami,tier1,train,False,7,7,True,True,True
palu-tsunami_00000073,palu-tsunami,tier1,train,False,7,7,True,True,True
palu-tsunami_00000074,palu-tsunami,tier1,train,False,7,7,True,True,True
palu-tsunami_00000076,palu-tsunami,tier1,train,False,7,7,True,True,True
palu-tsunami_00000077,palu-tsunami,tier1,train,False,7,7,True,True,True
palu-tsunami_00000083,palu-tsunami,tier1,train,False,7,7,True,True,True
palu-tsunami_00000084,palu-tsunami,tier1,train,False,7,7,True,True,True
palu-tsunami_00000086,palu-tsunami,tier1,train,False,7,7,True,True,True
palu-tsunami_00000087,palu-tsunami,tier1,train,False,7,7,True,True,True
palu-tsunami_00000088,palu-tsunami,tier1,train,False,7,7,True,True,True
palu-tsunami_00000090,palu-tsunami,tier1,train,False,7,7,True,True,True
palu-tsunami_00000092,palu-tsunami,tier1,train,False,7,7,True,True,True
palu-tsunami_00000097,palu-tsunami,tier1,train,False,7,7,True,True,True
palu-tsunami_00000098,palu-tsunami,tier1,train,False,7,7,True,True,True
palu-tsunami_00000100,palu-tsunami,tier1,train,False,7,7,True,True,True
palu-tsunami_00000101,palu-tsunami,tier1,train,False,7,7,True,True,True
palu-tsunami_00000102,palu-tsunami,tier1,train,False,7,7,True,True,True
palu-tsunami_00000103,palu-tsunami,tier1,train,False,7,7,True,True,True
palu-tsunami_00000107,palu-tsunami,tier1,train,False,7,7,True,True,True
palu-tsunami_00000108,palu-tsunami,tier1,train,False,7,7,True,True,True
palu-tsunami_00000110,palu-tsunami,tier1,train,False,7,7,True,True,True
palu-tsunami_00000111,palu-tsunami,tier1,train,False,7,7,True,True,True
palu-tsunami_00000112,palu-tsunami,tier1,train,False,7,7,True,True,True
palu-tsunami_00000115,palu-tsunami,tier1,train,False,7,7,True,True,True
palu-tsunami_00000118,palu-tsunami,tier1,train,False,7,7,True,True,True
palu-tsunami_00000121,palu-tsunami,tier1,train,False,7,7,True,True,True
palu-tsunami_00000122,palu-tsunami,tier1,train,False,7,7,True,True,True
palu-tsunami_00000123,palu-tsunami,tier1,train,False,7,7,True,True,True
palu-tsunami_00000125,palu-tsunami,tier1,train,False,7,7,True,True,True
palu-tsunami_00000126,palu-tsunami,tier1,train,False,7,7,True,True,True
palu-tsunami_00000128,palu-tsunami,tier1,train,False,7,7,True,True,True
palu-tsunami_00000131,palu-tsunami,tier1,train,False,7,7,True,True,True
palu-tsunami_00000132,palu-tsunami,tier1,train,False,7,7,True,True,True
palu-tsunami_00000133,palu-tsunami,tier1,train,False,7,7,True,True,True
palu-tsunami_00000134,palu-tsunami,tier1,train,False,7,7,True,True,True
palu-tsunami_00000136,palu-tsunami,tier1,train,False,7,7,True,True,True
palu-tsunami_00000137,palu-tsunami,tier1,train,False,7,7,True,True,True
palu-tsunami_00000140,palu-tsunami,tier1,train,False,7,7,True,True,True
palu-tsunami_00000142,palu-tsunami,tier1,train,False,7,7,True,True,True
palu-tsunami_00000145,palu-tsunami,tier1,train,False,7,7,True,True,True
palu-tsunami_00000148,palu-tsunami,tier1,train,False,7,7,True,True,True
palu-tsunami_00000152,palu-tsunami,tier1,train,False,7,7,True,True,True
palu-tsunami_00000153,palu-tsunami,tier1,train,False,7,7,True,True,True
palu-tsunami_00000154,palu-tsunami,tier1,train,False,7,7,True,True,True
palu-tsunami_00000157,palu-tsunami,tier1,train,False,7,7,True,True,True
palu-tsunami_00000160,palu-tsunami,tier1,train,False,7,7,True,True,True
palu-tsunami_00000161,palu-tsunami,tier1,train,False,7,7,True,True,True
palu-tsunami_00000164,palu-tsunami,tier1,train,False,7,7,True,True,True
palu-tsunami_00000166,palu-tsunami,tier1,train,False,7,7,True,True,True
palu-tsunami_00000167,palu-tsunami,tier1,train,False,7,7,True,True,True
palu-tsunami_00000168,palu-tsunami,tier1,train,False,7,7,True,True,True
palu-tsunami_00000169,palu-tsunami,tier1,train,False,7,7,True,True,True
palu-tsunami_00000171,palu-tsunami,tier1,train,False,7,7,True,True,True
palu-tsunami_00000174,palu-tsunami,tier1,train,False,7,7,True,True,True
palu-tsunami_00000175,palu-tsunami,tier1,train,False,7,7,True,True,True
palu-tsunami_00000177,palu-tsunami,tier1,train,False,7,7,True,True,True
palu-tsunami_00000179,palu-tsunami,tier1,train,False,7,7,True,True,True
palu-tsunami_00000182,palu-tsunami,tier1,train,False,7,7,True,True,True
palu-tsunami_00000183,palu-tsunami,tier1,train,False,7,7,True,True,True
palu-tsunami_00000187,palu-tsunami,tier1,train,False,7,7,True,True,True
palu-tsunami_00000188,palu-tsunami,tier1,train,False,7,7,True,True,True
palu-tsunami_00000189,palu-tsunami,tier1,train,False,7,7,True,True,True
palu-tsunami_00000191,palu-tsunami,tier1,train,False,7,7,True,True,True
palu-tsunami_00000195,palu-tsunami,tier1,train,False,7,7,True,True,True
sunda-tsunami_00000000,sunda-tsunami,tier3,train,False,7,7,True,True,True
sunda-tsunami_00000001,sunda-tsunami,tier3,train,False,7,7,True,True,True
sunda-tsunami_00000002,sunda-tsunami,tier3,train,False,7,7,True,True,True
sunda-tsunami_00000003,sunda-tsunami,tier3,train,False,7,7,True,True,True
sunda-tsunami_00000004,sunda-tsunami,tier3,train,False,7,7,True,True,True
sunda-tsunami_00000005,sunda-tsunami,tier3,train,False,7,7,True,True,True
sunda-tsunami_00000006,sunda-tsunami,tier3,train,False,7,7,True,True,True
sunda-tsunami_00000007,sunda-tsunami,tier3,train,False,7,7,True,True,True
sunda-tsunami_00000008,sunda-tsunami,tier3,train,False,7,7,True,True,True
sunda-tsunami_00000009,sunda-tsunami,tier3,train,False,7,7,True,True,True
sunda-tsunami_00000010,sunda-tsunami,tier3,train,False,7,7,True,True,True
sunda-tsunami_00000011,sunda-tsunami,tier3,train,False,7,7,True,True,True
sunda-tsunami_00000012,sunda-tsunami,tier3,train,False,7,7,True,True,True
sunda-tsunami_00000013,sunda-tsunami,tier3,train,False,7,7,True,True,True
sunda-tsunami_00000015,sunda-tsunami,tier3,train,False,7,7,True,True,True
sunda-tsunami_00000017,sunda-tsunami,tier3,train,False,7,7,True,True,True
sunda-tsunami_00000018,sunda-tsunami,tier3,train,False,7,7,True,True,True
sunda-tsunami_00000019,sunda-tsunami,tier3,train,False,7,7,True,True,True
sunda-tsunami_00000021,sunda-tsunami,tier3,train,False,7,7,True,True,True
sunda-tsunami_00000023,sunda-tsunami,tier3,train,False,7,7,True,True,True
sunda-tsunami_00000024,sunda-tsunami,tier3,train,False,7,7,True,True,True
sunda-tsunami_00000025,sunda-tsunami,tier3,train,False,7,7,True,True,True
sunda-tsunami_00000026,sunda-tsunami,tier3,train,False,7,7,True,True,True
sunda-tsunami_00000027,sunda-tsunami,tier3,train,False,7,7,True,True,True
sunda-tsunami_00000028,sunda-tsunami,tier3,train,False,7,7,True,True,True
sunda-tsunami_00000029,sunda-tsunami,tier3,train,False,7,7,True,True,True
sunda-tsunami_00000030,sunda-tsunami,tier3,train,False,7,7,True,True,True
sunda-tsunami_00000031,sunda-tsunami,tier3,train,False,7,7,True,True,True
sunda-tsunami_00000034,sunda-tsunami,tier3,train,False,7,7,True,True,True
sunda-tsunami_00000035,sunda-tsunami,tier3,train,False,7,7,True,True,True
sunda-tsunami_00000036,sunda-tsunami,tier3,train,False,7,7,True,True,True
sunda-tsunami_00000037,sunda-tsunami,tier3,train,False,7,7,True,True,True
sunda-tsunami_00000038,sunda-tsunami,tier3,train,False,7,7,True,True,True
sunda-tsunami_00000039,sunda-tsunami,tier3,train,False,7,7,True,True,True
sunda-tsunami_00000041,sunda-tsunami,tier3,train,False,7,7,True,True,True
sunda-tsunami_00000042,sunda-tsunami,tier3,train,False,7,7,True,True,True
sunda-tsunami_00000043,sunda-tsunami,tier3,train,False,7,7,True,True,True
sunda-tsunami_00000044,sunda-tsunami,tier3,train,False,7,7,True,True,True
sunda-tsunami_00000045,sunda-tsunami,tier3,train,False,7,7,True,True,True
sunda-tsunami_00000046,sunda-tsunami,tier3,train,False,7,7,True,True,True
sunda-tsunami_00000047,sunda-tsunami,tier3,train,False,7,7,True,True,True
sunda-tsunami_00000048,sunda-tsunami,tier3,train,False,7,7,True,True,True
sunda-tsunami_00000049,sunda-tsunami,tier3,train,False,7,7,True,True,True
sunda-tsunami_00000051,sunda-tsunami,tier3,train,False,7,7,True,True,True
sunda-tsunami_00000052,sunda-tsunami,tier3,train,False,7,7,True,True,True
sunda-tsunami_00000053,sunda-tsunami,tier3,train,False,7,7,True,True,True
sunda-tsunami_00000054,sunda-tsunami,tier3,train,False,7,7,True,True,True
sunda-tsunami_00000055,sunda-tsunami,tier3,train,False,7,7,True,True,True
sunda-tsunami_00000056,sunda-tsunami,tier3,train,False,7,7,True,True,True
sunda-tsunami_00000058,sunda-tsunami,tier3,train,False,7,7,True,True,True
sunda-tsunami_00000059,sunda-tsunami,tier3,train,False,7,7,True,True,True
sunda-tsunami_00000060,sunda-tsunami,tier3,train,False,7,7,True,True,True
sunda-tsunami_00000061,sunda-tsunami,tier3,train,False,7,7,True,True,True
sunda-tsunami_00000062,sunda-tsunami,tier3,train,False,7,7,True,True,True
sunda-tsunami_00000063,sunda-tsunami,tier3,train,False,7,7,True,True,True
sunda-tsunami_00000064,sunda-tsunami,tier3,train,False,7,7,True,True,True
sunda-tsunami_00000065,sunda-tsunami,tier3,train,False,7,7,True,True,True
sunda-tsunami_00000066,sunda-tsunami,tier3,train,False,7,7,True,True,True
sunda-tsunami_00000067,sunda-tsunami,tier3,train,False,7,7,True,True,True
sunda-tsunami_00000069,sunda-tsunami,tier3,train,False,7,7,True,True,True
sunda-tsunami_00000070,sunda-tsunami,tier3,train,False,7,7,True,True,True
sunda-tsunami_00000071,sunda-tsunami,tier3,train,False,7,7,True,True,True
sunda-tsunami_00000072,sunda-tsunami,tier3,train,False,7,7,True,True,True
sunda-tsunami_00000073,sunda-tsunami,tier3,train,False,7,7,True,True,True
sunda-tsunami_00000075,sunda-tsunami,tier3,train,False,7,7,True,True,True
sunda-tsunami_00000076,sunda-tsunami,tier3,train,False,7,7,True,True,True
sunda-tsunami_00000077,sunda-tsunami,tier3,train,False,7,7,True,True,True
sunda-tsunami_00000078,sunda-tsunami,tier3,train,False,7,7,True,True,True
sunda-tsunami_00000079,sunda-tsunami,tier3,train,False,7,7,True,True,True
sunda-tsunami_00000080,sunda-tsunami,tier3,train,False,7,7,True,True,True
sunda-tsunami_00000082,sunda-tsunami,tier3,train,False,7,7,True,True,True
sunda-tsunami_00000083,sunda-tsunami,tier3,train,False,7,7,True,True,True
sunda-tsunami_00000084,sunda-tsunami,tier3,train,False,7,7,True,True,True
sunda-tsunami_00000085,sunda-tsunami,tier3,train,False,7,7,True,True,True
sunda-tsunami_00000086,sunda-tsunami,tier3,train,False,7,7,True,True,True
sunda-tsunami_00000087,sunda-tsunami,tier3,train,False,7,7,True,True,True
sunda-tsunami_00000088,sunda-tsunami,tier3,train,False,7,7,True,True,True
sunda-tsunami_00000089,sunda-tsunami,tier3,train,False,7,7,True,True,True
sunda-tsunami_00000091,sunda-tsunami,tier3,train,False,7,7,True,True,True
sunda-tsunami_00000092,sunda-tsunami,tier3,train,False,7,7,True,True,True
sunda-tsunami_00000094,sunda-tsunami,tier3,train,False,7,7,True,True,True
sunda-tsunami_00000095,sunda-tsunami,tier3,train,False,7,7,True,True,True
sunda-tsunami_00000096,sunda-tsunami,tier3,train,False,7,7,True,True,True
sunda-tsunami_00000097,sunda-tsunami,tier3,train,False,7,7,True,True,True
sunda-tsunami_00000098,sunda-tsunami,tier3,train,False,7,7,True,True,True
sunda-tsunami_00000099,sunda-tsunami,tier3,train,False,7,7,True,True,True
sunda-tsunami_00000100,sunda-tsunami,tier3,train,False,7,7,True,True,True
sunda-tsunami_00000101,sunda-tsunami,tier3,train,False,7,7,True,True,True
sunda-tsunami_00000102,sunda-tsunami,tier3,train,False,7,7,True,True,True
sunda-tsunami_00000103,sunda-tsunami,tier3,train,False,7,7,True,True,True
sunda-tsunami_00000104,sunda-tsunami,tier3,train,False,7,7,True,True,True
sunda-tsunami_00000105,sunda-tsunami,tier3,train,False,7,7,True,True,True
sunda-tsunami_00000106,sunda-tsunami,tier3,train,False,7,7,True,True,True
sunda-tsunami_00000108,sunda-tsunami,tier3,train,False,7,7,True,True,True
sunda-tsunami_00000109,sunda-tsunami,tier3,train,False,7,7,True,True,True
sunda-tsunami_00000110,sunda-tsunami,tier3,train,False,7,7,True,True,True
sunda-tsunami_00000111,sunda-tsunami,tier3,train,False,7,7,True,True,True
sunda-tsunami_00000112,sunda-tsunami,tier3,train,False,7,7,True,True,True
sunda-tsunami_00000113,sunda-tsunami,tier3,train,False,7,7,True,True,True
sunda-tsunami_00000114,sunda-tsunami,tier3,train,False,7,7,True,True,True
sunda-tsunami_00000115,sunda-tsunami,tier3,train,False,7,7,True,True,True
sunda-tsunami_00000116,sunda-tsunami,tier3,train,False,7,7,True,True,True
sunda-tsunami_00000117,sunda-tsunami,tier3,train,False,7,7,True,True,True
sunda-tsunami_00000118,sunda-tsunami,tier3,train,False,7,7,True,True,True
sunda-tsunami_00000119,sunda-tsunami,tier3,train,False,7,7,True,True,True
sunda-tsunami_00000120,sunda-tsunami,tier3,train,False,7,7,True,True,True
sunda-tsunami_00000121,sunda-tsunami,tier3,train,False,7,7,True,True,True
sunda-tsunami_00000122,sunda-tsunami,tier3,train,False,7,7,True,True,True
sunda-tsunami_00000123,sunda-tsunami,tier3,train,False,7,7,True,True,True
sunda-tsunami_00000124,sunda-tsunami,tier3,train,False,7,7,True,True,True
sunda-tsunami_00000125,sunda-tsunami,tier3,train,False,7,7,True,True,True
sunda-tsunami_00000126,sunda-tsunami,tier3,train,False,7,7,True,True,True
sunda-tsunami_00000128,sunda-tsunami,tier3,train,False,7,7,True,True,True
sunda-tsunami_00000129,sunda-tsunami,tier3,train,False,7,7,True,True,True
sunda-tsunami_00000130,sunda-tsunami,tier3,train,False,7,7,True,True,True
sunda-tsunami_00000131,sunda-tsunami,tier3,train,False,7,7,True,True,True
sunda-tsunami_00000132,sunda-tsunami,tier3,train,False,7,7,True,True,True
sunda-tsunami_00000133,sunda-tsunami,tier3,train,False,7,7,True,True,True
sunda-tsunami_00000134,sunda-tsunami,tier3,train,False,7,7,True,True,True
sunda-tsunami_00000135,sunda-tsunami,tier3,train,False,7,7,True,True,True
sunda-tsunami_00000136,sunda-tsunami,tier3,train,False,7,7,True,True,True
sunda-tsunami_00000137,sunda-tsunami,tier3,train,False,7,7,True,True,True
sunda-tsunami_00000138,sunda-tsunami,tier3,train,False,7,7,True,True,True
sunda-tsunami_00000139,sunda-tsunami,tier3,train,False,7,7,True,True,True
sunda-tsunami_00000140,sunda-tsunami,tier3,train,False,7,7,True,True,True
sunda-tsunami_00000141,sunda-tsunami,tier3,train,False,7,7,True,True,True
sunda-tsunami_00000142,sunda-tsunami,tier3,train,False,7,7,True,True,True
sunda-tsunami_00000143,sunda-tsunami,tier3,train,False,7,7,True,True,True
sunda-tsunami_00000144,sunda-tsunami,tier3,train,False,7,7,True,True,True
sunda-tsunami_00000145,sunda-tsunami,tier3,train,False,7,7,True,True,True
sunda-tsunami_00000146,sunda-tsunami,tier3,train,False,7,7,True,True,True
sunda-tsunami_00000147,sunda-tsunami,tier3,train,False,7,7,True,True,True
tuscaloosa-tornado_00000000,tuscaloosa-tornado,tier3,train,False,7,7,True,True,True
tuscaloosa-tornado_00000001,tuscaloosa-tornado,tier3,train,False,7,7,True,True,True
tuscaloosa-tornado_00000002,tuscaloosa-tornado,tier3,train,False,7,7,True,True,True
tuscaloosa-tornado_00000003,tuscaloosa-tornado,tier3,train,False,7,7,True,True,True
tuscaloosa-tornado_00000004,tuscaloosa-tornado,tier3,train,False,7,7,True,True,True
tuscaloosa-tornado_00000005,tuscaloosa-tornado,tier3,train,False,7,7,True,True,True
tuscaloosa-tornado_00000006,tuscaloosa-tornado,tier3,train,False,7,7,True,True,True
tuscaloosa-tornado_00000007,tuscaloosa-tornado,tier3,train,False,7,7,True,True,True
tuscaloosa-tornado_00000008,tuscaloosa-tornado,tier3,train,False,7,7,True,True,True
tuscaloosa-tornado_00000009,tuscaloosa-tornado,tier3,train,False,7,7,True,True,True
tuscaloosa-tornado_00000010,tuscaloosa-tornado,tier3,train,False,7,7,True,True,True
tuscaloosa-tornado_00000011,tuscaloosa-tornado,tier3,train,False,7,7,True,True,True
tuscaloosa-tornado_00000012,tuscaloosa-tornado,tier3,train,False,7,7,True,True,True
tuscaloosa-tornado_00000013,tuscaloosa-tornado,tier3,train,False,7,7,True,True,True
tuscaloosa-tornado_00000014,tuscaloosa-tornado,tier3,train,False,7,7,True,True,True
tuscaloosa-tornado_00000015,tuscaloosa-tornado,tier3,train,False,7,7,True,True,True
tuscaloosa-tornado_00000016,tuscaloosa-tornado,tier3,train,False,7,7,True,True,True
tuscaloosa-tornado_00000017,tuscaloosa-tornado,tier3,train,False,7,7,True,True,True
tuscaloosa-tornado_00000018,tuscaloosa-tornado,tier3,train,False,7,7,True,True,True
tuscaloosa-tornado_00000019,tuscaloosa-tornado,tier3,train,False,7,7,True,True,True
tuscaloosa-tornado_00000020,tuscaloosa-tornado,tier3,train,False,7,7,True,True,True
tuscaloosa-tornado_00000021,tuscaloosa-tornado,tier3,train,False,7,7,True,True,True
tuscaloosa-tornado_00000022,tuscaloosa-tornado,tier3,train,False,7,7,True,True,True
tuscaloosa-tornado_00000023,tuscaloosa-tornado,tier3,train,False,7,7,True,True,True
tuscaloosa-tornado_00000024,tuscaloosa-tornado,tier3,train,False,7,7,True,True,True
tuscaloosa-tornado_00000025,tuscaloosa-tornado,tier3,train,False,7,7,True,True,True
tuscaloosa-tornado_00000026,tuscaloosa-tornado,tier3,train,False,7,7,True,True,True
tuscaloosa-tornado_00000028,tuscaloosa-tornado,tier3,train,False,7,7,True,True,True
tuscaloosa-tornado_00000029,tuscaloosa-tornado,tier3,train,False,7,7,True,True,True
tuscaloosa-tornado_00000030,tuscaloosa-tornado,tier3,train,False,7,7,True,True,True
tuscaloosa-tornado_00000031,tuscaloosa-tornado,tier3,train,False,7,7,True,True,True
tuscaloosa-tornado_00000032,tuscaloosa-tornado,tier3,train,False,7,7,True,True,True
tuscaloosa-tornado_00000033,tuscaloosa-tornado,tier3,train,False,7,7,True,True,True
tuscaloosa-tornado_00000034,tuscaloosa-tornado,tier3,train,False,7,7,True,True,True
tuscaloosa-tornado_00000035,tuscaloosa-tornado,tier3,train,False,7,7,True,True,True
tuscaloosa-tornado_00000036,tuscaloosa-tornado,tier3,train,False,7,7,True,True,True
tuscaloosa-tornado_00000038,tuscaloosa-tornado,tier3,train,False,7,7,True,True,True
tuscaloosa-tornado_00000039,tuscaloosa-tornado,tier3,train,False,7,7,True,True,True
tuscaloosa-tornado_00000040,tuscaloosa-tornado,tier3,train,False,7,7,True,True,True
tuscaloosa-tornado_00000041,tuscaloosa-tornado,tier3,train,False,7,7,True,True,True
tuscaloosa-tornado_00000042,tuscaloosa-tornado,tier3,train,False,7,7,True,True,True
tuscaloosa-tornado_00000043,tuscaloosa-tornado,tier3,train,False,7,7,True,True,True
tuscaloosa-tornado_00000044,tuscaloosa-tornado,tier3,train,False,7,7,True,True,True
tuscaloosa-tornado_00000045,tuscaloosa-tornado,tier3,train,False,7,7,True,True,True
tuscaloosa-tornado_00000046,tuscaloosa-tornado,tier3,train,False,7,7,True,True,True
tuscaloosa-tornado_00000047,tuscaloosa-tornado,tier3,train,False,7,7,True,True,True
tuscaloosa-tornado_00000049,tuscaloosa-tornado,tier3,train,False,7,7,True,True,True
tuscaloosa-tornado_00000050,tuscaloosa-tornado,tier3,train,False,7,7,True,True,True
tuscaloosa-tornado_00000051,tuscaloosa-tornado,tier3,train,False,7,7,True,True,True
tuscaloosa-tornado_00000052,tuscaloosa-tornado,tier3,train,False,7,7,True,True,True
tuscaloosa-tornado_00000053,tuscaloosa-tornado,tier3,train,False,7,7,True,True,True
tuscaloosa-tornado_00000054,tuscaloosa-tornado,tier3,train,False,7,7,True,True,True
tuscaloosa-tornado_00000055,tuscaloosa-tornado,tier3,train,False,7,7,True,True,True
tuscaloosa-tornado_00000056,tuscaloosa-tornado,tier3,train,False,7,7,True,True,True
tuscaloosa-tornado_00000057,tuscaloosa-tornado,tier3,train,False,7,7,True,True,True
tuscaloosa-tornado_00000058,tuscaloosa-tornado,tier3,train,False,7,7,True,True,True
tuscaloosa-tornado_00000059,tuscaloosa-tornado,tier3,train,False,7,7,True,True,True
tuscaloosa-tornado_00000061,tuscaloosa-tornado,tier3,train,False,7,7,True,True,True
tuscaloosa-tornado_00000062,tuscaloosa-tornado,tier3,train,False,7,7,True,True,True
tuscaloosa-tornado_00000063,tuscaloosa-tornado,tier3,train,False,7,7,True,True,True
tuscaloosa-tornado_00000064,tuscaloosa-tornado,tier3,train,False,7,7,True,True,True
tuscaloosa-tornado_00000065,tuscaloosa-tornado,tier3,train,False,7,7,True,True,True
tuscaloosa-tornado_00000067,tuscaloosa-tornado,tier3,train,False,7,7,True,True,True
tuscaloosa-tornado_00000068,tuscaloosa-tornado,tier3,train,False,7,7,True,True,True
tuscaloosa-tornado_00000069,tuscaloosa-tornado,tier3,train,False,7,7,True,True,True
tuscaloosa-tornado_00000070,tuscaloosa-tornado,tier3,train,False,7,7,True,True,True
tuscaloosa-tornado_00000072,tuscaloosa-tornado,tier3,train,False,7,7,True,True,True
tuscaloosa-tornado_00000073,tuscaloosa-tornado,tier3,train,False,7,7,True,True,True
tuscaloosa-tornado_00000074,tuscaloosa-tornado,tier3,train,False,7,7,True,True,True
tuscaloosa-tornado_00000076,tuscaloosa-tornado,tier3,train,False,7,7,True,True,True
tuscaloosa-tornado_00000077,tuscaloosa-tornado,tier3,train,False,7,7,True,True,True
tuscaloosa-tornado_00000078,tuscaloosa-tornado,tier3,train,False,7,7,True,True,True
tuscaloosa-tornado_00000079,tuscaloosa-tornado,tier3,train,False,7,7,True,True,True
tuscaloosa-tornado_00000080,tuscaloosa-tornado,tier3,train,False,7,7,True,True,True
tuscaloosa-tornado_00000081,tuscaloosa-tornado,tier3,train,False,7,7,True,True,True
tuscaloosa-tornado_00000082,tuscaloosa-tornado,tier3,train,False,7,7,True,True,True
tuscaloosa-tornado_00000083,tuscaloosa-tornado,tier3,train,False,7,7,True,True,True
tuscaloosa-tornado_00000084,tuscaloosa-tornado,tier3,train,False,7,7,True,True,True
tuscaloosa-tornado_00000085,tuscaloosa-tornado,tier3,train,False,7,7,True,True,True
tuscaloosa-tornado_00000087,tuscaloosa-tornado,tier3,train,False,7,7,True,True,True
tuscaloosa-tornado_00000088,tuscaloosa-tornado,tier3,train,False,7,7,True,True,True
tuscaloosa-tornado_00000089,tuscaloosa-tornado,tier3,train,False,7,7,True,True,True
tuscaloosa-tornado_00000090,tuscaloosa-tornado,tier3,train,False,7,7,True,True,True
tuscaloosa-tornado_00000091,tuscaloosa-tornado,tier3,train,False,7,7,True,True,True
tuscaloosa-tornado_00000093,tuscaloosa-tornado,tier3,train,False,7,7,True,True,True
tuscaloosa-tornado_00000094,tuscaloosa-tornado,tier3,train,False,7,7,True,True,True
tuscaloosa-tornado_00000095,tuscaloosa-tornado,tier3,train,False,7,7,True,True,True
tuscaloosa-tornado_00000096,tuscaloosa-tornado,tier3,train,False,7,7,True,True,True
tuscaloosa-tornado_00000097,tuscaloosa-tornado,tier3,train,False,7,7,True,True,True
tuscaloosa-tornado_00000098,tuscaloosa-tornado,tier3,train,False,7,7,True,True,True
tuscaloosa-tornado_00000099,tuscaloosa-tornado,tier3,train,False,7,7,True,True,True
tuscaloosa-tornado_00000100,tuscaloosa-tornado,tier3,train,False,7,7,True,True,True
tuscaloosa-tornado_00000101,tuscaloosa-tornado,tier3,train,False,7,7,True,True,True
tuscaloosa-tornado_00000102,tuscaloosa-tornado,tier3,train,False,7,7,True,True,True
tuscaloosa-tornado_00000103,tuscaloosa-tornado,tier3,train,False,7,7,True,True,True
tuscaloosa-tornado_00000104,tuscaloosa-tornado,tier3,train,False,7,7,True,True,True
tuscaloosa-tornado_00000105,tuscaloosa-tornado,tier3,train,False,7,7,True,True,True
tuscaloosa-tornado_00000106,tuscaloosa-tornado,tier3,train,False,7,7,True,True,True
tuscaloosa-tornado_00000107,tuscaloosa-tornado,tier3,train,False,7,7,True,True,True
tuscaloosa-tornado_00000109,tuscaloosa-tornado,tier3,train,False,7,7,True,True,True
tuscaloosa-tornado_00000110,tuscaloosa-tornado,tier3,train,False,7,7,True,True,True
tuscaloosa-tornado_00000111,tuscaloosa-tornado,tier3,train,False,7,7,True,True,True
tuscaloosa-tornado_00000112,tuscaloosa-tornado,tier3,train,False,7,7,True,True,True
tuscaloosa-tornado_00000113,tuscaloosa-tornado,tier3,train,False,7,7,True,True,True
tuscaloosa-tornado_00000114,tuscaloosa-tornado,tier3,train,False,7,7,True,True,True
tuscaloosa-tornado_00000115,tuscaloosa-tornado,tier3,train,False,7,7,True,True,True
tuscaloosa-tornado_00000116,tuscaloosa-tornado,tier3,train,False,7,7,True,True,True
tuscaloosa-tornado_00000117,tuscaloosa-tornado,tier3,train,False,7,7,True,True,True
tuscaloosa-tornado_00000118,tuscaloosa-tornado,tier3,train,False,7,7,True,True,True
tuscaloosa-tornado_00000119,tuscaloosa-tornado,tier3,train,False,7,7,True,True,True
tuscaloosa-tornado_00000120,tuscaloosa-tornado,tier3,train,False,7,7,True,True,True
tuscaloosa-tornado_00000121,tuscaloosa-tornado,tier3,train,False,7,7,True,True,True
tuscaloosa-tornado_00000122,tuscaloosa-tornado,tier3,train,False,7,7,True,True,True
tuscaloosa-tornado_00000123,tuscaloosa-tornado,tier3,train,False,7,7,True,True,True
tuscaloosa-tornado_00000124,tuscaloosa-tornado,tier3,train,False,7,7,True,True,True
tuscaloosa-tornado_00000125,tuscaloosa-tornado,tier3,train,False,7,7,True,True,True
tuscaloosa-tornado_00000126,tuscaloosa-tornado,tier3,train,False,7,7,True,True,True
tuscaloosa-tornado_00000127,tuscaloosa-tornado,tier3,train,False,7,7,True,True,True
tuscaloosa-tornado_00000128,tuscaloosa-tornado,tier3,train,False,7,7,True,True,True
tuscaloosa-tornado_00000129,tuscaloosa-tornado,tier3,train,False,7,7,True,True,True
tuscaloosa-tornado_00000130,tuscaloosa-tornado,tier3,train,False,7,7,True,True,True
tuscaloosa-tornado_00000132,tuscaloosa-tornado,tier3,train,False,7,7,True,True,True
tuscaloosa-tornado_00000133,tuscaloosa-tornado,tier3,train,False,7,7,True,True,True
tuscaloosa-tornado_00000134,tuscaloosa-tornado,tier3,train,False,7,7,True,True,True
tuscaloosa-tornado_00000136,tuscaloosa-tornado,tier3,train,False,7,7,True,True,True
tuscaloosa-tornado_00000137,tuscaloosa-tornado,tier3,train,False,7,7,True,True,True
tuscaloosa-tornado_00000138,tuscaloosa-tornado,tier3,train,False,7,7,True,True,True
tuscaloosa-tornado_00000139,tuscaloosa-tornado,tier3,train,False,7,7,True,True,True
tuscaloosa-tornado_00000142,tuscaloosa-tornado,tier3,train,False,7,7,True,True,True
tuscaloosa-tornado_00000143,tuscaloosa-tornado,tier3,train,False,7,7,True,True,True
tuscaloosa-tornado_00000144,tuscaloosa-tornado,tier3,train,False,7,7,True,True,True
tuscaloosa-tornado_00000145,tuscaloosa-tornado,tier3,train,False,7,7,True,True,True
tuscaloosa-tornado_00000146,tuscaloosa-tornado,tier3,train,False,7,7,True,True,True
tuscaloosa-tornado_00000147,tuscaloosa-tornado,tier3,train,False,7,7,True,True,True
tuscaloosa-tornado_00000148,tuscaloosa-tornado,tier3,train,False,7,7,True,True,True
tuscaloosa-tornado_00000149,tuscaloosa-tornado,tier3,train,False,7,7,True,True,True
tuscaloosa-tornado_00000150,tuscaloosa-tornado,tier3,train,False,7,7,True,True,True
tuscaloosa-tornado_00000151,tuscaloosa-tornado,tier3,train,False,7,7,True,True,True
tuscaloosa-tornado_00000153,tuscaloosa-tornado,tier3,train,False,7,7,True,True,True
tuscaloosa-tornado_00000154,tuscaloosa-tornado,tier3,train,False,7,7,True,True,True
tuscaloosa-tornado_00000155,tuscaloosa-tornado,tier3,train,False,7,7,True,True,True
tuscaloosa-tornado_00000157,tuscaloosa-tornado,tier3,train,False,7,7,True,True,True
tuscaloosa-tornado_00000158,tuscaloosa-tornado,tier3,train,False,7,7,True,True,True
tuscaloosa-tornado_00000159,tuscaloosa-tornado,tier3,train,False,7,7,True,True,True
tuscaloosa-tornado_00000160,tuscaloosa-tornado,tier3,train,False,7,7,True,True,True
tuscaloosa-tornado_00000162,tuscaloosa-tornado,tier3,train,False,7,7,True,True,True
tuscaloosa-tornado_00000163,tuscaloosa-tornado,tier3,train,False,7,7,True,True,True
tuscaloosa-tornado_00000164,tuscaloosa-tornado,tier3,train,False,7,7,True,True,True
tuscaloosa-tornado_00000165,tuscaloosa-tornado,tier3,train,False,7,7,True,True,True
tuscaloosa-tornado_00000166,tuscaloosa-tornado,tier3,train,False,7,7,True,True,True
tuscaloosa-tornado_00000167,tuscaloosa-tornado,tier3,train,False,7,7,True,True,True
tuscaloosa-tornado_00000168,tuscaloosa-tornado,tier3,train,False,7,7,True,True,True
tuscaloosa-tornado_00000169,tuscaloosa-tornado,tier3,train,False,7,7,True,True,True
tuscaloosa-tornado_00000170,tuscaloosa-tornado,tier3,train,False,7,7,True,True,True
tuscaloosa-tornado_00000171,tuscaloosa-tornado,tier3,train,False,7,7,True,True,True
tuscaloosa-tornado_00000172,tuscaloosa-tornado,tier3,train,False,7,7,True,True,True
tuscaloosa-tornado_00000173,tuscaloosa-tornado,tier3,train,False,7,7,True,True,True
tuscaloosa-tornado_00000174,tuscaloosa-tornado,tier3,train,False,7,7,True,True,True
tuscaloosa-tornado_00000175,tuscaloosa-tornado,tier3,train,False,7,7,True,True,True
tuscaloosa-tornado_00000177,tuscaloosa-tornado,tier3,train,False,7,7,True,True,True
tuscaloosa-tornado_00000179,tuscaloosa-tornado,tier3,train,False,7,7,True,True,True
tuscaloosa-tornado_00000180,tuscaloosa-tornado,tier3,train,False,7,7,True,True,True
tuscaloosa-tornado_00000181,tuscaloosa-tornado,tier3,train,False,7,7,True,True,True
tuscaloosa-tornado_00000182,tuscaloosa-tornado,tier3,train,False,7,7,True,True,True
tuscaloosa-tornado_00000183,tuscaloosa-tornado,tier3,train,False,7,7,True,True,True
tuscaloosa-tornado_00000184,tuscaloosa-tornado,tier3,train,False,7,7,True,True,True
tuscaloosa-tornado_00000185,tuscaloosa-tornado,tier3,train,False,7,7,True,True,True
tuscaloosa-tornado_00000186,tuscaloosa-tornado,tier3,train,False,7,7,True,True,True
tuscaloosa-tornado_00000187,tuscaloosa-tornado,tier3,train,False,7,7,True,True,True
tuscaloosa-tornado_00000190,tuscaloosa-tornado,tier3,train,False,7,7,True,True,True
tuscaloosa-tornado_00000191,tuscaloosa-tornado,tier3,train,False,7,7,True,True,True
tuscaloosa-tornado_00000192,tuscaloosa-tornado,tier3,train,False,7,7,True,True,True
tuscaloosa-tornado_00000194,tuscaloosa-tornado,tier3,train,False,7,7,True,True,True
tuscaloosa-tornado_00000195,tuscaloosa-tornado,tier3,train,False,7,7,True,True,True
tuscaloosa-tornado_00000196,tuscaloosa-tornado,tier3,train,False,7,7,True,True,True
tuscaloosa-tornado_00000197,tuscaloosa-tornado,tier3,train,False,7,7,True,True,True
tuscaloosa-tornado_00000198,tuscaloosa-tornado,tier3,train,False,7,7,True,True,True
tuscaloosa-tornado_00000199,tuscaloosa-tornado,tier3,train,False,7,7,True,True,True
tuscaloosa-tornado_00000200,tuscaloosa-tornado,tier3,train,False,7,7,True,True,True
tuscaloosa-tornado_00000201,tuscaloosa-tornado,tier3,train,False,7,7,True,True,True
tuscaloosa-tornado_00000202,tuscaloosa-tornado,tier3,train,False,7,7,True,True,True
tuscaloosa-tornado_00000203,tuscaloosa-tornado,tier3,train,False,7,7,True,True,True
tuscaloosa-tornado_00000204,tuscaloosa-tornado,tier3,train,False,7,7,True,True,True
tuscaloosa-tornado_00000205,tuscaloosa-tornado,tier3,train,False,7,7,True,True,True
tuscaloosa-tornado_00000206,tuscaloosa-tornado,tier3,train,False,7,7,True,True,True
tuscaloosa-tornado_00000207,tuscaloosa-tornado,tier3,train,False,7,7,True,True,True
tuscaloosa-tornado_00000208,tuscaloosa-tornado,tier3,train,False,7,7,True,True,True
tuscaloosa-tornado_00000210,tuscaloosa-tornado,tier3,train,False,7,7,True,True,True
tuscaloosa-tornado_00000211,tuscaloosa-tornado,tier3,train,False,7,7,True,True,True
tuscaloosa-tornado_00000212,tuscaloosa-tornado,tier3,train,False,7,7,True,True,True
tuscaloosa-tornado_00000214,tuscaloosa-tornado,tier3,train,False,7,7,True,True,True
tuscaloosa-tornado_00000215,tuscaloosa-tornado,tier3,train,False,7,7,True,True,True
tuscaloosa-tornado_00000216,tuscaloosa-tornado,tier3,train,False,7,7,True,True,True
tuscaloosa-tornado_00000218,tuscaloosa-tornado,tier3,train,False,7,7,True,True,True
tuscaloosa-tornado_00000219,tuscaloosa-tornado,tier3,train,False,7,7,True,True,True
tuscaloosa-tornado_00000220,tuscaloosa-tornado,tier3,train,False,7,7,True,True,True
tuscaloosa-tornado_00000221,tuscaloosa-tornado,tier3,train,False,7,7,True,True,True
tuscaloosa-tornado_00000222,tuscaloosa-tornado,tier3,train,False,7,7,True,True,True
tuscaloosa-tornado_00000223,tuscaloosa-tornado,tier3,train,False,7,7,True,True,True
tuscaloosa-tornado_00000224,tuscaloosa-tornado,tier3,train,False,7,7,True,True,True
tuscaloosa-tornado_00000225,tuscaloosa-tornado,tier3,train,False,7,7,True,True,True
tuscaloosa-tornado_00000226,tuscaloosa-tornado,tier3,train,False,7,7,True,True,True
tuscaloosa-tornado_00000227,tuscaloosa-tornado,tier3,train,False,7,7,True,True,True
tuscaloosa-tornado_00000228,tuscaloosa-tornado,tier3,train,False,7,7,True,True,True
tuscaloosa-tornado_00000229,tuscaloosa-tornado,tier3,train,False,7,7,True,True,True
tuscaloosa-tornado_00000230,tuscaloosa-tornado,tier3,train,False,7,7,True,True,True
tuscaloosa-tornado_00000231,tuscaloosa-tornado,tier3,train,False,7,7,True,True,True
tuscaloosa-tornado_00000232,tuscaloosa-tornado,tier3,train,False,7,7,True,True,True
tuscaloosa-tornado_00000233,tuscaloosa-tornado,tier3,train,False,7,7,True,True,True
tuscaloosa-tornado_00000234,tuscaloosa-tornado,tier3,train,False,7,7,True,True,True
tuscaloosa-tornado_00000235,tuscaloosa-tornado,tier3,train,False,7,7,True,True,True
tuscaloosa-tornado_00000237,tuscaloosa-tornado,tier3,train,False,7,7,True,True,True
tuscaloosa-tornado_00000238,tuscaloosa-tornado,tier3,train,False,7,7,True,True,True
tuscaloosa-tornado_00000239,tuscaloosa-tornado,tier3,train,False,7,7,True,True,True
tuscaloosa-tornado_00000241,tuscaloosa-tornado,tier3,train,False,7,7,True,True,True
tuscaloosa-tornado_00000242,tuscaloosa-tornado,tier3,train,False,7,7,True,True,True
tuscaloosa-tornado_00000243,tuscaloosa-tornado,tier3,train,False,7,7,True,True,True
tuscaloosa-tornado_00000244,tuscaloosa-tornado,tier3,train,False,7,7,True,True,True
tuscaloosa-tornado_00000245,tuscaloosa-tornado,tier3,train,False,7,7,True,True,True
tuscaloosa-tornado_00000246,tuscaloosa-tornado,tier3,train,False,7,7,True,True,True
tuscaloosa-tornado_00000247,tuscaloosa-tornado,tier3,train,False,7,7,True,True,True
tuscaloosa-tornado_00000248,tuscaloosa-tornado,tier3,train,False,7,7,True,True,True
tuscaloosa-tornado_00000249,tuscaloosa-tornado,tier3,train,False,7,7,True,True,True
tuscaloosa-tornado_00000250,tuscaloosa-tornado,tier3,train,False,7,7,True,True,True
tuscaloosa-tornado_00000251,tuscaloosa-tornado,tier3,train,False,7,7,True,True,True
tuscaloosa-tornado_00000252,tuscaloosa-tornado,tier3,train,False,7,7,True,True,True
tuscaloosa-tornado_00000253,tuscaloosa-tornado,tier3,train,False,7,7,True,True,True
tuscaloosa-tornado_00000254,tuscaloosa-tornado,tier3,train,False,7,7,True,True,True
tuscaloosa-tornado_00000255,tuscaloosa-tornado,tier3,train,False,7,7,True,True,True
tuscaloosa-tornado_00000257,tuscaloosa-tornado,tier3,train,False,7,7,True,True,True
tuscaloosa-tornado_00000258,tuscaloosa-tornado,tier3,train,False,7,7,True,True,True
tuscaloosa-tornado_00000260,tuscaloosa-tornado,tier3,train,False,7,7,True,True,True
tuscaloosa-tornado_00000262,tuscaloosa-tornado,tier3,train,False,7,7,True,True,True
tuscaloosa-tornado_00000263,tuscaloosa-tornado,tier3,train,False,7,7,True,True,True
tuscaloosa-tornado_00000264,tuscaloosa-tornado,tier3,train,False,7,7,True,True,True
tuscaloosa-tornado_00000265,tuscaloosa-tornado,tier3,train,False,7,7,True,True,True
tuscaloosa-tornado_00000266,tuscaloosa-tornado,tier3,train,False,7,7,True,True,True
tuscaloosa-tornado_00000268,tuscaloosa-tornado,tier3,train,False,7,7,True,True,True
tuscaloosa-tornado_00000269,tuscaloosa-tornado,tier3,train,False,7,7,True,True,True
tuscaloosa-tornado_00000270,tuscaloosa-tornado,tier3,train,False,7,7,True,True,True
tuscaloosa-tornado_00000271,tuscaloosa-tornado,tier3,train,False,7,7,True,True,True
tuscaloosa-tornado_00000272,tuscaloosa-tornado,tier3,train,False,7,7,True,True,True
tuscaloosa-tornado_00000273,tuscaloosa-tornado,tier3,train,False,7,7,True,True,True
tuscaloosa-tornado_00000274,tuscaloosa-tornado,tier3,train,False,7,7,True,True,True
tuscaloosa-tornado_00000276,tuscaloosa-tornado,tier3,train,False,7,7,True,True,True
tuscaloosa-tornado_00000277,tuscaloosa-tornado,tier3,train,False,7,7,True,True,True
tuscaloosa-tornado_00000278,tuscaloosa-tornado,tier3,train,False,7,7,True,True,True
tuscaloosa-tornado_00000279,tuscaloosa-tornado,tier3,train,False,7,7,True,True,True
tuscaloosa-tornado_00000280,tuscaloosa-tornado,tier3,train,False,7,7,True,True,True
tuscaloosa-tornado_00000281,tuscaloosa-tornado,tier3,train,False,7,7,True,True,True
tuscaloosa-tornado_00000283,tuscaloosa-tornado,tier3,train,False,7,7,True,True,True
tuscaloosa-tornado_00000284,tuscaloosa-tornado,tier3,train,False,7,7,True,True,True
tuscaloosa-tornado_00000285,tuscaloosa-tornado,tier3,train,False,7,7,True,True,True
tuscaloosa-tornado_00000286,tuscaloosa-tornado,tier3,train,False,7,7,True,True,True
tuscaloosa-tornado_00000287,tuscaloosa-tornado,tier3,train,False,7,7,True,True,True
tuscaloosa-tornado_00000288,tuscaloosa-tornado,tier3,train,False,7,7,True,True,True
tuscaloosa-tornado_00000289,tuscaloosa-tornado,tier3,train,False,7,7,True,True,True
tuscaloosa-tornado_00000291,tuscaloosa-tornado,tier3,train,False,7,7,True,True,True
tuscaloosa-tornado_00000292,tuscaloosa-tornado,tier3,train,False,7,7,True,True,True
tuscaloosa-tornado_00000293,tuscaloosa-tornado,tier3,train,False,7,7,True,True,True
tuscaloosa-tornado_00000294,tuscaloosa-tornado,tier3,train,False,7,7,True,True,True
tuscaloosa-tornado_00000295,tuscaloosa-tornado,tier3,train,False,7,7,True,True,True
tuscaloosa-tornado_00000296,tuscaloosa-tornado,tier3,train,False,7,7,True,True,True
tuscaloosa-tornado_00000297,tuscaloosa-tornado,tier3,train,False,7,7,True,True,True
tuscaloosa-tornado_00000298,tuscaloosa-tornado,tier3,train,False,7,7,True,True,True
tuscaloosa-tornado_00000299,tuscaloosa-tornado,tier3,train,False,7,7,True,True,True
tuscaloosa-tornado_00000300,tuscaloosa-tornado,tier3,train,False,7,7,True,True,True
tuscaloosa-tornado_00000302,tuscaloosa-tornado,tier3,train,False,7,7,True,True,True
tuscaloosa-tornado_00000303,tuscaloosa-tornado,tier3,train,False,7,7,True,True,True
tuscaloosa-tornado_00000304,tuscaloosa-tornado,tier3,train,False,7,7,True,True,True
tuscaloosa-tornado_00000305,tuscaloosa-tornado,tier3,train,False,7,7,True,True,True
tuscaloosa-tornado_00000306,tuscaloosa-tornado,tier3,train,False,7,7,True,True,True
tuscaloosa-tornado_00000307,tuscaloosa-tornado,tier3,train,False,7,7,True,True,True
tuscaloosa-tornado_00000308,tuscaloosa-tornado,tier3,train,False,7,7,True,True,True
tuscaloosa-tornado_00000309,tuscaloosa-tornado,tier3,train,False,7,7,True,True,True
tuscaloosa-tornado_00000312,tuscaloosa-tornado,tier3,train,False,7,7,True,True,True
tuscaloosa-tornado_00000313,tuscaloosa-tornado,tier3,train,False,7,7,True,True,True
tuscaloosa-tornado_00000314,tuscaloosa-tornado,tier3,train,False,7,7,True,True,True
tuscaloosa-tornado_00000315,tuscaloosa-tornado,tier3,train,False,7,7,True,True,True
tuscaloosa-tornado_00000316,tuscaloosa-tornado,tier3,train,False,7,7,True,True,True
tuscaloosa-tornado_00000317,tuscaloosa-tornado,tier3,train,False,7,7,True,True,True
tuscaloosa-tornado_00000318,tuscaloosa-tornado,tier3,train,False,7,7,True,True,True
tuscaloosa-tornado_00000319,tuscaloosa-tornado,tier3,train,False,7,7,True,True,True
tuscaloosa-tornado_00000320,tuscaloosa-tornado,tier3,train,False,7,7,True,True,True
tuscaloosa-tornado_00000321,tuscaloosa-tornado,tier3,train,False,7,7,True,True,True
tuscaloosa-tornado_00000322,tuscaloosa-tornado,tier3,train,False,7,7,True,True,True
tuscaloosa-tornado_00000323,tuscaloosa-tornado,tier3,train,False,7,7,True,True,True
tuscaloosa-tornado_00000324,tuscaloosa-tornado,tier3,train,False,7,7,True,True,True
tuscaloosa-tornado_00000325,tuscaloosa-tornado,tier3,train,False,7,7,True,True,True
tuscaloosa-tornado_00000326,tuscaloosa-tornado,tier3,train,False,7,7,True,True,True
tuscaloosa-tornado_00000328,tuscaloosa-tornado,tier3,train,False,7,7,True,True,True
tuscaloosa-tornado_00000329,tuscaloosa-tornado,tier3,train,False,7,7,True,True,True
tuscaloosa-tornado_00000330,tuscaloosa-tornado,tier3,train,False,7,7,True,True,True
tuscaloosa-tornado_00000331,tuscaloosa-tornado,tier3,train,False,7,7,True,True,True
tuscaloosa-tornado_00000332,tuscaloosa-tornado,tier3,train,False,7,7,True,True,True
tuscaloosa-tornado_00000333,tuscaloosa-tornado,tier3,train,False,7,7,True,True,True
tuscaloosa-tornado_00000334,tuscaloosa-tornado,tier3,train,False,7,7,True,True,True
tuscaloosa-tornado_00000335,tuscaloosa-tornado,tier3,train,False,7,7,True,True,True
tuscaloosa-tornado_00000336,tuscaloosa-tornado,tier3,train,False,7,7,True,True,True
tuscaloosa-tornado_00000337,tuscaloosa-tornado,tier3,train,False,7,7,True,True,True
tuscaloosa-tornado_00000338,tuscaloosa-tornado,tier3,train,False,7,7,True,True,True
tuscaloosa-tornado_00000339,tuscaloosa-tornado,tier3,train,False,7,7,True,True,True
tuscaloosa-tornado_00000340,tuscaloosa-tornado,tier3,train,False,7,7,True,True,True
tuscaloosa-tornado_00000341,tuscaloosa-tornado,tier3,train,False,7,7,True,True,True
tuscaloosa-tornado_00000342,tuscaloosa-tornado,tier3,train,False,7,7,True,True,True
guatemala-volcano_00000017,guatemala-volcano,tier1,val,False,7,7,True,True,True
guatemala-volcano_00000024,guatemala-volcano,tier1,val,False,7,7,True,True,True
hurricane-florence_00000001,hurricane-florence,tier1,val,False,7,7,True,True,True
hurricane-florence_00000026,hurricane-florence,tier1,val,False,7,7,True,True,True
hurricane-florence_00000037,hurricane-florence,tier1,val,False,7,7,True,True,True
hurricane-florence_00000042,hurricane-florence,tier1,val,False,7,7,True,True,True
hurricane-florence_00000060,hurricane-florence,tier1,val,False,7,7,True,True,True
hurricane-florence_00000079,hurricane-florence,tier1,val,False,7,7,True,True,True
hurricane-florence_00000080,hurricane-florence,tier1,val,False,7,7,True,True,True
hurricane-florence_00000083,hurricane-florence,tier1,val,False,7,7,True,True,True
hurricane-florence_00000085,hurricane-florence,tier1,val,False,7,7,True,True,True
hurricane-florence_00000086,hurricane-florence,tier1,val,False,7,7,True,True,True
hurricane-florence_00000088,hurricane-florence,tier1,val,False,7,7,True,True,True
hurricane-florence_00000096,hurricane-florence,tier1,val,False,7,7,True,True,True
hurricane-florence_00000142,hurricane-florence,tier1,val,False,7,7,True,True,True
hurricane-florence_00000156,hurricane-florence,tier1,val,False,7,7,True,True,True
hurricane-florence_00000163,hurricane-florence,tier1,val,False,7,7,True,True,True
hurricane-florence_00000191,hurricane-florence,tier1,val,False,7,7,True,True,True
hurricane-florence_00000247,hurricane-florence,tier1,val,False,7,7,True,True,True
hurricane-florence_00000256,hurricane-florence,tier1,val,False,7,7,True,True,True
hurricane-florence_00000304,hurricane-florence,tier1,val,False,7,7,True,True,True
hurricane-florence_00000313,hurricane-florence,tier1,val,False,7,7,True,True,True
hurricane-florence_00000316,hurricane-florence,tier1,val,False,7,7,True,True,True
hurricane-florence_00000328,hurricane-florence,tier1,val,False,7,7,True,True,True
hurricane-florence_00000344,hurricane-florence,tier1,val,False,7,7,True,True,True
hurricane-florence_00000346,hurricane-florence,tier1,val,False,7,7,True,True,True
hurricane-florence_00000349,hurricane-florence,tier1,val,False,7,7,True,True,True
hurricane-florence_00000370,hurricane-florence,tier1,val,False,7,7,True,True,True
hurricane-florence_00000414,hurricane-florence,tier1,val,False,7,7,True,True,True
hurricane-florence_00000424,hurricane-florence,tier1,val,False,7,7,True,True,True
hurricane-florence_00000426,hurricane-florence,tier1,val,False,7,7,True,True,True
hurricane-florence_00000441,hurricane-florence,tier1,val,False,7,7,True,True,True
hurricane-florence_00000454,hurricane-florence,tier1,val,False,7,7,True,True,True
hurricane-florence_00000455,hurricane-florence,tier1,val,False,7,7,True,True,True
hurricane-florence_00000464,hurricane-florence,tier1,val,False,7,7,True,True,True
hurricane-florence_00000470,hurricane-florence,tier1,val,False,7,7,True,True,True
hurricane-florence_00000474,hurricane-florence,tier1,val,False,7,7,True,True,True
hurricane-florence_00000536,hurricane-florence,tier1,val,False,7,7,True,True,True
hurricane-harvey_00000019,hurricane-harvey,tier1,val,False,7,7,True,True,True
hurricane-harvey_00000029,hurricane-harvey,tier1,val,False,7,7,True,True,True
hurricane-harvey_00000042,hurricane-harvey,tier1,val,False,7,7,True,True,True
hurricane-harvey_00000054,hurricane-harvey,tier1,val,False,7,7,True,True,True
hurricane-harvey_00000057,hurricane-harvey,tier1,val,False,7,7,True,True,True
hurricane-harvey_00000077,hurricane-harvey,tier1,val,False,7,7,True,True,True
hurricane-harvey_00000080,hurricane-harvey,tier1,val,False,7,7,True,True,True
hurricane-harvey_00000081,hurricane-harvey,tier1,val,False,7,7,True,True,True
hurricane-harvey_00000088,hurricane-harvey,tier1,val,False,7,7,True,True,True
hurricane-harvey_00000090,hurricane-harvey,tier1,val,False,7,7,True,True,True
hurricane-harvey_00000094,hurricane-harvey,tier1,val,False,7,7,True,True,True
hurricane-harvey_00000145,hurricane-harvey,tier1,val,False,7,7,True,True,True
hurricane-harvey_00000158,hurricane-harvey,tier1,val,False,7,7,True,True,True
hurricane-harvey_00000165,hurricane-harvey,tier1,val,False,7,7,True,True,True
hurricane-harvey_00000205,hurricane-harvey,tier1,val,False,7,7,True,True,True
hurricane-harvey_00000231,hurricane-harvey,tier1,val,False,7,7,True,True,True
hurricane-harvey_00000232,hurricane-harvey,tier1,val,False,7,7,True,True,True
hurricane-harvey_00000242,hurricane-harvey,tier1,val,False,7,7,True,True,True
hurricane-harvey_00000245,hurricane-harvey,tier1,val,False,7,7,True,True,True
hurricane-harvey_00000271,hurricane-harvey,tier1,val,False,7,7,True,True,True
hurricane-harvey_00000274,hurricane-harvey,tier1,val,False,7,7,True,True,True
hurricane-harvey_00000278,hurricane-harvey,tier1,val,False,7,7,True,True,True
hurricane-harvey_00000285,hurricane-harvey,tier1,val,False,7,7,True,True,True
hurricane-harvey_00000299,hurricane-harvey,tier1,val,False,7,7,True,True,True
hurricane-harvey_00000309,hurricane-harvey,tier1,val,False,7,7,True,True,True
hurricane-harvey_00000351,hurricane-harvey,tier1,val,False,7,7,True,True,True
hurricane-harvey_00000410,hurricane-harvey,tier1,val,False,7,7,True,True,True
hurricane-harvey_00000411,hurricane-harvey,tier1,val,False,7,7,True,True,True
hurricane-harvey_00000436,hurricane-harvey,tier1,val,False,7,7,True,True,True
hurricane-harvey_00000444,hurricane-harvey,tier1,val,False,7,7,True,True,True
hurricane-harvey_00000448,hurricane-harvey,tier1,val,False,7,7,True,True,True
hurricane-harvey_00000477,hurricane-harvey,tier1,val,False,7,7,True,True,True
hurricane-harvey_00000493,hurricane-harvey,tier1,val,False,7,7,True,True,True
hurricane-harvey_00000501,hurricane-harvey,tier1,val,False,7,7,True,True,True
hurricane-harvey_00000502,hurricane-harvey,tier1,val,False,7,7,True,True,True
hurricane-harvey_00000512,hurricane-harvey,tier1,val,False,7,7,True,True,True
hurricane-matthew_00000004,hurricane-matthew,tier1,val,False,7,7,True,True,True
hurricane-matthew_00000009,hurricane-matthew,tier1,val,False,7,7,True,True,True
hurricane-matthew_00000051,hurricane-matthew,tier1,val,False,7,7,True,True,True
hurricane-matthew_00000060,hurricane-matthew,tier1,val,False,7,7,True,True,True
hurricane-matthew_00000075,hurricane-matthew,tier1,val,False,7,7,True,True,True
hurricane-matthew_00000077,hurricane-matthew,tier1,val,False,7,7,True,True,True
hurricane-matthew_00000089,hurricane-matthew,tier1,val,False,7,7,True,True,True
hurricane-matthew_00000139,hurricane-matthew,tier1,val,False,7,7,True,True,True
hurricane-matthew_00000180,hurricane-matthew,tier1,val,False,7,7,True,True,True
hurricane-matthew_00000188,hurricane-matthew,tier1,val,False,7,7,True,True,True
hurricane-matthew_00000219,hurricane-matthew,tier1,val,False,7,7,True,True,True
hurricane-matthew_00000232,hurricane-matthew,tier1,val,False,7,7,True,True,True
hurricane-matthew_00000238,hurricane-matthew,tier1,val,False,7,7,True,True,True
hurricane-matthew_00000249,hurricane-matthew,tier1,val,False,7,7,True,True,True
hurricane-matthew_00000251,hurricane-matthew,tier1,val,False,7,7,True,True,True
hurricane-matthew_00000256,hurricane-matthew,tier1,val,False,7,7,True,True,True
hurricane-matthew_00000263,hurricane-matthew,tier1,val,False,7,7,True,True,True
hurricane-matthew_00000319,hurricane-matthew,tier1,val,False,7,7,True,True,True
hurricane-matthew_00000321,hurricane-matthew,tier1,val,False,7,7,True,True,True
hurricane-matthew_00000328,hurricane-matthew,tier1,val,False,7,7,True,True,True
hurricane-matthew_00000332,hurricane-matthew,tier1,val,False,7,7,True,True,True
hurricane-matthew_00000338,hurricane-matthew,tier1,val,False,7,7,True,True,True
hurricane-matthew_00000347,hurricane-matthew,tier1,val,False,7,7,True,True,True
hurricane-matthew_00000363,hurricane-matthew,tier1,val,False,7,7,True,True,True
hurricane-matthew_00000372,hurricane-matthew,tier1,val,False,7,7,True,True,True
hurricane-matthew_00000385,hurricane-matthew,tier1,val,False,7,7,True,True,True
hurricane-michael_00000004,hurricane-michael,tier1,val,False,7,7,True,True,True
hurricane-michael_00000008,hurricane-michael,tier1,val,False,7,7,True,True,True
hurricane-michael_00000040,hurricane-michael,tier1,val,False,7,7,True,True,True
hurricane-michael_00000046,hurricane-michael,tier1,val,False,7,7,True,True,True
hurricane-michael_00000051,hurricane-michael,tier1,val,False,7,7,True,True,True
hurricane-michael_00000058,hurricane-michael,tier1,val,False,7,7,True,True,True
hurricane-michael_00000097,hurricane-michael,tier1,val,False,7,7,True,True,True
hurricane-michael_00000109,hurricane-michael,tier1,val,False,7,7,True,True,True
hurricane-michael_00000120,hurricane-michael,tier1,val,False,7,7,True,True,True
hurricane-michael_00000152,hurricane-michael,tier1,val,False,7,7,True,True,True
hurricane-michael_00000153,hurricane-michael,tier1,val,False,7,7,True,True,True
hurricane-michael_00000183,hurricane-michael,tier1,val,False,7,7,True,True,True
hurricane-michael_00000195,hurricane-michael,tier1,val,False,7,7,True,True,True
hurricane-michael_00000217,hurricane-michael,tier1,val,False,7,7,True,True,True
hurricane-michael_00000219,hurricane-michael,tier1,val,False,7,7,True,True,True
hurricane-michael_00000224,hurricane-michael,tier1,val,False,7,7,True,True,True
hurricane-michael_00000244,hurricane-michael,tier1,val,False,7,7,True,True,True
hurricane-michael_00000247,hurricane-michael,tier1,val,False,7,7,True,True,True
hurricane-michael_00000276,hurricane-michael,tier1,val,False,7,7,True,True,True
hurricane-michael_00000306,hurricane-michael,tier1,val,False,7,7,True,True,True
hurricane-michael_00000310,hurricane-michael,tier1,val,False,7,7,True,True,True
hurricane-michael_00000319,hurricane-michael,tier1,val,False,7,7,True,True,True
hurricane-michael_00000331,hurricane-michael,tier1,val,False,7,7,True,True,True
hurricane-michael_00000343,hurricane-michael,tier1,val,False,7,7,True,True,True
hurricane-michael_00000347,hurricane-michael,tier1,val,False,7,7,True,True,True
hurricane-michael_00000356,hurricane-michael,tier1,val,False,7,7,True,True,True
hurricane-michael_00000386,hurricane-michael,tier1,val,False,7,7,True,True,True
hurricane-michael_00000391,hurricane-michael,tier1,val,False,7,7,True,True,True
hurricane-michael_00000443,hurricane-michael,tier1,val,False,7,7,True,True,True
hurricane-michael_00000446,hurricane-michael,tier1,val,False,7,7,True,True,True
hurricane-michael_00000467,hurricane-michael,tier1,val,False,7,7,True,True,True
hurricane-michael_00000486,hurricane-michael,tier1,val,False,7,7,True,True,True
hurricane-michael_00000501,hurricane-michael,tier1,val,False,7,7,True,True,True
hurricane-michael_00000512,hurricane-michael,tier1,val,False,7,7,True,True,True
hurricane-michael_00000514,hurricane-michael,tier1,val,False,7,7,True,True,True
hurricane-michael_00000535,hurricane-michael,tier1,val,False,7,7,True,True,True
hurricane-michael_00000540,hurricane-michael,tier1,val,False,7,7,True,True,True
hurricane-michael_00000549,hurricane-michael,tier1,val,False,7,7,True,True,True
joplin-tornado_00000004,joplin-tornado,tier3,val,False,7,7,True,True,True
joplin-tornado_00000019,joplin-tornado,tier3,val,False,7,7,True,True,True
joplin-tornado_00000023,joplin-tornado,tier3,val,False,7,7,True,True,True
joplin-tornado_00000036,joplin-tornado,tier3,val,False,7,7,True,True,True
joplin-tornado_00000052,joplin-tornado,tier3,val,False,7,7,True,True,True
joplin-tornado_00000058,joplin-tornado,tier3,val,False,7,7,True,True,True
joplin-tornado_00000080,joplin-tornado,tier3,val,False,7,7,True,True,True
joplin-tornado_00000085,joplin-tornado,tier3,val,False,7,7,True,True,True
joplin-tornado_00000098,joplin-tornado,tier3,val,False,7,7,True,True,True
joplin-tornado_00000107,joplin-tornado,tier3,val,False,7,7,True,True,True
joplin-tornado_00000113,joplin-tornado,tier3,val,False,7,7,True,True,True
joplin-tornado_00000118,joplin-tornado,tier3,val,False,7,7,True,True,True
joplin-tornado_00000119,joplin-tornado,tier3,val,False,7,7,True,True,True
joplin-tornado_00000127,joplin-tornado,tier3,val,False,7,7,True,True,True
joplin-tornado_00000129,joplin-tornado,tier3,val,False,7,7,True,True,True
joplin-tornado_00000136,joplin-tornado,tier3,val,False,7,7,True,True,True
joplin-tornado_00000139,joplin-tornado,tier3,val,False,7,7,True,True,True
lower-puna-volcano_00000003,lower-puna-volcano,tier3,val,False,7,7,True,True,True
lower-puna-volcano_00000006,lower-puna-volcano,tier3,val,False,7,7,True,True,True
lower-puna-volcano_00000013,lower-puna-volcano,tier3,val,False,7,7,True,True,True
lower-puna-volcano_00000014,lower-puna-volcano,tier3,val,False,7,7,True,True,True
lower-puna-volcano_00000015,lower-puna-volcano,tier3,val,False,7,7,True,True,True
lower-puna-volcano_00000038,lower-puna-volcano,tier3,val,False,7,7,True,True,True
lower-puna-volcano_00000046,lower-puna-volcano,tier3,val,False,7,7,True,True,True
lower-puna-volcano_00000081,lower-puna-volcano,tier3,val,False,7,7,True,True,True
lower-puna-volcano_00000085,lower-puna-volcano,tier3,val,False,7,7,True,True,True
lower-puna-volcano_00000097,lower-puna-volcano,tier3,val,False,7,7,True,True,True
lower-puna-volcano_00000102,lower-puna-volcano,tier3,val,False,7,7,True,True,True
lower-puna-volcano_00000107,lower-puna-volcano,tier3,val,False,7,7,True,True,True
lower-puna-volcano_00000116,lower-puna-volcano,tier3,val,False,7,7,True,True,True
lower-puna-volcano_00000130,lower-puna-volcano,tier3,val,False,7,7,True,True,True
lower-puna-volcano_00000136,lower-puna-volcano,tier3,val,False,7,7,True,True,True
lower-puna-volcano_00000151,lower-puna-volcano,tier3,val,False,7,7,True,True,True
lower-puna-volcano_00000158,lower-puna-volcano,tier3,val,False,7,7,True,True,True
lower-puna-volcano_00000160,lower-puna-volcano,tier3,val,False,7,7,True,True,True
lower-puna-volcano_00000170,lower-puna-volcano,tier3,val,False,7,7,True,True,True
lower-puna-volcano_00000175,lower-puna-volcano,tier3,val,False,7,7,True,True,True
lower-puna-volcano_00000182,lower-puna-volcano,tier3,val,False,7,7,True,True,True
lower-puna-volcano_00000187,lower-puna-volcano,tier3,val,False,7,7,True,True,True
lower-puna-volcano_00000198,lower-puna-volcano,tier3,val,False,7,7,True,True,True
lower-puna-volcano_00000209,lower-puna-volcano,tier3,val,False,7,7,True,True,True
lower-puna-volcano_00000214,lower-puna-volcano,tier3,val,False,7,7,True,True,True
lower-puna-volcano_00000222,lower-puna-volcano,tier3,val,False,7,7,True,True,True
lower-puna-volcano_00000249,lower-puna-volcano,tier3,val,False,7,7,True,True,True
lower-puna-volcano_00000265,lower-puna-volcano,tier3,val,False,7,7,True,True,True
lower-puna-volcano_00000269,lower-puna-volcano,tier3,val,False,7,7,True,True,True
lower-puna-volcano_00000272,lower-puna-volcano,tier3,val,False,7,7,True,True,True
lower-puna-volcano_00000281,lower-puna-volcano,tier3,val,False,7,7,True,True,True
lower-puna-volcano_00000287,lower-puna-volcano,tier3,val,False,7,7,True,True,True
mexico-earthquake_00000007,mexico-earthquake,tier1,val,False,7,7,True,True,True
mexico-earthquake_00000027,mexico-earthquake,tier1,val,False,7,7,True,True,True
mexico-earthquake_00000030,mexico-earthquake,tier1,val,False,7,7,True,True,True
mexico-earthquake_00000070,mexico-earthquake,tier1,val,False,7,7,True,True,True
mexico-earthquake_00000085,mexico-earthquake,tier1,val,False,7,7,True,True,True
mexico-earthquake_00000086,mexico-earthquake,tier1,val,False,7,7,True,True,True
mexico-earthquake_00000088,mexico-earthquake,tier1,val,False,7,7,True,True,True
mexico-earthquake_00000104,mexico-earthquake,tier1,val,False,7,7,True,True,True
mexico-earthquake_00000120,mexico-earthquake,tier1,val,False,7,7,True,True,True
mexico-earthquake_00000127,mexico-earthquake,tier1,val,False,7,7,True,True,True
mexico-earthquake_00000142,mexico-earthquake,tier1,val,False,7,7,True,True,True
mexico-earthquake_00000143,mexico-earthquake,tier1,val,False,7,7,True,True,True
mexico-earthquake_00000154,mexico-earthquake,tier1,val,False,7,7,True,True,True
midwest-flooding_00000003,midwest-flooding,tier1,val,False,7,7,True,True,True
midwest-flooding_00000012,midwest-flooding,tier1,val,False,7,7,True,True,True
midwest-flooding_00000018,midwest-flooding,tier1,val,False,7,7,True,True,True
midwest-flooding_00000021,midwest-flooding,tier1,val,False,7,7,True,True,True
midwest-flooding_00000023,midwest-flooding,tier1,val,False,7,7,True,True,True
midwest-flooding_00000032,midwest-flooding,tier1,val,False,7,7,True,True,True
midwest-flooding_00000036,midwest-flooding,tier1,val,False,7,7,True,True,True
midwest-flooding_00000064,midwest-flooding,tier1,val,False,7,7,True,True,True
midwest-flooding_00000068,midwest-flooding,tier1,val,False,7,7,True,True,True
midwest-flooding_00000082,midwest-flooding,tier1,val,False,7,7,True,True,True
midwest-flooding_00000114,midwest-flooding,tier1,val,False,7,7,True,True,True
midwest-flooding_00000131,midwest-flooding,tier1,val,False,7,7,True,True,True
midwest-flooding_00000139,midwest-flooding,tier1,val,False,7,7,True,True,True
midwest-flooding_00000166,midwest-flooding,tier1,val,False,7,7,True,True,True
midwest-flooding_00000172,midwest-flooding,tier1,val,False,7,7,True,True,True
midwest-flooding_00000191,midwest-flooding,tier1,val,False,7,7,True,True,True
midwest-flooding_00000193,midwest-flooding,tier1,val,False,7,7,True,True,True
midwest-flooding_00000199,midwest-flooding,tier1,val,False,7,7,True,True,True
midwest-flooding_00000217,midwest-flooding,tier1,val,False,7,7,True,True,True
midwest-flooding_00000225,midwest-flooding,tier1,val,False,7,7,True,True,True
midwest-flooding_00000273,midwest-flooding,tier1,val,False,7,7,True,True,True
midwest-flooding_00000290,midwest-flooding,tier1,val,False,7,7,True,True,True
midwest-flooding_00000326,midwest-flooding,tier1,val,False,7,7,True,True,True
midwest-flooding_00000331,midwest-flooding,tier1,val,False,7,7,True,True,True
midwest-flooding_00000356,midwest-flooding,tier1,val,False,7,7,True,True,True
midwest-flooding_00000391,midwest-flooding,tier1,val,False,7,7,True,True,True
midwest-flooding_00000400,midwest-flooding,tier1,val,False,7,7,True,True,True
midwest-flooding_00000408,midwest-flooding,tier1,val,False,7,7,True,True,True
midwest-flooding_00000416,midwest-flooding,tier1,val,False,7,7,True,True,True
midwest-flooding_00000418,midwest-flooding,tier1,val,False,7,7,True,True,True
midwest-flooding_00000427,midwest-flooding,tier1,val,False,7,7,True,True,True
moore-tornado_00000002,moore-tornado,tier3,val,False,7,7,True,True,True
moore-tornado_00000008,moore-tornado,tier3,val,False,7,7,True,True,True
moore-tornado_00000010,moore-tornado,tier3,val,False,7,7,True,True,True
moore-tornado_00000025,moore-tornado,tier3,val,False,7,7,True,True,True
moore-tornado_00000034,moore-tornado,tier3,val,False,7,7,True,True,True
moore-tornado_00000047,moore-tornado,tier3,val,False,7,7,True,True,True
moore-tornado_00000048,moore-tornado,tier3,val,False,7,7,True,True,True
moore-tornado_00000071,moore-tornado,tier3,val,False,7,7,True,True,True
moore-tornado_00000073,moore-tornado,tier3,val,False,7,7,True,True,True
moore-tornado_00000084,moore-tornado,tier3,val,False,7,7,True,True,True
moore-tornado_00000098,moore-tornado,tier3,val,False,7,7,True,True,True
moore-tornado_00000101,moore-tornado,tier3,val,False,7,7,True,True,True
moore-tornado_00000109,moore-tornado,tier3,val,False,7,7,True,True,True
moore-tornado_00000116,moore-tornado,tier3,val,False,7,7,True,True,True
moore-tornado_00000155,moore-tornado,tier3,val,False,7,7,True,True,True
moore-tornado_00000160,moore-tornado,tier3,val,False,7,7,True,True,True
moore-tornado_00000171,moore-tornado,tier3,val,False,7,7,True,True,True
moore-tornado_00000173,moore-tornado,tier3,val,False,7,7,True,True,True
moore-tornado_00000193,moore-tornado,tier3,val,False,7,7,True,True,True
moore-tornado_00000197,moore-tornado,tier3,val,False,7,7,True,True,True
moore-tornado_00000199,moore-tornado,tier3,val,False,7,7,True,True,True
moore-tornado_00000205,moore-tornado,tier3,val,False,7,7,True,True,True
moore-tornado_00000213,moore-tornado,tier3,val,False,7,7,True,True,True
moore-tornado_00000217,moore-tornado,tier3,val,False,7,7,True,True,True
moore-tornado_00000223,moore-tornado,tier3,val,False,7,7,True,True,True
nepal-flooding_00000006,nepal-flooding,tier3,val,False,7,7,True,True,True
nepal-flooding_00000011,nepal-flooding,tier3,val,False,7,7,True,True,True
nepal-flooding_00000024,nepal-flooding,tier3,val,False,7,7,True,True,True
nepal-flooding_00000041,nepal-flooding,tier3,val,False,7,7,True,True,True
nepal-flooding_00000066,nepal-flooding,tier3,val,False,7,7,True,True,True
nepal-flooding_00000072,nepal-flooding,tier3,val,False,7,7,True,True,True
nepal-flooding_00000083,nepal-flooding,tier3,val,False,7,7,True,True,True
nepal-flooding_00000094,nepal-flooding,tier3,val,False,7,7,True,True,True
nepal-flooding_00000100,nepal-flooding,tier3,val,False,7,7,True,True,True
nepal-flooding_00000103,nepal-flooding,tier3,val,False,7,7,True,True,True
nepal-flooding_00000109,nepal-flooding,tier3,val,False,7,7,True,True,True
nepal-flooding_00000113,nepal-flooding,tier3,val,False,7,7,True,True,True
nepal-flooding_00000116,nepal-flooding,tier3,val,False,7,7,True,True,True
nepal-flooding_00000129,nepal-flooding,tier3,val,False,7,7,True,True,True
nepal-flooding_00000133,nepal-flooding,tier3,val,False,7,7,True,True,True
nepal-flooding_00000142,nepal-flooding,tier3,val,False,7,7,True,True,True
nepal-flooding_00000148,nepal-flooding,tier3,val,False,7,7,True,True,True
nepal-flooding_00000157,nepal-flooding,tier3,val,False,7,7,True,True,True
nepal-flooding_00000160,nepal-flooding,tier3,val,False,7,7,True,True,True
nepal-flooding_00000163,nepal-flooding,tier3,val,False,7,7,True,True,True
nepal-flooding_00000179,nepal-flooding,tier3,val,False,7,7,True,True,True
nepal-flooding_00000195,nepal-flooding,tier3,val,False,7,7,True,True,True
nepal-flooding_00000205,nepal-flooding,tier3,val,False,7,7,True,True,True
nepal-flooding_00000215,nepal-flooding,tier3,val,False,7,7,True,True,True
nepal-flooding_00000237,nepal-flooding,tier3,val,False,7,7,True,True,True
nepal-flooding_00000238,nepal-flooding,tier3,val,False,7,7,True,True,True
nepal-flooding_00000243,nepal-flooding,tier3,val,False,7,7,True,True,True
nepal-flooding_00000247,nepal-flooding,tier3,val,False,7,7,True,True,True
nepal-flooding_00000252,nepal-flooding,tier3,val,False,7,7,True,True,True
nepal-flooding_00000261,nepal-flooding,tier3,val,False,7,7,True,True,True
nepal-flooding_00000265,nepal-flooding,tier3,val,False,7,7,True,True,True
nepal-flooding_00000278,nepal-flooding,tier3,val,False,7,7,True,True,True
nepal-flooding_00000285,nepal-flooding,tier3,val,False,7,7,True,True,True
nepal-flooding_00000288,nepal-flooding,tier3,val,False,7,7,True,True,True
nepal-flooding_00000310,nepal-flooding,tier3,val,False,7,7,True,True,True
nepal-flooding_00000315,nepal-flooding,tier3,val,False,7,7,True,True,True
nepal-flooding_00000320,nepal-flooding,tier3,val,False,7,7,True,True,True
nepal-flooding_00000335,nepal-flooding,tier3,val,False,7,7,True,True,True
nepal-flooding_00000340,nepal-flooding,tier3,val,False,7,7,True,True,True
nepal-flooding_00000341,nepal-flooding,tier3,val,False,7,7,True,True,True
nepal-flooding_00000347,nepal-flooding,tier3,val,False,7,7,True,True,True
nepal-flooding_00000360,nepal-flooding,tier3,val,False,7,7,True,True,True
nepal-flooding_00000363,nepal-flooding,tier3,val,False,7,7,True,True,True
nepal-flooding_00000380,nepal-flooding,tier3,val,False,7,7,True,True,True
nepal-flooding_00000398,nepal-flooding,tier3,val,False,7,7,True,True,True
nepal-flooding_00000404,nepal-flooding,tier3,val,False,7,7,True,True,True
nepal-flooding_00000405,nepal-flooding,tier3,val,False,7,7,True,True,True
nepal-flooding_00000406,nepal-flooding,tier3,val,False,7,7,True,True,True
nepal-flooding_00000418,nepal-flooding,tier3,val,False,7,7,True,True,True
nepal-flooding_00000428,nepal-flooding,tier3,val,False,7,7,True,True,True
nepal-flooding_00000435,nepal-flooding,tier3,val,False,7,7,True,True,True
nepal-flooding_00000448,nepal-flooding,tier3,val,False,7,7,True,True,True
nepal-flooding_00000455,nepal-flooding,tier3,val,False,7,7,True,True,True
nepal-flooding_00000459,nepal-flooding,tier3,val,False,7,7,True,True,True
nepal-flooding_00000461,nepal-flooding,tier3,val,False,7,7,True,True,True
nepal-flooding_00000465,nepal-flooding,tier3,val,False,7,7,True,True,True
nepal-flooding_00000480,nepal-flooding,tier3,val,False,7,7,True,True,True
nepal-flooding_00000482,nepal-flooding,tier3,val,False,7,7,True,True,True
nepal-flooding_00000489,nepal-flooding,tier3,val,False,7,7,True,True,True
nepal-flooding_00000499,nepal-flooding,tier3,val,False,7,7,True,True,True
nepal-flooding_00000508,nepal-flooding,tier3,val,False,7,7,True,True,True
nepal-flooding_00000516,nepal-flooding,tier3,val,False,7,7,True,True,True
nepal-flooding_00000525,nepal-flooding,tier3,val,False,7,7,True,True,True
nepal-flooding_00000536,nepal-flooding,tier3,val,False,7,7,True,True,True
nepal-flooding_00000549,nepal-flooding,tier3,val,False,7,7,True,True,True
nepal-flooding_00000560,nepal-flooding,tier3,val,False,7,7,True,True,True
nepal-flooding_00000577,nepal-flooding,tier3,val,False,7,7,True,True,True
nepal-flooding_00000592,nepal-flooding,tier3,val,False,7,7,True,True,True
nepal-flooding_00000608,nepal-flooding,tier3,val,False,7,7,True,True,True
palu-tsunami_00000002,palu-tsunami,tier1,val,False,7,7,True,True,True
palu-tsunami_00000023,palu-tsunami,tier1,val,False,7,7,True,True,True
palu-tsunami_00000045,palu-tsunami,tier1,val,False,7,7,True,True,True
palu-tsunami_00000047,palu-tsunami,tier1,val,False,7,7,True,True,True
palu-tsunami_00000048,palu-tsunami,tier1,val,False,7,7,True,True,True
palu-tsunami_00000049,palu-tsunami,tier1,val,False,7,7,True,True,True
palu-tsunami_00000067,palu-tsunami,tier1,val,False,7,7,True,True,True
palu-tsunami_00000099,palu-tsunami,tier1,val,False,7,7,True,True,True
palu-tsunami_00000106,palu-tsunami,tier1,val,False,7,7,True,True,True
palu-tsunami_00000109,palu-tsunami,tier1,val,False,7,7,True,True,True
palu-tsunami_00000119,palu-tsunami,tier1,val,False,7,7,True,True,True
palu-tsunami_00000155,palu-tsunami,tier1,val,False,7,7,True,True,True
palu-tsunami_00000178,palu-tsunami,tier1,val,False,7,7,True,True,True
sunda-tsunami_00000014,sunda-tsunami,tier3,val,False,7,7,True,True,True
sunda-tsunami_00000016,sunda-tsunami,tier3,val,False,7,7,True,True,True
sunda-tsunami_00000020,sunda-tsunami,tier3,val,False,7,7,True,True,True
sunda-tsunami_00000022,sunda-tsunami,tier3,val,False,7,7,True,True,True
sunda-tsunami_00000032,sunda-tsunami,tier3,val,False,7,7,True,True,True
sunda-tsunami_00000033,sunda-tsunami,tier3,val,False,7,7,True,True,True
sunda-tsunami_00000040,sunda-tsunami,tier3,val,False,7,7,True,True,True
sunda-tsunami_00000050,sunda-tsunami,tier3,val,False,7,7,True,True,True
sunda-tsunami_00000057,sunda-tsunami,tier3,val,False,7,7,True,True,True
sunda-tsunami_00000068,sunda-tsunami,tier3,val,False,7,7,True,True,True
sunda-tsunami_00000074,sunda-tsunami,tier3,val,False,7,7,True,True,True
sunda-tsunami_00000081,sunda-tsunami,tier3,val,False,7,7,True,True,True
sunda-tsunami_00000090,sunda-tsunami,tier3,val,False,7,7,True,True,True
sunda-tsunami_00000093,sunda-tsunami,tier3,val,False,7,7,True,True,True
sunda-tsunami_00000107,sunda-tsunami,tier3,val,False,7,7,True,True,True
sunda-tsunami_00000127,sunda-tsunami,tier3,val,False,7,7,True,True,True
tuscaloosa-tornado_00000027,tuscaloosa-tornado,tier3,val,False,7,7,True,True,True
tuscaloosa-tornado_00000037,tuscaloosa-tornado,tier3,val,False,7,7,True,True,True
tuscaloosa-tornado_00000048,tuscaloosa-tornado,tier3,val,False,7,7,True,True,True
tuscaloosa-tornado_00000060,tuscaloosa-tornado,tier3,val,False,7,7,True,True,True
tuscaloosa-tornado_00000066,tuscaloosa-tornado,tier3,val,False,7,7,True,True,True
tuscaloosa-tornado_00000071,tuscaloosa-tornado,tier3,val,False,7,7,True,True,True
tuscaloosa-tornado_00000075,tuscaloosa-tornado,tier3,val,False,7,7,True,True,True
tuscaloosa-tornado_00000086,tuscaloosa-tornado,tier3,val,False,7,7,True,True,True
tuscaloosa-tornado_00000092,tuscaloosa-tornado,tier3,val,False,7,7,True,True,True
tuscaloosa-tornado_00000108,tuscaloosa-tornado,tier3,val,False,7,7,True,True,True
tuscaloosa-tornado_00000131,tuscaloosa-tornado,tier3,val,False,7,7,True,True,True
tuscaloosa-tornado_00000135,tuscaloosa-tornado,tier3,val,False,7,7,True,True,True
tuscaloosa-tornado_00000140,tuscaloosa-tornado,tier3,val,False,7,7,True,True,True
tuscaloosa-tornado_00000141,tuscaloosa-tornado,tier3,val,False,7,7,True,True,True
tuscaloosa-tornado_00000152,tuscaloosa-tornado,tier3,val,False,7,7,True,True,True
tuscaloosa-tornado_00000156,tuscaloosa-tornado,tier3,val,False,7,7,True,True,True
tuscaloosa-tornado_00000161,tuscaloosa-tornado,tier3,val,False,7,7,True,True,True
tuscaloosa-tornado_00000176,tuscaloosa-tornado,tier3,val,False,7,7,True,True,True
tuscaloosa-tornado_00000178,tuscaloosa-tornado,tier3,val,False,7,7,True,True,True
tuscaloosa-tornado_00000188,tuscaloosa-tornado,tier3,val,False,7,7,True,True,True
tuscaloosa-tornado_00000189,tuscaloosa-tornado,tier3,val,False,7,7,True,True,True
tuscaloosa-tornado_00000193,tuscaloosa-tornado,tier3,val,False,7,7,True,True,True
tuscaloosa-tornado_00000209,tuscaloosa-tornado,tier3,val,False,7,7,True,True,True
tuscaloosa-tornado_00000213,tuscaloosa-tornado,tier3,val,False,7,7,True,True,True
tuscaloosa-tornado_00000217,tuscaloosa-tornado,tier3,val,False,7,7,True,True,True
tuscaloosa-tornado_00000236,tuscaloosa-tornado,tier3,val,False,7,7,True,True,True
tuscaloosa-tornado_00000240,tuscaloosa-tornado,tier3,val,False,7,7,True,True,True
tuscaloosa-tornado_00000256,tuscaloosa-tornado,tier3,val,False,7,7,True,True,True
tuscaloosa-tornado_00000259,tuscaloosa-tornado,tier3,val,False,7,7,True,True,True
tuscaloosa-tornado_00000261,tuscaloosa-tornado,tier3,val,False,7,7,True,True,True
tuscaloosa-tornado_00000267,tuscaloosa-tornado,tier3,val,False,7,7,True,True,True
tuscaloosa-tornado_00000275,tuscaloosa-tornado,tier3,val,False,7,7,True,True,True
tuscaloosa-tornado_00000282,tuscaloosa-tornado,tier3,val,False,7,7,True,True,True
tuscaloosa-tornado_00000290,tuscaloosa-tornado,tier3,val,False,7,7,True,True,True
tuscaloosa-tornado_00000301,tuscaloosa-tornado,tier3,val,False,7,7,True,True,True
tuscaloosa-tornado_00000310,tuscaloosa-tornado,tier3,val,False,7,7,True,True,True
tuscaloosa-tornado_00000311,tuscaloosa-tornado,tier3,val,False,7,7,True,True,True
tuscaloosa-tornado_00000327,tuscaloosa-tornado,tier3,val,False,7,7,True,True,True
