scene_id,disaster,origin,split,n_usable,img_pre,img_post,lab_post
guatemala-volcano_00000004,guatemala-volcano,hold,test_id,20,D:\UNI\DLSS\satellite-disaster-damage-mapping\data_same\xbd\hold\images\guatemala-volcano_00000004_pre_disaster.png,D:\UNI\DLSS\satellite-disaster-damage-mapping\data_same\xbd\hold\images\guatemala-volcano_00000004_post_disaster.png,D:\UNI\DLSS\satellite-disaster-damage-mapping\data_same\xbd\hold\labels\guatemala-volcano_00000004_post_disaster.json
guatemala-volcano_00000012,guatemala-volcano,hold,test_id,30,D:\UNI\DLSS\satellite-disaster-damage-mapping\data_same\xbd\hold\images\guatemala-volcano_00000012_pre_disaster.png,D:\UNI\DLSS\satellite-disaster-damage-mapping\data_same\xbd\hold\images\guatemala-volcano_00000012_post_disaster.png,D:\UNI\DLSS\satellite-disaster-damage-mapping\data_same\xbd\hold\labels\guatemala-volcano_00000012_post_disaster.json
hurricane-florence_00000007,hurricane-florence,test,test_id,15,D:\UNI\DLSS\satellite-disaster-damage-mapping\data_same\xbd\test\images\hurricane-florence_00000007_pre_disaster.png,D:\UNI\DLSS\satellite-disaster-damage-mapping\data_same\xbd\test\images\hurricane-florence_00000007_post_disaster.png,D:\UNI\DLSS\satellite-disaster-damage-mapping\data_same\xbd\test\labels\hurricane-florence_00000007_post_disaster.json
hurricane-florence_00000019,hurricane-florence,test,test_id,154,D:\UNI\DLSS\satellite-disaster-damage-mapping\data_same\xbd\test\images\hurricane-florence_00000019_pre_disaster.png,D:\UNI\DLSS\satellite-disaster-damage-mapping\data_same\xbd\test\images\hurricane-florence_00000019_post_disaster.png,D:\UNI\DLSS\satellite-disaster-damage-mapping\data_same\xbd\test\labels\hurricane-florence_00000019_post_disaster.json
hurricane-florence_00000033,hurricane-florence,hold,test_id,120,D:\UNI\DLSS\satellite-disaster-damage-mapping\data_same\xbd\hold\images\hurricane-florence_00000033_pre_disaster.png,D:\UNI\DLSS\satellite-disaster-damage-mapping\data_same\xbd\hold\images\hurricane-florence_00000033_post_disaster.png,D:\UNI\DLSS\satellite-disaster-damage-mapping\data_same\xbd\hold\labels\hurricane-florence_00000033_post_disaster.json
hurricane-florence_00000034,hurricane-florence,hold,test_id,21,D:\UNI\DLSS\satellite-disaster-damage-mapping\data_same\xbd\hold\images\hurricane-florence_00000034_pre_disaster.png,D:\UNI\DLSS\satellite-disaster-damage-mapping\data_same\xbd\hold\images\hurricane-florence_00000034_post_disaster.png,D:\UNI\DLSS\satellite-disaster-damage-mapping\data_same\xbd\hold\labels\hurricane-florence_00000034_post_disaster.json
hurricane-florence_00000040,hurricane-florence,hold,test_id,7,D:\UNI\DLSS\satellite-disaster-damage-mapping\data_same\xbd\hold\images\hurricane-florence_00000040_pre_disaster.png,D:\UNI\DLSS\satellite-disaster-damage-mapping\data_same\xbd\hold\images\hurricane-florence_00000040_post_disaster.png,D:\UNI\DLSS\satellite-disaster-damage-mapping\data_same\xbd\hold\labels\hurricane-florence_00000040_post_disaster.json
hurricane-florence_00000041,hurricane-florence,hold,test_id,7,D:\UNI\DLSS\satellite-disaster-damage-mapping\data_same\xbd\hold\images\hurricane-florence_00000041_pre_disaster.png,D:\UNI\DLSS\satellite-disaster-damage-mapping\data_same\xbd\hold\images\hurricane-florence_00000041_post_disaster.png,D:\UNI\DLSS\satellite-disaster-damage-mapping\data_same\xbd\hold\labels\hurricane-florence_00000041_post_disaster.json
hurricane-florence_00000047,hurricane-florence,hold,test_id,19,D:\UNI\DLSS\satellite-disaster-damage-mapping\data_same\xbd\hold\images\hurricane-florence_00000047_pre_disaster.png,D:\UNI\DLSS\satellite-disaster-damage-mapping\data_same\xbd\hold\images\hurricane-florence_00000047_post_disaster.png,D:\UNI\DLSS\satellite-disaster-damage-mapping\data_same\xbd\hold\labels\hurricane-florence_00000047_post_disaster.json
hurricane-florence_00000050,hurricane-florence,hold,test_id,8,D:\UNI\DLSS\satellite-disaster-damage-mapping\data_same\xbd\hold\images\hurricane-florence_00000050_pre_disaster.png,D:\UNI\DLSS\satellite-disaster-damage-mapping\data_same\xbd\hold\images\hurricane-florence_00000050_post_disaster.png,D:\UNI\DLSS\satellite-disaster-damage-mapping\data_same\xbd\hold\labels\hurricane-florence_00000050_post_disaster.json
hurricane-florence_00000077,hurricane-florence,test,test_id,32,D:\UNI\DLSS\satellite-disaster-damage-mapping\data_same\xbd\test\images\hurricane-florence_00000077_pre_disaster.png,D:\UNI\DLSS\satellite-disaster-damage-mapping\data_same\xbd\test\images\hurricane-florence_00000077_post_disaster.png,D:\UNI\DLSS\satellite-disaster-damage-mapping\data_same\xbd\test\labels\hurricane-florence_00000077_post_disaster.json
hurricane-florence_00000087,hurricane-florence,test,test_id,58,D:\UNI\DLSS\satellite-disaster-damage-mapping\data_same\xbd\test\images\hurricane-florence_00000087_pre_disaster.png,D:\UNI\DLSS\satellite-disaster-damage-mapping\data_same\xbd\test\images\hurricane-florence_00000087_post_disaster.png,D:\UNI\DLSS\satellite-disaster-damage-mapping\data_same\xbd\test\labels\hurricane-florence_00000087_post_disaster.json
hurricane-florence_00000090,hurricane-florence,hold,test_id,5,D:\UNI\DLSS\satellite-disaster-damage-mapping\data_same\xbd\hold\images\hurricane-florence_00000090_pre_disaster.png,D:\UNI\DLSS\satellite-disaster-damage-mapping\data_same\xbd\hold\images\hurricane-florence_00000090_post_disaster.png,D:\UNI\DLSS\satellite-disaster-damage-mapping\data_same\xbd\hold\labels\hurricane-florence_00000090_post_disaster.json
hurricane-florence_00000097,hurricane-florence,hold,test_id,17,D:\UNI\DLSS\satellite-disaster-damage-mapping\data_same\xbd\hold\images\hurricane-florence_00000097_pre_disaster.png,D:\UNI\DLSS\satellite-disaster-damage-mapping\data_same\xbd\hold\images\hurricane-florence_00000097_post_disaster.png,D:\UNI\DLSS\satellite-disaster-damage-mapping\data_same\xbd\hold\labels\hurricane-florence_00000097_post_disaster.json
hurricane-florence_00000107,hurricane-florence,hold,test_id,8,D:\UNI\DLSS\satellite-disaster-damage-mapping\data_same\xbd\hold\images\hurricane-florence_00000107_pre_disaster.png,D:\UNI\DLSS\satellite-disaster-damage-mapping\data_same\xbd\hold\images\hurricane-florence_00000107_post_disaster.png,D:\UNI\DLSS\satellite-disaster-damage-mapping\data_same\xbd\hold\labels\hurricane-florence_00000107_post_disaster.json
hurricane-florence_00000109,hurricane-florence,hold,test_id,9,D:\UNI\DLSS\satellite-disaster-damage-mapping\data_same\xbd\hold\images\hurricane-florence_00000109_pre_disaster.png,D:\UNI\DLSS\satellite-disaster-damage-mapping\data_same\xbd\hold\images\hurricane-florence_00000109_post_disaster.png,D:\UNI\DLSS\satellite-disaster-damage-mapping\data_same\xbd\hold\labels\hurricane-florence_00000109_post_disaster.json
hurricane-florence_00000134,hurricane-florence,hold,test_id,5,D:\UNI\DLSS\satellite-disaster-damage-mapping\data_same\xbd\hold\images\hurricane-florence_00000134_pre_disaster.png,D:\UNI\DLSS\satellite-disaster-damage-mapping\data_same\xbd\hold\images\hurricane-florence_00000134_post_disaster.png,D:\UNI\DLSS\satellite-disaster-damage-mapping\data_same\xbd\hold\labels\hurricane-florence_00000134_post_disaster.json
hurricane-florence_00000155,hurricane-florence,hold,test_id,12,D:\UNI\DLSS\satellite-disaster-damage-mapping\data_same\xbd\hold\images\hurricane-florence_00000155_pre_disaster.png,D:\UNI\DLSS\satellite-disaster-damage-mapping\data_same\xbd\hold\images\hurricane-florence_00000155_post_disaster.png,D:\UNI\DLSS\satellite-disaster-damage-mapping\data_same\xbd\hold\labels\hurricane-florence_00000155_post_disaster.json
hurricane-florence_00000162,hurricane-florence,hold,test_id,7,D:\UNI\DLSS\satellite-disaster-damage-mapping\data_same\xbd\hold\images\hurricane-florence_00000162_pre_disaster.png,D:\UNI\DLSS\satellite-disaster-damage-mapping\data_same\xbd\hold\images\hurricane-florence_00000162_post_disaster.png,D:\UNI\DLSS\satellite-disaster-damage-mapping\data_same\xbd\hold\labels\hurricane-florence_00000162_post_disaster.json
hurricane-florence_00000176,hurricane-florence,test,test_id,11,D:\UNI\DLSS\satellite-disaster-damage-mapping\data_same\xbd\test\images\hurricane-florence_00000176_pre_disaster.png,D:\UNI\DLSS\satellite-disaster-damage-mapping\data_same\xbd\test\images\hurricane-florence_00000176_post_disaster.png,D:\UNI\DLSS\satellite-disaster-damage-mapping\data_same\xbd\test\labels\hurricane-florence_00000176_post_disaster.json
hurricane-florence_00000187,hurricane-florence,test,test_id,53,D:\UNI\DLSS\satellite-disaster-damage-mapping\data_same\xbd\test\images\hurricane-florence_00000187_pre_disaster.png,D:\UNI\DLSS\satellite-disaster-damage-mapping\data_same\xbd\test\images\hurricane-florence_00000187_post_disaster.png,D:\UNI\DLSS\satellite-disaster-damage-mapping\data_same\xbd\test\labels\hurricane-florence_00000187_post_disaster.json
hurricane-florence_00000196,hurricane-florence,test,test_id,103,D:\UNI\DLSS\satellite-disaster-damage-mapping\data_same\xbd\test\images\hurricane-florence_00000196_pre_disaster.png,D:\UNI\DLSS\satellite-disaster-damage-mapping\data_same\xbd\test\images\hurricane-florence_00000196_post_disaster.png,D:\UNI\DLSS\satellite-disaster-damage-mapping\data_same\xbd\test\labels\hurricane-florence_00000196_post_disaster.json
hurricane-florence_00000202,hurricane-florence,hold,test_id,55,D:\UNI\DLSS\satellite-disaster-damage-mapping\data_same\xbd\hold\images\hurricane-florence_00000202_pre_disaster.png,D:\UNI\DLSS\satellite-disaster-damage-mapping\data_same\xbd\hold\images\hurricane-florence_00000202_post_disaster.png,D:\UNI\DLSS\satellite-disaster-damage-mapping\data_same\xbd\hold\labels\hurricane-florence_00000202_post_disaster.json
hurricane-florence_00000214,hurricane-florence,hold,test_id,127,D:\UNI\DLSS\satellite-disaster-damage-mapping\data_same\xbd\hold\images\hurricane-florence_00000214_pre_disaster.png,D:\UNI\DLSS\satellite-disaster-damage-mapping\data_same\xbd\hold\images\hurricane-florence_00000214_post_disaster.png,D:\UNI\DLSS\satellite-disaster-damage-mapping\data_same\xbd\hold\labels\hurricane-florence_00000214_post_disaster.json
hurricane-florence_00000215,hurricane-florence,test,test_id,12,D:\UNI\DLSS\satellite-disaster-damage-mapping\data_same\xbd\test\images\hurricane-florence_00000215_pre_disaster.png,D:\UNI\DLSS\satellite-disaster-damage-mapping\data_same\xbd\test\images\hurricane-florence_00000215_post_disaster.png,D:\UNI\DLSS\satellite-disaster-damage-mapping\data_same\xbd\test\labels\hurricane-florence_00000215_post_disaster.json
hurricane-florence_00000225,hurricane-florence,test,test_id,37,D:\UNI\DLSS\satellite-disaster-damage-mapping\data_same\xbd\test\images\hurricane-florence_00000225_pre_disaster.png,D:\UNI\DLSS\satellite-disaster-damage-mapping\data_same\xbd\test\images\hurricane-florence_00000225_post_disaster.png,D:\UNI\DLSS\satellite-disaster-damage-mapping\data_same\xbd\test\labels\hurricane-florence_00000225_post_disaster.json
hurricane-florence_00000239,hurricane-florence,hold,test_id,6,D:\UNI\DLSS\satellite-disaster-damage-mapping\data_same\xbd\hold\images\hurricane-florence_00000239_pre_disaster.png,D:\UNI\DLSS\satellite-disaster-damage-mapping\data_same\xbd\hold\images\hurricane-florence_00000239_post_disaster.png,D:\UNI\DLSS\satellite-disaster-damage-mapping\data_same\xbd\hold\labels\hurricane-florence_00000239_post_disaster.json
hurricane-florence_00000240,hurricane-florence,test,test_id,13,D:\UNI\DLSS\satellite-disaster-damage-mapping\data_same\xbd\test\images\hurricane-florence_00000240_pre_disaster.png,D:\UNI\DLSS\satellite-disaster-damage-mapping\data_same\xbd\test\images\hurricane-florence_00000240_post_disaster.png,D:\UNI\DLSS\satellite-disaster-damage-mapping\data_same\xbd\test\labels\hurricane-florence_00000240_post_disaster.json
hurricane-florence_00000243,hurricane-florence,hold,test_id,21,D:\UNI\DLSS\satellite-disaster-damage-mapping\data_same\xbd\hold\images\hurricane-florence_00000243_pre_disaster.png,D:\UNI\DLSS\satellite-disaster-damage-mapping\data_same\xbd\hold\images\hurricane-florence_00000243_post_disaster.png,D:\UNI\DLSS\satellite-disaster-damage-mapping\data_same\xbd\hold\labels\hurricane-florence_00000243_post_disaster.json
hurricane-florence_00000254,hurricane-florence,hold,test_id,20,D:\UNI\DLSS\satellite-disaster-damage-mapping\data_same\xbd\hold\images\hurricane-florence_00000254_pre_disaster.png,D:\UNI\DLSS\satellite-disaster-damage-mapping\data_same\xbd\hold\images\hurricane-florence_00000254_post_disaster.png,D:\UNI\DLSS\satellite-disaster-damage-mapping\data_same\xbd\hold\labels\hurricane-florence_00000254_post_disaster.json
hurricane-florence_00000257,hurricane-florence,hold,test_id,35,D:\UNI\DLSS\satellite-disaster-damage-mapping\data_same\xbd\hold\images\hurricane-florence_00000257_pre_disaster.png,D:\UNI\DLSS\satellite-disaster-damage-mapping\data_same\xbd\hold\images\hurricane-florence_00000257_post_disaster.png,D:\UNI\DLSS\satellite-disaster-damage-mapping\data_same\xbd\hold\labels\hurricane-florence_00000257_post_disaster.json
hurricane-florence_00000265,hurricane-florence,test,test_id,48,D:\UNI\DLSS\satellite-disaster-damage-mapping\data_same\xbd\test\images\hurricane-florence_00000265_pre_disaster.png,D:\UNI\DLSS\satellite-disaster-damage-mapping\data_same\xbd\test\images\hurricane-florence_00000265_post_disaster.png,D:\UNI\DLSS\satellite-disaster-damage-mapping\data_same\xbd\test\labels\hurricane-florence_00000265_post_disaster.json
hurricane-florence_00000268,hurricane-florence,test,test_id,22,D:\UNI\DLSS\satellite-disaster-damage-mapping\data_same\xbd\test\images\hurricane-florence_00000268_pre_disaster.png,D:\UNI\DLSS\satellite-disaster-damage-mapping\data_same\xbd\test\images\hurricane-florence_00000268_post_disaster.png,D:\UNI\DLSS\satellite-disaster-damage-mapping\data_same\xbd\test\labels\hurricane-florence_00000268_post_disaster.json
hurricane-florence_00000287,hurricane-florence,hold,test_id,6,D:\UNI\DLSS\satellite-disaster-damage-mapping\data_same\xbd\hold\images\hurricane-florence_00000287_pre_disaster.png,D:\UNI\DLSS\satellite-disaster-damage-mapping\data_same\xbd\hold\images\hurricane-florence_00000287_post_disaster.png,D:\UNI\DLSS\satellite-disaster-damage-mapping\data_same\xbd\hold\labels\hurricane-florence_00000287_post_disaster.json
hurricane-florence_00000299,hurricane-florence,hold,test_id,12,D:\UNI\DLSS\satellite-disaster-damage-mapping\data_same\xbd\hold\images\hurricane-florence_00000299_pre_disaster.png,D:\UNI\DLSS\satellite-disaster-damage-mapping\data_same\xbd\hold\images\hurricane-florence_00000299_post_disaster.png,D:\UNI\DLSS\satellite-disaster-damage-mapping\data_same\xbd\hold\labels\hurricane-florence_00000299_post_disaster.json
hurricane-florence_00000301,hurricane-florence,test,test_id,17,D:\UNI\DLSS\satellite-disaster-damage-mapping\data_same\xbd\test\images\hurricane-florence_00000301_pre_disaster.png,D:\UNI\DLSS\satellite-disaster-damage-mapping\data_same\xbd\test\images\hurricane-florence_00000301_post_disaster.png,D:\UNI\DLSS\satellite-disaster-damage-mapping\data_same\xbd\test\labels\hurricane-florence_00000301_post_disaster.json
hurricane-florence_00000305,hurricane-florence,hold,test_id,28,D:\UNI\DLSS\satellite-disaster-damage-mapping\data_same\xbd\hold\images\hurricane-florence_00000305_pre_disaster.png,D:\UNI\DLSS\satellite-disaster-damage-mapping\data_same\xbd\hold\images\hurricane-florence_00000305_post_disaster.png,D:\UNI\DLSS\satellite-disaster-damage-mapping\data_same\xbd\hold\labels\hurricane-florence_00000305_post_disaster.json
hurricane-florence_00000311,hurricane-florence,hold,test_id,17,D:\UNI\DLSS\satellite-disaster-damage-mapping\data_same\xbd\hold\images\hurricane-florence_00000311_pre_disaster.png,D:\UNI\DLSS\satellite-disaster-damage-mapping\data_same\xbd\hold\images\hurricane-florence_00000311_post_disaster.png,D:\UNI\DLSS\satellite-disaster-damage-mapping\data_same\xbd\hold\labels\hurricane-florence_00000311_post_disaster.json
hurricane-florence_00000321,hurricane-florence,test,test_id,21,D:\UNI\DLSS\satellite-disaster-damage-mapping\data_same\xbd\test\images\hurricane-florence_00000321_pre_disaster.png,D:\UNI\DLSS\satellite-disaster-damage-mapping\data_same\xbd\test\images\hurricane-florence_00000321_post_disaster.png,D:\UNI\DLSS\satellite-disaster-damage-mapping\data_same\xbd\test\labels\hurricane-florence_00000321_post_disaster.json
hurricane-florence_00000358,hurricane-florence,hold,test_id,26,D:\UNI\DLSS\satellite-disaster-damage-mapping\data_same\xbd\hold\images\hurricane-florence_00000358_pre_disaster.png,D:\UNI\DLSS\satellite-disaster-damage-mapping\data_same\xbd\hold\images\hurricane-florence_00000358_post_disaster.png,D:\UNI\DLSS\satellite-disaster-damage-mapping\data_same\xbd\hold\labels\hurricane-florence_00000358_post_disaster.json
hurricane-florence_00000377,hurricane-florence,test,test_id,83,D:\UNI\DLSS\satellite-disaster-damage-mapping\data_same\xbd\test\images\hurricane-florence_00000377_pre_disaster.png,D:\UNI\DLSS\satellite-disaster-damage-mapping\data_same\xbd\test\images\hurricane-florence_00000377_post_disaster.png,D:\UNI\DLSS\satellite-disaster-damage-mapping\data_same\xbd\test\labels\hurricane-florence_00000377_post_disaster.json
hurricane-florence_00000400,hurricane-florence,test,test_id,10,D:\UNI\DLSS\satellite-disaster-damage-mapping\data_same\xbd\test\images\hurricane-florence_00000400_pre_disaster.png,D:\UNI\DLSS\satellite-disaster-damage-mapping\data_same\xbd\test\images\hurricane-florence_00000400_post_disaster.png,D:\UNI\DLSS\satellite-disaster-damage-mapping\data_same\xbd\test\labels\hurricane-florence_00000400_post_disaster.json
hurricane-florence_00000402,hurricane-florence,hold,test_id,12,D:\UNI\DLSS\satellite-disaster-damage-mapping\data_same\xbd\hold\images\hurricane-florence_00000402_pre_disaster.png,D:\UNI\DLSS\satellite-disaster-damage-mapping\data_same\xbd\hold\images\hurricane-florence_00000402_post_disaster.png,D:\UNI\DLSS\satellite-disaster-damage-mapping\data_same\xbd\hold\labels\hurricane-florence_00000402_post_disaster.json
hurricane-florence_00000413,hurricane-florence,hold,test_id,11,D:\UNI\DLSS\satellite-disaster-damage-mapping\data_same\xbd\hold\images\hurricane-florence_00000413_pre_disaster.png,D:\UNI\DLSS\satellite-disaster-damage-mapping\data_same\xbd\hold\images\hurricane-florence_00000413_post_disaster.png,D:\UNI\DLSS\satellite-disaster-damage-mapping\data_same\xbd\hold\labels\hurricane-florence_00000413_post_disaster.json
hurricane-florence_00000439,hurricane-florence,hold,test_id,23,D:\UNI\DLSS\satellite-disaster-damage-mapping\data_same\xbd\hold\images\hurricane-florence_00000439_pre_disaster.png,D:\UNI\DLSS\satellite-disaster-damage-mapping\data_same\xbd\hold\images\hurricane-florence_00000439_post_disaster.png,D:\UNI\DLSS\satellite-disaster-damage-mapping\data_same\xbd\hold\labels\hurricane-florence_00000439_post_disaster.json
hurricane-florence_00000456,hurricane-florence,test,test_id,7,D:\UNI\DLSS\satellite-disaster-damage-mapping\data_same\xbd\test\images\hurricane-florence_00000456_pre_disaster.png,D:\UNI\DLSS\satellite-disaster-damage-mapping\data_same\xbd\test\images\hurricane-florence_00000456_post_disaster.png,D:\UNI\DLSS\satellite-disaster-damage-mapping\data_same\xbd\test\labels\hurricane-florence_00000456_post_disaster.json
hurricane-florence_00000458,hurricane-florence,hold,test_id,36,D:\UNI\DLSS\satellite-disaster-damage-mapping\data_same\xbd\hold\images\hurricane-florence_00000458_pre_disaster.png,D:\UNI\DLSS\satellite-disaster-damage-mapping\data_same\xbd\hold\images\hurricane-florence_00000458_post_disaster.png,D:\UNI\DLSS\satellite-disaster-damage-mapping\data_same\xbd\hold\labels\hurricane-florence_00000458_post_disaster.json
hurricane-florence_00000479,hurricane-florence,hold,test_id,17,D:\UNI\DLSS\satellite-disaster-damage-mapping\data_same\xbd\hold\images\hurricane-florence_00000479_pre_disaster.png,D:\UNI\DLSS\satellite-disaster-damage-mapping\data_same\xbd\hold\images\hurricane-florence_00000479_post_disaster.png,D:\UNI\DLSS\satellite-disaster-damage-mapping\data_same\xbd\hold\labels\hurricane-florence_00000479_post_disaster.json
hurricane-florence_00000491,hurricane-florence,test,test_id,10,D:\UNI\DLSS\satellite-disaster-damage-mapping\data_same\xbd\test\images\hurricane-florence_00000491_pre_disaster.png,D:\UNI\DLSS\satellite-disaster-damage-mapping\data_same\xbd\test\images\hurricane-florence_00000491_post_disaster.png,D:\UNI\DLSS\satellite-disaster-damage-mapping\data_same\xbd\test\labels\hurricane-florence_00000491_post_disaster.json
hurricane-florence_00000505,hurricane-florence,hold,test_id,13,D:\UNI\DLSS\satellite-disaster-damage-mapping\data_same\xbd\hold\images\hurricane-florence_00000505_pre_disaster.png,D:\UNI\DLSS\satellite-disaster-damage-mapping\data_same\xbd\hold\images\hurricane-florence_00000505_post_disaster.png,D:\UNI\DLSS\satellite-disaster-damage-mapping\data_same\xbd\hold\labels\hurricane-florence_00000505_post_disaster.json
hurricane-florence_00000507,hurricane-florence,test,test_id,8,D:\UNI\DLSS\satellite-disaster-damage-mapping\data_same\xbd\test\images\hurricane-florence_00000507_pre_disaster.png,D:\UNI\DLSS\satellite-disaster-damage-mapping\data_same\xbd\test\images\hurricane-florence_00000507_post_disaster.png,D:\UNI\DLSS\satellite-disaster-damage-mapping\data_same\xbd\test\labels\hurricane-florence_00000507_post_disaster.json
hurricane-florence_00000524,hurricane-florence,hold,test_id,41,D:\UNI\DLSS\satellite-disaster-damage-mapping\data_same\xbd\hold\images\hurricane-florence_00000524_pre_disaster.png,D:\UNI\DLSS\satellite-disaster-damage-mapping\data_same\xbd\hold\images\hurricane-florence_00000524_post_disaster.png,D:\UNI\DLSS\satellite-disaster-damage-mapping\data_same\xbd\hold\labels\hurricane-florence_00000524_post_disaster.json
hurricane-florence_00000528,hurricane-florence,test,test_id,11,D:\UNI\DLSS\satellite-disaster-damage-mapping\data_same\xbd\test\images\hurricane-florence_00000528_pre_disaster.png,D:\UNI\DLSS\satellite-disaster-damage-mapping\data_same\xbd\test\images\hurricane-florence_00000528_post_disaster.png,D:\UNI\DLSS\satellite-disaster-damage-mapping\data_same\xbd\test\labels\hurricane-florence_00000528_post_disaster.json
hurricane-florence_00000535,hurricane-florence,test,test_id,16,D:\UNI\DLSS\satellite-disaster-damage-mapping\data_same\xbd\test\images\hurricane-florence_00000535_pre_disaster.png,D:\UNI\DLSS\satellite-disaster-damage-mapping\data_same\xbd\test\images\hurricane-florence_00000535_post_disaster.png,D:\UNI\DLSS\satellite-disaster-damage-mapping\data_same\xbd\test\labels\hurricane-florence_00000535_post_disaster.json
hurricane-harvey_00000005,hurricane-harvey,hold,test_id,110,D:\UNI\DLSS\satellite-disaster-damage-mapping\data_same\xbd\hold\images\hurricane-harvey_00000005_pre_disaster.png,D:\UNI\DLSS\satellite-disaster-damage-mapping\data_same\xbd\hold\images\hurricane-harvey_00000005_post_disaster.png,D:\UNI\DLSS\satellite-disaster-damage-mapping\data_same\xbd\hold\labels\hurricane-harvey_00000005_post_disaster.json
hurricane-harvey_00000027,hurricane-harvey,hold,test_id,45,D:\UNI\DLSS\satellite-disaster-damage-mapping\data_same\xbd\hold\images\hurricane-harvey_00000027_pre_disaster.png,D:\UNI\DLSS\satellite-disaster-damage-mapping\data_same\xbd\hold\images\hurricane-harvey_00000027_post_disaster.png,D:\UNI\DLSS\satellite-disaster-damage-mapping\data_same\xbd\hold\labels\hurricane-harvey_00000027_post_disaster.json
hurricane-harvey_00000032,hurricane-harvey,hold,test_id,14,D:\UNI\DLSS\satellite-disaster-damage-mapping\data_same\xbd\hold\images\hurricane-harvey_00000032_pre_disaster.png,D:\UNI\DLSS\satellite-disaster-damage-mapping\data_same\xbd\hold\images\hurricane-harvey_00000032_post_disaster.png,D:\UNI\DLSS\satellite-disaster-damage-mapping\data_same\xbd\hold\labels\hurricane-harvey_00000032_post_disaster.json
hurricane-harvey_00000033,hurricane-harvey,test,test_id,25,D:\UNI\DLSS\satellite-disaster-damage-mapping\data_same\xbd\test\images\hurricane-harvey_00000033_pre_disaster.png,D:\UNI\DLSS\satellite-disaster-damage-mapping\data_same\xbd\test\images\hurricane-harvey_00000033_post_disaster.png,D:\UNI\DLSS\satellite-disaster-damage-mapping\data_same\xbd\test\labels\hurricane-harvey_00000033_post_disaster.json
hurricane-harvey_00000062,hurricane-harvey,test,test_id,21,D:\UNI\DLSS\satellite-disaster-damage-mapping\data_same\xbd\test\images\hurricane-harvey_00000062_pre_disaster.png,D:\UNI\DLSS\satellite-disaster-damage-mapping\data_same\xbd\test\images\hurricane-harvey_00000062_post_disaster.png,D:\UNI\DLSS\satellite-disaster-damage-mapping\data_same\xbd\test\labels\hurricane-harvey_00000062_post_disaster.json
hurricane-harvey_00000064,hurricane-harvey,test,test_id,9,D:\UNI\DLSS\satellite-disaster-damage-mapping\data_same\xbd\test\images\hurricane-harvey_00000064_pre_disaster.png,D:\UNI\DLSS\satellite-disaster-damage-mapping\data_same\xbd\test\images\hurricane-harvey_00000064_post_disaster.png,D:\UNI\DLSS\satellite-disaster-damage-mapping\data_same\xbd\test\labels\hurricane-harvey_00000064_post_disaster.json
hurricane-harvey_00000074,hurricane-harvey,hold,test_id,10,D:\UNI\DLSS\satellite-disaster-damage-mapping\data_same\xbd\hold\images\hurricane-harvey_00000074_pre_disaster.png,D:\UNI\DLSS\satellite-disaster-damage-mapping\data_same\xbd\hold\images\hurricane-harvey_00000074_post_disaster.png,D:\UNI\DLSS\satellite-disaster-damage-mapping\data_same\xbd\hold\labels\hurricane-harvey_00000074_post_disaster.json
hurricane-harvey_00000078,hurricane-harvey,test,test_id,137,D:\UNI\DLSS\satellite-disaster-damage-mapping\data_same\xbd\test\images\hurricane-harvey_00000078_pre_disaster.png,D:\UNI\DLSS\satellite-disaster-damage-mapping\data_same\xbd\test\images\hurricane-harvey_00000078_post_disaster.png,D:\UNI\DLSS\satellite-disaster-damage-mapping\data_same\xbd\test\labels\hurricane-harvey_00000078_post_disaster.json
hurricane-harvey_00000087,hurricane-harvey,hold,test_id,31,D:\UNI\DLSS\satellite-disaster-damage-mapping\data_same\xbd\hold\images\hurricane-harvey_00000087_pre_disaster.png,D:\UNI\DLSS\satellite-disaster-damage-mapping\data_same\xbd\hold\images\hurricane-harvey_00000087_post_disaster.png,D:\UNI\DLSS\satellite-disaster-damage-mapping\data_same\xbd\hold\labels\hurricane-harvey_00000087_post_disaster.json
hurricane-harvey_00000096,hurricane-harvey,test,test_id,198,D:\UNI\DLSS\satellite-disaster-damage-mapping\data_same\xbd\test\images\hurricane-harvey_00000096_pre_disaster.png,D:\UNI\DLSS\satellite-disaster-damage-mapping\data_same\xbd\test\images\hurricane-harvey_00000096_post_disaster.png,D:\UNI\DLSS\satellite-disaster-damage-mapping\data_same\xbd\test\labels\hurricane-harvey_00000096_post_disaster.json
hurricane-harvey_00000102,hurricane-harvey,hold,test_id,102,D:\UNI\DLSS\satellite-disaster-damage-mapping\data_same\xbd\hold\images\hurricane-harvey_00000102_pre_disaster.png,D:\UNI\DLSS\satellite-disaster-damage-mapping\data_same\xbd\hold\images\hurricane-harvey_00000102_post_disaster.png,D:\UNI\DLSS\satellite-disaster-damage-mapping\data_same\xbd\hold\labels\hurricane-harvey_00000102_post_disaster.json
hurricane-harvey_00000112,hurricane-harvey,test,test_id,216,D:\UNI\DLSS\satellite-disaster-damage-mapping\data_same\xbd\test\images\hurricane-harvey_00000112_pre_disaster.png,D:\UNI\DLSS\satellite-disaster-damage-mapping\data_same\xbd\test\images\hurricane-harvey_00000112_post_disaster.png,D:\UNI\DLSS\satellite-disaster-damage-mapping\data_same\xbd\test\labels\hurricane-harvey_00000112_post_disaster.json
hurricane-harvey_00000117,hurricane-harvey,hold,test_id,232,D:\UNI\DLSS\satellite-disaster-damage-mapping\data_same\xbd\hold\images\hurricane-harvey_00000117_pre_disaster.png,D:\UNI\DLSS\satellite-disaster-damage-mapping\data_same\xbd\hold\images\hurricane-harvey_00000117_post_disaster.png,D:\UNI\DLSS\satellite-disaster-damage-mapping\data_same\xbd\hold\labels\hurricane-harvey_00000117_post_disaster.json
hurricane-harvey_00000120,hurricane-harvey,test,test_id,50,D:\UNI\DLSS\satellite-disaster-damage-mapping\data_same\xbd\test\images\hurricane-harvey_00000120_pre_disaster.png,D:\UNI\DLSS\satellite-disaster-damage-mapping\data_same\xbd\test\images\hurricane-harvey_00000120_post_disaster.png,D:\UNI\DLSS\satellite-disaster-damage-mapping\data_same\xbd\test\labels\hurricane-harvey_00000120_post_disaster.json
hurricane-harvey_00000127,hurricane-harvey,test,test_id,55,D:\UNI\DLSS\satellite-disaster-damage-mapping\data_same\xbd\test\images\hurricane-harvey_00000127_pre_disaster.png,D:\UNI\DLSS\satellite-disaster-damage-mapping\data_same\xbd\test\images\hurricane-harvey_00000127_post_disaster.png,D:\UNI\DLSS\satellite-disaster-damage-mapping\data_same\xbd\test\labels\hurricane-harvey_00000127_post_disaster.json
hurricane-harvey_00000143,hurricane-harvey,test,test_id,20,D:\UNI\DLSS\satellite-disaster-damage-mapping\data_same\xbd\test\images\hurricane-harvey_00000143_pre_disaster.png,D:\UNI\DLSS\satellite-disaster-damage-mapping\data_same\xbd\test\images\hurricane-harvey_00000143_post_disaster.png,D:\UNI\DLSS\satellite-disaster-damage-mapping\data_same\xbd\test\labels\hurricane-harvey_00000143_post_disaster.json
hurricane-harvey_00000150,hurricane-harvey,test,test_id,11,D:\UNI\DLSS\satellite-disaster-damage-mapping\data_same\xbd\test\images\hurricane-harvey_00000150_pre_disaster.png,D:\UNI\DLSS\satellite-disaster-damage-mapping\data_same\xbd\test\images\hurricane-harvey_00000150_post_disaster.png,D:\UNI\DLSS\satellite-disaster-damage-mapping\data_same\xbd\test\labels\hurricane-harvey_00000150_post_disaster.json
hurricane-harvey_00000179,hurricane-harvey,test,test_id,242,D:\UNI\DLSS\satellite-disaster-damage-mapping\data_same\xbd\test\images\hurricane-harvey_00000179_pre_disaster.png,D:\UNI\DLSS\satellite-disaster-damage-mapping\data_same\xbd\test\images\hurricane-harvey_00000179_post_disaster.png,D:\UNI\DLSS\satellite-disaster-damage-mapping\data_same\xbd\test\labels\hurricane-harvey_00000179_post_disaster.json
hurricane-harvey_00000188,hurricane-harvey,hold,test_id,37,D:\UNI\DLSS\satellite-disaster-damage-mapping\data_same\xbd\hold\images\hurricane-harvey_00000188_pre_disaster.png,D:\UNI\DLSS\satellite-disaster-damage-mapping\data_same\xbd\hold\images\hurricane-harvey_00000188_post_disaster.png,D:\UNI\DLSS\satellite-disaster-damage-mapping\data_same\xbd\hold\labels\hurricane-harvey_00000188_post_disaster.json
hurricane-harvey_00000190,hurricane-harvey,hold,test_id,27,D:\UNI\DLSS\satellite-disaster-damage-mapping\data_same\xbd\hold\images\hurricane-harvey_00000190_pre_disaster.png,D:\UNI\DLSS\satellite-disaster-damage-mapping\data_same\xbd\hold\images\hurricane-harvey_00000190_post_disaster.png,D:\UNI\DLSS\satellite-disaster-damage-mapping\data_same\xbd\hold\labels\hurricane-harvey_00000190_post_disaster.json
hurricane-harvey_00000198,hurricane-harvey,hold,test_id,208,D:\UNI\DLSS\satellite-disaster-damage-mapping\data_same\xbd\hold\images\hurricane-harvey_00000198_pre_disaster.png,D:\UNI\DLSS\satellite-disaster-damage-mapping\data_same\xbd\hold\images\hurricane-harvey_00000198_post_disaster.png,D:\UNI\DLSS\satellite-disaster-damage-mapping\data_same\xbd\hold\labels\hurricane-harvey_00000198_post_disaster.json
hurricane-harvey_00000215,hurricane-harvey,hold,test_id,103,D:\UNI\DLSS\satellite-disaster-damage-mapping\data_same\xbd\hold\images\hurricane-harvey_00000215_pre_disaster.png,D:\UNI\DLSS\satellite-disaster-damage-mapping\data_same\xbd\hold\images\hurricane-harvey_00000215_post_disaster.png,D:\UNI\DLSS\satellite-disaster-damage-mapping\data_same\xbd\hold\labels\hurricane-harvey_00000215_post_disaster.json
hurricane-harvey_00000225,hurricane-harvey,test,test_id,31,D:\UNI\DLSS\satellite-disaster-damage-mapping\data_same\xbd\test\images\hurricane-harvey_00000225_pre_disaster.png,D:\UNI\DLSS\satellite-disaster-damage-mapping\data_same\xbd\test\images\hurricane-harvey_00000225_post_disaster.png,D:\UNI\DLSS\satellite-disaster-damage-mapping\data_same\xbd\test\labels\hurricane-harvey_00000225_post_disaster.json
hurricane-harvey_00000229,hurricane-harvey,hold,test_id,19,D:\UNI\DLSS\satellite-disaster-damage-mapping\data_same\xbd\hold\images\hurricane-harvey_00000229_pre_disaster.png,D:\UNI\DLSS\satellite-disaster-damage-mapping\data_same\xbd\hold\images\hurricane-harvey_00000229_post_disaster.png,D:\UNI\DLSS\satellite-disaster-damage-mapping\data_same\xbd\hold\labels\hurricane-harvey_00000229_post_disaster.json
hurricane-harvey_00000230,hurricane-harvey,test,test_id,16,D:\UNI\DLSS\satellite-disaster-damage-mapping\data_same\xbd\test\images\hurricane-harvey_00000230_pre_disaster.png,D:\UNI\DLSS\satellite-disaster-damage-mapping\data_same\xbd\test\images\hurricane-harvey_00000230_post_disaster.png,D:\UNI\DLSS\satellite-disaster-damage-mapping\data_same\xbd\test\labels\hurricane-harvey_00000230_post_disaster.json
hurricane-harvey_00000252,hurricane-harvey,test,test_id,40,D:\UNI\DLSS\satellite-disaster-damage-mapping\data_same\xbd\test\images\hurricane-harvey_00000252_pre_disaster.png,D:\UNI\DLSS\satellite-disaster-damage-mapping\data_same\xbd\test\images\hurricane-harvey_00000252_post_disaster.png,D:\UNI\DLSS\satellite-disaster-damage-mapping\data_same\xbd\test\labels\hurricane-harvey_00000252_post_disaster.json
hurricane-harvey_00000253,hurricane-harvey,hold,test_id,107,D:\UNI\DLSS\satellite-disaster-damage-mapping\data_same\xbd\hold\images\hurricane-harvey_00000253_pre_disaster.png,D:\UNI\DLSS\satellite-disaster-damage-mapping\data_same\xbd\hold\images\hurricane-harvey_00000253_post_disaster.png,D:\UNI\DLSS\satellite-disaster-damage-mapping\data_same\xbd\hold\labels\hurricane-harvey_00000253_post_disaster.json
hurricane-harvey_00000290,hurricane-harvey,hold,test_id,6,D:\UNI\DLSS\satellite-disaster-damage-mapping\data_same\xbd\hold\images\hurricane-harvey_00000290_pre_disaster.png,D:\UNI\DLSS\satellite-disaster-damage-mapping\data_same\xbd\hold\images\hurricane-harvey_00000290_post_disaster.png,D:\UNI\DLSS\satellite-disaster-damage-mapping\data_same\xbd\hold\labels\hurricane-harvey_00000290_post_disaster.json
hurricane-harvey_00000296,hurricane-harvey,hold,test_id,7,D:\UNI\DLSS\satellite-disaster-damage-mapping\data_same\xbd\hold\images\hurricane-harvey_00000296_pre_disaster.png,D:\UNI\DLSS\satellite-disaster-damage-mapping\data_same\xbd\hold\images\hurricane-harvey_00000296_post_disaster.png,D:\UNI\DLSS\satellite-disaster-damage-mapping\data_same\xbd\hold\labels\hurricane-harvey_00000296_post_disaster.json
hurricane-harvey_00000305,hurricane-harvey,test,test_id,5,D:\UNI\DLSS\satellite-disaster-damage-mapping\data_same\xbd\test\images\hurricane-harvey_00000305_pre_disaster.png,D:\UNI\DLSS\satellite-disaster-damage-mapping\data_same\xbd\test\images\hurricane-harvey_00000305_post_disaster.png,D:\UNI\DLSS\satellite-disaster-damage-mapping\data_same\xbd\test\labels\hurricane-harvey_00000305_post_disaster.json
hurricane-harvey_00000310,hurricane-harvey,test,test_id,7,D:\UNI\DLSS\satellite-disaster-damage-mapping\data_same\xbd\test\images\hurricane-harvey_00000310_pre_disaster.png,D:\UNI\DLSS\satellite-disaster-damage-mapping\data_same\xbd\test\images\hurricane-harvey_00000310_post_disaster.png,D:\UNI\DLSS\satellite-disaster-damage-mapping\data_same\xbd\test\labels\hurricane-harvey_00000310_post_disaster.json
hurricane-harvey_00000326,hurricane-harvey,test,test_id,5,D:\UNI\DLSS\satellite-disaster-damage-mapping\data_same\xbd\test\images\hurricane-harvey_00000326_pre_disaster.png,D:\UNI\DLSS\satellite-disaster-damage-mapping\data_same\xbd\test\images\hurricane-harvey_00000326_post_disaster.png,D:\UNI\DLSS\satellite-disaster-damage-mapping\data_same\xbd\test\labels\hurricane-harvey_00000326_post_disaster.json
hurricane-harvey_00000328,hurricane-harvey,test,test_id,44,D:\UNI\DLSS\satellite-disaster-damage-mapping\data_same\xbd\test\images\hurricane-harvey_00000328_pre_disaster.png,D:\UNI\DLSS\satellite-disaster-damage-mapping\data_same\xbd\test\images\hurricane-harvey_00000328_post_disaster.png,D:\UNI\DLSS\satellite-disaster-damage-mapping\data_same\xbd\test\labels\hurricane-harvey_00000328_post_disaster.json
hurricane-harvey_00000331,hurricane-harvey,test,test_id,9,D:\UNI\DLSS\satellite-disaster-damage-mapping\data_same\xbd\test\images\hurricane-harvey_00000331_pre_disaster.png,D:\UNI\DLSS\satellite-disaster-damage-mapping\data_same\xbd\test\images\hurricane-harvey_00000331_post_disaster.png,D:\UNI\DLSS\satellite-disaster-damage-mapping\data_same\xbd\test\labels\hurricane-harvey_00000331_post_disaster.json
hurricane-harvey_00000340,hurricane-harvey,test,test_id,103,D:\UNI\DLSS\satellite-disaster-damage-mapping\data_same\xbd\test\images\hurricane-harvey_00000340_pre_disaster.png,D:\UNI\DLSS\satellite-disaster-damage-mapping\data_same\xbd\test\images\hurricane-harvey_00000340_post_disaster.png,D:\UNI\DLSS\satellite-disaster-damage-mapping\data_same\xbd\test\labels\hurricane-harvey_00000340_post_disaster.json
hurricane-harvey_00000352,hurricane-harvey,hold,test_id,15,D:\UNI\DLSS\satellite-disaster-damage-mapping\data_same\xbd\hold\images\hurricane-harvey_00000352_pre_disaster.png,D:\UNI\DLSS\satellite-disaster-damage-mapping\data_same\xbd\hold\images\hurricane-harvey_00000352_post_disaster.png,D:\UNI\DLSS\satellite-disaster-damage-mapping\data_same\xbd\hold\labels\hurricane-harvey_00000352_post_disaster.json
hurricane-harvey_00000359,hurricane-harvey,hold,test_id,36,D:\UNI\DLSS\satellite-disaster-damage-mapping\data_same\xbd\hold\images\hurricane-harvey_00000359_pre_disaster.png,D:\UNI\DLSS\satellite-disaster-damage-mapping\data_same\xbd\hold\images\hurricane-harvey_00000359_post_disaster.png,D:\UNI\DLSS\satellite-disaster-damage-mapping\data_same\xbd\hold\labels\hurricane-harvey_00000359_post_disaster.json
hurricane-harvey_00000360,hurricane-harvey,test,test_id,176,D:\UNI\DLSS\satellite-disaster-damage-mapping\data_same\xbd\test\images\hurricane-harvey_00000360_pre_disaster.png,D:\UNI\DLSS\satellite-disaster-damage-mapping\data_same\xbd\test\images\hurricane-harvey_00000360_post_disaster.png,D:\UNI\DLSS\satellite-disaster-damage-mapping\data_same\xbd\test\labels\hurricane-harvey_00000360_post_disaster.json
hurricane-harvey_00000363,hurricane-harvey,hold,test_id,41,D:\UNI\DLSS\satellite-disaster-damage-mapping\data_same\xbd\hold\images\hurricane-harvey_00000363_pre_disaster.png,D:\UNI\DLSS\satellite-disaster-damage-mapping\data_same\xbd\hold\images\hurricane-harvey_00000363_post_disaster.png,D:\UNI\DLSS\satellite-disaster-damage-mapping\data_same\xbd\hold\labels\hurricane-harvey_00000363_post_disaster.json
hurricane-harvey_00000370,hurricane-harvey,test,test_id,38,D:\UNI\DLSS\satellite-disaster-damage-mapping\data_same\xbd\test\images\hurricane-harvey_00000370_pre_disaster.png,D:\UNI\DLSS\satellite-disaster-damage-mapping\data_same\xbd\test\images\hurricane-harvey_00000370_post_disaster.png,D:\UNI\DLSS\satellite-disaster-damage-mapping\data_same\xbd\test\labels\hurricane-harvey_00000370_post_disaster.json
hurricane-harvey_00000378,hurricane-harvey,test,test_id,169,D:\UNI\DLSS\satellite-disaster-damage-mapping\data_same\xbd\test\images\hurricane-harvey_00000378_pre_disaster.png,D:\UNI\DLSS\satellite-disaster-damage-mapping\data_same\xbd\test\images\hurricane-harvey_00000378_post_disaster.png,D:\UNI\DLSS\satellite-disaster-damage-mapping\data_same\xbd\test\labels\hurricane-harvey_00000378_post_disaster.json
hurricane-harvey_00000399,hurricane-harvey,hold,test_id,18,D:\UNI\DLSS\satellite-disaster-damage-mapping\data_same\xbd\hold\images\hurricane-harvey_00000399_pre_disaster.png,D:\UNI\DLSS\satellite-disaster-damage-mapping\data_same\xbd\hold\images\hurricane-harvey_00000399_post_disaster.png,D:\UNI\DLSS\satellite-disaster-damage-mapping\data_same\xbd\hold\labels\hurricane-harvey_00000399_post_disaster.json
hurricane-harvey_00000414,hurricane-harvey,hold,test_id,36,D:\UNI\DLSS\satellite-disaster-damage-mapping\data_same\xbd\hold\images\hurricane-harvey_00000414_pre_disaster.png,D:\UNI\DLSS\satellite-disaster-damage-mapping\data_same\xbd\hold\images\hurricane-harvey_00000414_post_disaster.png,D:\UNI\DLSS\satellite-disaster-damage-mapping\data_same\xbd\hold\labels\hurricane-harvey_00000414_post_disaster.json
hurricane-harvey_00000415,hurricane-harvey,test,test_id,188,D:\UNI\DLSS\satellite-disaster-damage-mapping\data_same\xbd\test\images\hurricane-harvey_00000415_pre_disaster.png,D:\UNI\DLSS\satellite-disaster-damage-mapping\data_same\xbd\test\images\hurricane-harvey_00000415_post_disaster.png,D:\UNI\DLSS\satellite-disaster-damage-mapping\data_same\xbd\test\labels\hurricane-harvey_00000415_post_disaster.json
hurricane-harvey_00000417,hurricane-harvey,hold,test_id,184,D:\UNI\DLSS\satellite-disaster-damage-mapping\data_same\xbd\hold\images\hurricane-harvey_00000417_pre_disaster.png,D:\UNI\DLSS\satellite-disaster-damage-mapping\data_same\xbd\hold\images\hurricane-harvey_00000417_post_disaster.png,D:\UNI\DLSS\satellite-disaster-damage-mapping\data_same\xbd\hold\labels\hurricane-harvey_00000417_post_disaster.json
hurricane-harvey_00000420,hurricane-harvey,test,test_id,47,D:\UNI\DLSS\satellite-disaster-damage-mapping\data_same\xbd\test\images\hurricane-harvey_00000420_pre_disaster.png,D:\UNI\DLSS\satellite-disaster-damage-mapping\data_same\xbd\test\images\hurricane-harvey_00000420_post_disaster.png,D:\UNI\DLSS\satellite-disaster-damage-mapping\data_same\xbd\test\labels\hurricane-harvey_00000420_post_disaster.json
hurricane-harvey_00000421,hurricane-harvey,hold,test_id,62,D:\UNI\DLSS\satellite-disaster-damage-mapping\data_same\xbd\hold\images\hurricane-harvey_00000421_pre_disaster.png,D:\UNI\DLSS\satellite-disaster-damage-mapping\data_same\xbd\hold\images\hurricane-harvey_00000421_post_disaster.png,D:\UNI\DLSS\satellite-disaster-damage-mapping\data_same\xbd\hold\labels\hurricane-harvey_00000421_post_disaster.json
hurricane-harvey_00000424,hurricane-harvey,test,test_id,125,D:\UNI\DLSS\satellite-disaster-damage-mapping\data_same\xbd\test\images\hurricane-harvey_00000424_pre_disaster.png,D:\UNI\DLSS\satellite-disaster-damage-mapping\data_same\xbd\test\images\hurricane-harvey_00000424_post_disaster.png,D:\UNI\DLSS\satellite-disaster-damage-mapping\data_same\xbd\test\labels\hurricane-harvey_00000424_post_disaster.json
hurricane-harvey_00000450,hurricane-harvey,hold,test_id,108,D:\UNI\DLSS\satellite-disaster-damage-mapping\data_same\xbd\hold\images\hurricane-harvey_00000450_pre_disaster.png,D:\UNI\DLSS\satellite-disaster-damage-mapping\data_same\xbd\hold\images\hurricane-harvey_00000450_post_disaster.png,D:\UNI\DLSS\satellite-disaster-damage-mapping\data_same\xbd\hold\labels\hurricane-harvey_00000450_post_disaster.json
hurricane-harvey_00000456,hurricane-harvey,test,test_id,196,D:\UNI\DLSS\satellite-disaster-damage-mapping\data_same\xbd\test\images\hurricane-harvey_00000456_pre_disaster.png,D:\UNI\DLSS\satellite-disaster-damage-mapping\data_same\xbd\test\images\hurricane-harvey_00000456_post_disaster.png,D:\UNI\DLSS\satellite-disaster-damage-mapping\data_same\xbd\test\labels\hurricane-harvey_00000456_post_disaster.json
hurricane-harvey_00000464,hurricane-harvey,test,test_id,15,D:\UNI\DLSS\satellite-disaster-damage-mapping\data_same\xbd\test\images\hurricane-harvey_00000464_pre_disaster.png,D:\UNI\DLSS\satellite-disaster-damage-mapping\data_same\xbd\test\images\hurricane-harvey_00000464_post_disaster.png,D:\UNI\DLSS\satellite-disaster-damage-mapping\data_same\xbd\test\labels\hurricane-harvey_00000464_post_disaster.json
hurricane-harvey_00000468,hurricane-harvey,test,test_id,98,D:\UNI\DLSS\satellite-disaster-damage-mapping\data_same\xbd\test\images\hurricane-harvey_00000468_pre_disaster.png,D:\UNI\DLSS\satellite-disaster-damage-mapping\data_same\xbd\test\images\hurricane-harvey_00000468_post_disaster.png,D:\UNI\DLSS\satellite-disaster-damage-mapping\data_same\xbd\test\labels\hurricane-harvey_00000468_post_disaster.json
hurricane-harvey_00000483,hurricane-harvey,test,test_id,193,D:\UNI\DLSS\satellite-disaster-damage-mapping\data_same\xbd\test\images\hurricane-harvey_00000483_pre_disaster.png,D:\UNI\DLSS\satellite-disaster-damage-mapping\data_same\xbd\test\images\hurricane-harvey_00000483_post_disaster.png,D:\UNI\DLSS\satellite-disaster-damage-mapping\data_same\xbd\test\labels\hurricane-harvey_00000483_post_disaster.json
hurricane-harvey_00000490,hurricane-harvey,hold,test_id,194,D:\UNI\DLSS\satellite-disaster-damage-mapping\data_same\xbd\hold\images\hurricane-harvey_00000490_pre_disaster.png,D:\UNI\DLSS\satellite-disaster-damage-mapping\data_same\xbd\hold\images\hurricane-harvey_00000490_post_disaster.png,D:\UNI\DLSS\satellite-disaster-damage-mapping\data_same\xbd\hold\labels\hurricane-harvey_00000490_post_disaster.json
hurricane-harvey_00000498,hurricane-harvey,test,test_id,10,D:\UNI\DLSS\satellite-disaster-damage-mapping\data_same\xbd\test\images\hurricane-harvey_00000498_pre_disaster.png,D:\UNI\DLSS\satellite-disaster-damage-mapping\data_same\xbd\test\images\hurricane-harvey_00000498_post_disaster.png,D:\UNI\DLSS\satellite-disaster-damage-mapping\data_same\xbd\test\labels\hurricane-harvey_00000498_post_disaster.json
hurricane-harvey_00000510,hurricane-harvey,test,test_id,75,D:\UNI\DLSS\satellite-disaster-damage-mapping\data_same\xbd\test\images\hurricane-harvey_00000510_pre_disaster.png,D:\UNI\DLSS\satellite-disaster-damage-mapping\data_same\xbd\test\images\hurricane-harvey_00000510_post_disaster.png,D:\UNI\DLSS\satellite-disaster-damage-mapping\data_same\xbd\test\labels\hurricane-harvey_00000510_post_disaster.json
hurricane-matthew_00000010,hurricane-matthew,test,test_id,88,D:\UNI\DLSS\satellite-disaster-damage-mapping\data_same\xbd\test\images\hurricane-matthew_00000010_pre_disaster.png,D:\UNI\DLSS\satellite-disaster-damage-mapping\data_same\xbd\test\images\hurricane-matthew_00000010_post_disaster.png,D:\UNI\DLSS\satellite-disaster-damage-mapping\data_same\xbd\test\labels\hurricane-matthew_00000010_post_disaster.json
hurricane-matthew_00000019,hurricane-matthew,test,test_id,9,D:\UNI\DLSS\satellite-disaster-damage-mapping\data_same\xbd\test\images\hurricane-matthew_00000019_pre_disaster.png,D:\UNI\DLSS\satellite-disaster-damage-mapping\data_same\xbd\test\images\hurricane-matthew_00000019_post_disaster.png,D:\UNI\DLSS\satellite-disaster-damage-mapping\data_same\xbd\test\labels\hurricane-matthew_00000019_post_disaster.json
hurricane-matthew_00000027,hurricane-matthew,test,test_id,330,D:\UNI\DLSS\satellite-disaster-damage-mapping\data_same\xbd\test\images\hurricane-matthew_00000027_pre_disaster.png,D:\UNI\DLSS\satellite-disaster-damage-mapping\data_same\xbd\test\images\hurricane-matthew_00000027_post_disaster.png,D:\UNI\DLSS\satellite-disaster-damage-mapping\data_same\xbd\test\labels\hurricane-matthew_00000027_post_disaster.json
hurricane-matthew_00000028,hurricane-matthew,test,test_id,104,D:\UNI\DLSS\satellite-disaster-damage-mapping\data_same\xbd\test\images\hurricane-matthew_00000028_pre_disaster.png,D:\UNI\DLSS\satellite-disaster-damage-mapping\data_same\xbd\test\images\hurricane-matthew_00000028_post_disaster.png,D:\UNI\DLSS\satellite-disaster-damage-mapping\data_same\xbd\test\labels\hurricane-matthew_00000028_post_disaster.json
hurricane-matthew_00000029,hurricane-matthew,test,test_id,61,D:\UNI\DLSS\satellite-disaster-damage-mapping\data_same\xbd\test\images\hurricane-matthew_00000029_pre_disaster.png,D:\UNI\DLSS\satellite-disaster-damage-mapping\data_same\xbd\test\images\hurricane-matthew_00000029_post_disaster.png,D:\UNI\DLSS\satellite-disaster-damage-mapping\data_same\xbd\test\labels\hurricane-matthew_00000029_post_disaster.json
hurricane-matthew_00000036,hurricane-matthew,hold,test_id,31,D:\UNI\DLSS\satellite-disaster-damage-mapping\data_same\xbd\hold\images\hurricane-matthew_00000036_pre_disaster.png,D:\UNI\DLSS\satellite-disaster-damage-mapping\data_same\xbd\hold\images\hurricane-matthew_00000036_post_disaster.png,D:\UNI\DLSS\satellite-disaster-damage-mapping\data_same\xbd\hold\labels\hurricane-matthew_00000036_post_disaster.json
hurricane-matthew_00000037,hurricane-matthew,test,test_id,285,D:\UNI\DLSS\satellite-disaster-damage-mapping\data_same\xbd\test\images\hurricane-matthew_00000037_pre_disaster.png,D:\UNI\DLSS\satellite-disaster-damage-mapping\data_same\xbd\test\images\hurricane-matthew_00000037_post_disaster.png,D:\UNI\DLSS\satellite-disaster-damage-mapping\data_same\xbd\test\labels\hurricane-matthew_00000037_post_disaster.json
hurricane-matthew_00000042,hurricane-matthew,test,test_id,42,D:\UNI\DLSS\satellite-disaster-damage-mapping\data_same\xbd\test\images\hurricane-matthew_00000042_pre_disaster.png,D:\UNI\DLSS\satellite-disaster-damage-mapping\data_same\xbd\test\images\hurricane-matthew_00000042_post_disaster.png,D:\UNI\DLSS\satellite-disaster-damage-mapping\data_same\xbd\test\labels\hurricane-matthew_00000042_post_disaster.json
hurricane-matthew_00000046,hurricane-matthew,hold,test_id,34,D:\UNI\DLSS\satellite-disaster-damage-mapping\data_same\xbd\hold\images\hurricane-matthew_00000046_pre_disaster.png,D:\UNI\DLSS\satellite-disaster-damage-mapping\data_same\xbd\hold\images\hurricane-matthew_00000046_post_disaster.png,D:\UNI\DLSS\satellite-disaster-damage-mapping\data_same\xbd\hold\labels\hurricane-matthew_00000046_post_disaster.json
hurricane-matthew_00000058,hurricane-matthew,hold,test_id,10,D:\UNI\DLSS\satellite-disaster-damage-mapping\data_same\xbd\hold\images\hurricane-matthew_00000058_pre_disaster.png,D:\UNI\DLSS\satellite-disaster-damage-mapping\data_same\xbd\hold\images\hurricane-matthew_00000058_post_disaster.png,D:\UNI\DLSS\satellite-disaster-damage-mapping\data_same\xbd\hold\labels\hurricane-matthew_00000058_post_disaster.json
hurricane-matthew_00000061,hurricane-matthew,hold,test_id,75,D:\UNI\DLSS\satellite-disaster-damage-mapping\data_same\xbd\hold\images\hurricane-matthew_00000061_pre_disaster.png,D:\UNI\DLSS\satellite-disaster-damage-mapping\data_same\xbd\hold\images\hurricane-matthew_00000061_post_disaster.png,D:\UNI\DLSS\satellite-disaster-damage-mapping\data_same\xbd\hold\labels\hurricane-matthew_00000061_post_disaster.json
hurricane-matthew_00000073,hurricane-matthew,hold,test_id,113,D:\UNI\DLSS\satellite-disaster-damage-mapping\data_same\xbd\hold\images\hurricane-matthew_00000073_pre_disaster.png,D:\UNI\DLSS\satellite-disaster-damage-mapping\data_same\xbd\hold\images\hurricane-matthew_00000073_post_disaster.png,D:\UNI\DLSS\satellite-disaster-damage-mapping\data_same\xbd\hold\labels\hurricane-matthew_00000073_post_disaster.json
hurricane-matthew_00000076,hurricane-matthew,test,test_id,7,D:\UNI\DLSS\satellite-disaster-damage-mapping\data_same\xbd\test\images\hurricane-matthew_00000076_pre_disaster.png,D:\UNI\DLSS\satellite-disaster-damage-mapping\data_same\xbd\test\images\hurricane-matthew_00000076_post_disaster.png,D:\UNI\DLSS\satellite-disaster-damage-mapping\data_same\xbd\test\labels\hurricane-matthew_00000076_post_disaster.json
hurricane-matthew_00000091,hurricane-matthew,hold,test_id,20,D:\UNI\DLSS\satellite-disaster-damage-mapping\data_same\xbd\hold\images\hurricane-matthew_00000091_pre_disaster.png,D:\UNI\DLSS\satellite-disaster-damage-mapping\data_same\xbd\hold\images\hurricane-matthew_00000091_post_disaster.png,D:\UNI\DLSS\satellite-disaster-damage-mapping\data_same\xbd\hold\labels\hurricane-matthew_00000091_post_disaster.json
hurricane-matthew_00000107,hurricane-matthew,hold,test_id,181,D:\UNI\DLSS\satellite-disaster-damage-mapping\data_same\xbd\hold\images\hurricane-matthew_00000107_pre_disaster.png,D:\UNI\DLSS\satellite-disaster-damage-mapping\data_same\xbd\hold\images\hurricane-matthew_00000107_post_disaster.png,D:\UNI\DLSS\satellite-disaster-damage-mapping\data_same\xbd\hold\labels\hurricane-matthew_00000107_post_disaster.json
hurricane-matthew_00000112,hurricane-matthew,test,test_id,24,D:\UNI\DLSS\satellite-disaster-damage-mapping\data_same\xbd\test\images\hurricane-matthew_00000112_pre_disaster.png,D:\UNI\DLSS\satellite-disaster-damage-mapping\data_same\xbd\test\images\hurricane-matthew_00000112_post_disaster.png,D:\UNI\DLSS\satellite-disaster-damage-mapping\data_same\xbd\test\labels\hurricane-matthew_00000112_post_disaster.json
hurricane-matthew_00000113,hurricane-matthew,test,test_id,15,D:\UNI\DLSS\satellite-disaster-damage-mapping\data_same\xbd\test\images\hurricane-matthew_00000113_pre_disaster.png,D:\UNI\DLSS\satellite-disaster-damage-mapping\data_same\xbd\test\images\hurricane-matthew_00000113_post_disaster.png,D:\UNI\DLSS\satellite-disaster-damage-mapping\data_same\xbd\test\labels\hurricane-matthew_00000113_post_disaster.json
hurricane-matthew_00000118,hurricane-matthew,test,test_id,33,D:\UNI\DLSS\satellite-disaster-damage-mapping\data_same\xbd\test\images\hurricane-matthew_00000118_pre_disaster.png,D:\UNI\DLSS\satellite-disaster-damage-mapping\data_same\xbd\test\images\hurricane-matthew_00000118_post_disaster.png,D:\UNI\DLSS\satellite-disaster-damage-mapping\data_same\xbd\test\labels\hurricane-matthew_00000118_post_disaster.json
hurricane-matthew_00000123,hurricane-matthew,hold,test_id,70,D:\UNI\DLSS\satellite-disaster-damage-mapping\data_same\xbd\hold\images\hurricane-matthew_00000123_pre_disaster.png,D:\UNI\DLSS\satellite-disaster-damage-mapping\data_same\xbd\hold\images\hurricane-matthew_00000123_post_disaster.png,D:\UNI\DLSS\satellite-disaster-damage-mapping\data_same\xbd\hold\labels\hurricane-matthew_00000123_post_disaster.json
hurricane-matthew_00000124,hurricane-matthew,hold,test_id,119,D:\UNI\DLSS\satellite-disaster-damage-mapping\data_same\xbd\hold\images\hurricane-matthew_00000124_pre_disaster.png,D:\UNI\DLSS\satellite-disaster-damage-mapping\data_same\xbd\hold\images\hurricane-matthew_00000124_post_disaster.png,D:\UNI\DLSS\satellite-disaster-damage-mapping\data_same\xbd\hold\labels\hurricane-matthew_00000124_post_disaster.json
hurricane-matthew_00000144,hurricane-matthew,hold,test_id,7,D:\UNI\DLSS\satellite-disaster-damage-mapping\data_same\xbd\hold\images\hurricane-matthew_00000144_pre_disaster.png,D:\UNI\DLSS\satellite-disaster-damage-mapping\data_same\xbd\hold\images\hurricane-matthew_00000144_post_disaster.png,D:\UNI\DLSS\satellite-disaster-damage-mapping\data_same\xbd\hold\labels\hurricane-matthew_00000144_post_disaster.json
hurricane-matthew_00000157,hurricane-matthew,hold,test_id,20,D:\UNI\DLSS\satellite-disaster-damage-mapping\data_same\xbd\hold\images\hurricane-matthew_00000157_pre_disaster.png,D:\UNI\DLSS\satellite-disaster-damage-mapping\data_same\xbd\hold\images\hurricane-matthew_00000157_post_disaster.png,D:\UNI\DLSS\satellite-disaster-damage-mapping\data_same\xbd\hold\labels\hurricane-matthew_00000157_post_disaster.json
hurricane-matthew_00000160,hurricane-matthew,test,test_id,18,D:\UNI\DLSS\satellite-disaster-damage-mapping\data_same\xbd\test\images\hurricane-matthew_00000160_pre_disaster.png,D:\UNI\DLSS\satellite-disaster-damage-mapping\data_same\xbd\test\images\hurricane-matthew_00000160_post_disaster.png,D:\UNI\DLSS\satellite-disaster-damage-mapping\data_same\xbd\test\labels\hurricane-matthew_00000160_post_disaster.json
hurricane-matthew_00000177,hurricane-matthew,test,test_id,5,D:\UNI\DLSS\satellite-disaster-damage-mapping\data_same\xbd\test\images\hurricane-matthew_00000177_pre_disaster.png,D:\UNI\DLSS\satellite-disaster-damage-mapping\data_same\xbd\test\images\hurricane-matthew_00000177_post_disaster.png,D:\UNI\DLSS\satellite-disaster-damage-mapping\data_same\xbd\test\labels\hurricane-matthew_00000177_post_disaster.json
hurricane-matthew_00000189,hurricane-matthew,test,test_id,24,D:\UNI\DLSS\satellite-disaster-damage-mapping\data_same\xbd\test\images\hurricane-matthew_00000189_pre_disaster.png,D:\UNI\DLSS\satellite-disaster-damage-mapping\data_same\xbd\test\images\hurricane-matthew_00000189_post_disaster.png,D:\UNI\DLSS\satellite-disaster-damage-mapping\data_same\xbd\test\labels\hurricane-matthew_00000189_post_disaster.json
hurricane-matthew_00000194,hurricane-matthew,hold,test_id,16,D:\UNI\DLSS\satellite-disaster-damage-mapping\data_same\xbd\hold\images\hurricane-matthew_00000194_pre_disaster.png,D:\UNI\DLSS\satellite-disaster-damage-mapping\data_same\xbd\hold\images\hurricane-matthew_00000194_post_disaster.png,D:\UNI\DLSS\satellite-disaster-damage-mapping\data_same\xbd\hold\labels\hurricane-matthew_00000194_post_disaster.json
hurricane-matthew_00000199,hurricane-matthew,hold,test_id,10,D:\UNI\DLSS\satellite-disaster-damage-mapping\data_same\xbd\hold\images\hurricane-matthew_00000199_pre_disaster.png,D:\UNI\DLSS\satellite-disaster-damage-mapping\data_same\xbd\hold\images\hurricane-matthew_00000199_post_disaster.png,D:\UNI\DLSS\satellite-disaster-damage-mapping\data_same\xbd\hold\labels\hurricane-matthew_00000199_post_disaster.json
hurricane-matthew_00000210,hurricane-matthew,test,test_id,12,D:\UNI\DLSS\satellite-disaster-damage-mapping\data_same\xbd\test\images\hurricane-matthew_00000210_pre_disaster.png,D:\UNI\DLSS\satellite-disaster-damage-mapping\data_same\xbd\test\images\hurricane-matthew_00000210_post_disaster.png,D:\UNI\DLSS\satellite-disaster-damage-mapping\data_same\xbd\test\labels\hurricane-matthew_00000210_post_disaster.json
hurricane-matthew_00000214,hurricane-matthew,hold,test_id,17,D:\UNI\DLSS\satellite-disaster-damage-mapping\data_same\xbd\hold\images\hurricane-matthew_00000214_pre_disaster.png,D:\UNI\DLSS\satellite-disaster-damage-mapping\data_same\xbd\hold\images\hurricane-matthew_00000214_post_disaster.png,D:\UNI\DLSS\satellite-disaster-damage-mapping\data_same\xbd\hold\labels\hurricane-matthew_00000214_post_disaster.json
hurricane-matthew_00000220,hurricane-matthew,hold,test_id,19,D:\UNI\DLSS\satellite-disaster-damage-mapping\data_same\xbd\hold\images\hurricane-matthew_00000220_pre_disaster.png,D:\UNI\DLSS\satellite-disaster-damage-mapping\data_same\xbd\hold\images\hurricane-matthew_00000220_post_disaster.png,D:\UNI\DLSS\satellite-disaster-damage-mapping\data_same\xbd\hold\labels\hurricane-matthew_00000220_post_disaster.json
hurricane-matthew_00000227,hurricane-matthew,test,test_id,7,D:\UNI\DLSS\satellite-disaster-damage-mapping\data_same\xbd\test\images\hurricane-matthew_00000227_pre_disaster.png,D:\UNI\DLSS\satellite-disaster-damage-mapping\data_same\xbd\test\images\hurricane-matthew_00000227_post_disaster.png,D:\UNI\DLSS\satellite-disaster-damage-mapping\data_same\xbd\test\labels\hurricane-matthew_00000227_post_disaster.json
hurricane-matthew_00000240,hurricane-matthew,hold,test_id,9,D:\UNI\DLSS\satellite-disaster-damage-mapping\data_same\xbd\hold\images\hurricane-matthew_00000240_pre_disaster.png,D:\UNI\DLSS\satellite-disaster-damage-mapping\data_same\xbd\hold\images\hurricane-matthew_00000240_post_disaster.png,D:\UNI\DLSS\satellite-disaster-damage-mapping\data_same\xbd\hold\labels\hurricane-matthew_00000240_post_disaster.json
hurricane-matthew_00000247,hurricane-matthew,hold,test_id,43,D:\UNI\DLSS\satellite-disaster-damage-mapping\data_same\xbd\hold\images\hurricane-matthew_00000247_pre_disaster.png,D:\UNI\DLSS\satellite-disaster-damage-mapping\data_same\xbd\hold\images\hurricane-matthew_00000247_post_disaster.png,D:\UNI\DLSS\satellite-disaster-damage-mapping\data_same\xbd\hold\labels\hurricane-matthew_00000247_post_disaster.json
hurricane-matthew_00000254,hurricane-matthew,hold,test_id,47,D:\UNI\DLSS\satellite-disaster-damage-mapping\data_same\xbd\hold\images\hurricane-matthew_00000254_pre_disaster.png,D:\UNI\DLSS\satellite-disaster-damage-mapping\data_same\xbd\hold\images\hurricane-matthew_00000254_post_disaster.png,D:\UNI\DLSS\satellite-disaster-damage-mapping\data_same\xbd\hold\labels\hurricane-matthew_00000254_post_disaster.json
hurricane-matthew_00000298,hurricane-matthew,test,test_id,15,D:\UNI\DLSS\satellite-disaster-damage-mapping\data_same\xbd\test\images\hurricane-matthew_00000298_pre_disaster.png,D:\UNI\DLSS\satellite-disaster-damage-mapping\data_same\xbd\test\images\hurricane-matthew_00000298_post_disaster.png,D:\UNI\DLSS\satellite-disaster-damage-mapping\data_same\xbd\test\labels\hurricane-matthew_00000298_post_disaster.json
hurricane-matthew_00000308,hurricane-matthew,hold,test_id,29,D:\UNI\DLSS\satellite-disaster-damage-mapping\data_same\xbd\hold\images\hurricane-matthew_00000308_pre_disaster.png,D:\UNI\DLSS\satellite-disaster-damage-mapping\data_same\xbd\hold\images\hurricane-matthew_00000308_post_disaster.png,D:\UNI\DLSS\satellite-disaster-damage-mapping\data_same\xbd\hold\labels\hurricane-matthew_00000308_post_disaster.json
hurricane-matthew_00000309,hurricane-matthew,hold,test_id,17,D:\UNI\DLSS\satellite-disaster-damage-mapping\data_same\xbd\hold\images\hurricane-matthew_00000309_pre_disaster.png,D:\UNI\DLSS\satellite-disaster-damage-mapping\data_same\xbd\hold\images\hurricane-matthew_00000309_post_disaster.png,D:\UNI\DLSS\satellite-disaster-damage-mapping\data_same\xbd\hold\labels\hurricane-matthew_00000309_post_disaster.json
hurricane-matthew_00000323,hurricane-matthew,hold,test_id,6,D:\UNI\DLSS\satellite-disaster-damage-mapping\data_same\xbd\hold\images\hurricane-matthew_00000323_pre_disaster.png,D:\UNI\DLSS\satellite-disaster-damage-mapping\data_same\xbd\hold\images\hurricane-matthew_00000323_post_disaster.png,D:\UNI\DLSS\satellite-disaster-damage-mapping\data_same\xbd\hold\labels\hurricane-matthew_00000323_post_disaster.json
hurricane-matthew_00000324,hurricane-matthew,test,test_id,14,D:\UNI\DLSS\satellite-disaster-damage-mapping\data_same\xbd\test\images\hurricane-matthew_00000324_pre_disaster.png,D:\UNI\DLSS\satellite-disaster-damage-mapping\data_same\xbd\test\images\hurricane-matthew_00000324_post_disaster.png,D:\UNI\DLSS\satellite-disaster-damage-mapping\data_same\xbd\test\labels\hurricane-matthew_00000324_post_disaster.json
hurricane-matthew_00000342,hurricane-matthew,hold,test_id,10,D:\UNI\DLSS\satellite-disaster-damage-mapping\data_same\xbd\hold\images\hurricane-matthew_00000342_pre_disaster.png,D:\UNI\DLSS\satellite-disaster-damage-mapping\data_same\xbd\hold\images\hurricane-matthew_00000342_post_disaster.png,D:\UNI\DLSS\satellite-disaster-damage-mapping\data_same\xbd\hold\labels\hurricane-matthew_00000342_post_disaster.json
hurricane-matthew_00000344,hurricane-matthew,hold,test_id,18,D:\UNI\DLSS\satellite-disaster-damage-mapping\data_same\xbd\hold\images\hurricane-matthew_00000344_pre_disaster.png,D:\UNI\DLSS\satellite-disaster-damage-mapping\data_same\xbd\hold\images\hurricane-matthew_00000344_post_disaster.png,D:\UNI\DLSS\satellite-disaster-damage-mapping\data_same\xbd\hold\labels\hurricane-matthew_00000344_post_disaster.json
hurricane-matthew_00000359,hurricane-matthew,hold,test_id,11,D:\UNI\DLSS\satellite-disaster-damage-mapping\data_same\xbd\hold\images\hurricane-matthew_00000359_pre_disaster.png,D:\UNI\DLSS\satellite-disaster-damage-mapping\data_same\xbd\hold\images\hurricane-matthew_00000359_post_disaster.png,D:\UNI\DLSS\satellite-disaster-damage-mapping\data_same\xbd\hold\labels\hurricane-matthew_00000359_post_disaster.json
hurricane-matthew_00000371,hurricane-matthew,hold,test_id,13,D:\UNI\DLSS\satellite-disaster-damage-mapping\data_same\xbd\hold\images\hurricane-matthew_00000371_pre_disaster.png,D:\UNI\DLSS\satellite-disaster-damage-mapping\data_same\xbd\hold\images\hurricane-matthew_00000371_post_disaster.png,D:\UNI\DLSS\satellite-disaster-damage-mapping\data_same\xbd\hold\labels\hurricane-matthew_00000371_post_disaster.json
hurricane-matthew_00000374,hurricane-matthew,hold,test_id,18,D:\UNI\DLSS\satellite-disaster-damage-mapping\data_same\xbd\hold\images\hurricane-matthew_00000374_pre_disaster.png,D:\UNI\DLSS\satellite-disaster-damage-mapping\data_same\xbd\hold\images\hurricane-matthew_00000374_post_disaster.png,D:\UNI\DLSS\satellite-disaster-damage-mapping\data_same\xbd\hold\labels\hurricane-matthew_00000374_post_disaster.json
hurricane-matthew_00000383,hurricane-matthew,test,test_id,56,D:\UNI\DLSS\satellite-disaster-damage-mapping\data_same\xbd\test\images\hurricane-matthew_00000383_pre_disaster.png,D:\UNI\DLSS\satellite-disaster-damage-mapping\data_same\xbd\test\images\hurricane-matthew_00000383_post_disaster.png,D:\UNI\DLSS\satellite-disaster-damage-mapping\data_same\xbd\test\labels\hurricane-matthew_00000383_post_disaster.json
hurricane-michael_00000019,hurricane-michael,test,test_id,19,D:\UNI\DLSS\satellite-disaster-damage-mapping\data_same\xbd\test\images\hurricane-michael_00000019_pre_disaster.png,D:\UNI\DLSS\satellite-disaster-damage-mapping\data_same\xbd\test\images\hurricane-michael_00000019_post_disaster.png,D:\UNI\DLSS\satellite-disaster-damage-mapping\data_same\xbd\test\labels\hurricane-michael_00000019_post_disaster.json
hurricane-michael_00000032,hurricane-michael,test,test_id,19,D:\UNI\DLSS\satellite-disaster-damage-mapping\data_same\xbd\test\images\hurricane-michael_00000032_pre_disaster.png,D:\UNI\DLSS\satellite-disaster-damage-mapping\data_same\xbd\test\images\hurricane-michael_00000032_post_disaster.png,D:\UNI\DLSS\satellite-disaster-damage-mapping\data_same\xbd\test\labels\hurricane-michael_00000032_post_disaster.json
hurricane-michael_00000042,hurricane-michael,test,test_id,125,D:\UNI\DLSS\satellite-disaster-damage-mapping\data_same\xbd\test\images\hurricane-michael_00000042_pre_disaster.png,D:\UNI\DLSS\satellite-disaster-damage-mapping\data_same\xbd\test\images\hurricane-michael_00000042_post_disaster.png,D:\UNI\DLSS\satellite-disaster-damage-mapping\data_same\xbd\test\labels\hurricane-michael_00000042_post_disaster.json
hurricane-michael_00000063,hurricane-michael,hold,test_id,85,D:\UNI\DLSS\satellite-disaster-damage-mapping\data_same\xbd\hold\images\hurricane-michael_00000063_pre_disaster.png,D:\UNI\DLSS\satellite-disaster-damage-mapping\data_same\xbd\hold\images\hurricane-michael_00000063_post_disaster.png,D:\UNI\DLSS\satellite-disaster-damage-mapping\data_same\xbd\hold\labels\hurricane-michael_00000063_post_disaster.json
hurricane-michael_00000064,hurricane-michael,hold,test_id,62,D:\UNI\DLSS\satellite-disaster-damage-mapping\data_same\xbd\hold\images\hurricane-michael_00000064_pre_disaster.png,D:\UNI\DLSS\satellite-disaster-damage-mapping\data_same\xbd\hold\images\hurricane-michael_00000064_post_disaster.png,D:\UNI\DLSS\satellite-disaster-damage-mapping\data_same\xbd\hold\labels\hurricane-michael_00000064_post_disaster.json
hurricane-michael_00000069,hurricane-michael,test,test_id,87,D:\UNI\DLSS\satellite-disaster-damage-mapping\data_same\xbd\test\images\hurricane-michael_00000069_pre_disaster.png,D:\UNI\DLSS\satellite-disaster-damage-mapping\data_same\xbd\test\images\hurricane-michael_00000069_post_disaster.png,D:\UNI\DLSS\satellite-disaster-damage-mapping\data_same\xbd\test\labels\hurricane-michael_00000069_post_disaster.json
hurricane-michael_00000071,hurricane-michael,test,test_id,21,D:\UNI\DLSS\satellite-disaster-damage-mapping\data_same\xbd\test\images\hurricane-michael_00000071_pre_disaster.png,D:\UNI\DLSS\satellite-disaster-damage-mapping\data_same\xbd\test\images\hurricane-michael_00000071_post_disaster.png,D:\UNI\DLSS\satellite-disaster-damage-mapping\data_same\xbd\test\labels\hurricane-michael_00000071_post_disaster.json
hurricane-michael_00000082,hurricane-michael,test,test_id,85,D:\UNI\DLSS\satellite-disaster-damage-mapping\data_same\xbd\test\images\hurricane-michael_00000082_pre_disaster.png,D:\UNI\DLSS\satellite-disaster-damage-mapping\data_same\xbd\test\images\hurricane-michael_00000082_post_disaster.png,D:\UNI\DLSS\satellite-disaster-damage-mapping\data_same\xbd\test\labels\hurricane-michael_00000082_post_disaster.json
hurricane-michael_00000086,hurricane-michael,hold,test_id,6,D:\UNI\DLSS\satellite-disaster-damage-mapping\data_same\xbd\hold\images\hurricane-michael_00000086_pre_disaster.png,D:\UNI\DLSS\satellite-disaster-damage-mapping\data_same\xbd\hold\images\hurricane-michael_00000086_post_disaster.png,D:\UNI\DLSS\satellite-disaster-damage-mapping\data_same\xbd\hold\labels\hurricane-michael_00000086_post_disaster.json
hurricane-michael_00000105,hurricane-michael,test,test_id,8,D:\UNI\DLSS\satellite-disaster-damage-mapping\data_same\xbd\test\images\hurricane-michael_00000105_pre_disaster.png,D:\UNI\DLSS\satellite-disaster-damage-mapping\data_same\xbd\test\images\hurricane-michael_00000105_post_disaster.png,D:\UNI\DLSS\satellite-disaster-damage-mapping\data_same\xbd\test\labels\hurricane-michael_00000105_post_disaster.json
hurricane-michael_00000107,hurricane-michael,test,test_id,39,D:\UNI\DLSS\satellite-disaster-damage-mapping\data_same\xbd\test\images\hurricane-michael_00000107_pre_disaster.png,D:\UNI\DLSS\satellite-disaster-damage-mapping\data_same\xbd\test\images\hurricane-michael_00000107_post_disaster.png,D:\UNI\DLSS\satellite-disaster-damage-mapping\data_same\xbd\test\labels\hurricane-michael_00000107_post_disaster.json
hurricane-michael_00000111,hurricane-michael,hold,test_id,24,D:\UNI\DLSS\satellite-disaster-damage-mapping\data_same\xbd\hold\images\hurricane-michael_00000111_pre_disaster.png,D:\UNI\DLSS\satellite-disaster-damage-mapping\data_same\xbd\hold\images\hurricane-michael_00000111_post_disaster.png,D:\UNI\DLSS\satellite-disaster-damage-mapping\data_same\xbd\hold\labels\hurricane-michael_00000111_post_disaster.json
hurricane-michael_00000117,hurricane-michael,hold,test_id,35,D:\UNI\DLSS\satellite-disaster-damage-mapping\data_same\xbd\hold\images\hurricane-michael_00000117_pre_disaster.png,D:\UNI\DLSS\satellite-disaster-damage-mapping\data_same\xbd\hold\images\hurricane-michael_00000117_post_disaster.png,D:\UNI\DLSS\satellite-disaster-damage-mapping\data_same\xbd\hold\labels\hurricane-michael_00000117_post_disaster.json
hurricane-michael_00000126,hurricane-michael,hold,test_id,15,D:\UNI\DLSS\satellite-disaster-damage-mapping\data_same\xbd\hold\images\hurricane-michael_00000126_pre_disaster.png,D:\UNI\DLSS\satellite-disaster-damage-mapping\data_same\xbd\hold\images\hurricane-michael_00000126_post_disaster.png,D:\UNI\DLSS\satellite-disaster-damage-mapping\data_same\xbd\hold\labels\hurricane-michael_00000126_post_disaster.json
hurricane-michael_00000129,hurricane-michael,test,test_id,120,D:\UNI\DLSS\satellite-disaster-damage-mapping\data_same\xbd\test\images\hurricane-michael_00000129_pre_disaster.png,D:\UNI\DLSS\satellite-disaster-damage-mapping\data_same\xbd\test\images\hurricane-michael_00000129_post_disaster.png,D:\UNI\DLSS\satellite-disaster-damage-mapping\data_same\xbd\test\labels\hurricane-michael_00000129_post_disaster.json
hurricane-michael_00000131,hurricane-michael,hold,test_id,8,D:\UNI\DLSS\satellite-disaster-damage-mapping\data_same\xbd\hold\images\hurricane-michael_00000131_pre_disaster.png,D:\UNI\DLSS\satellite-disaster-damage-mapping\data_same\xbd\hold\images\hurricane-michael_00000131_post_disaster.png,D:\UNI\DLSS\satellite-disaster-damage-mapping\data_same\xbd\hold\labels\hurricane-michael_00000131_post_disaster.json
hurricane-michael_00000139,hurricane-michael,test,test_id,5,D:\UNI\DLSS\satellite-disaster-damage-mapping\data_same\xbd\test\images\hurricane-michael_00000139_pre_disaster.png,D:\UNI\DLSS\satellite-disaster-damage-mapping\data_same\xbd\test\images\hurricane-michael_00000139_post_disaster.png,D:\UNI\DLSS\satellite-disaster-damage-mapping\data_same\xbd\test\labels\hurricane-michael_00000139_post_disaster.json
hurricane-michael_00000140,hurricane-michael,hold,test_id,80,D:\UNI\DLSS\satellite-disaster-damage-mapping\data_same\xbd\hold\images\hurricane-michael_00000140_pre_disaster.png,D:\UNI\DLSS\satellite-disaster-damage-mapping\data_same\xbd\hold\images\hurricane-michael_00000140_post_disaster.png,D:\UNI\DLSS\satellite-disaster-damage-mapping\data_same\xbd\hold\labels\hurricane-michael_00000140_post_disaster.json
hurricane-michael_00000163,hurricane-michael,test,test_id,98,D:\UNI\DLSS\satellite-disaster-damage-mapping\data_same\xbd\test\images\hurricane-michael_00000163_pre_disaster.png,D:\UNI\DLSS\satellite-disaster-damage-mapping\data_same\xbd\test\images\hurricane-michael_00000163_post_disaster.png,D:\UNI\DLSS\satellite-disaster-damage-mapping\data_same\xbd\test\labels\hurricane-michael_00000163_post_disaster.json
hurricane-michael_00000171,hurricane-michael,hold,test_id,83,D:\UNI\DLSS\satellite-disaster-damage-mapping\data_same\xbd\hold\images\hurricane-michael_00000171_pre_disaster.png,D:\UNI\DLSS\satellite-disaster-damage-mapping\data_same\xbd\hold\images\hurricane-michael_00000171_post_disaster.png,D:\UNI\DLSS\satellite-disaster-damage-mapping\data_same\xbd\hold\labels\hurricane-michael_00000171_post_disaster.json
hurricane-michael_00000173,hurricane-michael,hold,test_id,124,D:\UNI\DLSS\satellite-disaster-damage-mapping\data_same\xbd\hold\images\hurricane-michael_00000173_pre_disaster.png,D:\UNI\DLSS\satellite-disaster-damage-mapping\data_same\xbd\hold\images\hurricane-michael_00000173_post_disaster.png,D:\UNI\DLSS\satellite-disaster-damage-mapping\data_same\xbd\hold\labels\hurricane-michael_00000173_post_disaster.json
hurricane-michael_00000182,hurricane-michael,test,test_id,92,D:\UNI\DLSS\satellite-disaster-damage-mapping\data_same\xbd\test\images\hurricane-michael_00000182_pre_disaster.png,D:\UNI\DLSS\satellite-disaster-damage-mapping\data_same\xbd\test\images\hurricane-michael_00000182_post_disaster.png,D:\UNI\DLSS\satellite-disaster-damage-mapping\data_same\xbd\test\labels\hurricane-michael_00000182_post_disaster.json
hurricane-michael_00000193,hurricane-michael,test,test_id,31,D:\UNI\DLSS\satellite-disaster-damage-mapping\data_same\xbd\test\images\hurricane-michael_00000193_pre_disaster.png,D:\UNI\DLSS\satellite-disaster-damage-mapping\data_same\xbd\test\images\hurricane-michael_00000193_post_disaster.png,D:\UNI\DLSS\satellite-disaster-damage-mapping\data_same\xbd\test\labels\hurricane-michael_00000193_post_disaster.json
hurricane-michael_00000194,hurricane-michael,hold,test_id,98,D:\UNI\DLSS\satellite-disaster-damage-mapping\data_same\xbd\hold\images\hurricane-michael_00000194_pre_disaster.png,D:\UNI\DLSS\satellite-disaster-damage-mapping\data_same\xbd\hold\images\hurricane-michael_00000194_post_disaster.png,D:\UNI\DLSS\satellite-disaster-damage-mapping\data_same\xbd\hold\labels\hurricane-michael_00000194_post_disaster.json
hurricane-michael_00000197,hurricane-michael,test,test_id,75,D:\UNI\DLSS\satellite-disaster-damage-mapping\data_same\xbd\test\images\hurricane-michael_00000197_pre_disaster.png,D:\UNI\DLSS\satellite-disaster-damage-mapping\data_same\xbd\test\images\hurricane-michael_00000197_post_disaster.png,D:\UNI\DLSS\satellite-disaster-damage-mapping\data_same\xbd\test\labels\hurricane-michael_00000197_post_disaster.json
hurricane-michael_00000198,hurricane-michael,test,test_id,75,D:\UNI\DLSS\satellite-disaster-damage-mapping\data_same\xbd\test\images\hurricane-michael_00000198_pre_disaster.png,D:\UNI\DLSS\satellite-disaster-damage-mapping\data_same\xbd\test\images\hurricane-michael_00000198_post_disaster.png,D:\UNI\DLSS\satellite-disaster-damage-mapping\data_same\xbd\test\labels\hurricane-michael_00000198_post_disaster.json
hurricane-michael_00000201,hurricane-michael,hold,test_id,68,D:\UNI\DLSS\satellite-disaster-damage-mapping\data_same\xbd\hold\images\hurricane-michael_00000201_pre_disaster.png,D:\UNI\DLSS\satellite-disaster-damage-mapping\data_same\xbd\hold\images\hurricane-michael_00000201_post_disaster.png,D:\UNI\DLSS\satellite-disaster-damage-mapping\data_same\xbd\hold\labels\hurricane-michael_00000201_post_disaster.json
hurricane-michael_00000221,hurricane-michael,hold,test_id,37,D:\UNI\DLSS\satellite-disaster-damage-mapping\data_same\xbd\hold\images\hurricane-michael_00000221_pre_disaster.png,D:\UNI\DLSS\satellite-disaster-damage-mapping\data_same\xbd\hold\images\hurricane-michael_00000221_post_disaster.png,D:\UNI\DLSS\satellite-disaster-damage-mapping\data_same\xbd\hold\labels\hurricane-michael_00000221_post_disaster.json
hurricane-michael_00000223,hurricane-michael,hold,test_id,85,D:\UNI\DLSS\satellite-disaster-damage-mapping\data_same\xbd\hold\images\hurricane-michael_00000223_pre_disaster.png,D:\UNI\DLSS\satellite-disaster-damage-mapping\data_same\xbd\hold\images\hurricane-michael_00000223_post_disaster.png,D:\UNI\DLSS\satellite-disaster-damage-mapping\data_same\xbd\hold\labels\hurricane-michael_00000223_post_disaster.json
hurricane-michael_00000237,hurricane-michael,hold,test_id,129,D:\UNI\DLSS\satellite-disaster-damage-mapping\data_same\xbd\hold\images\hurricane-michael_00000237_pre_disaster.png,D:\UNI\DLSS\satellite-disaster-damage-mapping\data_same\xbd\hold\images\hurricane-michael_00000237_post_disaster.png,D:\UNI\DLSS\satellite-disaster-damage-mapping\data_same\xbd\hold\labels\hurricane-michael_00000237_post_disaster.json
hurricane-michael_00000254,hurricane-michael,test,test_id,87,D:\UNI\DLSS\satellite-disaster-damage-mapping\data_same\xbd\test\images\hurricane-michael_00000254_pre_disaster.png,D:\UNI\DLSS\satellite-disaster-damage-mapping\data_same\xbd\test\images\hurricane-michael_00000254_post_disaster.png,D:\UNI\DLSS\satellite-disaster-damage-mapping\data_same\xbd\test\labels\hurricane-michael_00000254_post_disaster.json
hurricane-michael_00000264,hurricane-michael,test,test_id,160,D:\UNI\DLSS\satellite-disaster-damage-mapping\data_same\xbd\test\images\hurricane-michael_00000264_pre_disaster.png,D:\UNI\DLSS\satellite-disaster-damage-mapping\data_same\xbd\test\images\hurricane-michael_00000264_post_disaster.png,D:\UNI\DLSS\satellite-disaster-damage-mapping\data_same\xbd\test\labels\hurricane-michael_00000264_post_disaster.json
hurricane-michael_00000280,hurricane-michael,hold,test_id,55,D:\UNI\DLSS\satellite-disaster-damage-mapping\data_same\xbd\hold\images\hurricane-michael_00000280_pre_disaster.png,D:\UNI\DLSS\satellite-disaster-damage-mapping\data_same\xbd\hold\images\hurricane-michael_00000280_post_disaster.png,D:\UNI\DLSS\satellite-disaster-damage-mapping\data_same\xbd\hold\labels\hurricane-michael_00000280_post_disaster.json
hurricane-michael_00000282,hurricane-michael,hold,test_id,41,D:\UNI\DLSS\satellite-disaster-damage-mapping\data_same\xbd\hold\images\hurricane-michael_00000282_pre_disaster.png,D:\UNI\DLSS\satellite-disaster-damage-mapping\data_same\xbd\hold\images\hurricane-michael_00000282_post_disaster.png,D:\UNI\DLSS\satellite-disaster-damage-mapping\data_same\xbd\hold\labels\hurricane-michael_00000282_post_disaster.json
hurricane-michael_00000288,hurricane-michael,hold,test_id,45,D:\UNI\DLSS\satellite-disaster-damage-mapping\data_same\xbd\hold\images\hurricane-michael_00000288_pre_disaster.png,D:\UNI\DLSS\satellite-disaster-damage-mapping\data_same\xbd\hold\images\hurricane-michael_00000288_post_disaster.png,D:\UNI\DLSS\satellite-disaster-damage-mapping\data_same\xbd\hold\labels\hurricane-michael_00000288_post_disaster.json
hurricane-michael_00000317,hurricane-michael,hold,test_id,173,D:\UNI\DLSS\satellite-disaster-damage-mapping\data_same\xbd\hold\images\hurricane-michael_00000317_pre_disaster.png,D:\UNI\DLSS\satellite-disaster-damage-mapping\data_same\xbd\hold\images\hurricane-michael_00000317_post_disaster.png,D:\UNI\DLSS\satellite-disaster-damage-mapping\data_same\xbd\hold\labels\hurricane-michael_00000317_post_disaster.json
hurricane-michael_00000332,hurricane-michael,hold,test_id,14,D:\UNI\DLSS\satellite-disaster-damage-mapping\data_same\xbd\hold\images\hurricane-michael_00000332_pre_disaster.png,D:\UNI\DLSS\satellite-disaster-damage-mapping\data_same\xbd\hold\images\hurricane-michael_00000332_post_disaster.png,D:\UNI\DLSS\satellite-disaster-damage-mapping\data_same\xbd\hold\labels\hurricane-michael_00000332_post_disaster.json
hurricane-michael_00000336,hurricane-michael,hold,test_id,43,D:\UNI\DLSS\satellite-disaster-damage-mapping\data_same\xbd\hold\images\hurricane-michael_00000336_pre_disaster.png,D:\UNI\DLSS\satellite-disaster-damage-mapping\data_same\xbd\hold\images\hurricane-michael_00000336_post_disaster.png,D:\UNI\DLSS\satellite-disaster-damage-mapping\data_same\xbd\hold\labels\hurricane-michael_00000336_post_disaster.json
hurricane-michael_00000350,hurricane-michael,hold,test_id,69,D:\UNI\DLSS\satellite-disaster-damage-mapping\data_same\xbd\hold\images\hurricane-michael_00000350_pre_disaster.png,D:\UNI\DLSS\satellite-disaster-damage-mapping\data_same\xbd\hold\images\hurricane-michael_00000350_post_disaster.png,D:\UNI\DLSS\satellite-disaster-damage-mapping\data_same\xbd\hold\labels\hurricane-michael_00000350_post_disaster.json
hurricane-michael_00000368,hurricane-michael,test,test_id,95,D:\UNI\DLSS\satellite-disaster-damage-mapping\data_same\xbd\test\images\hurricane-michael_00000368_pre_disaster.png,D:\UNI\DLSS\satellite-disaster-damage-mapping\data_same\xbd\test\images\hurricane-michael_00000368_post_disaster.png,D:\UNI\DLSS\satellite-disaster-damage-mapping\data_same\xbd\test\labels\hurricane-michael_00000368_post_disaster.json
hurricane-michael_00000372,hurricane-michael,test,test_id,49,D:\UNI\DLSS\satellite-disaster-damage-mapping\data_same\xbd\test\images\hurricane-michael_00000372_pre_disaster.png,D:\UNI\DLSS\satellite-disaster-damage-mapping\data_same\xbd\test\images\hurricane-michael_00000372_post_disaster.png,D:\UNI\DLSS\satellite-disaster-damage-mapping\data_same\xbd\test\labels\hurricane-michael_00000372_post_disaster.json
hurricane-michael_00000374,hurricane-michael,hold,test_id,110,D:\UNI\DLSS\satellite-disaster-damage-mapping\data_same\xbd\hold\images\hurricane-michael_00000374_pre_disaster.png,D:\UNI\DLSS\satellite-disaster-damage-mapping\data_same\xbd\hold\images\hurricane-michael_00000374_post_disaster.png,D:\UNI\DLSS\satellite-disaster-damage-mapping\data_same\xbd\hold\labels\hurricane-michael_00000374_post_disaster.json
hurricane-michael_00000383,hurricane-michael,hold,test_id,127,D:\UNI\DLSS\satellite-disaster-damage-mapping\data_same\xbd\hold\images\hurricane-michael_00000383_pre_disaster.png,D:\UNI\DLSS\satellite-disaster-damage-mapping\data_same\xbd\hold\images\hurricane-michael_00000383_post_disaster.png,D:\UNI\DLSS\satellite-disaster-damage-mapping\data_same\xbd\hold\labels\hurricane-michael_00000383_post_disaster.json
hurricane-michael_00000394,hurricane-michael,hold,test_id,130,D:\UNI\DLSS\satellite-disaster-damage-mapping\data_same\xbd\hold\images\hurricane-michael_00000394_pre_disaster.png,D:\UNI\DLSS\satellite-disaster-damage-mapping\data_same\xbd\hold\images\hurricane-michael_00000394_post_disaster.png,D:\UNI\DLSS\satellite-disaster-damage-mapping\data_same\xbd\hold\labels\hurricane-michael_00000394_post_disaster.json
hurricane-michael_00000414,hurricane-michael,test,test_id,32,D:\UNI\DLSS\satellite-disaster-damage-mapping\data_same\xbd\test\images\hurricane-michael_00000414_pre_disaster.png,D:\UNI\DLSS\satellite-disaster-damage-mapping\data_same\xbd\test\images\hurricane-michael_00000414_post_disaster.png,D:\UNI\DLSS\satellite-disaster-damage-mapping\data_same\xbd\test\labels\hurricane-michael_00000414_post_disaster.json
hurricane-michael_00000420,hurricane-michael,test,test_id,69,D:\UNI\DLSS\satellite-disaster-damage-mapping\data_same\xbd\test\images\hurricane-michael_00000420_pre_disaster.png,D:\UNI\DLSS\satellite-disaster-damage-mapping\data_same\xbd\test\images\hurricane-michael_00000420_post_disaster.png,D:\UNI\DLSS\satellite-disaster-damage-mapping\data_same\xbd\test\labels\hurricane-michael_00000420_post_disaster.json
hurricane-michael_00000423,hurricane-michael,hold,test_id,21,D:\UNI\DLSS\satellite-disaster-damage-mapping\data_same\xbd\hold\images\hurricane-michael_00000423_pre_disaster.png,D:\UNI\DLSS\satellite-disaster-damage-mapping\data_same\xbd\hold\images\hurricane-michael_00000423_post_disaster.png,D:\UNI\DLSS\satellite-disaster-damage-mapping\data_same\xbd\hold\labels\hurricane-michael_00000423_post_disaster.json
hurricane-michael_00000437,hurricane-michael,test,test_id,71,D:\UNI\DLSS\satellite-disaster-damage-mapping\data_same\xbd\test\images\hurricane-michael_00000437_pre_disaster.png,D:\UNI\DLSS\satellite-disaster-damage-mapping\data_same\xbd\test\images\hurricane-michael_00000437_post_disaster.png,D:\UNI\DLSS\satellite-disaster-damage-mapping\data_same\xbd\test\labels\hurricane-michael_00000437_post_disaster.json
hurricane-michael_00000438,hurricane-michael,hold,test_id,122,D:\UNI\DLSS\satellite-disaster-damage-mapping\data_same\xbd\hold\images\hurricane-michael_00000438_pre_disaster.png,D:\UNI\DLSS\satellite-disaster-damage-mapping\data_same\xbd\hold\images\hurricane-michael_00000438_post_disaster.png,D:\UNI\DLSS\satellite-disaster-damage-mapping\data_same\xbd\hold\labels\hurricane-michael_00000438_post_disaster.json
hurricane-michael_00000445,hurricane-michael,hold,test_id,17,D:\UNI\DLSS\satellite-disaster-damage-mapping\data_same\xbd\hold\images\hurricane-michael_00000445_pre_disaster.png,D:\UNI\DLSS\satellite-disaster-damage-mapping\data_same\xbd\hold\images\hurricane-michael_00000445_post_disaster.png,D:\UNI\DLSS\satellite-disaster-damage-mapping\data_same\xbd\hold\labels\hurricane-michael_00000445_post_disaster.json
hurricane-michael_00000448,hurricane-michael,hold,test_id,159,D:\UNI\DLSS\satellite-disaster-damage-mapping\data_same\xbd\hold\images\hurricane-michael_00000448_pre_disaster.png,D:\UNI\DLSS\satellite-disaster-damage-mapping\data_same\xbd\hold\images\hurricane-michael_00000448_post_disaster.png,D:\UNI\DLSS\satellite-disaster-damage-mapping\data_same\xbd\hold\labels\hurricane-michael_00000448_post_disaster.json
hurricane-michael_00000457,hurricane-michael,hold,test_id,135,D:\UNI\DLSS\satellite-disaster-damage-mapping\data_same\xbd\hold\images\hurricane-michael_00000457_pre_disaster.png,D:\UNI\DLSS\satellite-disaster-damage-mapping\data_same\xbd\hold\images\hurricane-michael_00000457_post_disaster.png,D:\UNI\DLSS\satellite-disaster-damage-mapping\data_same\xbd\hold\labels\hurricane-michael_00000457_post_disaster.json
hurricane-michael_00000459,hurricane-michael,test,test_id,96,D:\UNI\DLSS\satellite-disaster-damage-mapping\data_same\xbd\test\images\hurricane-michael_00000459_pre_disaster.png,D:\UNI\DLSS\satellite-disaster-damage-mapping\data_same\xbd\test\images\hurricane-michael_00000459_post_disaster.png,D:\UNI\DLSS\satellite-disaster-damage-mapping\data_same\xbd\test\labels\hurricane-michael_00000459_post_disaster.json
hurricane-michael_00000468,hurricane-michael,test,test_id,107,D:\UNI\DLSS\satellite-disaster-damage-mapping\data_same\xbd\test\images\hurricane-michael_00000468_pre_disaster.png,D:\UNI\DLSS\satellite-disaster-damage-mapping\data_same\xbd\test\images\hurricane-michael_00000468_post_disaster.png,D:\UNI\DLSS\satellite-disaster-damage-mapping\data_same\xbd\test\labels\hurricane-michael_00000468_post_disaster.json
hurricane-michael_00000469,hurricane-michael,hold,test_id,100,D:\UNI\DLSS\satellite-disaster-damage-mapping\data_same\xbd\hold\images\hurricane-michael_00000469_pre_disaster.png,D:\UNI\DLSS\satellite-disaster-damage-mapping\data_same\xbd\hold\images\hurricane-michael_00000469_post_disaster.png,D:\UNI\DLSS\satellite-disaster-damage-mapping\data_same\xbd\hold\labels\hurricane-michael_00000469_post_disaster.json
hurricane-michael_00000478,hurricane-michael,test,test_id,90,D:\UNI\DLSS\satellite-disaster-damage-mapping\data_same\xbd\test\images\hurricane-michael_00000478_pre_disaster.png,D:\UNI\DLSS\satellite-disaster-damage-mapping\data_same\xbd\test\images\hurricane-michael_00000478_post_disaster.png,D:\UNI\DLSS\satellite-disaster-damage-mapping\data_same\xbd\test\labels\hurricane-michael_00000478_post_disaster.json
hurricane-michael_00000483,hurricane-michael,hold,test_id,42,D:\UNI\DLSS\satellite-disaster-damage-mapping\data_same\xbd\hold\images\hurricane-michael_00000483_pre_disaster.png,D:\UNI\DLSS\satellite-disaster-damage-mapping\data_same\xbd\hold\images\hurricane-michael_00000483_post_disaster.png,D:\UNI\DLSS\satellite-disaster-damage-mapping\data_same\xbd\hold\labels\hurricane-michael_00000483_post_disaster.json
hurricane-michael_00000506,hurricane-michael,hold,test_id,16,D:\UNI\DLSS\satellite-disaster-damage-mapping\data_same\xbd\hold\images\hurricane-michael_00000506_pre_disaster.png,D:\UNI\DLSS\satellite-disaster-damage-mapping\data_same\xbd\hold\images\hurricane-michael_00000506_post_disaster.png,D:\UNI\DLSS\satellite-disaster-damage-mapping\data_same\xbd\hold\labels\hurricane-michael_00000506_post_disaster.json
hurricane-michael_00000510,hurricane-michael,hold,test_id,53,D:\UNI\DLSS\satellite-disaster-damage-mapping\data_same\xbd\hold\images\hurricane-michael_00000510_pre_disaster.png,D:\UNI\DLSS\satellite-disaster-damage-mapping\data_same\xbd\hold\images\hurricane-michael_00000510_post_disaster.png,D:\UNI\DLSS\satellite-disaster-damage-mapping\data_same\xbd\hold\labels\hurricane-michael_00000510_post_disaster.json
hurricane-michael_00000518,hurricane-michael,test,test_id,142,D:\UNI\DLSS\satellite-disaster-damage-mapping\data_same\xbd\test\images\hurricane-michael_00000518_pre_disaster.png,D:\UNI\DLSS\satellite-disaster-damage-mapping\data_same\xbd\test\images\hurricane-michael_00000518_post_disaster.png,D:\UNI\DLSS\satellite-disaster-damage-mapping\data_same\xbd\test\labels\hurricane-michael_00000518_post_disaster.json
hurricane-michael_00000520,hurricane-michael,hold,test_id,64,D:\UNI\DLSS\satellite-disaster-damage-mapping\data_same\xbd\hold\images\hurricane-michael_00000520_pre_disaster.png,D:\UNI\DLSS\satellite-disaster-damage-mapping\data_same\xbd\hold\images\hurricane-michael_00000520_post_disaster.png,D:\UNI\DLSS\satellite-disaster-damage-mapping\data_same\xbd\hold\labels\hurricane-michael_00000520_post_disaster.json
mexico-earthquake_00000005,mexico-earthquake,test,test_id,278,D:\UNI\DLSS\satellite-disaster-damage-mapping\data_same\xbd\test\images\mexico-earthquake_00000005_pre_disaster.png,D:\UNI\DLSS\satellite-disaster-damage-mapping\data_same\xbd\test\images\mexico-earthquake_00000005_post_disaster.png,D:\UNI\DLSS\satellite-disaster-damage-mapping\data_same\xbd\test\labels\mexico-earthquake_00000005_post_disaster.json
mexico-earthquake_00000014,mexico-earthquake,hold,test_id,199,D:\UNI\DLSS\satellite-disaster-damage-mapping\data_same\xbd\hold\images\mexico-earthquake_00000014_pre_disaster.png,D:\UNI\DLSS\satellite-disaster-damage-mapping\data_same\xbd\hold\images\mexico-earthquake_00000014_post_disaster.png,D:\UNI\DLSS\satellite-disaster-damage-mapping\data_same\xbd\hold\labels\mexico-earthquake_00000014_post_disaster.json
mexico-earthquake_00000016,mexico-earthquake,hold,test_id,55,D:\UNI\DLSS\satellite-disaster-damage-mapping\data_same\xbd\hold\images\mexico-earthquake_00000016_pre_disaster.png,D:\UNI\DLSS\satellite-disaster-damage-mapping\data_same\xbd\hold\images\mexico-earthquake_00000016_post_disaster.png,D:\UNI\DLSS\satellite-disaster-damage-mapping\data_same\xbd\hold\labels\mexico-earthquake_00000016_post_disaster.json
mexico-earthquake_00000028,mexico-earthquake,test,test_id,150,D:\UNI\DLSS\satellite-disaster-damage-mapping\data_same\xbd\test\images\mexico-earthquake_00000028_pre_disaster.png,D:\UNI\DLSS\satellite-disaster-damage-mapping\data_same\xbd\test\images\mexico-earthquake_00000028_post_disaster.png,D:\UNI\DLSS\satellite-disaster-damage-mapping\data_same\xbd\test\labels\mexico-earthquake_00000028_post_disaster.json
mexico-earthquake_00000036,mexico-earthquake,hold,test_id,489,D:\UNI\DLSS\satellite-disaster-damage-mapping\data_same\xbd\hold\images\mexico-earthquake_00000036_pre_disaster.png,D:\UNI\DLSS\satellite-disaster-damage-mapping\data_same\xbd\hold\images\mexico-earthquake_00000036_post_disaster.png,D:\UNI\DLSS\satellite-disaster-damage-mapping\data_same\xbd\hold\labels\mexico-earthquake_00000036_post_disaster.json
mexico-earthquake_00000045,mexico-earthquake,hold,test_id,224,D:\UNI\DLSS\satellite-disaster-damage-mapping\data_same\xbd\hold\images\mexico-earthquake_00000045_pre_disaster.png,D:\UNI\DLSS\satellite-disaster-damage-mapping\data_same\xbd\hold\images\mexico-earthquake_00000045_post_disaster.png,D:\UNI\DLSS\satellite-disaster-damage-mapping\data_same\xbd\hold\labels\mexico-earthquake_00000045_post_disaster.json
mexico-earthquake_00000056,mexico-earthquake,hold,test_id,129,D:\UNI\DLSS\satellite-disaster-damage-mapping\data_same\xbd\hold\images\mexico-earthquake_00000056_pre_disaster.png,D:\UNI\DLSS\satellite-disaster-damage-mapping\data_same\xbd\hold\images\mexico-earthquake_00000056_post_disaster.png,D:\UNI\DLSS\satellite-disaster-damage-mapping\data_same\xbd\hold\labels\mexico-earthquake_00000056_post_disaster.json
mexico-earthquake_00000060,mexico-earthquake,hold,test_id,168,D:\UNI\DLSS\satellite-disaster-damage-mapping\data_same\xbd\hold\images\mexico-earthquake_00000060_pre_disaster.png,D:\UNI\DLSS\satellite-disaster-damage-mapping\data_same\xbd\hold\images\mexico-earthquake_00000060_post_disaster.png,D:\UNI\DLSS\satellite-disaster-damage-mapping\data_same\xbd\hold\labels\mexico-earthquake_00000060_post_disaster.json
mexico-earthquake_00000065,mexico-earthquake,test,test_id,291,D:\UNI\DLSS\satellite-disaster-damage-mapping\data_same\xbd\test\images\mexico-earthquake_00000065_pre_disaster.png,D:\UNI\DLSS\satellite-disaster-damage-mapping\data_same\xbd\test\images\mexico-earthquake_00000065_post_disaster.png,D:\UNI\DLSS\satellite-disaster-damage-mapping\data_same\xbd\test\labels\mexico-earthquake_00000065_post_disaster.json
mexico-earthquake_00000090,mexico-earthquake,test,test_id,154,D:\UNI\DLSS\satellite-disaster-damage-mapping\data_same\xbd\test\images\mexico-earthquake_00000090_pre_disaster.png,D:\UNI\DLSS\satellite-disaster-damage-mapping\data_same\xbd\test\images\mexico-earthquake_00000090_post_disaster.png,D:\UNI\DLSS\satellite-disaster-damage-mapping\data_same\xbd\test\labels\mexico-earthquake_00000090_post_disaster.json
mexico-earthquake_00000091,mexico-earthquake,hold,test_id,163,D:\UNI\DLSS\satellite-disaster-damage-mapping\data_same\xbd\hold\images\mexico-earthquake_00000091_pre_disaster.png,D:\UNI\DLSS\satellite-disaster-damage-mapping\data_same\xbd\hold\images\mexico-earthquake_00000091_post_disaster.png,D:\UNI\DLSS\satellite-disaster-damage-mapping\data_same\xbd\hold\labels\mexico-earthquake_00000091_post_disaster.json
mexico-earthquake_00000095,mexico-earthquake,test,test_id,37,D:\UNI\DLSS\satellite-disaster-damage-mapping\data_same\xbd\test\images\mexico-earthquake_00000095_pre_disaster.png,D:\UNI\DLSS\satellite-disaster-damage-mapping\data_same\xbd\test\images\mexico-earthquake_00000095_post_disaster.png,D:\UNI\DLSS\satellite-disaster-damage-mapping\data_same\xbd\test\labels\mexico-earthquake_00000095_post_disaster.json
mexico-earthquake_00000097,mexico-earthquake,hold,test_id,269,D:\UNI\DLSS\satellite-disaster-damage-mapping\data_same\xbd\hold\images\mexico-earthquake_00000097_pre_disaster.png,D:\UNI\DLSS\satellite-disaster-damage-mapping\data_same\xbd\hold\images\mexico-earthquake_00000097_post_disaster.png,D:\UNI\DLSS\satellite-disaster-damage-mapping\data_same\xbd\hold\labels\mexico-earthquake_00000097_post_disaster.json
mexico-earthquake_00000106,mexico-earthquake,test,test_id,10,D:\UNI\DLSS\satellite-disaster-damage-mapping\data_same\xbd\test\images\mexico-earthquake_00000106_pre_disaster.png,D:\UNI\DLSS\satellite-disaster-damage-mapping\data_same\xbd\test\images\mexico-earthquake_00000106_post_disaster.png,D:\UNI\DLSS\satellite-disaster-damage-mapping\data_same\xbd\test\labels\mexico-earthquake_00000106_post_disaster.json
mexico-earthquake_00000124,mexico-earthquake,test,test_id,338,D:\UNI\DLSS\satellite-disaster-damage-mapping\data_same\xbd\test\images\mexico-earthquake_00000124_pre_disaster.png,D:\UNI\DLSS\satellite-disaster-damage-mapping\data_same\xbd\test\images\mexico-earthquake_00000124_post_disaster.png,D:\UNI\DLSS\satellite-disaster-damage-mapping\data_same\xbd\test\labels\mexico-earthquake_00000124_post_disaster.json
mexico-earthquake_00000131,mexico-earthquake,test,test_id,353,D:\UNI\DLSS\satellite-disaster-damage-mapping\data_same\xbd\test\images\mexico-earthquake_00000131_pre_disaster.png,D:\UNI\DLSS\satellite-disaster-damage-mapping\data_same\xbd\test\images\mexico-earthquake_00000131_post_disaster.png,D:\UNI\DLSS\satellite-disaster-damage-mapping\data_same\xbd\test\labels\mexico-earthquake_00000131_post_disaster.json
mexico-earthquake_00000134,mexico-earthquake,hold,test_id,182,D:\UNI\DLSS\satellite-disaster-damage-mapping\data_same\xbd\hold\images\mexico-earthquake_00000134_pre_disaster.png,D:\UNI\DLSS\satellite-disaster-damage-mapping\data_same\xbd\hold\images\mexico-earthquake_00000134_post_disaster.png,D:\UNI\DLSS\satellite-disaster-damage-mapping\data_same\xbd\hold\labels\mexico-earthquake_00000134_post_disaster.json
mexico-earthquake_00000139,mexico-earthquake,test,test_id,355,D:\UNI\DLSS\satellite-disaster-damage-mapping\data_same\xbd\test\images\mexico-earthquake_00000139_pre_disaster.png,D:\UNI\DLSS\satellite-disaster-damage-mapping\data_same\xbd\test\images\mexico-earthquake_00000139_post_disaster.png,D:\UNI\DLSS\satellite-disaster-damage-mapping\data_same\xbd\test\labels\mexico-earthquake_00000139_post_disaster.json
mexico-earthquake_00000156,mexico-earthquake,hold,test_id,172,D:\UNI\DLSS\satellite-disaster-damage-mapping\data_same\xbd\hold\images\mexico-earthquake_00000156_pre_disaster.png,D:\UNI\DLSS\satellite-disaster-damage-mapping\data_same\xbd\hold\images\mexico-earthquake_00000156_post_disaster.png,D:\UNI\DLSS\satellite-disaster-damage-mapping\data_same\xbd\hold\labels\mexico-earthquake_00000156_post_disaster.json
mexico-earthquake_00000161,mexico-earthquake,test,test_id,279,D:\UNI\DLSS\satellite-disaster-damage-mapping\data_same\xbd\test\images\mexico-earthquake_00000161_pre_disaster.png,D:\UNI\DLSS\satellite-disaster-damage-mapping\data_same\xbd\test\images\mexico-earthquake_00000161_post_disaster.png,D:\UNI\DLSS\satellite-disaster-damage-mapping\data_same\xbd\test\labels\mexico-earthquake_00000161_post_disaster.json
mexico-earthquake_00000165,mexico-earthquake,hold,test_id,8,D:\UNI\DLSS\satellite-disaster-damage-mapping\data_same\xbd\hold\images\mexico-earthquake_00000165_pre_disaster.png,D:\UNI\DLSS\satellite-disaster-damage-mapping\data_same\xbd\hold\images\mexico-earthquake_00000165_post_disaster.png,D:\UNI\DLSS\satellite-disaster-damage-mapping\data_same\xbd\hold\labels\mexico-earthquake_00000165_post_disaster.json
mexico-earthquake_00000167,mexico-earthquake,hold,test_id,767,D:\UNI\DLSS\satellite-disaster-damage-mapping\data_same\xbd\hold\images\mexico-earthquake_00000167_pre_disaster.png,D:\UNI\DLSS\satellite-disaster-damage-mapping\data_same\xbd\hold\images\mexico-earthquake_00000167_post_disaster.png,D:\UNI\DLSS\satellite-disaster-damage-mapping\data_same\xbd\hold\labels\mexico-earthquake_00000167_post_disaster.json
mexico-earthquake_00000170,mexico-earthquake,hold,test_id,17,D:\UNI\DLSS\satellite-disaster-damage-mapping\data_same\xbd\hold\images\mexico-earthquake_00000170_pre_disaster.png,D:\UNI\DLSS\satellite-disaster-damage-mapping\data_same\xbd\hold\images\mexico-earthquake_00000170_post_disaster.png,D:\UNI\DLSS\satellite-disaster-damage-mapping\data_same\xbd\hold\labels\mexico-earthquake_00000170_post_disaster.json
midwest-flooding_00000000,midwest-flooding,test,test_id,5,D:\UNI\DLSS\satellite-disaster-damage-mapping\data_same\xbd\test\images\midwest-flooding_00000000_pre_disaster.png,D:\UNI\DLSS\satellite-disaster-damage-mapping\data_same\xbd\test\images\midwest-flooding_00000000_post_disaster.png,D:\UNI\DLSS\satellite-disaster-damage-mapping\data_same\xbd\test\labels\midwest-flooding_00000000_post_disaster.json
midwest-flooding_00000009,midwest-flooding,hold,test_id,84,D:\UNI\DLSS\satellite-disaster-damage-mapping\data_same\xbd\hold\images\midwest-flooding_00000009_pre_disaster.png,D:\UNI\DLSS\satellite-disaster-damage-mapping\data_same\xbd\hold\images\midwest-flooding_00000009_post_disaster.png,D:\UNI\DLSS\satellite-disaster-damage-mapping\data_same\xbd\hold\labels\midwest-flooding_00000009_post_disaster.json
midwest-flooding_00000017,midwest-flooding,test,test_id,27,D:\UNI\DLSS\satellite-disaster-damage-mapping\data_same\xbd\test\images\midwest-flooding_00000017_pre_disaster.png,D:\UNI\DLSS\satellite-disaster-damage-mapping\data_same\xbd\test\images\midwest-flooding_00000017_post_disaster.png,D:\UNI\DLSS\satellite-disaster-damage-mapping\data_same\xbd\test\labels\midwest-flooding_00000017_post_disaster.json
midwest-flooding_00000026,midwest-flooding,test,test_id,95,D:\UNI\DLSS\satellite-disaster-damage-mapping\data_same\xbd\test\images\midwest-flooding_00000026_pre_disaster.png,D:\UNI\DLSS\satellite-disaster-damage-mapping\data_same\xbd\test\images\midwest-flooding_00000026_post_disaster.png,D:\UNI\DLSS\satellite-disaster-damage-mapping\data_same\xbd\test\labels\midwest-flooding_00000026_post_disaster.json
midwest-flooding_00000037,midwest-flooding,hold,test_id,210,D:\UNI\DLSS\satellite-disaster-damage-mapping\data_same\xbd\hold\images\midwest-flooding_00000037_pre_disaster.png,D:\UNI\DLSS\satellite-disaster-damage-mapping\data_same\xbd\hold\images\midwest-flooding_00000037_post_disaster.png,D:\UNI\DLSS\satellite-disaster-damage-mapping\data_same\xbd\hold\labels\midwest-flooding_00000037_post_disaster.json
midwest-flooding_00000042,midwest-flooding,hold,test_id,12,D:\UNI\DLSS\satellite-disaster-damage-mapping\data_same\xbd\hold\images\midwest-flooding_00000042_pre_disaster.png,D:\UNI\DLSS\satellite-disaster-damage-mapping\data_same\xbd\hold\images\midwest-flooding_00000042_post_disaster.png,D:\UNI\DLSS\satellite-disaster-damage-mapping\data_same\xbd\hold\labels\midwest-flooding_00000042_post_disaster.json
midwest-flooding_00000048,midwest-flooding,test,test_id,157,D:\UNI\DLSS\satellite-disaster-damage-mapping\data_same\xbd\test\images\midwest-flooding_00000048_pre_disaster.png,D:\UNI\DLSS\satellite-disaster-damage-mapping\data_same\xbd\test\images\midwest-flooding_00000048_post_disaster.png,D:\UNI\DLSS\satellite-disaster-damage-mapping\data_same\xbd\test\labels\midwest-flooding_00000048_post_disaster.json
midwest-flooding_00000052,midwest-flooding,hold,test_id,144,D:\UNI\DLSS\satellite-disaster-damage-mapping\data_same\xbd\hold\images\midwest-flooding_00000052_pre_disaster.png,D:\UNI\DLSS\satellite-disaster-damage-mapping\data_same\xbd\hold\images\midwest-flooding_00000052_post_disaster.png,D:\UNI\DLSS\satellite-disaster-damage-mapping\data_same\xbd\hold\labels\midwest-flooding_00000052_post_disaster.json
midwest-flooding_00000057,midwest-flooding,hold,test_id,193,D:\UNI\DLSS\satellite-disaster-damage-mapping\data_same\xbd\hold\images\midwest-flooding_00000057_pre_disaster.png,D:\UNI\DLSS\satellite-disaster-damage-mapping\data_same\xbd\hold\images\midwest-flooding_00000057_post_disaster.png,D:\UNI\DLSS\satellite-disaster-damage-mapping\data_same\xbd\hold\labels\midwest-flooding_00000057_post_disaster.json
midwest-flooding_00000091,midwest-flooding,hold,test_id,5,D:\UNI\DLSS\satellite-disaster-damage-mapping\data_same\xbd\hold\images\midwest-flooding_00000091_pre_disaster.png,D:\UNI\DLSS\satellite-disaster-damage-mapping\data_same\xbd\hold\images\midwest-flooding_00000091_post_disaster.png,D:\UNI\DLSS\satellite-disaster-damage-mapping\data_same\xbd\hold\labels\midwest-flooding_00000091_post_disaster.json
midwest-flooding_00000124,midwest-flooding,hold,test_id,11,D:\UNI\DLSS\satellite-disaster-damage-mapping\data_same\xbd\hold\images\midwest-flooding_00000124_pre_disaster.png,D:\UNI\DLSS\satellite-disaster-damage-mapping\data_same\xbd\hold\images\midwest-flooding_00000124_post_disaster.png,D:\UNI\DLSS\satellite-disaster-damage-mapping\data_same\xbd\hold\labels\midwest-flooding_00000124_post_disaster.json
midwest-flooding_00000128,midwest-flooding,test,test_id,9,D:\UNI\DLSS\satellite-disaster-damage-mapping\data_same\xbd\test\images\midwest-flooding_00000128_pre_disaster.png,D:\UNI\DLSS\satellite-disaster-damage-mapping\data_same\xbd\test\images\midwest-flooding_00000128_post_disaster.png,D:\UNI\DLSS\satellite-disaster-damage-mapping\data_same\xbd\test\labels\midwest-flooding_00000128_post_disaster.json
midwest-flooding_00000179,midwest-flooding,test,test_id,13,D:\UNI\DLSS\satellite-disaster-damage-mapping\data_same\xbd\test\images\midwest-flooding_00000179_pre_disaster.png,D:\UNI\DLSS\satellite-disaster-damage-mapping\data_same\xbd\test\images\midwest-flooding_00000179_post_disaster.png,D:\UNI\DLSS\satellite-disaster-damage-mapping\data_same\xbd\test\labels\midwest-flooding_00000179_post_disaster.json
midwest-flooding_00000198,midwest-flooding,test,test_id,19,D:\UNI\DLSS\satellite-disaster-damage-mapping\data_same\xbd\test\images\midwest-flooding_00000198_pre_disaster.png,D:\UNI\DLSS\satellite-disaster-damage-mapping\data_same\xbd\test\images\midwest-flooding_00000198_post_disaster.png,D:\UNI\DLSS\satellite-disaster-damage-mapping\data_same\xbd\test\labels\midwest-flooding_00000198_post_disaster.json
midwest-flooding_00000224,midwest-flooding,test,test_id,6,D:\UNI\DLSS\satellite-disaster-damage-mapping\data_same\xbd\test\images\midwest-flooding_00000224_pre_disaster.png,D:\UNI\DLSS\satellite-disaster-damage-mapping\data_same\xbd\test\images\midwest-flooding_00000224_post_disaster.png,D:\UNI\DLSS\satellite-disaster-damage-mapping\data_same\xbd\test\labels\midwest-flooding_00000224_post_disaster.json
midwest-flooding_00000227,midwest-flooding,hold,test_id,10,D:\UNI\DLSS\satellite-disaster-damage-mapping\data_same\xbd\hold\images\midwest-flooding_00000227_pre_disaster.png,D:\UNI\DLSS\satellite-disaster-damage-mapping\data_same\xbd\hold\images\midwest-flooding_00000227_post_disaster.png,D:\UNI\DLSS\satellite-disaster-damage-mapping\data_same\xbd\hold\labels\midwest-flooding_00000227_post_disaster.json
midwest-flooding_00000232,midwest-flooding,test,test_id,6,D:\UNI\DLSS\satellite-disaster-damage-mapping\data_same\xbd\test\images\midwest-flooding_00000232_pre_disaster.png,D:\UNI\DLSS\satellite-disaster-damage-mapping\data_same\xbd\test\images\midwest-flooding_00000232_post_disaster.png,D:\UNI\DLSS\satellite-disaster-damage-mapping\data_same\xbd\test\labels\midwest-flooding_00000232_post_disaster.json
midwest-flooding_00000241,midwest-flooding,hold,test_id,48,D:\UNI\DLSS\satellite-disaster-damage-mapping\data_same\xbd\hold\images\midwest-flooding_00000241_pre_disaster.png,D:\UNI\DLSS\satellite-disaster-damage-mapping\data_same\xbd\hold\images\midwest-flooding_00000241_post_disaster.png,D:\UNI\DLSS\satellite-disaster-damage-mapping\data_same\xbd\hold\labels\midwest-flooding_00000241_post_disaster.json
midwest-flooding_00000260,midwest-flooding,hold,test_id,56,D:\UNI\DLSS\satellite-disaster-damage-mapping\data_same\xbd\hold\images\midwest-flooding_00000260_pre_disaster.png,D:\UNI\DLSS\satellite-disaster-damage-mapping\data_same\xbd\hold\images\midwest-flooding_00000260_post_disaster.png,D:\UNI\DLSS\satellite-disaster-damage-mapping\data_same\xbd\hold\labels\midwest-flooding_00000260_post_disaster.json
midwest-flooding_00000266,midwest-flooding,hold,test_id,20,D:\UNI\DLSS\satellite-disaster-damage-mapping\data_same\xbd\hold\images\midwest-flooding_00000266_pre_disaster.png,D:\UNI\DLSS\satellite-disaster-damage-mapping\data_same\xbd\hold\images\midwest-flooding_00000266_post_disaster.png,D:\UNI\DLSS\satellite-disaster-damage-mapping\data_same\xbd\hold\labels\midwest-flooding_00000266_post_disaster.json
midwest-flooding_00000294,midwest-flooding,hold,test_id,5,D:\UNI\DLSS\satellite-disaster-damage-mapping\data_same\xbd\hold\images\midwest-flooding_00000294_pre_disaster.png,D:\UNI\DLSS\satellite-disaster-damage-mapping\data_same\xbd\hold\images\midwest-flooding_00000294_post_disaster.png,D:\UNI\DLSS\satellite-disaster-damage-mapping\data_same\xbd\hold\labels\midwest-flooding_00000294_post_disaster.json
midwest-flooding_00000295,midwest-flooding,hold,test_id,39,D:\UNI\DLSS\satellite-disaster-damage-mapping\data_same\xbd\hold\images\midwest-flooding_00000295_pre_disaster.png,D:\UNI\DLSS\satellite-disaster-damage-mapping\data_same\xbd\hold\images\midwest-flooding_00000295_post_disaster.png,D:\UNI\DLSS\satellite-disaster-damage-mapping\data_same\xbd\hold\labels\midwest-flooding_00000295_post_disaster.json
midwest-flooding_00000307,midwest-flooding,hold,test_id,16,D:\UNI\DLSS\satellite-disaster-damage-mapping\data_same\xbd\hold\images\midwest-flooding_00000307_pre_disaster.png,D:\UNI\DLSS\satellite-disaster-damage-mapping\data_same\xbd\hold\images\midwest-flooding_00000307_post_disaster.png,D:\UNI\DLSS\satellite-disaster-damage-mapping\data_same\xbd\hold\labels\midwest-flooding_00000307_post_disaster.json
midwest-flooding_00000325,midwest-flooding,hold,test_id,48,D:\UNI\DLSS\satellite-disaster-damage-mapping\data_same\xbd\hold\images\midwest-flooding_00000325_pre_disaster.png,D:\UNI\DLSS\satellite-disaster-damage-mapping\data_same\xbd\hold\images\midwest-flooding_00000325_post_disaster.png,D:\UNI\DLSS\satellite-disaster-damage-mapping\data_same\xbd\hold\labels\midwest-flooding_00000325_post_disaster.json
midwest-flooding_00000333,midwest-flooding,test,test_id,12,D:\UNI\DLSS\satellite-disaster-damage-mapping\data_same\xbd\test\images\midwest-flooding_00000333_pre_disaster.png,D:\UNI\DLSS\satellite-disaster-damage-mapping\data_same\xbd\test\images\midwest-flooding_00000333_post_disaster.png,D:\UNI\DLSS\satellite-disaster-damage-mapping\data_same\xbd\test\labels\midwest-flooding_00000333_post_disaster.json
midwest-flooding_00000334,midwest-flooding,test,test_id,14,D:\UNI\DLSS\satellite-disaster-damage-mapping\data_same\xbd\test\images\midwest-flooding_00000334_pre_disaster.png,D:\UNI\DLSS\satellite-disaster-damage-mapping\data_same\xbd\test\images\midwest-flooding_00000334_post_disaster.png,D:\UNI\DLSS\satellite-disaster-damage-mapping\data_same\xbd\test\labels\midwest-flooding_00000334_post_disaster.json
midwest-flooding_00000336,midwest-flooding,test,test_id,35,D:\UNI\DLSS\satellite-disaster-damage-mapping\data_same\xbd\test\images\midwest-flooding_00000336_pre_disaster.png,D:\UNI\DLSS\satellite-disaster-damage-mapping\data_same\xbd\test\images\midwest-flooding_00000336_post_disaster.png,D:\UNI\DLSS\satellite-disaster-damage-mapping\data_same\xbd\test\labels\midwest-flooding_00000336_post_disaster.json
midwest-flooding_00000365,midwest-flooding,test,test_id,13,D:\UNI\DLSS\satellite-disaster-damage-mapping\data_same\xbd\test\images\midwest-flooding_00000365_pre_disaster.png,D:\UNI\DLSS\satellite-disaster-damage-mapping\data_same\xbd\test\images\midwest-flooding_00000365_post_disaster.png,D:\UNI\DLSS\satellite-disaster-damage-mapping\data_same\xbd\test\labels\midwest-flooding_00000365_post_disaster.json
midwest-flooding_00000373,midwest-flooding,hold,test_id,12,D:\UNI\DLSS\satellite-disaster-damage-mapping\data_same\xbd\hold\images\midwest-flooding_00000373_pre_disaster.png,D:\UNI\DLSS\satellite-disaster-damage-mapping\data_same\xbd\hold\images\midwest-flooding_00000373_post_disaster.png,D:\UNI\DLSS\satellite-disaster-damage-mapping\data_same\xbd\hold\labels\midwest-flooding_00000373_post_disaster.json
midwest-flooding_00000384,midwest-flooding,hold,test_id,8,D:\UNI\DLSS\satellite-disaster-damage-mapping\data_same\xbd\hold\images\midwest-flooding_00000384_pre_disaster.png,D:\UNI\DLSS\satellite-disaster-damage-mapping\data_same\xbd\hold\images\midwest-flooding_00000384_post_disaster.png,D:\UNI\DLSS\satellite-disaster-damage-mapping\data_same\xbd\hold\labels\midwest-flooding_00000384_post_disaster.json
midwest-flooding_00000402,midwest-flooding,hold,test_id,5,D:\UNI\DLSS\satellite-disaster-damage-mapping\data_same\xbd\hold\images\midwest-flooding_00000402_pre_disaster.png,D:\UNI\DLSS\satellite-disaster-damage-mapping\data_same\xbd\hold\images\midwest-flooding_00000402_post_disaster.png,D:\UNI\DLSS\satellite-disaster-damage-mapping\data_same\xbd\hold\labels\midwest-flooding_00000402_post_disaster.json
midwest-flooding_00000412,midwest-flooding,test,test_id,29,D:\UNI\DLSS\satellite-disaster-damage-mapping\data_same\xbd\test\images\midwest-flooding_00000412_pre_disaster.png,D:\UNI\DLSS\satellite-disaster-damage-mapping\data_same\xbd\test\images\midwest-flooding_00000412_post_disaster.png,D:\UNI\DLSS\satellite-disaster-damage-mapping\data_same\xbd\test\labels\midwest-flooding_00000412_post_disaster.json
midwest-flooding_00000428,midwest-flooding,test,test_id,17,D:\UNI\DLSS\satellite-disaster-damage-mapping\data_same\xbd\test\images\midwest-flooding_00000428_pre_disaster.png,D:\UNI\DLSS\satellite-disaster-damage-mapping\data_same\xbd\test\images\midwest-flooding_00000428_post_disaster.png,D:\UNI\DLSS\satellite-disaster-damage-mapping\data_same\xbd\test\labels\midwest-flooding_00000428_post_disaster.json
midwest-flooding_00000443,midwest-flooding,hold,test_id,25,D:\UNI\DLSS\satellite-disaster-damage-mapping\data_same\xbd\hold\images\midwest-flooding_00000443_pre_disaster.png,D:\UNI\DLSS\satellite-disaster-damage-mapping\data_same\xbd\hold\images\midwest-flooding_00000443_post_disaster.png,D:\UNI\DLSS\satellite-disaster-damage-mapping\data_same\xbd\hold\labels\midwest-flooding_00000443_post_disaster.json
palu-tsunami_00000004,palu-tsunami,test,test_id,136,D:\UNI\DLSS\satellite-disaster-damage-mapping\data_same\xbd\test\images\palu-tsunami_00000004_pre_disaster.png,D:\UNI\DLSS\satellite-disaster-damage-mapping\data_same\xbd\test\images\palu-tsunami_00000004_post_disaster.png,D:\UNI\DLSS\satellite-disaster-damage-mapping\data_same\xbd\test\labels\palu-tsunami_00000004_post_disaster.json
palu-tsunami_00000012,palu-tsunami,test,test_id,188,D:\UNI\DLSS\satellite-disaster-damage-mapping\data_same\xbd\test\images\palu-tsunami_00000012_pre_disaster.png,D:\UNI\DLSS\satellite-disaster-damage-mapping\data_same\xbd\test\images\palu-tsunami_00000012_post_disaster.png,D:\UNI\DLSS\satellite-disaster-damage-mapping\data_same\xbd\test\labels\palu-tsunami_00000012_post_disaster.json
palu-tsunami_00000013,palu-tsunami,hold,test_id,513,D:\UNI\DLSS\satellite-disaster-damage-mapping\data_same\xbd\hold\images\palu-tsunami_00000013_pre_disaster.png,D:\UNI\DLSS\satellite-disaster-damage-mapping\data_same\xbd\hold\images\palu-tsunami_00000013_post_disaster.png,D:\UNI\DLSS\satellite-disaster-damage-mapping\data_same\xbd\hold\labels\palu-tsunami_00000013_post_disaster.json
palu-tsunami_00000021,palu-tsunami,test,test_id,212,D:\UNI\DLSS\satellite-disaster-damage-mapping\data_same\xbd\test\images\palu-tsunami_00000021_pre_disaster.png,D:\UNI\DLSS\satellite-disaster-damage-mapping\data_same\xbd\test\images\palu-tsunami_00000021_post_disaster.png,D:\UNI\DLSS\satellite-disaster-damage-mapping\data_same\xbd\test\labels\palu-tsunami_00000021_post_disaster.json
palu-tsunami_00000027,palu-tsunami,test,test_id,214,D:\UNI\DLSS\satellite-disaster-damage-mapping\data_same\xbd\test\images\palu-tsunami_00000027_pre_disaster.png,D:\UNI\DLSS\satellite-disaster-damage-mapping\data_same\xbd\test\images\palu-tsunami_00000027_post_disaster.png,D:\UNI\DLSS\satellite-disaster-damage-mapping\data_same\xbd\test\labels\palu-tsunami_00000027_post_disaster.json
palu-tsunami_00000029,palu-tsunami,hold,test_id,126,D:\UNI\DLSS\satellite-disaster-damage-mapping\data_same\xbd\hold\images\palu-tsunami_00000029_pre_disaster.png,D:\UNI\DLSS\satellite-disaster-damage-mapping\data_same\xbd\hold\images\palu-tsunami_00000029_post_disaster.png,D:\UNI\DLSS\satellite-disaster-damage-mapping\data_same\xbd\hold\labels\palu-tsunami_00000029_post_disaster.json
palu-tsunami_00000039,palu-tsunami,hold,test_id,268,D:\UNI\DLSS\satellite-disaster-damage-mapping\data_same\xbd\hold\images\palu-tsunami_00000039_pre_disaster.png,D:\UNI\DLSS\satellite-disaster-damage-mapping\data_same\xbd\hold\images\palu-tsunami_00000039_post_disaster.png,D:\UNI\DLSS\satellite-disaster-damage-mapping\data_same\xbd\hold\labels\palu-tsunami_00000039_post_disaster.json
palu-tsunami_00000055,palu-tsunami,hold,test_id,39,D:\UNI\DLSS\satellite-disaster-damage-mapping\data_same\xbd\hold\images\palu-tsunami_00000055_pre_disaster.png,D:\UNI\DLSS\satellite-disaster-damage-mapping\data_same\xbd\hold\images\palu-tsunami_00000055_post_disaster.png,D:\UNI\DLSS\satellite-disaster-damage-mapping\data_same\xbd\hold\labels\palu-tsunami_00000055_post_disaster.json
palu-tsunami_00000075,palu-tsunami,hold,test_id,157,D:\UNI\DLSS\satellite-disaster-damage-mapping\data_same\xbd\hold\images\palu-tsunami_00000075_pre_disaster.png,D:\UNI\DLSS\satellite-disaster-damage-mapping\data_same\xbd\hold\images\palu-tsunami_00000075_post_disaster.png,D:\UNI\DLSS\satellite-disaster-damage-mapping\data_same\xbd\hold\labels\palu-tsunami_00000075_post_disaster.json
palu-tsunami_00000079,palu-tsunami,hold,test_id,567,D:\UNI\DLSS\satellite-disaster-damage-mapping\data_same\xbd\hold\images\palu-tsunami_00000079_pre_disaster.png,D:\UNI\DLSS\satellite-disaster-damage-mapping\data_same\xbd\hold\images\palu-tsunami_00000079_post_disaster.png,D:\UNI\DLSS\satellite-disaster-damage-mapping\data_same\xbd\hold\labels\palu-tsunami_00000079_post_disaster.json
palu-tsunami_00000080,palu-tsunami,hold,test_id,105,D:\UNI\DLSS\satellite-disaster-damage-mapping\data_same\xbd\hold\images\palu-tsunami_00000080_pre_disaster.png,D:\UNI\DLSS\satellite-disaster-damage-mapping\data_same\xbd\hold\images\palu-tsunami_00000080_post_disaster.png,D:\UNI\DLSS\satellite-disaster-damage-mapping\data_same\xbd\hold\labels\palu-tsunami_00000080_post_disaster.json
palu-tsunami_00000082,palu-tsunami,test,test_id,630,D:\UNI\DLSS\satellite-disaster-damage-mapping\data_same\xbd\test\images\palu-tsunami_00000082_pre_disaster.png,D:\UNI\DLSS\satellite-disaster-damage-mapping\data_same\xbd\test\images\palu-tsunami_00000082_post_disaster.png,D:\UNI\DLSS\satellite-disaster-damage-mapping\data_same\xbd\test\labels\palu-tsunami_00000082_post_disaster.json
palu-tsunami_00000085,palu-tsunami,hold,test_id,175,D:\UNI\DLSS\satellite-disaster-damage-mapping\data_same\xbd\hold\images\palu-tsunami_00000085_pre_disaster.png,D:\UNI\DLSS\satellite-disaster-damage-mapping\data_same\xbd\hold\images\palu-tsunami_00000085_post_disaster.png,D:\UNI\DLSS\satellite-disaster-damage-mapping\data_same\xbd\hold\labels\palu-tsunami_00000085_post_disaster.json
palu-tsunami_00000089,palu-tsunami,hold,test_id,893,D:\UNI\DLSS\satellite-disaster-damage-mapping\data_same\xbd\hold\images\palu-tsunami_00000089_pre_disaster.png,D:\UNI\DLSS\satellite-disaster-damage-mapping\data_same\xbd\hold\images\palu-tsunami_00000089_post_disaster.png,D:\UNI\DLSS\satellite-disaster-damage-mapping\data_same\xbd\hold\labels\palu-tsunami_00000089_post_disaster.json
palu-tsunami_00000096,palu-tsunami,test,test_id,112,D:\UNI\DLSS\satellite-disaster-damage-mapping\data_same\xbd\test\images\palu-tsunami_00000096_pre_disaster.png,D:\UNI\DLSS\satellite-disaster-damage-mapping\data_same\xbd\test\images\palu-tsunami_00000096_post_disaster.png,D:\UNI\DLSS\satellite-disaster-damage-mapping\data_same\xbd\test\labels\palu-tsunami_00000096_post_disaster.json
palu-tsunami_00000116,palu-tsunami,hold,test_id,125,D:\UNI\DLSS\satellite-disaster-damage-mapping\data_same\xbd\hold\images\palu-tsunami_00000116_pre_disaster.png,D:\UNI\DLSS\satellite-disaster-damage-mapping\data_same\xbd\hold\images\palu-tsunami_00000116_post_disaster.png,D:\UNI\DLSS\satellite-disaster-damage-mapping\data_same\xbd\hold\labels\palu-tsunami_00000116_post_disaster.json
palu-tsunami_00000120,palu-tsunami,test,test_id,551,D:\UNI\DLSS\satellite-disaster-damage-mapping\data_same\xbd\test\images\palu-tsunami_00000120_pre_disaster.png,D:\UNI\DLSS\satellite-disaster-damage-mapping\data_same\xbd\test\images\palu-tsunami_00000120_post_disaster.png,D:\UNI\DLSS\satellite-disaster-damage-mapping\data_same\xbd\test\labels\palu-tsunami_00000120_post_disaster.json
palu-tsunami_00000127,palu-tsunami,test,test_id,22,D:\UNI\DLSS\satellite-disaster-damage-mapping\data_same\xbd\test\images\palu-tsunami_00000127_pre_disaster.png,D:\UNI\DLSS\satellite-disaster-damage-mapping\data_same\xbd\test\images\palu-tsunami_00000127_post_disaster.png,D:\UNI\DLSS\satellite-disaster-damage-mapping\data_same\xbd\test\labels\palu-tsunami_00000127_post_disaster.json
palu-tsunami_00000141,palu-tsunami,test,test_id,8,D:\UNI\DLSS\satellite-disaster-damage-mapping\data_same\xbd\test\images\palu-tsunami_00000141_pre_disaster.png,D:\UNI\DLSS\satellite-disaster-damage-mapping\data_same\xbd\test\images\palu-tsunami_00000141_post_disaster.png,D:\UNI\DLSS\satellite-disaster-damage-mapping\data_same\xbd\test\labels\palu-tsunami_00000141_post_disaster.json
palu-tsunami_00000150,palu-tsunami,hold,test_id,536,D:\UNI\DLSS\satellite-disaster-damage-mapping\data_same\xbd\hold\images\palu-tsunami_00000150_pre_disaster.png,D:\UNI\DLSS\satellite-disaster-damage-mapping\data_same\xbd\hold\images\palu-tsunami_00000150_post_disaster.png,D:\UNI\DLSS\satellite-disaster-damage-mapping\data_same\xbd\hold\labels\palu-tsunami_00000150_post_disaster.json
palu-tsunami_00000151,palu-tsunami,test,test_id,760,D:\UNI\DLSS\satellite-disaster-damage-mapping\data_same\xbd\test\images\palu-tsunami_00000151_pre_disaster.png,D:\UNI\DLSS\satellite-disaster-damage-mapping\data_same\xbd\test\images\palu-tsunami_00000151_post_disaster.png,D:\UNI\DLSS\satellite-disaster-damage-mapping\data_same\xbd\test\labels\palu-tsunami_00000151_post_disaster.json
palu-tsunami_00000159,palu-tsunami,hold,test_id,543,D:\UNI\DLSS\satellite-disaster-damage-mapping\data_same\xbd\hold\images\palu-tsunami_00000159_pre_disaster.png,D:\UNI\DLSS\satellite-disaster-damage-mapping\data_same\xbd\hold\images\palu-tsunami_00000159_post_disaster.png,D:\UNI\DLSS\satellite-disaster-damage-mapping\data_same\xbd\hold\labels\palu-tsunami_00000159_post_disaster.json
palu-tsunami_00000165,palu-tsunami,test,test_id,290,D:\UNI\DLSS\satellite-disaster-damage-mapping\data_same\xbd\test\images\palu-tsunami_00000165_pre_disaster.png,D:\UNI\DLSS\satellite-disaster-damage-mapping\data_same\xbd\test\images\palu-tsunami_00000165_post_disaster.png,D:\UNI\DLSS\satellite-disaster-damage-mapping\data_same\xbd\test\labels\palu-tsunami_00000165_post_disaster.json
palu-tsunami_00000170,palu-tsunami,test,test_id,245,D:\UNI\DLSS\satellite-disaster-damage-mapping\data_same\xbd\test\images\palu-tsunami_00000170_pre_disaster.png,D:\UNI\DLSS\satellite-disaster-damage-mapping\data_same\xbd\test\images\palu-tsunami_00000170_post_disaster.png,D:\UNI\DLSS\satellite-disaster-damage-mapping\data_same\xbd\test\labels\palu-tsunami_00000170_post_disaster.json
palu-tsunami_00000173,palu-tsunami,test,test_id,431,D:\UNI\DLSS\satellite-disaster-damage-mapping\data_same\xbd\test\images\palu-tsunami_00000173_pre_disaster.png,D:\UNI\DLSS\satellite-disaster-damage-mapping\data_same\xbd\test\images\palu-tsunami_00000173_post_disaster.png,D:\UNI\DLSS\satellite-disaster-damage-mapping\data_same\xbd\test\labels\palu-tsunami_00000173_post_disaster.json
palu-tsunami_00000181,palu-tsunami,test,test_id,580,D:\UNI\DLSS\satellite-disaster-damage-mapping\data_same\xbd\test\images\palu-tsunami_00000181_pre_disaster.png,D:\UNI\DLSS\satellite-disaster-damage-mapping\data_same\xbd\test\images\palu-tsunami_00000181_post_disaster.png,D:\UNI\DLSS\satellite-disaster-damage-mapping\data_same\xbd\test\labels\palu-tsunami_00000181_post_disaster.json
pinery-bushfire_00000034,pinery-bushfire,tier3,test_ood,6,D:\UNI\DLSS\satellite-disaster-damage-mapping\data_same\xbd\tier3\images\pinery-bushfire_00000034_pre_disaster.png,D:\UNI\DLSS\satellite-disaster-damage-mapping\data_same\xbd\tier3\images\pinery-bushfire_00000034_post_disaster.png,D:\UNI\DLSS\satellite-disaster-damage-mapping\data_same\xbd\tier3\labels\pinery-bushfire_00000034_post_disaster.json
pinery-bushfire_00000053,pinery-bushfire,tier3,test_ood,10,D:\UNI\DLSS\satellite-disaster-damage-mapping\data_same\xbd\tier3\images\pinery-bushfire_00000053_pre_disaster.png,D:\UNI\DLSS\satellite-disaster-damage-mapping\data_same\xbd\tier3\images\pinery-bushfire_00000053_post_disaster.png,D:\UNI\DLSS\satellite-disaster-damage-mapping\data_same\xbd\tier3\labels\pinery-bushfire_00000053_post_disaster.json
pinery-bushfire_00000056,pinery-bushfire,tier3,test_ood,44,D:\UNI\DLSS\satellite-disaster-damage-mapping\data_same\xbd\tier3\images\pinery-bushfire_00000056_pre_disaster.png,D:\UNI\DLSS\satellite-disaster-damage-mapping\data_same\xbd\tier3\images\pinery-bushfire_00000056_post_disaster.png,D:\UNI\DLSS\satellite-disaster-damage-mapping\data_same\xbd\tier3\labels\pinery-bushfire_00000056_post_disaster.json
pinery-bushfire_00000104,pinery-bushfire,tier3,test_ood,9,D:\UNI\DLSS\satellite-disaster-damage-mapping\data_same\xbd\tier3\images\pinery-bushfire_00000104_pre_disaster.png,D:\UNI\DLSS\satellite-disaster-damage-mapping\data_same\xbd\tier3\images\pinery-bushfire_00000104_post_disaster.png,D:\UNI\DLSS\satellite-disaster-damage-mapping\data_same\xbd\tier3\labels\pinery-bushfire_00000104_post_disaster.json
pinery-bushfire_00000117,pinery-bushfire,tier3,test_ood,88,D:\UNI\DLSS\satellite-disaster-damage-mapping\data_same\xbd\tier3\images\pinery-bushfire_00000117_pre_disaster.png,D:\UNI\DLSS\satellite-disaster-damage-mapping\data_same\xbd\tier3\images\pinery-bushfire_00000117_post_disaster.png,D:\UNI\DLSS\satellite-disaster-damage-mapping\data_same\xbd\tier3\labels\pinery-bushfire_00000117_post_disaster.json
pinery-bushfire_00000127,pinery-bushfire,tier3,test_ood,34,D:\UNI\DLSS\satellite-disaster-damage-mapping\data_same\xbd\tier3\images\pinery-bushfire_00000127_pre_disaster.png,D:\UNI\DLSS\satellite-disaster-damage-mapping\data_same\xbd\tier3\images\pinery-bushfire_00000127_post_disaster.png,D:\UNI\DLSS\satellite-disaster-damage-mapping\data_same\xbd\tier3\labels\pinery-bushfire_00000127_post_disaster.json
pinery-bushfire_00000134,pinery-bushfire,tier3,test_ood,5,D:\UNI\DLSS\satellite-disaster-damage-mapping\data_same\xbd\tier3\images\pinery-bushfire_00000134_pre_disaster.png,D:\UNI\DLSS\satellite-disaster-damage-mapping\data_same\xbd\tier3\images\pinery-bushfire_00000134_post_disaster.png,D:\UNI\DLSS\satellite-disaster-damage-mapping\data_same\xbd\tier3\labels\pinery-bushfire_00000134_post_disaster.json
pinery-bushfire_00000189,pinery-bushfire,tier3,test_ood,17,D:\UNI\DLSS\satellite-disaster-damage-mapping\data_same\xbd\tier3\images\pinery-bushfire_00000189_pre_disaster.png,D:\UNI\DLSS\satellite-disaster-damage-mapping\data_same\xbd\tier3\images\pinery-bushfire_00000189_post_disaster.png,D:\UNI\DLSS\satellite-disaster-damage-mapping\data_same\xbd\tier3\labels\pinery-bushfire_00000189_post_disaster.json
pinery-bushfire_00000193,pinery-bushfire,tier3,test_ood,15,D:\UNI\DLSS\satellite-disaster-damage-mapping\data_same\xbd\tier3\images\pinery-bushfire_00000193_pre_disaster.png,D:\UNI\DLSS\satellite-disaster-damage-mapping\data_same\xbd\tier3\images\pinery-bushfire_00000193_post_disaster.png,D:\UNI\DLSS\satellite-disaster-damage-mapping\data_same\xbd\tier3\labels\pinery-bushfire_00000193_post_disaster.json
pinery-bushfire_00000253,pinery-bushfire,tier3,test_ood,7,D:\UNI\DLSS\satellite-disaster-damage-mapping\data_same\xbd\tier3\images\pinery-bushfire_00000253_pre_disaster.png,D:\UNI\DLSS\satellite-disaster-damage-mapping\data_same\xbd\tier3\images\pinery-bushfire_00000253_post_disaster.png,D:\UNI\DLSS\satellite-disaster-damage-mapping\data_same\xbd\tier3\labels\pinery-bushfire_00000253_post_disaster.json
pinery-bushfire_00000296,pinery-bushfire,tier3,test_ood,18,D:\UNI\DLSS\satellite-disaster-damage-mapping\data_same\xbd\tier3\images\pinery-bushfire_00000296_pre_disaster.png,D:\UNI\DLSS\satellite-disaster-damage-mapping\data_same\xbd\tier3\images\pinery-bushfire_00000296_post_disaster.png,D:\UNI\DLSS\satellite-disaster-damage-mapping\data_same\xbd\tier3\labels\pinery-bushfire_00000296_post_disaster.json
pinery-bushfire_00000337,pinery-bushfire,tier3,test_ood,5,D:\UNI\DLSS\satellite-disaster-damage-mapping\data_same\xbd\tier3\images\pinery-bushfire_00000337_pre_disaster.png,D:\UNI\DLSS\satellite-disaster-damage-mapping\data_same\xbd\tier3\images\pinery-bushfire_00000337_post_disaster.png,D:\UNI\DLSS\satellite-disaster-damage-mapping\data_same\xbd\tier3\labels\pinery-bushfire_00000337_post_disaster.json
pinery-bushfire_00000397,pinery-bushfire,tier3,test_ood,14,D:\UNI\DLSS\satellite-disaster-damage-mapping\data_same\xbd\tier3\images\pinery-bushfire_00000397_pre_disaster.png,D:\UNI\DLSS\satellite-disaster-damage-mapping\data_same\xbd\tier3\images\pinery-bushfire_00000397_post_disaster.png,D:\UNI\DLSS\satellite-disaster-damage-mapping\data_same\xbd\tier3\labels\pinery-bushfire_00000397_post_disaster.json
pinery-bushfire_00000535,pinery-bushfire,tier3,test_ood,19,D:\UNI\DLSS\satellite-disaster-damage-mapping\data_same\xbd\tier3\images\pinery-bushfire_00000535_pre_disaster.png,D:\UNI\DLSS\satellite-disaster-damage-mapping\data_same\xbd\tier3\images\pinery-bushfire_00000535_post_disaster.png,D:\UNI\DLSS\satellite-disaster-damage-mapping\data_same\xbd\tier3\labels\pinery-bushfire_00000535_post_disaster.json
pinery-bushfire_00000572,pinery-bushfire,tier3,test_ood,7,D:\UNI\DLSS\satellite-disaster-damage-mapping\data_same\xbd\tier3\images\pinery-bushfire_00000572_pre_disaster.png,D:\UNI\DLSS\satellite-disaster-damage-mapping\data_same\xbd\tier3\images\pinery-bushfire_00000572_post_disaster.png,D:\UNI\DLSS\satellite-disaster-damage-mapping\data_same\xbd\tier3\labels\pinery-bushfire_00000572_post_disaster.json
pinery-bushfire_00000582,pinery-bushfire,tier3,test_ood,17,D:\UNI\DLSS\satellite-disaster-damage-mapping\data_same\xbd\tier3\images\pinery-bushfire_00000582_pre_disaster.png,D:\UNI\DLSS\satellite-disaster-damage-mapping\data_same\xbd\tier3\images\pinery-bushfire_00000582_post_disaster.png,D:\UNI\DLSS\satellite-disaster-damage-mapping\data_same\xbd\tier3\labels\pinery-bushfire_00000582_post_disaster.json
pinery-bushfire_00000614,pinery-bushfire,tier3,test_ood,8,D:\UNI\DLSS\satellite-disaster-damage-mapping\data_same\xbd\tier3\images\pinery-bushfire_00000614_pre_disaster.png,D:\UNI\DLSS\satellite-disaster-damage-mapping\data_same\xbd\tier3\images\pinery-bushfire_00000614_post_disaster.png,D:\UNI\DLSS\satellite-disaster-damage-mapping\data_same\xbd\tier3\labels\pinery-bushfire_00000614_post_disaster.json
pinery-bushfire_00000640,pinery-bushfire,tier3,test_ood,17,D:\UNI\DLSS\satellite-disaster-damage-mapping\data_same\xbd\tier3\images\pinery-bushfire_00000640_pre_disaster.png,D:\UNI\DLSS\satellite-disaster-damage-mapping\data_same\xbd\tier3\images\pinery-bushfire_00000640_post_disaster.png,D:\UNI\DLSS\satellite-disaster-damage-mapping\data_same\xbd\tier3\labels\pinery-bushfire_00000640_post_disaster.json
pinery-bushfire_00000690,pinery-bushfire,tier3,test_ood,7,D:\UNI\DLSS\satellite-disaster-damage-mapping\data_same\xbd\tier3\images\pinery-bushfire_00000690_pre_disaster.png,D:\UNI\DLSS\satellite-disaster-damage-mapping\data_same\xbd\tier3\images\pinery-bushfire_00000690_post_disaster.png,D:\UNI\DLSS\satellite-disaster-damage-mapping\data_same\xbd\tier3\labels\pinery-bushfire_00000690_post_disaster.json
pinery-bushfire_00000769,pinery-bushfire,tier3,test_ood,6,D:\UNI\DLSS\satellite-disaster-damage-mapping\data_same\xbd\tier3\images\pinery-bushfire_00000769_pre_disaster.png,D:\UNI\DLSS\satellite-disaster-damage-mapping\data_same\xbd\tier3\images\pinery-bushfire_00000769_post_disaster.png,D:\UNI\DLSS\satellite-disaster-damage-mapping\data_same\xbd\tier3\labels\pinery-bushfire_00000769_post_disaster.json
pinery-bushfire_00000798,pinery-bushfire,tier3,test_ood,10,D:\UNI\DLSS\satellite-disaster-damage-mapping\data_same\xbd\tier3\images\pinery-bushfire_00000798_pre_disaster.png,D:\UNI\DLSS\satellite-disaster-damage-mapping\data_same\xbd\tier3\images\pinery-bushfire_00000798_post_disaster.png,D:\UNI\DLSS\satellite-disaster-damage-mapping\data_same\xbd\tier3\labels\pinery-bushfire_00000798_post_disaster.json
pinery-bushfire_00000856,pinery-bushfire,tier3,test_ood,8,D:\UNI\DLSS\satellite-disaster-damage-mapping\data_same\xbd\tier3\images\pinery-bushfire_00000856_pre_disaster.png,D:\UNI\DLSS\satellite-disaster-damage-mapping\data_same\xbd\tier3\images\pinery-bushfire_00000856_post_disaster.png,D:\UNI\DLSS\satellite-disaster-damage-mapping\data_same\xbd\tier3\labels\pinery-bushfire_00000856_post_disaster.json
pinery-bushfire_00000866,pinery-bushfire,tier3,test_ood,120,D:\UNI\DLSS\satellite-disaster-damage-mapping\data_same\xbd\tier3\images\pinery-bushfire_00000866_pre_disaster.png,D:\UNI\DLSS\satellite-disaster-damage-mapping\data_same\xbd\tier3\images\pinery-bushfire_00000866_post_disaster.png,D:\UNI\DLSS\satellite-disaster-damage-mapping\data_same\xbd\tier3\labels\pinery-bushfire_00000866_post_disaster.json
pinery-bushfire_00000867,pinery-bushfire,tier3,test_ood,13,D:\UNI\DLSS\satellite-disaster-damage-mapping\data_same\xbd\tier3\images\pinery-bushfire_00000867_pre_disaster.png,D:\UNI\DLSS\satellite-disaster-damage-mapping\data_same\xbd\tier3\images\pinery-bushfire_00000867_post_disaster.png,D:\UNI\DLSS\satellite-disaster-damage-mapping\data_same\xbd\tier3\labels\pinery-bushfire_00000867_post_disaster.json
pinery-bushfire_00000874,pinery-bushfire,tier3,test_ood,18,D:\UNI\DLSS\satellite-disaster-damage-mapping\data_same\xbd\tier3\images\pinery-bushfire_00000874_pre_disaster.png,D:\UNI\DLSS\satellite-disaster-damage-mapping\data_same\xbd\tier3\images\pinery-bushfire_00000874_post_disaster.png,D:\UNI\DLSS\satellite-disaster-damage-mapping\data_same\xbd\tier3\labels\pinery-bushfire_00000874_post_disaster.json
pinery-bushfire_00000897,pinery-bushfire,tier3,test_ood,10,D:\UNI\DLSS\satellite-disaster-damage-mapping\data_same\xbd\tier3\images\pinery-bushfire_00000897_pre_disaster.png,D:\UNI\DLSS\satellite-disaster-damage-mapping\data_same\xbd\tier3\images\pinery-bushfire_00000897_post_disaster.png,D:\UNI\DLSS\satellite-disaster-damage-mapping\data_same\xbd\tier3\labels\pinery-bushfire_00000897_post_disaster.json
pinery-bushfire_00000969,pinery-bushfire,tier3,test_ood,14,D:\UNI\DLSS\satellite-disaster-damage-mapping\data_same\xbd\tier3\images\pinery-bushfire_00000969_pre_disaster.png,D:\UNI\DLSS\satellite-disaster-damage-mapping\data_same\xbd\tier3\images\pinery-bushfire_00000969_post_disaster.png,D:\UNI\DLSS\satellite-disaster-damage-mapping\data_same\xbd\tier3\labels\pinery-bushfire_00000969_post_disaster.json
pinery-bushfire_00000975,pinery-bushfire,tier3,test_ood,11,D:\UNI\DLSS\satellite-disaster-damage-mapping\data_same\xbd\tier3\images\pinery-bushfire_00000975_pre_disaster.png,D:\UNI\DLSS\satellite-disaster-damage-mapping\data_same\xbd\tier3\images\pinery-bushfire_00000975_post_disaster.png,D:\UNI\DLSS\satellite-disaster-damage-mapping\data_same\xbd\tier3\labels\pinery-bushfire_00000975_post_disaster.json
pinery-bushfire_00001053,pinery-bushfire,tier3,test_ood,10,D:\UNI\DLSS\satellite-disaster-damage-mapping\data_same\xbd\tier3\images\pinery-bushfire_00001053_pre_disaster.png,D:\UNI\DLSS\satellite-disaster-damage-mapping\data_same\xbd\tier3\images\pinery-bushfire_00001053_post_disaster.png,D:\UNI\DLSS\satellite-disaster-damage-mapping\data_same\xbd\tier3\labels\pinery-bushfire_00001053_post_disaster.json
pinery-bushfire_00001161,pinery-bushfire,tier3,test_ood,28,D:\UNI\DLSS\satellite-disaster-damage-mapping\data_same\xbd\tier3\images\pinery-bushfire_00001161_pre_disaster.png,D:\UNI\DLSS\satellite-disaster-damage-mapping\data_same\xbd\tier3\images\pinery-bushfire_00001161_post_disaster.png,D:\UNI\DLSS\satellite-disaster-damage-mapping\data_same\xbd\tier3\labels\pinery-bushfire_00001161_post_disaster.json
pinery-bushfire_00001167,pinery-bushfire,tier3,test_ood,131,D:\UNI\DLSS\satellite-disaster-damage-mapping\data_same\xbd\tier3\images\pinery-bushfire_00001167_pre_disaster.png,D:\UNI\DLSS\satellite-disaster-damage-mapping\data_same\xbd\tier3\images\pinery-bushfire_00001167_post_disaster.png,D:\UNI\DLSS\satellite-disaster-damage-mapping\data_same\xbd\tier3\labels\pinery-bushfire_00001167_post_disaster.json
pinery-bushfire_00001185,pinery-bushfire,tier3,test_ood,31,D:\UNI\DLSS\satellite-disaster-damage-mapping\data_same\xbd\tier3\images\pinery-bushfire_00001185_pre_disaster.png,D:\UNI\DLSS\satellite-disaster-damage-mapping\data_same\xbd\tier3\images\pinery-bushfire_00001185_post_disaster.png,D:\UNI\DLSS\satellite-disaster-damage-mapping\data_same\xbd\tier3\labels\pinery-bushfire_00001185_post_disaster.json
pinery-bushfire_00001219,pinery-bushfire,tier3,test_ood,6,D:\UNI\DLSS\satellite-disaster-damage-mapping\data_same\xbd\tier3\images\pinery-bushfire_00001219_pre_disaster.png,D:\UNI\DLSS\satellite-disaster-damage-mapping\data_same\xbd\tier3\images\pinery-bushfire_00001219_post_disaster.png,D:\UNI\DLSS\satellite-disaster-damage-mapping\data_same\xbd\tier3\labels\pinery-bushfire_00001219_post_disaster.json
pinery-bushfire_00001256,pinery-bushfire,tier3,test_ood,9,D:\UNI\DLSS\satellite-disaster-damage-mapping\data_same\xbd\tier3\images\pinery-bushfire_00001256_pre_disaster.png,D:\UNI\DLSS\satellite-disaster-damage-mapping\data_same\xbd\tier3\images\pinery-bushfire_00001256_post_disaster.png,D:\UNI\DLSS\satellite-disaster-damage-mapping\data_same\xbd\tier3\labels\pinery-bushfire_00001256_post_disaster.json
pinery-bushfire_00001271,pinery-bushfire,tier3,test_ood,10,D:\UNI\DLSS\satellite-disaster-damage-mapping\data_same\xbd\tier3\images\pinery-bushfire_00001271_pre_disaster.png,D:\UNI\DLSS\satellite-disaster-damage-mapping\data_same\xbd\tier3\images\pinery-bushfire_00001271_post_disaster.png,D:\UNI\DLSS\satellite-disaster-damage-mapping\data_same\xbd\tier3\labels\pinery-bushfire_00001271_post_disaster.json
pinery-bushfire_00001302,pinery-bushfire,tier3,test_ood,6,D:\UNI\DLSS\satellite-disaster-damage-mapping\data_same\xbd\tier3\images\pinery-bushfire_00001302_pre_disaster.png,D:\UNI\DLSS\satellite-disaster-damage-mapping\data_same\xbd\tier3\images\pinery-bushfire_00001302_post_disaster.png,D:\UNI\DLSS\satellite-disaster-damage-mapping\data_same\xbd\tier3\labels\pinery-bushfire_00001302_post_disaster.json
pinery-bushfire_00001331,pinery-bushfire,tier3,test_ood,28,D:\UNI\DLSS\satellite-disaster-damage-mapping\data_same\xbd\tier3\images\pinery-bushfire_00001331_pre_disaster.png,D:\UNI\DLSS\satellite-disaster-damage-mapping\data_same\xbd\tier3\images\pinery-bushfire_00001331_post_disaster.png,D:\UNI\DLSS\satellite-disaster-damage-mapping\data_same\xbd\tier3\labels\pinery-bushfire_00001331_post_disaster.json
pinery-bushfire_00001367,pinery-bushfire,tier3,test_ood,18,D:\UNI\DLSS\satellite-disaster-damage-mapping\data_same\xbd\tier3\images\pinery-bushfire_00001367_pre_disaster.png,D:\UNI\DLSS\satellite-disaster-damage-mapping\data_same\xbd\tier3\images\pinery-bushfire_00001367_post_disaster.png,D:\UNI\DLSS\satellite-disaster-damage-mapping\data_same\xbd\tier3\labels\pinery-bushfire_00001367_post_disaster.json
pinery-bushfire_00001429,pinery-bushfire,tier3,test_ood,10,D:\UNI\DLSS\satellite-disaster-damage-mapping\data_same\xbd\tier3\images\pinery-bushfire_00001429_pre_disaster.png,D:\UNI\DLSS\satellite-disaster-damage-mapping\data_same\xbd\tier3\images\pinery-bushfire_00001429_post_disaster.png,D:\UNI\DLSS\satellite-disaster-damage-mapping\data_same\xbd\tier3\labels\pinery-bushfire_00001429_post_disaster.json
pinery-bushfire_00001473,pinery-bushfire,tier3,test_ood,7,D:\UNI\DLSS\satellite-disaster-damage-mapping\data_same\xbd\tier3\images\pinery-bushfire_00001473_pre_disaster.png,D:\UNI\DLSS\satellite-disaster-damage-mapping\data_same\xbd\tier3\images\pinery-bushfire_00001473_post_disaster.png,D:\UNI\DLSS\satellite-disaster-damage-mapping\data_same\xbd\tier3\labels\pinery-bushfire_00001473_post_disaster.json
pinery-bushfire_00001474,pinery-bushfire,tier3,test_ood,5,D:\UNI\DLSS\satellite-disaster-damage-mapping\data_same\xbd\tier3\images\pinery-bushfire_00001474_pre_disaster.png,D:\UNI\DLSS\satellite-disaster-damage-mapping\data_same\xbd\tier3\images\pinery-bushfire_00001474_post_disaster.png,D:\UNI\DLSS\satellite-disaster-damage-mapping\data_same\xbd\tier3\labels\pinery-bushfire_00001474_post_disaster.json
pinery-bushfire_00001555,pinery-bushfire,tier3,test_ood,13,D:\UNI\DLSS\satellite-disaster-damage-mapping\data_same\xbd\tier3\images\pinery-bushfire_00001555_pre_disaster.png,D:\UNI\DLSS\satellite-disaster-damage-mapping\data_same\xbd\tier3\images\pinery-bushfire_00001555_post_disaster.png,D:\UNI\DLSS\satellite-disaster-damage-mapping\data_same\xbd\tier3\labels\pinery-bushfire_00001555_post_disaster.json
pinery-bushfire_00001636,pinery-bushfire,tier3,test_ood,9,D:\UNI\DLSS\satellite-disaster-damage-mapping\data_same\xbd\tier3\images\pinery-bushfire_00001636_pre_disaster.png,D:\UNI\DLSS\satellite-disaster-damage-mapping\data_same\xbd\tier3\images\pinery-bushfire_00001636_post_disaster.png,D:\UNI\DLSS\satellite-disaster-damage-mapping\data_same\xbd\tier3\labels\pinery-bushfire_00001636_post_disaster.json
pinery-bushfire_00001679,pinery-bushfire,tier3,test_ood,16,D:\UNI\DLSS\satellite-disaster-damage-mapping\data_same\xbd\tier3\images\pinery-bushfire_00001679_pre_disaster.png,D:\UNI\DLSS\satellite-disaster-damage-mapping\data_same\xbd\tier3\images\pinery-bushfire_00001679_post_disaster.png,D:\UNI\DLSS\satellite-disaster-damage-mapping\data_same\xbd\tier3\labels\pinery-bushfire_00001679_post_disaster.json
pinery-bushfire_00001720,pinery-bushfire,tier3,test_ood,7,D:\UNI\DLSS\satellite-disaster-damage-mapping\data_same\xbd\tier3\images\pinery-bushfire_00001720_pre_disaster.png,D:\UNI\DLSS\satellite-disaster-damage-mapping\data_same\xbd\tier3\images\pinery-bushfire_00001720_post_disaster.png,D:\UNI\DLSS\satellite-disaster-damage-mapping\data_same\xbd\tier3\labels\pinery-bushfire_00001720_post_disaster.json
pinery-bushfire_00001752,pinery-bushfire,tier3,test_ood,23,D:\UNI\DLSS\satellite-disaster-damage-mapping\data_same\xbd\tier3\images\pinery-bushfire_00001752_pre_disaster.png,D:\UNI\DLSS\satellite-disaster-damage-mapping\data_same\xbd\tier3\images\pinery-bushfire_00001752_post_disaster.png,D:\UNI\DLSS\satellite-disaster-damage-mapping\data_same\xbd\tier3\labels\pinery-bushfire_00001752_post_disaster.json
pinery-bushfire_00001797,pinery-bushfire,tier3,test_ood,21,D:\UNI\DLSS\satellite-disaster-damage-mapping\data_same\xbd\tier3\images\pinery-bushfire_00001797_pre_disaster.png,D:\UNI\DLSS\satellite-disaster-damage-mapping\data_same\xbd\tier3\images\pinery-bushfire_00001797_post_disaster.png,D:\UNI\DLSS\satellite-disaster-damage-mapping\data_same\xbd\tier3\labels\pinery-bushfire_00001797_post_disaster.json
pinery-bushfire_00001802,pinery-bushfire,tier3,test_ood,5,D:\UNI\DLSS\satellite-disaster-damage-mapping\data_same\xbd\tier3\images\pinery-bushfire_00001802_pre_disaster.png,D:\UNI\DLSS\satellite-disaster-damage-mapping\data_same\xbd\tier3\images\pinery-bushfire_00001802_post_disaster.png,D:\UNI\DLSS\satellite-disaster-damage-mapping\data_same\xbd\tier3\labels\pinery-bushfire_00001802_post_disaster.json
pinery-bushfire_00001821,pinery-bushfire,tier3,test_ood,10,D:\UNI\DLSS\satellite-disaster-damage-mapping\data_same\xbd\tier3\images\pinery-bushfire_00001821_pre_disaster.png,D:\UNI\DLSS\satellite-disaster-damage-mapping\data_same\xbd\tier3\images\pinery-bushfire_00001821_post_disaster.png,D:\UNI\DLSS\satellite-disaster-damage-mapping\data_same\xbd\tier3\labels\pinery-bushfire_00001821_post_disaster.json
portugal-wildfire_00000003,portugal-wildfire,tier3,test_ood,10,D:\UNI\DLSS\satellite-disaster-damage-mapping\data_same\xbd\tier3\images\portugal-wildfire_00000003_pre_disaster.png,D:\UNI\DLSS\satellite-disaster-damage-mapping\data_same\xbd\tier3\images\portugal-wildfire_00000003_post_disaster.png,D:\UNI\DLSS\satellite-disaster-damage-mapping\data_same\xbd\tier3\labels\portugal-wildfire_00000003_post_disaster.json
portugal-wildfire_00000020,portugal-wildfire,tier3,test_ood,90,D:\UNI\DLSS\satellite-disaster-damage-mapping\data_same\xbd\tier3\images\portugal-wildfire_00000020_pre_disaster.png,D:\UNI\DLSS\satellite-disaster-damage-mapping\data_same\xbd\tier3\images\portugal-wildfire_00000020_post_disaster.png,D:\UNI\DLSS\satellite-disaster-damage-mapping\data_same\xbd\tier3\labels\portugal-wildfire_00000020_post_disaster.json
portugal-wildfire_00000029,portugal-wildfire,tier3,test_ood,77,D:\UNI\DLSS\satellite-disaster-damage-mapping\data_same\xbd\tier3\images\portugal-wildfire_00000029_pre_disaster.png,D:\UNI\DLSS\satellite-disaster-damage-mapping\data_same\xbd\tier3\images\portugal-wildfire_00000029_post_disaster.png,D:\UNI\DLSS\satellite-disaster-damage-mapping\data_same\xbd\tier3\labels\portugal-wildfire_00000029_post_disaster.json
portugal-wildfire_00000068,portugal-wildfire,tier3,test_ood,94,D:\UNI\DLSS\satellite-disaster-damage-mapping\data_same\xbd\tier3\images\portugal-wildfire_00000068_pre_disaster.png,D:\UNI\DLSS\satellite-disaster-damage-mapping\data_same\xbd\tier3\images\portugal-wildfire_00000068_post_disaster.png,D:\UNI\DLSS\satellite-disaster-damage-mapping\data_same\xbd\tier3\labels\portugal-wildfire_00000068_post_disaster.json
portugal-wildfire_00000081,portugal-wildfire,tier3,test_ood,88,D:\UNI\DLSS\satellite-disaster-damage-mapping\data_same\xbd\tier3\images\portugal-wildfire_00000081_pre_disaster.png,D:\UNI\DLSS\satellite-disaster-damage-mapping\data_same\xbd\tier3\images\portugal-wildfire_00000081_post_disaster.png,D:\UNI\DLSS\satellite-disaster-damage-mapping\data_same\xbd\tier3\labels\portugal-wildfire_00000081_post_disaster.json
portugal-wildfire_00000082,portugal-wildfire,tier3,test_ood,51,D:\UNI\DLSS\satellite-disaster-damage-mapping\data_same\xbd\tier3\images\portugal-wildfire_00000082_pre_disaster.png,D:\UNI\DLSS\satellite-disaster-damage-mapping\data_same\xbd\tier3\images\portugal-wildfire_00000082_post_disaster.png,D:\UNI\DLSS\satellite-disaster-damage-mapping\data_same\xbd\tier3\labels\portugal-wildfire_00000082_post_disaster.json
portugal-wildfire_00000119,portugal-wildfire,tier3,test_ood,24,D:\UNI\DLSS\satellite-disaster-damage-mapping\data_same\xbd\tier3\images\portugal-wildfire_00000119_pre_disaster.png,D:\UNI\DLSS\satellite-disaster-damage-mapping\data_same\xbd\tier3\images\portugal-wildfire_00000119_post_disaster.png,D:\UNI\DLSS\satellite-disaster-damage-mapping\data_same\xbd\tier3\labels\portugal-wildfire_00000119_post_disaster.json
portugal-wildfire_00000125,portugal-wildfire,tier3,test_ood,5,D:\UNI\DLSS\satellite-disaster-damage-mapping\data_same\xbd\tier3\images\portugal-wildfire_00000125_pre_disaster.png,D:\UNI\DLSS\satellite-disaster-damage-mapping\data_same\xbd\tier3\images\portugal-wildfire_00000125_post_disaster.png,D:\UNI\DLSS\satellite-disaster-damage-mapping\data_same\xbd\tier3\labels\portugal-wildfire_00000125_post_disaster.json
portugal-wildfire_00000134,portugal-wildfire,tier3,test_ood,37,D:\UNI\DLSS\satellite-disaster-damage-mapping\data_same\xbd\tier3\images\portugal-wildfire_00000134_pre_disaster.png,D:\UNI\DLSS\satellite-disaster-damage-mapping\data_same\xbd\tier3\images\portugal-wildfire_00000134_post_disaster.png,D:\UNI\DLSS\satellite-disaster-damage-mapping\data_same\xbd\tier3\labels\portugal-wildfire_00000134_post_disaster.json
portugal-wildfire_00000161,portugal-wildfire,tier3,test_ood,55,D:\UNI\DLSS\satellite-disaster-damage-mapping\data_same\xbd\tier3\images\portugal-wildfire_00000161_pre_disaster.png,D:\UNI\DLSS\satellite-disaster-damage-mapping\data_same\xbd\tier3\images\portugal-wildfire_00000161_post_disaster.png,D:\UNI\DLSS\satellite-disaster-damage-mapping\data_same\xbd\tier3\labels\portugal-wildfire_00000161_post_disaster.json
portugal-wildfire_00000172,portugal-wildfire,tier3,test_ood,16,D:\UNI\DLSS\satellite-disaster-damage-mapping\data_same\xbd\tier3\images\portugal-wildfire_00000172_pre_disaster.png,D:\UNI\DLSS\satellite-disaster-damage-mapping\data_same\xbd\tier3\images\portugal-wildfire_00000172_post_disaster.png,D:\UNI\DLSS\satellite-disaster-damage-mapping\data_same\xbd\tier3\labels\portugal-wildfire_00000172_post_disaster.json
portugal-wildfire_00000174,portugal-wildfire,tier3,test_ood,30,D:\UNI\DLSS\satellite-disaster-damage-mapping\data_same\xbd\tier3\images\portugal-wildfire_00000174_pre_disaster.png,D:\UNI\DLSS\satellite-disaster-damage-mapping\data_same\xbd\tier3\images\portugal-wildfire_00000174_post_disaster.png,D:\UNI\DLSS\satellite-disaster-damage-mapping\data_same\xbd\tier3\labels\portugal-wildfire_00000174_post_disaster.json
portugal-wildfire_00000181,portugal-wildfire,tier3,test_ood,52,D:\UNI\DLSS\satellite-disaster-damage-mapping\data_same\xbd\tier3\images\portugal-wildfire_00000181_pre_disaster.png,D:\UNI\DLSS\satellite-disaster-damage-mapping\data_same\xbd\tier3\images\portugal-wildfire_00000181_post_disaster.png,D:\UNI\DLSS\satellite-disaster-damage-mapping\data_same\xbd\tier3\labels\portugal-wildfire_00000181_post_disaster.json
portugal-wildfire_00000191,portugal-wildfire,tier3,test_ood,63,D:\UNI\DLSS\satellite-disaster-damage-mapping\data_same\xbd\tier3\images\portugal-wildfire_00000191_pre_disaster.png,D:\UNI\DLSS\satellite-disaster-damage-mapping\data_same\xbd\tier3\images\portugal-wildfire_00000191_post_disaster.png,D:\UNI\DLSS\satellite-disaster-damage-mapping\data_same\xbd\tier3\labels\portugal-wildfire_00000191_post_disaster.json
portugal-wildfire_00000195,portugal-wildfire,tier3,test_ood,23,D:\UNI\DLSS\satellite-disaster-damage-mapping\data_same\xbd\tier3\images\portugal-wildfire_00000195_pre_disaster.png,D:\UNI\DLSS\satellite-disaster-damage-mapping\data_same\xbd\tier3\images\portugal-wildfire_00000195_post_disaster.png,D:\UNI\DLSS\satellite-disaster-damage-mapping\data_same\xbd\tier3\labels\portugal-wildfire_00000195_post_disaster.json
portugal-wildfire_00000201,portugal-wildfire,tier3,test_ood,17,D:\UNI\DLSS\satellite-disaster-damage-mapping\data_same\xbd\tier3\images\portugal-wildfire_00000201_pre_disaster.png,D:\UNI\DLSS\satellite-disaster-damage-mapping\data_same\xbd\tier3\images\portugal-wildfire_00000201_post_disaster.png,D:\UNI\DLSS\satellite-disaster-damage-mapping\data_same\xbd\tier3\labels\portugal-wildfire_00000201_post_disaster.json
portugal-wildfire_00000214,portugal-wildfire,tier3,test_ood,40,D:\UNI\DLSS\satellite-disaster-damage-mapping\data_same\xbd\tier3\images\portugal-wildfire_00000214_pre_disaster.png,D:\UNI\DLSS\satellite-disaster-damage-mapping\data_same\xbd\tier3\images\portugal-wildfire_00000214_post_disaster.png,D:\UNI\DLSS\satellite-disaster-damage-mapping\data_same\xbd\tier3\labels\portugal-wildfire_00000214_post_disaster.json
portugal-wildfire_00000215,portugal-wildfire,tier3,test_ood,125,D:\UNI\DLSS\satellite-disaster-damage-mapping\data_same\xbd\tier3\images\portugal-wildfire_00000215_pre_disaster.png,D:\UNI\DLSS\satellite-disaster-damage-mapping\data_same\xbd\tier3\images\portugal-wildfire_00000215_post_disaster.png,D:\UNI\DLSS\satellite-disaster-damage-mapping\data_same\xbd\tier3\labels\portugal-wildfire_00000215_post_disaster.json
portugal-wildfire_00000223,portugal-wildfire,tier3,test_ood,30,D:\UNI\DLSS\satellite-disaster-damage-mapping\data_same\xbd\tier3\images\portugal-wildfire_00000223_pre_disaster.png,D:\UNI\DLSS\satellite-disaster-damage-mapping\data_same\xbd\tier3\images\portugal-wildfire_00000223_post_disaster.png,D:\UNI\DLSS\satellite-disaster-damage-mapping\data_same\xbd\tier3\labels\portugal-wildfire_00000223_post_disaster.json
portugal-wildfire_00000242,portugal-wildfire,tier3,test_ood,20,D:\UNI\DLSS\satellite-disaster-damage-mapping\data_same\xbd\tier3\images\portugal-wildfire_00000242_pre_disaster.png,D:\UNI\DLSS\satellite-disaster-damage-mapping\data_same\xbd\tier3\images\portugal-wildfire_00000242_post_disaster.png,D:\UNI\DLSS\satellite-disaster-damage-mapping\data_same\xbd\tier3\labels\portugal-wildfire_00000242_post_disaster.json
portugal-wildfire_00000243,portugal-wildfire,tier3,test_ood,8,D:\UNI\DLSS\satellite-disaster-damage-mapping\data_same\xbd\tier3\images\portugal-wildfire_00000243_pre_disaster.png,D:\UNI\DLSS\satellite-disaster-damage-mapping\data_same\xbd\tier3\images\portugal-wildfire_00000243_post_disaster.png,D:\UNI\DLSS\satellite-disaster-damage-mapping\data_same\xbd\tier3\labels\portugal-wildfire_00000243_post_disaster.json
portugal-wildfire_00000244,portugal-wildfire,tier3,test_ood,15,D:\UNI\DLSS\satellite-disaster-damage-mapping\data_same\xbd\tier3\images\portugal-wildfire_00000244_pre_disaster.png,D:\UNI\DLSS\satellite-disaster-damage-mapping\data_same\xbd\tier3\images\portugal-wildfire_00000244_post_disaster.png,D:\UNI\DLSS\satellite-disaster-damage-mapping\data_same\xbd\tier3\labels\portugal-wildfire_00000244_post_disaster.json
portugal-wildfire_00000256,portugal-wildfire,tier3,test_ood,31,D:\UNI\DLSS\satellite-disaster-damage-mapping\data_same\xbd\tier3\images\portugal-wildfire_00000256_pre_disaster.png,D:\UNI\DLSS\satellite-disaster-damage-mapping\data_same\xbd\tier3\images\portugal-wildfire_00000256_post_disaster.png,D:\UNI\DLSS\satellite-disaster-damage-mapping\data_same\xbd\tier3\labels\portugal-wildfire_00000256_post_disaster.json
portugal-wildfire_00000259,portugal-wildfire,tier3,test_ood,113,D:\UNI\DLSS\satellite-disaster-damage-mapping\data_same\xbd\tier3\images\portugal-wildfire_00000259_pre_disaster.png,D:\UNI\DLSS\satellite-disaster-damage-mapping\data_same\xbd\tier3\images\portugal-wildfire_00000259_post_disaster.png,D:\UNI\DLSS\satellite-disaster-damage-mapping\data_same\xbd\tier3\labels\portugal-wildfire_00000259_post_disaster.json
portugal-wildfire_00000273,portugal-wildfire,tier3,test_ood,8,D:\UNI\DLSS\satellite-disaster-damage-mapping\data_same\xbd\tier3\images\portugal-wildfire_00000273_pre_disaster.png,D:\UNI\DLSS\satellite-disaster-damage-mapping\data_same\xbd\tier3\images\portugal-wildfire_00000273_post_disaster.png,D:\UNI\DLSS\satellite-disaster-damage-mapping\data_same\xbd\tier3\labels\portugal-wildfire_00000273_post_disaster.json
portugal-wildfire_00000279,portugal-wildfire,tier3,test_ood,29,D:\UNI\DLSS\satellite-disaster-damage-mapping\data_same\xbd\tier3\images\portugal-wildfire_00000279_pre_disaster.png,D:\UNI\DLSS\satellite-disaster-damage-mapping\data_same\xbd\tier3\images\portugal-wildfire_00000279_post_disaster.png,D:\UNI\DLSS\satellite-disaster-damage-mapping\data_same\xbd\tier3\labels\portugal-wildfire_00000279_post_disaster.json
portugal-wildfire_00000310,portugal-wildfire,tier3,test_ood,12,D:\UNI\DLSS\satellite-disaster-damage-mapping\data_same\xbd\tier3\images\portugal-wildfire_00000310_pre_disaster.png,D:\UNI\DLSS\satellite-disaster-damage-mapping\data_same\xbd\tier3\images\portugal-wildfire_00000310_post_disaster.png,D:\UNI\DLSS\satellite-disaster-damage-mapping\data_same\xbd\tier3\labels\portugal-wildfire_00000310_post_disaster.json
portugal-wildfire_00000345,portugal-wildfire,tier3,test_ood,23,D:\UNI\DLSS\satellite-disaster-damage-mapping\data_same\xbd\tier3\images\portugal-wildfire_00000345_pre_disaster.png,D:\UNI\DLSS\satellite-disaster-damage-mapping\data_same\xbd\tier3\images\portugal-wildfire_00000345_post_disaster.png,D:\UNI\DLSS\satellite-disaster-damage-mapping\data_same\xbd\tier3\labels\portugal-wildfire_00000345_post_disaster.json
portugal-wildfire_00000352,portugal-wildfire,tier3,test_ood,12,D:\UNI\DLSS\satellite-disaster-damage-mapping\data_same\xbd\tier3\images\portugal-wildfire_00000352_pre_disaster.png,D:\UNI\DLSS\satellite-disaster-damage-mapping\data_same\xbd\tier3\images\portugal-wildfire_00000352_post_disaster.png,D:\UNI\DLSS\satellite-disaster-damage-mapping\data_same\xbd\tier3\labels\portugal-wildfire_00000352_post_disaster.json
portugal-wildfire_00000353,portugal-wildfire,tier3,test_ood,73,D:\UNI\DLSS\satellite-disaster-damage-mapping\data_same\xbd\tier3\images\portugal-wildfire_00000353_pre_disaster.png,D:\UNI\DLSS\satellite-disaster-damage-mapping\data_same\xbd\tier3\images\portugal-wildfire_00000353_post_disaster.png,D:\UNI\DLSS\satellite-disaster-damage-mapping\data_same\xbd\tier3\labels\portugal-wildfire_00000353_post_disaster.json
portugal-wildfire_00000368,portugal-wildfire,tier3,test_ood,45,D:\UNI\DLSS\satellite-disaster-damage-mapping\data_same\xbd\tier3\images\portugal-wildfire_00000368_pre_disaster.png,D:\UNI\DLSS\satellite-disaster-damage-mapping\data_same\xbd\tier3\images\portugal-wildfire_00000368_post_disaster.png,D:\UNI\DLSS\satellite-disaster-damage-mapping\data_same\xbd\tier3\labels\portugal-wildfire_00000368_post_disaster.json
portugal-wildfire_00000374,portugal-wildfire,tier3,test_ood,17,D:\UNI\DLSS\satellite-disaster-damage-mapping\data_same\xbd\tier3\images\portugal-wildfire_00000374_pre_disaster.png,D:\UNI\DLSS\satellite-disaster-damage-mapping\data_same\xbd\tier3\images\portugal-wildfire_00000374_post_disaster.png,D:\UNI\DLSS\satellite-disaster-damage-mapping\data_same\xbd\tier3\labels\portugal-wildfire_00000374_post_disaster.json
portugal-wildfire_00000403,portugal-wildfire,tier3,test_ood,13,D:\UNI\DLSS\satellite-disaster-damage-mapping\data_same\xbd\tier3\images\portugal-wildfire_00000403_pre_disaster.png,D:\UNI\DLSS\satellite-disaster-damage-mapping\data_same\xbd\tier3\images\portugal-wildfire_00000403_post_disaster.png,D:\UNI\DLSS\satellite-disaster-damage-mapping\data_same\xbd\tier3\labels\portugal-wildfire_00000403_post_disaster.json
portugal-wildfire_00000404,portugal-wildfire,tier3,test_ood,6,D:\UNI\DLSS\satellite-disaster-damage-mapping\data_same\xbd\tier3\images\portugal-wildfire_00000404_pre_disaster.png,D:\UNI\DLSS\satellite-disaster-damage-mapping\data_same\xbd\tier3\images\portugal-wildfire_00000404_post_disaster.png,D:\UNI\DLSS\satellite-disaster-damage-mapping\data_same\xbd\tier3\labels\portugal-wildfire_00000404_post_disaster.json
portugal-wildfire_00000406,portugal-wildfire,tier3,test_ood,133,D:\UNI\DLSS\satellite-disaster-damage-mapping\data_same\xbd\tier3\images\portugal-wildfire_00000406_pre_disaster.png,D:\UNI\DLSS\satellite-disaster-damage-mapping\data_same\xbd\tier3\images\portugal-wildfire_00000406_post_disaster.png,D:\UNI\DLSS\satellite-disaster-damage-mapping\data_same\xbd\tier3\labels\portugal-wildfire_00000406_post_disaster.json
portugal-wildfire_00000408,portugal-wildfire,tier3,test_ood,25,D:\UNI\DLSS\satellite-disaster-damage-mapping\data_same\xbd\tier3\images\portugal-wildfire_00000408_pre_disaster.png,D:\UNI\DLSS\satellite-disaster-damage-mapping\data_same\xbd\tier3\images\portugal-wildfire_00000408_post_disaster.png,D:\UNI\DLSS\satellite-disaster-damage-mapping\data_same\xbd\tier3\labels\portugal-wildfire_00000408_post_disaster.json
portugal-wildfire_00000410,portugal-wildfire,tier3,test_ood,6,D:\UNI\DLSS\satellite-disaster-damage-mapping\data_same\xbd\tier3\images\portugal-wildfire_00000410_pre_disaster.png,D:\UNI\DLSS\satellite-disaster-damage-mapping\data_same\xbd\tier3\images\portugal-wildfire_00000410_post_disaster.png,D:\UNI\DLSS\satellite-disaster-damage-mapping\data_same\xbd\tier3\labels\portugal-wildfire_00000410_post_disaster.json
portugal-wildfire_00000451,portugal-wildfire,tier3,test_ood,18,D:\UNI\DLSS\satellite-disaster-damage-mapping\data_same\xbd\tier3\images\portugal-wildfire_00000451_pre_disaster.png,D:\UNI\DLSS\satellite-disaster-damage-mapping\data_same\xbd\tier3\images\portugal-wildfire_00000451_post_disaster.png,D:\UNI\DLSS\satellite-disaster-damage-mapping\data_same\xbd\tier3\labels\portugal-wildfire_00000451_post_disaster.json
portugal-wildfire_00000483,portugal-wildfire,tier3,test_ood,64,D:\UNI\DLSS\satellite-disaster-damage-mapping\data_same\xbd\tier3\images\portugal-wildfire_00000483_pre_disaster.png,D:\UNI\DLSS\satellite-disaster-damage-mapping\data_same\xbd\tier3\images\portugal-wildfire_00000483_post_disaster.png,D:\UNI\DLSS\satellite-disaster-damage-mapping\data_same\xbd\tier3\labels\portugal-wildfire_00000483_post_disaster.json
portugal-wildfire_00000492,portugal-wildfire,tier3,test_ood,35,D:\UNI\DLSS\satellite-disaster-damage-mapping\data_same\xbd\tier3\images\portugal-wildfire_00000492_pre_disaster.png,D:\UNI\DLSS\satellite-disaster-damage-mapping\data_same\xbd\tier3\images\portugal-wildfire_00000492_post_disaster.png,D:\UNI\DLSS\satellite-disaster-damage-mapping\data_same\xbd\tier3\labels\portugal-wildfire_00000492_post_disaster.json
portugal-wildfire_00000504,portugal-wildfire,tier3,test_ood,8,D:\UNI\DLSS\satellite-disaster-damage-mapping\data_same\xbd\tier3\images\portugal-wildfire_00000504_pre_disaster.png,D:\UNI\DLSS\satellite-disaster-damage-mapping\data_same\xbd\tier3\images\portugal-wildfire_00000504_post_disaster.png,D:\UNI\DLSS\satellite-disaster-damage-mapping\data_same\xbd\tier3\labels\portugal-wildfire_00000504_post_disaster.json
portugal-wildfire_00000507,portugal-wildfire,tier3,test_ood,16,D:\UNI\DLSS\satellite-disaster-damage-mapping\data_same\xbd\tier3\images\portugal-wildfire_00000507_pre_disaster.png,D:\UNI\DLSS\satellite-disaster-damage-mapping\data_same\xbd\tier3\images\portugal-wildfire_00000507_post_disaster.png,D:\UNI\DLSS\satellite-disaster-damage-mapping\data_same\xbd\tier3\labels\portugal-wildfire_00000507_post_disaster.json
portugal-wildfire_00000533,portugal-wildfire,tier3,test_ood,37,D:\UNI\DLSS\satellite-disaster-damage-mapping\data_same\xbd\tier3\images\portugal-wildfire_00000533_pre_disaster.png,D:\UNI\DLSS\satellite-disaster-damage-mapping\data_same\xbd\tier3\images\portugal-wildfire_00000533_post_disaster.png,D:\UNI\DLSS\satellite-disaster-damage-mapping\data_same\xbd\tier3\labels\portugal-wildfire_00000533_post_disaster.json
portugal-wildfire_00000537,portugal-wildfire,tier3,test_ood,97,D:\UNI\DLSS\satellite-disaster-damage-mapping\data_same\xbd\tier3\images\portugal-wildfire_00000537_pre_disaster.png,D:\UNI\DLSS\satellite-disaster-damage-mapping\data_same\xbd\tier3\images\portugal-wildfire_00000537_post_disaster.png,D:\UNI\DLSS\satellite-disaster-damage-mapping\data_same\xbd\tier3\labels\portugal-wildfire_00000537_post_disaster.json
portugal-wildfire_00000594,portugal-wildfire,tier3,test_ood,8,D:\UNI\DLSS\satellite-disaster-damage-mapping\data_same\xbd\tier3\images\portugal-wildfire_00000594_pre_disaster.png,D:\UNI\DLSS\satellite-disaster-damage-mapping\data_same\xbd\tier3\images\portugal-wildfire_00000594_post_disaster.png,D:\UNI\DLSS\satellite-disaster-damage-mapping\data_same\xbd\tier3\labels\portugal-wildfire_00000594_post_disaster.json
portugal-wildfire_00000613,portugal-wildfire,tier3,test_ood,6,D:\UNI\DLSS\satellite-disaster-damage-mapping\data_same\xbd\tier3\images\portugal-wildfire_00000613_pre_disaster.png,D:\UNI\DLSS\satellite-disaster-damage-mapping\data_same\xbd\tier3\images\portugal-wildfire_00000613_post_disaster.png,D:\UNI\DLSS\satellite-disaster-damage-mapping\data_same\xbd\tier3\labels\portugal-wildfire_00000613_post_disaster.json
portugal-wildfire_00000619,portugal-wildfire,tier3,test_ood,43,D:\UNI\DLSS\satellite-disaster-damage-mapping\data_same\xbd\tier3\images\portugal-wildfire_00000619_pre_disaster.png,D:\UNI\DLSS\satellite-disaster-damage-mapping\data_same\xbd\tier3\images\portugal-wildfire_00000619_post_disaster.png,D:\UNI\DLSS\satellite-disaster-damage-mapping\data_same\xbd\tier3\labels\portugal-wildfire_00000619_post_disaster.json
portugal-wildfire_00000623,portugal-wildfire,tier3,test_ood,23,D:\UNI\DLSS\satellite-disaster-damage-mapping\data_same\xbd\tier3\images\portugal-wildfire_00000623_pre_disaster.png,D:\UNI\DLSS\satellite-disaster-damage-mapping\data_same\xbd\tier3\images\portugal-wildfire_00000623_post_disaster.png,D:\UNI\DLSS\satellite-disaster-damage-mapping\data_same\xbd\tier3\labels\portugal-wildfire_00000623_post_disaster.json
portugal-wildfire_00000639,portugal-wildfire,tier3,test_ood,39,D:\UNI\DLSS\satellite-disaster-damage-mapping\data_same\xbd\tier3\images\portugal-wildfire_00000639_pre_disaster.png,D:\UNI\DLSS\satellite-disaster-damage-mapping\data_same\xbd\tier3\images\portugal-wildfire_00000639_post_disaster.png,D:\UNI\DLSS\satellite-disaster-damage-mapping\data_same\xbd\tier3\labels\portugal-wildfire_00000639_post_disaster.json
portugal-wildfire_00000647,portugal-wildfire,tier3,test_ood,11,D:\UNI\DLSS\satellite-disaster-damage-mapping\data_same\xbd\tier3\images\portugal-wildfire_00000647_pre_disaster.png,D:\UNI\DLSS\satellite-disaster-damage-mapping\data_same\xbd\tier3\images\portugal-wildfire_00000647_post_disaster.png,D:\UNI\DLSS\satellite-disaster-damage-mapping\data_same\xbd\tier3\labels\portugal-wildfire_00000647_post_disaster.json
portugal-wildfire_00000650,portugal-wildfire,tier3,test_ood,8,D:\UNI\DLSS\satellite-disaster-damage-mapping\data_same\xbd\tier3\images\portugal-wildfire_00000650_pre_disaster.png,D:\UNI\DLSS\satellite-disaster-damage-mapping\data_same\xbd\tier3\images\portugal-wildfire_00000650_post_disaster.png,D:\UNI\DLSS\satellite-disaster-damage-mapping\data_same\xbd\tier3\labels\portugal-wildfire_00000650_post_disaster.json
portugal-wildfire_00000732,portugal-wildfire,tier3,test_ood,11,D:\UNI\DLSS\satellite-disaster-damage-mapping\data_same\xbd\tier3\images\portugal-wildfire_00000732_pre_disaster.png,D:\UNI\DLSS\satellite-disaster-damage-mapping\data_same\xbd\tier3\images\portugal-wildfire_00000732_post_disaster.png,D:\UNI\DLSS\satellite-disaster-damage-mapping\data_same\xbd\tier3\labels\portugal-wildfire_00000732_post_disaster.json
portugal-wildfire_00000740,portugal-wildfire,tier3,test_ood,44,D:\UNI\DLSS\satellite-disaster-damage-mapping\data_same\xbd\tier3\images\portugal-wildfire_00000740_pre_disaster.png,D:\UNI\DLSS\satellite-disaster-damage-mapping\data_same\xbd\tier3\images\portugal-wildfire_00000740_post_disaster.png,D:\UNI\DLSS\satellite-disaster-damage-mapping\data_same\xbd\tier3\labels\portugal-wildfire_00000740_post_disaster.json
portugal-wildfire_00000741,portugal-wildfire,tier3,test_ood,19,D:\UNI\DLSS\satellite-disaster-damage-mapping\data_same\xbd\tier3\images\portugal-wildfire_00000741_pre_disaster.png,D:\UNI\DLSS\satellite-disaster-damage-mapping\data_same\xbd\tier3\images\portugal-wildfire_00000741_post_disaster.png,D:\UNI\DLSS\satellite-disaster-damage-mapping\data_same\xbd\tier3\labels\portugal-wildfire_00000741_post_disaster.json
portugal-wildfire_00000743,portugal-wildfire,tier3,test_ood,40,D:\UNI\DLSS\satellite-disaster-damage-mapping\data_same\xbd\tier3\images\portugal-wildfire_00000743_pre_disaster.png,D:\UNI\DLSS\satellite-disaster-damage-mapping\data_same\xbd\tier3\images\portugal-wildfire_00000743_post_disaster.png,D:\UNI\DLSS\satellite-disaster-damage-mapping\data_same\xbd\tier3\labels\portugal-wildfire_00000743_post_disaster.json
portugal-wildfire_00000774,portugal-wildfire,tier3,test_ood,6,D:\UNI\DLSS\satellite-disaster-damage-mapping\data_same\xbd\tier3\images\portugal-wildfire_00000774_pre_disaster.png,D:\UNI\DLSS\satellite-disaster-damage-mapping\data_same\xbd\tier3\images\portugal-wildfire_00000774_post_disaster.png,D:\UNI\DLSS\satellite-disaster-damage-mapping\data_same\xbd\tier3\labels\portugal-wildfire_00000774_post_disaster.json
portugal-wildfire_00000791,portugal-wildfire,tier3,test_ood,10,D:\UNI\DLSS\satellite-disaster-damage-mapping\data_same\xbd\tier3\images\portugal-wildfire_00000791_pre_disaster.png,D:\UNI\DLSS\satellite-disaster-damage-mapping\data_same\xbd\tier3\images\portugal-wildfire_00000791_post_disaster.png,D:\UNI\DLSS\satellite-disaster-damage-mapping\data_same\xbd\tier3\labels\portugal-wildfire_00000791_post_disaster.json
portugal-wildfire_00000795,portugal-wildfire,tier3,test_ood,32,D:\UNI\DLSS\satellite-disaster-damage-mapping\data_same\xbd\tier3\images\portugal-wildfire_00000795_pre_disaster.png,D:\UNI\DLSS\satellite-disaster-damage-mapping\data_same\xbd\tier3\images\portugal-wildfire_00000795_post_disaster.png,D:\UNI\DLSS\satellite-disaster-damage-mapping\data_same\xbd\tier3\labels\portugal-wildfire_00000795_post_disaster.json
portugal-wildfire_00000798,portugal-wildfire,tier3,test_ood,21,D:\UNI\DLSS\satellite-disaster-damage-mapping\data_same\xbd\tier3\images\portugal-wildfire_00000798_pre_disaster.png,D:\UNI\DLSS\satellite-disaster-damage-mapping\data_same\xbd\tier3\images\portugal-wildfire_00000798_post_disaster.png,D:\UNI\DLSS\satellite-disaster-damage-mapping\data_same\xbd\tier3\labels\portugal-wildfire_00000798_post_disaster.json
portugal-wildfire_00000805,portugal-wildfire,tier3,test_ood,45,D:\UNI\DLSS\satellite-disaster-damage-mapping\data_same\xbd\tier3\images\portugal-wildfire_00000805_pre_disaster.png,D:\UNI\DLSS\satellite-disaster-damage-mapping\data_same\xbd\tier3\images\portugal-wildfire_00000805_post_disaster.png,D:\UNI\DLSS\satellite-disaster-damage-mapping\data_same\xbd\tier3\labels\portugal-wildfire_00000805_post_disaster.json
portugal-wildfire_00000811,portugal-wildfire,tier3,test_ood,26,D:\UNI\DLSS\satellite-disaster-damage-mapping\data_same\xbd\tier3\images\portugal-wildfire_00000811_pre_disaster.png,D:\UNI\DLSS\satellite-disaster-damage-mapping\data_same\xbd\tier3\images\portugal-wildfire_00000811_post_disaster.png,D:\UNI\DLSS\satellite-disaster-damage-mapping\data_same\xbd\tier3\labels\portugal-wildfire_00000811_post_disaster.json
portugal-wildfire_00000818,portugal-wildfire,tier3,test_ood,62,D:\UNI\DLSS\satellite-disaster-damage-mapping\data_same\xbd\tier3\images\portugal-wildfire_00000818_pre_disaster.png,D:\UNI\DLSS\satellite-disaster-damage-mapping\data_same\xbd\tier3\images\portugal-wildfire_00000818_post_disaster.png,D:\UNI\DLSS\satellite-disaster-damage-mapping\data_same\xbd\tier3\labels\portugal-wildfire_00000818_post_disaster.json
portugal-wildfire_00000827,portugal-wildfire,tier3,test_ood,26,D:\UNI\DLSS\satellite-disaster-damage-mapping\data_same\xbd\tier3\images\portugal-wildfire_00000827_pre_disaster.png,D:\UNI\DLSS\satellite-disaster-damage-mapping\data_same\xbd\tier3\images\portugal-wildfire_00000827_post_disaster.png,D:\UNI\DLSS\satellite-disaster-damage-mapping\data_same\xbd\tier3\labels\portugal-wildfire_00000827_post_disaster.json
portugal-wildfire_00000831,portugal-wildfire,tier3,test_ood,15,D:\UNI\DLSS\satellite-disaster-damage-mapping\data_same\xbd\tier3\images\portugal-wildfire_00000831_pre_disaster.png,D:\UNI\DLSS\satellite-disaster-damage-mapping\data_same\xbd\tier3\images\portugal-wildfire_00000831_post_disaster.png,D:\UNI\DLSS\satellite-disaster-damage-mapping\data_same\xbd\tier3\labels\portugal-wildfire_00000831_post_disaster.json
portugal-wildfire_00000835,portugal-wildfire,tier3,test_ood,5,D:\UNI\DLSS\satellite-disaster-damage-mapping\data_same\xbd\tier3\images\portugal-wildfire_00000835_pre_disaster.png,D:\UNI\DLSS\satellite-disaster-damage-mapping\data_same\xbd\tier3\images\portugal-wildfire_00000835_post_disaster.png,D:\UNI\DLSS\satellite-disaster-damage-mapping\data_same\xbd\tier3\labels\portugal-wildfire_00000835_post_disaster.json
portugal-wildfire_00000855,portugal-wildfire,tier3,test_ood,15,D:\UNI\DLSS\satellite-disaster-damage-mapping\data_same\xbd\tier3\images\portugal-wildfire_00000855_pre_disaster.png,D:\UNI\DLSS\satellite-disaster-damage-mapping\data_same\xbd\tier3\images\portugal-wildfire_00000855_post_disaster.png,D:\UNI\DLSS\satellite-disaster-damage-mapping\data_same\xbd\tier3\labels\portugal-wildfire_00000855_post_disaster.json
portugal-wildfire_00000861,portugal-wildfire,tier3,test_ood,129,D:\UNI\DLSS\satellite-disaster-damage-mapping\data_same\xbd\tier3\images\portugal-wildfire_00000861_pre_disaster.png,D:\UNI\DLSS\satellite-disaster-damage-mapping\data_same\xbd\tier3\images\portugal-wildfire_00000861_post_disaster.png,D:\UNI\DLSS\satellite-disaster-damage-mapping\data_same\xbd\tier3\labels\portugal-wildfire_00000861_post_disaster.json
portugal-wildfire_00000863,portugal-wildfire,tier3,test_ood,27,D:\UNI\DLSS\satellite-disaster-damage-mapping\data_same\xbd\tier3\images\portugal-wildfire_00000863_pre_disaster.png,D:\UNI\DLSS\satellite-disaster-damage-mapping\data_same\xbd\tier3\images\portugal-wildfire_00000863_post_disaster.png,D:\UNI\DLSS\satellite-disaster-damage-mapping\data_same\xbd\tier3\labels\portugal-wildfire_00000863_post_disaster.json
portugal-wildfire_00000888,portugal-wildfire,tier3,test_ood,19,D:\UNI\DLSS\satellite-disaster-damage-mapping\data_same\xbd\tier3\images\portugal-wildfire_00000888_pre_disaster.png,D:\UNI\DLSS\satellite-disaster-damage-mapping\data_same\xbd\tier3\images\portugal-wildfire_00000888_post_disaster.png,D:\UNI\DLSS\satellite-disaster-damage-mapping\data_same\xbd\tier3\labels\portugal-wildfire_00000888_post_disaster.json
portugal-wildfire_00000899,portugal-wildfire,tier3,test_ood,26,D:\UNI\DLSS\satellite-disaster-damage-mapping\data_same\xbd\tier3\images\portugal-wildfire_00000899_pre_disaster.png,D:\UNI\DLSS\satellite-disaster-damage-mapping\data_same\xbd\tier3\images\portugal-wildfire_00000899_post_disaster.png,D:\UNI\DLSS\satellite-disaster-damage-mapping\data_same\xbd\tier3\labels\portugal-wildfire_00000899_post_disaster.json
portugal-wildfire_00000909,portugal-wildfire,tier3,test_ood,33,D:\UNI\DLSS\satellite-disaster-damage-mapping\data_same\xbd\tier3\images\portugal-wildfire_00000909_pre_disaster.png,D:\UNI\DLSS\satellite-disaster-damage-mapping\data_same\xbd\tier3\images\portugal-wildfire_00000909_post_disaster.png,D:\UNI\DLSS\satellite-disaster-damage-mapping\data_same\xbd\tier3\labels\portugal-wildfire_00000909_post_disaster.json
portugal-wildfire_00000914,portugal-wildfire,tier3,test_ood,44,D:\UNI\DLSS\satellite-disaster-damage-mapping\data_same\xbd\tier3\images\portugal-wildfire_00000914_pre_disaster.png,D:\UNI\DLSS\satellite-disaster-damage-mapping\data_same\xbd\tier3\images\portugal-wildfire_00000914_post_disaster.png,D:\UNI\DLSS\satellite-disaster-damage-mapping\data_same\xbd\tier3\labels\portugal-wildfire_00000914_post_disaster.json
portugal-wildfire_00000916,portugal-wildfire,tier3,test_ood,13,D:\UNI\DLSS\satellite-disaster-damage-mapping\data_same\xbd\tier3\images\portugal-wildfire_00000916_pre_disaster.png,D:\UNI\DLSS\satellite-disaster-damage-mapping\data_same\xbd\tier3\images\portugal-wildfire_00000916_post_disaster.png,D:\UNI\DLSS\satellite-disaster-damage-mapping\data_same\xbd\tier3\labels\portugal-wildfire_00000916_post_disaster.json
portugal-wildfire_00000926,portugal-wildfire,tier3,test_ood,68,D:\UNI\DLSS\satellite-disaster-damage-mapping\data_same\xbd\tier3\images\portugal-wildfire_00000926_pre_disaster.png,D:\UNI\DLSS\satellite-disaster-damage-mapping\data_same\xbd\tier3\images\portugal-wildfire_00000926_post_disaster.png,D:\UNI\DLSS\satellite-disaster-damage-mapping\data_same\xbd\tier3\labels\portugal-wildfire_00000926_post_disaster.json
portugal-wildfire_00000938,portugal-wildfire,tier3,test_ood,7,D:\UNI\DLSS\satellite-disaster-damage-mapping\data_same\xbd\tier3\images\portugal-wildfire_00000938_pre_disaster.png,D:\UNI\DLSS\satellite-disaster-damage-mapping\data_same\xbd\tier3\images\portugal-wildfire_00000938_post_disaster.png,D:\UNI\DLSS\satellite-disaster-damage-mapping\data_same\xbd\tier3\labels\portugal-wildfire_00000938_post_disaster.json
portugal-wildfire_00000941,portugal-wildfire,tier3,test_ood,15,D:\UNI\DLSS\satellite-disaster-damage-mapping\data_same\xbd\tier3\images\portugal-wildfire_00000941_pre_disaster.png,D:\UNI\DLSS\satellite-disaster-damage-mapping\data_same\xbd\tier3\images\portugal-wildfire_00000941_post_disaster.png,D:\UNI\DLSS\satellite-disaster-damage-mapping\data_same\xbd\tier3\labels\portugal-wildfire_00000941_post_disaster.json
portugal-wildfire_00001016,portugal-wildfire,tier3,test_ood,20,D:\UNI\DLSS\satellite-disaster-damage-mapping\data_same\xbd\tier3\images\portugal-wildfire_00001016_pre_disaster.png,D:\UNI\DLSS\satellite-disaster-damage-mapping\data_same\xbd\tier3\images\portugal-wildfire_00001016_post_disaster.png,D:\UNI\DLSS\satellite-disaster-damage-mapping\data_same\xbd\tier3\labels\portugal-wildfire_00001016_post_disaster.json
portugal-wildfire_00001017,portugal-wildfire,tier3,test_ood,21,D:\UNI\DLSS\satellite-disaster-damage-mapping\data_same\xbd\tier3\images\portugal-wildfire_00001017_pre_disaster.png,D:\UNI\DLSS\satellite-disaster-damage-mapping\data_same\xbd\tier3\images\portugal-wildfire_00001017_post_disaster.png,D:\UNI\DLSS\satellite-disaster-damage-mapping\data_same\xbd\tier3\labels\portugal-wildfire_00001017_post_disaster.json
portugal-wildfire_00001025,portugal-wildfire,tier3,test_ood,14,D:\UNI\DLSS\satellite-disaster-damage-mapping\data_same\xbd\tier3\images\portugal-wildfire_00001025_pre_disaster.png,D:\UNI\DLSS\satellite-disaster-damage-mapping\data_same\xbd\tier3\images\portugal-wildfire_00001025_post_disaster.png,D:\UNI\DLSS\satellite-disaster-damage-mapping\data_same\xbd\tier3\labels\portugal-wildfire_00001025_post_disaster.json
portugal-wildfire_00001026,portugal-wildfire,tier3,test_ood,30,D:\UNI\DLSS\satellite-disaster-damage-mapping\data_same\xbd\tier3\images\portugal-wildfire_00001026_pre_disaster.png,D:\UNI\DLSS\satellite-disaster-damage-mapping\data_same\xbd\tier3\images\portugal-wildfire_00001026_post_disaster.png,D:\UNI\DLSS\satellite-disaster-damage-mapping\data_same\xbd\tier3\labels\portugal-wildfire_00001026_post_disaster.json
portugal-wildfire_00001028,portugal-wildfire,tier3,test_ood,6,D:\UNI\DLSS\satellite-disaster-damage-mapping\data_same\xbd\tier3\images\portugal-wildfire_00001028_pre_disaster.png,D:\UNI\DLSS\satellite-disaster-damage-mapping\data_same\xbd\tier3\images\portugal-wildfire_00001028_post_disaster.png,D:\UNI\DLSS\satellite-disaster-damage-mapping\data_same\xbd\tier3\labels\portugal-wildfire_00001028_post_disaster.json
portugal-wildfire_00001029,portugal-wildfire,tier3,test_ood,15,D:\UNI\DLSS\satellite-disaster-damage-mapping\data_same\xbd\tier3\images\portugal-wildfire_00001029_pre_disaster.png,D:\UNI\DLSS\satellite-disaster-damage-mapping\data_same\xbd\tier3\images\portugal-wildfire_00001029_post_disaster.png,D:\UNI\DLSS\satellite-disaster-damage-mapping\data_same\xbd\tier3\labels\portugal-wildfire_00001029_post_disaster.json
portugal-wildfire_00001045,portugal-wildfire,tier3,test_ood,5,D:\UNI\DLSS\satellite-disaster-damage-mapping\data_same\xbd\tier3\images\portugal-wildfire_00001045_pre_disaster.png,D:\UNI\DLSS\satellite-disaster-damage-mapping\data_same\xbd\tier3\images\portugal-wildfire_00001045_post_disaster.png,D:\UNI\DLSS\satellite-disaster-damage-mapping\data_same\xbd\tier3\labels\portugal-wildfire_00001045_post_disaster.json
portugal-wildfire_00001071,portugal-wildfire,tier3,test_ood,38,D:\UNI\DLSS\satellite-disaster-damage-mapping\data_same\xbd\tier3\images\portugal-wildfire_00001071_pre_disaster.png,D:\UNI\DLSS\satellite-disaster-damage-mapping\data_same\xbd\tier3\images\portugal-wildfire_00001071_post_disaster.png,D:\UNI\DLSS\satellite-disaster-damage-mapping\data_same\xbd\tier3\labels\portugal-wildfire_00001071_post_disaster.json
portugal-wildfire_00001118,portugal-wildfire,tier3,test_ood,62,D:\UNI\DLSS\satellite-disaster-damage-mapping\data_same\xbd\tier3\images\portugal-wildfire_00001118_pre_disaster.png,D:\UNI\DLSS\satellite-disaster-damage-mapping\data_same\xbd\tier3\images\portugal-wildfire_00001118_post_disaster.png,D:\UNI\DLSS\satellite-disaster-damage-mapping\data_same\xbd\tier3\labels\portugal-wildfire_00001118_post_disaster.json
portugal-wildfire_00001139,portugal-wildfire,tier3,test_ood,5,D:\UNI\DLSS\satellite-disaster-damage-mapping\data_same\xbd\tier3\images\portugal-wildfire_00001139_pre_disaster.png,D:\UNI\DLSS\satellite-disaster-damage-mapping\data_same\xbd\tier3\images\portugal-wildfire_00001139_post_disaster.png,D:\UNI\DLSS\satellite-disaster-damage-mapping\data_same\xbd\tier3\labels\portugal-wildfire_00001139_post_disaster.json
portugal-wildfire_00001183,portugal-wildfire,tier3,test_ood,5,D:\UNI\DLSS\satellite-disaster-damage-mapping\data_same\xbd\tier3\images\portugal-wildfire_00001183_pre_disaster.png,D:\UNI\DLSS\satellite-disaster-damage-mapping\data_same\xbd\tier3\images\portugal-wildfire_00001183_post_disaster.png,D:\UNI\DLSS\satellite-disaster-damage-mapping\data_same\xbd\tier3\labels\portugal-wildfire_00001183_post_disaster.json
portugal-wildfire_00001208,portugal-wildfire,tier3,test_ood,18,D:\UNI\DLSS\satellite-disaster-damage-mapping\data_same\xbd\tier3\images\portugal-wildfire_00001208_pre_disaster.png,D:\UNI\DLSS\satellite-disaster-damage-mapping\data_same\xbd\tier3\images\portugal-wildfire_00001208_post_disaster.png,D:\UNI\DLSS\satellite-disaster-damage-mapping\data_same\xbd\tier3\labels\portugal-wildfire_00001208_post_disaster.json
portugal-wildfire_00001224,portugal-wildfire,tier3,test_ood,30,D:\UNI\DLSS\satellite-disaster-damage-mapping\data_same\xbd\tier3\images\portugal-wildfire_00001224_pre_disaster.png,D:\UNI\DLSS\satellite-disaster-damage-mapping\data_same\xbd\tier3\images\portugal-wildfire_00001224_post_disaster.png,D:\UNI\DLSS\satellite-disaster-damage-mapping\data_same\xbd\tier3\labels\portugal-wildfire_00001224_post_disaster.json
portugal-wildfire_00001264,portugal-wildfire,tier3,test_ood,18,D:\UNI\DLSS\satellite-disaster-damage-mapping\data_same\xbd\tier3\images\portugal-wildfire_00001264_pre_disaster.png,D:\UNI\DLSS\satellite-disaster-damage-mapping\data_same\xbd\tier3\images\portugal-wildfire_00001264_post_disaster.png,D:\UNI\DLSS\satellite-disaster-damage-mapping\data_same\xbd\tier3\labels\portugal-wildfire_00001264_post_disaster.json
portugal-wildfire_00001265,portugal-wildfire,tier3,test_ood,101,D:\UNI\DLSS\satellite-disaster-damage-mapping\data_same\xbd\tier3\images\portugal-wildfire_00001265_pre_disaster.png,D:\UNI\DLSS\satellite-disaster-damage-mapping\data_same\xbd\tier3\images\portugal-wildfire_00001265_post_disaster.png,D:\UNI\DLSS\satellite-disaster-damage-mapping\data_same\xbd\tier3\labels\portugal-wildfire_00001265_post_disaster.json
portugal-wildfire_00001275,portugal-wildfire,tier3,test_ood,83,D:\UNI\DLSS\satellite-disaster-damage-mapping\data_same\xbd\tier3\images\portugal-wildfire_00001275_pre_disaster.png,D:\UNI\DLSS\satellite-disaster-damage-mapping\data_same\xbd\tier3\images\portugal-wildfire_00001275_post_disaster.png,D:\UNI\DLSS\satellite-disaster-damage-mapping\data_same\xbd\tier3\labels\portugal-wildfire_00001275_post_disaster.json
portugal-wildfire_00001301,portugal-wildfire,tier3,test_ood,17,D:\UNI\DLSS\satellite-disaster-damage-mapping\data_same\xbd\tier3\images\portugal-wildfire_00001301_pre_disaster.png,D:\UNI\DLSS\satellite-disaster-damage-mapping\data_same\xbd\tier3\images\portugal-wildfire_00001301_post_disaster.png,D:\UNI\DLSS\satellite-disaster-damage-mapping\data_same\xbd\tier3\labels\portugal-wildfire_00001301_post_disaster.json
portugal-wildfire_00001321,portugal-wildfire,tier3,test_ood,19,D:\UNI\DLSS\satellite-disaster-damage-mapping\data_same\xbd\tier3\images\portugal-wildfire_00001321_pre_disaster.png,D:\UNI\DLSS\satellite-disaster-damage-mapping\data_same\xbd\tier3\images\portugal-wildfire_00001321_post_disaster.png,D:\UNI\DLSS\satellite-disaster-damage-mapping\data_same\xbd\tier3\labels\portugal-wildfire_00001321_post_disaster.json
portugal-wildfire_00001339,portugal-wildfire,tier3,test_ood,31,D:\UNI\DLSS\satellite-disaster-damage-mapping\data_same\xbd\tier3\images\portugal-wildfire_00001339_pre_disaster.png,D:\UNI\DLSS\satellite-disaster-damage-mapping\data_same\xbd\tier3\images\portugal-wildfire_00001339_post_disaster.png,D:\UNI\DLSS\satellite-disaster-damage-mapping\data_same\xbd\tier3\labels\portugal-wildfire_00001339_post_disaster.json
portugal-wildfire_00001341,portugal-wildfire,tier3,test_ood,41,D:\UNI\DLSS\satellite-disaster-damage-mapping\data_same\xbd\tier3\images\portugal-wildfire_00001341_pre_disaster.png,D:\UNI\DLSS\satellite-disaster-damage-mapping\data_same\xbd\tier3\images\portugal-wildfire_00001341_post_disaster.png,D:\UNI\DLSS\satellite-disaster-damage-mapping\data_same\xbd\tier3\labels\portugal-wildfire_00001341_post_disaster.json
portugal-wildfire_00001344,portugal-wildfire,tier3,test_ood,29,D:\UNI\DLSS\satellite-disaster-damage-mapping\data_same\xbd\tier3\images\portugal-wildfire_00001344_pre_disaster.png,D:\UNI\DLSS\satellite-disaster-damage-mapping\data_same\xbd\tier3\images\portugal-wildfire_00001344_post_disaster.png,D:\UNI\DLSS\satellite-disaster-damage-mapping\data_same\xbd\tier3\labels\portugal-wildfire_00001344_post_disaster.json
portugal-wildfire_00001378,portugal-wildfire,tier3,test_ood,6,D:\UNI\DLSS\satellite-disaster-damage-mapping\data_same\xbd\tier3\images\portugal-wildfire_00001378_pre_disaster.png,D:\UNI\DLSS\satellite-disaster-damage-mapping\data_same\xbd\tier3\images\portugal-wildfire_00001378_post_disaster.png,D:\UNI\DLSS\satellite-disaster-damage-mapping\data_same\xbd\tier3\labels\portugal-wildfire_00001378_post_disaster.json
portugal-wildfire_00001429,portugal-wildfire,tier3,test_ood,43,D:\UNI\DLSS\satellite-disaster-damage-mapping\data_same\xbd\tier3\images\portugal-wildfire_00001429_pre_disaster.png,D:\UNI\DLSS\satellite-disaster-damage-mapping\data_same\xbd\tier3\images\portugal-wildfire_00001429_post_disaster.png,D:\UNI\DLSS\satellite-disaster-damage-mapping\data_same\xbd\tier3\labels\portugal-wildfire_00001429_post_disaster.json
portugal-wildfire_00001434,portugal-wildfire,tier3,test_ood,6,D:\UNI\DLSS\satellite-disaster-damage-mapping\data_same\xbd\tier3\images\portugal-wildfire_00001434_pre_disaster.png,D:\UNI\DLSS\satellite-disaster-damage-mapping\data_same\xbd\tier3\images\portugal-wildfire_00001434_post_disaster.png,D:\UNI\DLSS\satellite-disaster-damage-mapping\data_same\xbd\tier3\labels\portugal-wildfire_00001434_post_disaster.json
portugal-wildfire_00001480,portugal-wildfire,tier3,test_ood,9,D:\UNI\DLSS\satellite-disaster-damage-mapping\data_same\xbd\tier3\images\portugal-wildfire_00001480_pre_disaster.png,D:\UNI\DLSS\satellite-disaster-damage-mapping\data_same\xbd\tier3\images\portugal-wildfire_00001480_post_disaster.png,D:\UNI\DLSS\satellite-disaster-damage-mapping\data_same\xbd\tier3\labels\portugal-wildfire_00001480_post_disaster.json
portugal-wildfire_00001487,portugal-wildfire,tier3,test_ood,10,D:\UNI\DLSS\satellite-disaster-damage-mapping\data_same\xbd\tier3\images\portugal-wildfire_00001487_pre_disaster.png,D:\UNI\DLSS\satellite-disaster-damage-mapping\data_same\xbd\tier3\images\portugal-wildfire_00001487_post_disaster.png,D:\UNI\DLSS\satellite-disaster-damage-mapping\data_same\xbd\tier3\labels\portugal-wildfire_00001487_post_disaster.json
portugal-wildfire_00001506,portugal-wildfire,tier3,test_ood,11,D:\UNI\DLSS\satellite-disaster-damage-mapping\data_same\xbd\tier3\images\portugal-wildfire_00001506_pre_disaster.png,D:\UNI\DLSS\satellite-disaster-damage-mapping\data_same\xbd\tier3\images\portugal-wildfire_00001506_post_disaster.png,D:\UNI\DLSS\satellite-disaster-damage-mapping\data_same\xbd\tier3\labels\portugal-wildfire_00001506_post_disaster.json
portugal-wildfire_00001520,portugal-wildfire,tier3,test_ood,20,D:\UNI\DLSS\satellite-disaster-damage-mapping\data_same\xbd\tier3\images\portugal-wildfire_00001520_pre_disaster.png,D:\UNI\DLSS\satellite-disaster-damage-mapping\data_same\xbd\tier3\images\portugal-wildfire_00001520_post_disaster.png,D:\UNI\DLSS\satellite-disaster-damage-mapping\data_same\xbd\tier3\labels\portugal-wildfire_00001520_post_disaster.json
portugal-wildfire_00001559,portugal-wildfire,tier3,test_ood,6,D:\UNI\DLSS\satellite-disaster-damage-mapping\data_same\xbd\tier3\images\portugal-wildfire_00001559_pre_disaster.png,D:\UNI\DLSS\satellite-disaster-damage-mapping\data_same\xbd\tier3\images\portugal-wildfire_00001559_post_disaster.png,D:\UNI\DLSS\satellite-disaster-damage-mapping\data_same\xbd\tier3\labels\portugal-wildfire_00001559_post_disaster.json
portugal-wildfire_00001565,portugal-wildfire,tier3,test_ood,28,D:\UNI\DLSS\satellite-disaster-damage-mapping\data_same\xbd\tier3\images\portugal-wildfire_00001565_pre_disaster.png,D:\UNI\DLSS\satellite-disaster-damage-mapping\data_same\xbd\tier3\images\portugal-wildfire_00001565_post_disaster.png,D:\UNI\DLSS\satellite-disaster-damage-mapping\data_same\xbd\tier3\labels\portugal-wildfire_00001565_post_disaster.json
portugal-wildfire_00001567,portugal-wildfire,tier3,test_ood,15,D:\UNI\DLSS\satellite-disaster-damage-mapping\data_same\xbd\tier3\images\portugal-wildfire_00001567_pre_disaster.png,D:\UNI\DLSS\satellite-disaster-damage-mapping\data_same\xbd\tier3\images\portugal-wildfire_00001567_post_disaster.png,D:\UNI\DLSS\satellite-disaster-damage-mapping\data_same\xbd\tier3\labels\portugal-wildfire_00001567_post_disaster.json
portugal-wildfire_00001588,portugal-wildfire,tier3,test_ood,24,D:\UNI\DLSS\satellite-disaster-damage-mapping\data_same\xbd\tier3\images\portugal-wildfire_00001588_pre_disaster.png,D:\UNI\DLSS\satellite-disaster-damage-mapping\data_same\xbd\tier3\images\portugal-wildfire_00001588_post_disaster.png,D:\UNI\DLSS\satellite-disaster-damage-mapping\data_same\xbd\tier3\labels\portugal-wildfire_00001588_post_disaster.json
portugal-wildfire_00001589,portugal-wildfire,tier3,test_ood,7,D:\UNI\DLSS\satellite-disaster-damage-mapping\data_same\xbd\tier3\images\portugal-wildfire_00001589_pre_disaster.png,D:\UNI\DLSS\satellite-disaster-damage-mapping\data_same\xbd\tier3\images\portugal-wildfire_00001589_post_disaster.png,D:\UNI\DLSS\satellite-disaster-damage-mapping\data_same\xbd\tier3\labels\portugal-wildfire_00001589_post_disaster.json
portugal-wildfire_00001596,portugal-wildfire,tier3,test_ood,39,D:\UNI\DLSS\satellite-disaster-damage-mapping\data_same\xbd\tier3\images\portugal-wildfire_00001596_pre_disaster.png,D:\UNI\DLSS\satellite-disaster-damage-mapping\data_same\xbd\tier3\images\portugal-wildfire_00001596_post_disaster.png,D:\UNI\DLSS\satellite-disaster-damage-mapping\data_same\xbd\tier3\labels\portugal-wildfire_00001596_post_disaster.json
portugal-wildfire_00001597,portugal-wildfire,tier3,test_ood,10,D:\UNI\DLSS\satellite-disaster-damage-mapping\data_same\xbd\tier3\images\portugal-wildfire_00001597_pre_disaster.png,D:\UNI\DLSS\satellite-disaster-damage-mapping\data_same\xbd\tier3\images\portugal-wildfire_00001597_post_disaster.png,D:\UNI\DLSS\satellite-disaster-damage-mapping\data_same\xbd\tier3\labels\portugal-wildfire_00001597_post_disaster.json
portugal-wildfire_00001607,portugal-wildfire,tier3,test_ood,5,D:\UNI\DLSS\satellite-disaster-damage-mapping\data_same\xbd\tier3\images\portugal-wildfire_00001607_pre_disaster.png,D:\UNI\DLSS\satellite-disaster-damage-mapping\data_same\xbd\tier3\images\portugal-wildfire_00001607_post_disaster.png,D:\UNI\DLSS\satellite-disaster-damage-mapping\data_same\xbd\tier3\labels\portugal-wildfire_00001607_post_disaster.json
portugal-wildfire_00001655,portugal-wildfire,tier3,test_ood,33,D:\UNI\DLSS\satellite-disaster-damage-mapping\data_same\xbd\tier3\images\portugal-wildfire_00001655_pre_disaster.png,D:\UNI\DLSS\satellite-disaster-damage-mapping\data_same\xbd\tier3\images\portugal-wildfire_00001655_post_disaster.png,D:\UNI\DLSS\satellite-disaster-damage-mapping\data_same\xbd\tier3\labels\portugal-wildfire_00001655_post_disaster.json
portugal-wildfire_00001668,portugal-wildfire,tier3,test_ood,9,D:\UNI\DLSS\satellite-disaster-damage-mapping\data_same\xbd\tier3\images\portugal-wildfire_00001668_pre_disaster.png,D:\UNI\DLSS\satellite-disaster-damage-mapping\data_same\xbd\tier3\images\portugal-wildfire_00001668_post_disaster.png,D:\UNI\DLSS\satellite-disaster-damage-mapping\data_same\xbd\tier3\labels\portugal-wildfire_00001668_post_disaster.json
portugal-wildfire_00001676,portugal-wildfire,tier3,test_ood,7,D:\UNI\DLSS\satellite-disaster-damage-mapping\data_same\xbd\tier3\images\portugal-wildfire_00001676_pre_disaster.png,D:\UNI\DLSS\satellite-disaster-damage-mapping\data_same\xbd\tier3\images\portugal-wildfire_00001676_post_disaster.png,D:\UNI\DLSS\satellite-disaster-damage-mapping\data_same\xbd\tier3\labels\portugal-wildfire_00001676_post_disaster.json
portugal-wildfire_00001682,portugal-wildfire,tier3,test_ood,89,D:\UNI\DLSS\satellite-disaster-damage-mapping\data_same\xbd\tier3\images\portugal-wildfire_00001682_pre_disaster.png,D:\UNI\DLSS\satellite-disaster-damage-mapping\data_same\xbd\tier3\images\portugal-wildfire_00001682_post_disaster.png,D:\UNI\DLSS\satellite-disaster-damage-mapping\data_same\xbd\tier3\labels\portugal-wildfire_00001682_post_disaster.json
portugal-wildfire_00001690,portugal-wildfire,tier3,test_ood,8,D:\UNI\DLSS\satellite-disaster-damage-mapping\data_same\xbd\tier3\images\portugal-wildfire_00001690_pre_disaster.png,D:\UNI\DLSS\satellite-disaster-damage-mapping\data_same\xbd\tier3\images\portugal-wildfire_00001690_post_disaster.png,D:\UNI\DLSS\satellite-disaster-damage-mapping\data_same\xbd\tier3\labels\portugal-wildfire_00001690_post_disaster.json
portugal-wildfire_00001692,portugal-wildfire,tier3,test_ood,6,D:\UNI\DLSS\satellite-disaster-damage-mapping\data_same\xbd\tier3\images\portugal-wildfire_00001692_pre_disaster.png,D:\UNI\DLSS\satellite-disaster-damage-mapping\data_same\xbd\tier3\images\portugal-wildfire_00001692_post_disaster.png,D:\UNI\DLSS\satellite-disaster-damage-mapping\data_same\xbd\tier3\labels\portugal-wildfire_00001692_post_disaster.json
portugal-wildfire_00001693,portugal-wildfire,tier3,test_ood,43,D:\UNI\DLSS\satellite-disaster-damage-mapping\data_same\xbd\tier3\images\portugal-wildfire_00001693_pre_disaster.png,D:\UNI\DLSS\satellite-disaster-damage-mapping\data_same\xbd\tier3\images\portugal-wildfire_00001693_post_disaster.png,D:\UNI\DLSS\satellite-disaster-damage-mapping\data_same\xbd\tier3\labels\portugal-wildfire_00001693_post_disaster.json
portugal-wildfire_00001721,portugal-wildfire,tier3,test_ood,25,D:\UNI\DLSS\satellite-disaster-damage-mapping\data_same\xbd\tier3\images\portugal-wildfire_00001721_pre_disaster.png,D:\UNI\DLSS\satellite-disaster-damage-mapping\data_same\xbd\tier3\images\portugal-wildfire_00001721_post_disaster.png,D:\UNI\DLSS\satellite-disaster-damage-mapping\data_same\xbd\tier3\labels\portugal-wildfire_00001721_post_disaster.json
portugal-wildfire_00001739,portugal-wildfire,tier3,test_ood,66,D:\UNI\DLSS\satellite-disaster-damage-mapping\data_same\xbd\tier3\images\portugal-wildfire_00001739_pre_disaster.png,D:\UNI\DLSS\satellite-disaster-damage-mapping\data_same\xbd\tier3\images\portugal-wildfire_00001739_post_disaster.png,D:\UNI\DLSS\satellite-disaster-damage-mapping\data_same\xbd\tier3\labels\portugal-wildfire_00001739_post_disaster.json
portugal-wildfire_00001748,portugal-wildfire,tier3,test_ood,6,D:\UNI\DLSS\satellite-disaster-damage-mapping\data_same\xbd\tier3\images\portugal-wildfire_00001748_pre_disaster.png,D:\UNI\DLSS\satellite-disaster-damage-mapping\data_same\xbd\tier3\images\portugal-wildfire_00001748_post_disaster.png,D:\UNI\DLSS\satellite-disaster-damage-mapping\data_same\xbd\tier3\labels\portugal-wildfire_00001748_post_disaster.json
portugal-wildfire_00001768,portugal-wildfire,tier3,test_ood,7,D:\UNI\DLSS\satellite-disaster-damage-mapping\data_same\xbd\tier3\images\portugal-wildfire_00001768_pre_disaster.png,D:\UNI\DLSS\satellite-disaster-damage-mapping\data_same\xbd\tier3\images\portugal-wildfire_00001768_post_disaster.png,D:\UNI\DLSS\satellite-disaster-damage-mapping\data_same\xbd\tier3\labels\portugal-wildfire_00001768_post_disaster.json
portugal-wildfire_00001773,portugal-wildfire,tier3,test_ood,5,D:\UNI\DLSS\satellite-disaster-damage-mapping\data_same\xbd\tier3\images\portugal-wildfire_00001773_pre_disaster.png,D:\UNI\DLSS\satellite-disaster-damage-mapping\data_same\xbd\tier3\images\portugal-wildfire_00001773_post_disaster.png,D:\UNI\DLSS\satellite-disaster-damage-mapping\data_same\xbd\tier3\labels\portugal-wildfire_00001773_post_disaster.json
portugal-wildfire_00001781,portugal-wildfire,tier3,test_ood,27,D:\UNI\DLSS\satellite-disaster-damage-mapping\data_same\xbd\tier3\images\portugal-wildfire_00001781_pre_disaster.png,D:\UNI\DLSS\satellite-disaster-damage-mapping\data_same\xbd\tier3\images\portugal-wildfire_00001781_post_disaster.png,D:\UNI\DLSS\satellite-disaster-damage-mapping\data_same\xbd\tier3\labels\portugal-wildfire_00001781_post_disaster.json
portugal-wildfire_00001789,portugal-wildfire,tier3,test_ood,11,D:\UNI\DLSS\satellite-disaster-damage-mapping\data_same\xbd\tier3\images\portugal-wildfire_00001789_pre_disaster.png,D:\UNI\DLSS\satellite-disaster-damage-mapping\data_same\xbd\tier3\images\portugal-wildfire_00001789_post_disaster.png,D:\UNI\DLSS\satellite-disaster-damage-mapping\data_same\xbd\tier3\labels\portugal-wildfire_00001789_post_disaster.json
portugal-wildfire_00001792,portugal-wildfire,tier3,test_ood,9,D:\UNI\DLSS\satellite-disaster-damage-mapping\data_same\xbd\tier3\images\portugal-wildfire_00001792_pre_disaster.png,D:\UNI\DLSS\satellite-disaster-damage-mapping\data_same\xbd\tier3\images\portugal-wildfire_00001792_post_disaster.png,D:\UNI\DLSS\satellite-disaster-damage-mapping\data_same\xbd\tier3\labels\portugal-wildfire_00001792_post_disaster.json
portugal-wildfire_00001820,portugal-wildfire,tier3,test_ood,107,D:\UNI\DLSS\satellite-disaster-damage-mapping\data_same\xbd\tier3\images\portugal-wildfire_00001820_pre_disaster.png,D:\UNI\DLSS\satellite-disaster-damage-mapping\data_same\xbd\tier3\images\portugal-wildfire_00001820_post_disaster.png,D:\UNI\DLSS\satellite-disaster-damage-mapping\data_same\xbd\tier3\labels\portugal-wildfire_00001820_post_disaster.json
portugal-wildfire_00001828,portugal-wildfire,tier3,test_ood,14,D:\UNI\DLSS\satellite-disaster-damage-mapping\data_same\xbd\tier3\images\portugal-wildfire_00001828_pre_disaster.png,D:\UNI\DLSS\satellite-disaster-damage-mapping\data_same\xbd\tier3\images\portugal-wildfire_00001828_post_disaster.png,D:\UNI\DLSS\satellite-disaster-damage-mapping\data_same\xbd\tier3\labels\portugal-wildfire_00001828_post_disaster.json
portugal-wildfire_00001852,portugal-wildfire,tier3,test_ood,6,D:\UNI\DLSS\satellite-disaster-damage-mapping\data_same\xbd\tier3\images\portugal-wildfire_00001852_pre_disaster.png,D:\UNI\DLSS\satellite-disaster-damage-mapping\data_same\xbd\tier3\images\portugal-wildfire_00001852_post_disaster.png,D:\UNI\DLSS\satellite-disaster-damage-mapping\data_same\xbd\tier3\labels\portugal-wildfire_00001852_post_disaster.json
portugal-wildfire_00001856,portugal-wildfire,tier3,test_ood,26,D:\UNI\DLSS\satellite-disaster-damage-mapping\data_same\xbd\tier3\images\portugal-wildfire_00001856_pre_disaster.png,D:\UNI\DLSS\satellite-disaster-damage-mapping\data_same\xbd\tier3\images\portugal-wildfire_00001856_post_disaster.png,D:\UNI\DLSS\satellite-disaster-damage-mapping\data_same\xbd\tier3\labels\portugal-wildfire_00001856_post_disaster.json
portugal-wildfire_00001858,portugal-wildfire,tier3,test_ood,65,D:\UNI\DLSS\satellite-disaster-damage-mapping\data_same\xbd\tier3\images\portugal-wildfire_00001858_pre_disaster.png,D:\UNI\DLSS\satellite-disaster-damage-mapping\data_same\xbd\tier3\images\portugal-wildfire_00001858_post_disaster.png,D:\UNI\DLSS\satellite-disaster-damage-mapping\data_same\xbd\tier3\labels\portugal-wildfire_00001858_post_disaster.json
portugal-wildfire_00001861,portugal-wildfire,tier3,test_ood,55,D:\UNI\DLSS\satellite-disaster-damage-mapping\data_same\xbd\tier3\images\portugal-wildfire_00001861_pre_disaster.png,D:\UNI\DLSS\satellite-disaster-damage-mapping\data_same\xbd\tier3\images\portugal-wildfire_00001861_post_disaster.png,D:\UNI\DLSS\satellite-disaster-damage-mapping\data_same\xbd\tier3\labels\portugal-wildfire_00001861_post_disaster.json
santa-rosa-wildfire_00000003,santa-rosa-wildfire,tier1,test_ood,20,D:\UNI\DLSS\satellite-disaster-damage-mapping\data_same\xbd\tier1\images\santa-rosa-wildfire_00000003_pre_disaster.png,D:\UNI\DLSS\satellite-disaster-damage-mapping\data_same\xbd\tier1\images\santa-rosa-wildfire_00000003_post_disaster.png,D:\UNI\DLSS\satellite-disaster-damage-mapping\data_same\xbd\tier1\labels\santa-rosa-wildfire_00000003_post_disaster.json
santa-rosa-wildfire_00000006,santa-rosa-wildfire,tier1,test_ood,35,D:\UNI\DLSS\satellite-disaster-damage-mapping\data_same\xbd\tier1\images\santa-rosa-wildfire_00000006_pre_disaster.png,D:\UNI\DLSS\satellite-disaster-damage-mapping\data_same\xbd\tier1\images\santa-rosa-wildfire_00000006_post_disaster.png,D:\UNI\DLSS\satellite-disaster-damage-mapping\data_same\xbd\tier1\labels\santa-rosa-wildfire_00000006_post_disaster.json
santa-rosa-wildfire_00000008,santa-rosa-wildfire,hold,test_ood,24,D:\UNI\DLSS\satellite-disaster-damage-mapping\data_same\xbd\hold\images\santa-rosa-wildfire_00000008_pre_disaster.png,D:\UNI\DLSS\satellite-disaster-damage-mapping\data_same\xbd\hold\images\santa-rosa-wildfire_00000008_post_disaster.png,D:\UNI\DLSS\satellite-disaster-damage-mapping\data_same\xbd\hold\labels\santa-rosa-wildfire_00000008_post_disaster.json
santa-rosa-wildfire_00000010,santa-rosa-wildfire,hold,test_ood,135,D:\UNI\DLSS\satellite-disaster-damage-mapping\data_same\xbd\hold\images\santa-rosa-wildfire_00000010_pre_disaster.png,D:\UNI\DLSS\satellite-disaster-damage-mapping\data_same\xbd\hold\images\santa-rosa-wildfire_00000010_post_disaster.png,D:\UNI\DLSS\satellite-disaster-damage-mapping\data_same\xbd\hold\labels\santa-rosa-wildfire_00000010_post_disaster.json
santa-rosa-wildfire_00000019,santa-rosa-wildfire,test,test_ood,51,D:\UNI\DLSS\satellite-disaster-damage-mapping\data_same\xbd\test\images\santa-rosa-wildfire_00000019_pre_disaster.png,D:\UNI\DLSS\satellite-disaster-damage-mapping\data_same\xbd\test\images\santa-rosa-wildfire_00000019_post_disaster.png,D:\UNI\DLSS\satellite-disaster-damage-mapping\data_same\xbd\test\labels\santa-rosa-wildfire_00000019_post_disaster.json
santa-rosa-wildfire_00000027,santa-rosa-wildfire,tier1,test_ood,19,D:\UNI\DLSS\satellite-disaster-damage-mapping\data_same\xbd\tier1\images\santa-rosa-wildfire_00000027_pre_disaster.png,D:\UNI\DLSS\satellite-disaster-damage-mapping\data_same\xbd\tier1\images\santa-rosa-wildfire_00000027_post_disaster.png,D:\UNI\DLSS\satellite-disaster-damage-mapping\data_same\xbd\tier1\labels\santa-rosa-wildfire_00000027_post_disaster.json
santa-rosa-wildfire_00000028,santa-rosa-wildfire,test,test_ood,14,D:\UNI\DLSS\satellite-disaster-damage-mapping\data_same\xbd\test\images\santa-rosa-wildfire_00000028_pre_disaster.png,D:\UNI\DLSS\satellite-disaster-damage-mapping\data_same\xbd\test\images\santa-rosa-wildfire_00000028_post_disaster.png,D:\UNI\DLSS\satellite-disaster-damage-mapping\data_same\xbd\test\labels\santa-rosa-wildfire_00000028_post_disaster.json
santa-rosa-wildfire_00000036,santa-rosa-wildfire,tier1,test_ood,115,D:\UNI\DLSS\satellite-disaster-damage-mapping\data_same\xbd\tier1\images\santa-rosa-wildfire_00000036_pre_disaster.png,D:\UNI\DLSS\satellite-disaster-damage-mapping\data_same\xbd\tier1\images\santa-rosa-wildfire_00000036_post_disaster.png,D:\UNI\DLSS\satellite-disaster-damage-mapping\data_same\xbd\tier1\labels\santa-rosa-wildfire_00000036_post_disaster.json
santa-rosa-wildfire_00000046,santa-rosa-wildfire,tier1,test_ood,44,D:\UNI\DLSS\satellite-disaster-damage-mapping\data_same\xbd\tier1\images\santa-rosa-wildfire_00000046_pre_disaster.png,D:\UNI\DLSS\satellite-disaster-damage-mapping\data_same\xbd\tier1\images\santa-rosa-wildfire_00000046_post_disaster.png,D:\UNI\DLSS\satellite-disaster-damage-mapping\data_same\xbd\tier1\labels\santa-rosa-wildfire_00000046_post_disaster.json
santa-rosa-wildfire_00000049,santa-rosa-wildfire,tier1,test_ood,76,D:\UNI\DLSS\satellite-disaster-damage-mapping\data_same\xbd\tier1\images\santa-rosa-wildfire_00000049_pre_disaster.png,D:\UNI\DLSS\satellite-disaster-damage-mapping\data_same\xbd\tier1\images\santa-rosa-wildfire_00000049_post_disaster.png,D:\UNI\DLSS\satellite-disaster-damage-mapping\data_same\xbd\tier1\labels\santa-rosa-wildfire_00000049_post_disaster.json
santa-rosa-wildfire_00000050,santa-rosa-wildfire,tier1,test_ood,182,D:\UNI\DLSS\satellite-disaster-damage-mapping\data_same\xbd\tier1\images\santa-rosa-wildfire_00000050_pre_disaster.png,D:\UNI\DLSS\satellite-disaster-damage-mapping\data_same\xbd\tier1\images\santa-rosa-wildfire_00000050_post_disaster.png,D:\UNI\DLSS\satellite-disaster-damage-mapping\data_same\xbd\tier1\labels\santa-rosa-wildfire_00000050_post_disaster.json
santa-rosa-wildfire_00000061,santa-rosa-wildfire,hold,test_ood,173,D:\UNI\DLSS\satellite-disaster-damage-mapping\data_same\xbd\hold\images\santa-rosa-wildfire_00000061_pre_disaster.png,D:\UNI\DLSS\satellite-disaster-damage-mapping\data_same\xbd\hold\images\santa-rosa-wildfire_00000061_post_disaster.png,D:\UNI\DLSS\satellite-disaster-damage-mapping\data_same\xbd\hold\labels\santa-rosa-wildfire_00000061_post_disaster.json
santa-rosa-wildfire_00000064,santa-rosa-wildfire,hold,test_ood,73,D:\UNI\DLSS\satellite-disaster-damage-mapping\data_same\xbd\hold\images\santa-rosa-wildfire_00000064_pre_disaster.png,D:\UNI\DLSS\satellite-disaster-damage-mapping\data_same\xbd\hold\images\santa-rosa-wildfire_00000064_post_disaster.png,D:\UNI\DLSS\satellite-disaster-damage-mapping\data_same\xbd\hold\labels\santa-rosa-wildfire_00000064_post_disaster.json
santa-rosa-wildfire_00000067,santa-rosa-wildfire,tier1,test_ood,9,D:\UNI\DLSS\satellite-disaster-damage-mapping\data_same\xbd\tier1\images\santa-rosa-wildfire_00000067_pre_disaster.png,D:\UNI\DLSS\satellite-disaster-damage-mapping\data_same\xbd\tier1\images\santa-rosa-wildfire_00000067_post_disaster.png,D:\UNI\DLSS\satellite-disaster-damage-mapping\data_same\xbd\tier1\labels\santa-rosa-wildfire_00000067_post_disaster.json
santa-rosa-wildfire_00000078,santa-rosa-wildfire,tier1,test_ood,12,D:\UNI\DLSS\satellite-disaster-damage-mapping\data_same\xbd\tier1\images\santa-rosa-wildfire_00000078_pre_disaster.png,D:\UNI\DLSS\satellite-disaster-damage-mapping\data_same\xbd\tier1\images\santa-rosa-wildfire_00000078_post_disaster.png,D:\UNI\DLSS\satellite-disaster-damage-mapping\data_same\xbd\tier1\labels\santa-rosa-wildfire_00000078_post_disaster.json
santa-rosa-wildfire_00000080,santa-rosa-wildfire,hold,test_ood,34,D:\UNI\DLSS\satellite-disaster-damage-mapping\data_same\xbd\hold\images\santa-rosa-wildfire_00000080_pre_disaster.png,D:\UNI\DLSS\satellite-disaster-damage-mapping\data_same\xbd\hold\images\santa-rosa-wildfire_00000080_post_disaster.png,D:\UNI\DLSS\satellite-disaster-damage-mapping\data_same\xbd\hold\labels\santa-rosa-wildfire_00000080_post_disaster.json
santa-rosa-wildfire_00000084,santa-rosa-wildfire,tier1,test_ood,215,D:\UNI\DLSS\satellite-disaster-damage-mapping\data_same\xbd\tier1\images\santa-rosa-wildfire_00000084_pre_disaster.png,D:\UNI\DLSS\satellite-disaster-damage-mapping\data_same\xbd\tier1\images\santa-rosa-wildfire_00000084_post_disaster.png,D:\UNI\DLSS\satellite-disaster-damage-mapping\data_same\xbd\tier1\labels\santa-rosa-wildfire_00000084_post_disaster.json
santa-rosa-wildfire_00000090,santa-rosa-wildfire,tier1,test_ood,134,D:\UNI\DLSS\satellite-disaster-damage-mapping\data_same\xbd\tier1\images\santa-rosa-wildfire_00000090_pre_disaster.png,D:\UNI\DLSS\satellite-disaster-damage-mapping\data_same\xbd\tier1\images\santa-rosa-wildfire_00000090_post_disaster.png,D:\UNI\DLSS\satellite-disaster-damage-mapping\data_same\xbd\tier1\labels\santa-rosa-wildfire_00000090_post_disaster.json
santa-rosa-wildfire_00000093,santa-rosa-wildfire,tier1,test_ood,27,D:\UNI\DLSS\satellite-disaster-damage-mapping\data_same\xbd\tier1\images\santa-rosa-wildfire_00000093_pre_disaster.png,D:\UNI\DLSS\satellite-disaster-damage-mapping\data_same\xbd\tier1\images\santa-rosa-wildfire_00000093_post_disaster.png,D:\UNI\DLSS\satellite-disaster-damage-mapping\data_same\xbd\tier1\labels\santa-rosa-wildfire_00000093_post_disaster.json
santa-rosa-wildfire_00000102,santa-rosa-wildfire,test,test_ood,6,D:\UNI\DLSS\satellite-disaster-damage-mapping\data_same\xbd\test\images\santa-rosa-wildfire_00000102_pre_disaster.png,D:\UNI\DLSS\satellite-disaster-damage-mapping\data_same\xbd\test\images\santa-rosa-wildfire_00000102_post_disaster.png,D:\UNI\DLSS\satellite-disaster-damage-mapping\data_same\xbd\test\labels\santa-rosa-wildfire_00000102_post_disaster.json
santa-rosa-wildfire_00000110,santa-rosa-wildfire,tier1,test_ood,119,D:\UNI\DLSS\satellite-disaster-damage-mapping\data_same\xbd\tier1\images\santa-rosa-wildfire_00000110_pre_disaster.png,D:\UNI\DLSS\satellite-disaster-damage-mapping\data_same\xbd\tier1\images\santa-rosa-wildfire_00000110_post_disaster.png,D:\UNI\DLSS\satellite-disaster-damage-mapping\data_same\xbd\tier1\labels\santa-rosa-wildfire_00000110_post_disaster.json
santa-rosa-wildfire_00000113,santa-rosa-wildfire,test,test_ood,40,D:\UNI\DLSS\satellite-disaster-damage-mapping\data_same\xbd\test\images\santa-rosa-wildfire_00000113_pre_disaster.png,D:\UNI\DLSS\satellite-disaster-damage-mapping\data_same\xbd\test\images\santa-rosa-wildfire_00000113_post_disaster.png,D:\UNI\DLSS\satellite-disaster-damage-mapping\data_same\xbd\test\labels\santa-rosa-wildfire_00000113_post_disaster.json
santa-rosa-wildfire_00000118,santa-rosa-wildfire,tier1,test_ood,46,D:\UNI\DLSS\satellite-disaster-damage-mapping\data_same\xbd\tier1\images\santa-rosa-wildfire_00000118_pre_disaster.png,D:\UNI\DLSS\satellite-disaster-damage-mapping\data_same\xbd\tier1\images\santa-rosa-wildfire_00000118_post_disaster.png,D:\UNI\DLSS\satellite-disaster-damage-mapping\data_same\xbd\tier1\labels\santa-rosa-wildfire_00000118_post_disaster.json
santa-rosa-wildfire_00000119,santa-rosa-wildfire,tier1,test_ood,26,D:\UNI\DLSS\satellite-disaster-damage-mapping\data_same\xbd\tier1\images\santa-rosa-wildfire_00000119_pre_disaster.png,D:\UNI\DLSS\satellite-disaster-damage-mapping\data_same\xbd\tier1\images\santa-rosa-wildfire_00000119_post_disaster.png,D:\UNI\DLSS\satellite-disaster-damage-mapping\data_same\xbd\tier1\labels\santa-rosa-wildfire_00000119_post_disaster.json
santa-rosa-wildfire_00000124,santa-rosa-wildfire,tier1,test_ood,92,D:\UNI\DLSS\satellite-disaster-damage-mapping\data_same\xbd\tier1\images\santa-rosa-wildfire_00000124_pre_disaster.png,D:\UNI\DLSS\satellite-disaster-damage-mapping\data_same\xbd\tier1\images\santa-rosa-wildfire_00000124_post_disaster.png,D:\UNI\DLSS\satellite-disaster-damage-mapping\data_same\xbd\tier1\labels\santa-rosa-wildfire_00000124_post_disaster.json
santa-rosa-wildfire_00000127,santa-rosa-wildfire,hold,test_ood,8,D:\UNI\DLSS\satellite-disaster-damage-mapping\data_same\xbd\hold\images\santa-rosa-wildfire_00000127_pre_disaster.png,D:\UNI\DLSS\satellite-disaster-damage-mapping\data_same\xbd\hold\images\santa-rosa-wildfire_00000127_post_disaster.png,D:\UNI\DLSS\satellite-disaster-damage-mapping\data_same\xbd\hold\labels\santa-rosa-wildfire_00000127_post_disaster.json
santa-rosa-wildfire_00000129,santa-rosa-wildfire,tier1,test_ood,108,D:\UNI\DLSS\satellite-disaster-damage-mapping\data_same\xbd\tier1\images\santa-rosa-wildfire_00000129_pre_disaster.png,D:\UNI\DLSS\satellite-disaster-damage-mapping\data_same\xbd\tier1\images\santa-rosa-wildfire_00000129_post_disaster.png,D:\UNI\DLSS\satellite-disaster-damage-mapping\data_same\xbd\tier1\labels\santa-rosa-wildfire_00000129_post_disaster.json
santa-rosa-wildfire_00000135,santa-rosa-wildfire,tier1,test_ood,26,D:\UNI\DLSS\satellite-disaster-damage-mapping\data_same\xbd\tier1\images\santa-rosa-wildfire_00000135_pre_disaster.png,D:\UNI\DLSS\satellite-disaster-damage-mapping\data_same\xbd\tier1\images\santa-rosa-wildfire_00000135_post_disaster.png,D:\UNI\DLSS\satellite-disaster-damage-mapping\data_same\xbd\tier1\labels\santa-rosa-wildfire_00000135_post_disaster.json
santa-rosa-wildfire_00000138,santa-rosa-wildfire,tier1,test_ood,256,D:\UNI\DLSS\satellite-disaster-damage-mapping\data_same\xbd\tier1\images\santa-rosa-wildfire_00000138_pre_disaster.png,D:\UNI\DLSS\satellite-disaster-damage-mapping\data_same\xbd\tier1\images\santa-rosa-wildfire_00000138_post_disaster.png,D:\UNI\DLSS\satellite-disaster-damage-mapping\data_same\xbd\tier1\labels\santa-rosa-wildfire_00000138_post_disaster.json
santa-rosa-wildfire_00000145,santa-rosa-wildfire,test,test_ood,125,D:\UNI\DLSS\satellite-disaster-damage-mapping\data_same\xbd\test\images\santa-rosa-wildfire_00000145_pre_disaster.png,D:\UNI\DLSS\satellite-disaster-damage-mapping\data_same\xbd\test\images\santa-rosa-wildfire_00000145_post_disaster.png,D:\UNI\DLSS\satellite-disaster-damage-mapping\data_same\xbd\test\labels\santa-rosa-wildfire_00000145_post_disaster.json
santa-rosa-wildfire_00000150,santa-rosa-wildfire,hold,test_ood,267,D:\UNI\DLSS\satellite-disaster-damage-mapping\data_same\xbd\hold\images\santa-rosa-wildfire_00000150_pre_disaster.png,D:\UNI\DLSS\satellite-disaster-damage-mapping\data_same\xbd\hold\images\santa-rosa-wildfire_00000150_post_disaster.png,D:\UNI\DLSS\satellite-disaster-damage-mapping\data_same\xbd\hold\labels\santa-rosa-wildfire_00000150_post_disaster.json
santa-rosa-wildfire_00000154,santa-rosa-wildfire,hold,test_ood,45,D:\UNI\DLSS\satellite-disaster-damage-mapping\data_same\xbd\hold\images\santa-rosa-wildfire_00000154_pre_disaster.png,D:\UNI\DLSS\satellite-disaster-damage-mapping\data_same\xbd\hold\images\santa-rosa-wildfire_00000154_post_disaster.png,D:\UNI\DLSS\satellite-disaster-damage-mapping\data_same\xbd\hold\labels\santa-rosa-wildfire_00000154_post_disaster.json
santa-rosa-wildfire_00000161,santa-rosa-wildfire,tier1,test_ood,243,D:\UNI\DLSS\satellite-disaster-damage-mapping\data_same\xbd\tier1\images\santa-rosa-wildfire_00000161_pre_disaster.png,D:\UNI\DLSS\satellite-disaster-damage-mapping\data_same\xbd\tier1\images\santa-rosa-wildfire_00000161_post_disaster.png,D:\UNI\DLSS\satellite-disaster-damage-mapping\data_same\xbd\tier1\labels\santa-rosa-wildfire_00000161_post_disaster.json
santa-rosa-wildfire_00000178,santa-rosa-wildfire,test,test_ood,22,D:\UNI\DLSS\satellite-disaster-damage-mapping\data_same\xbd\test\images\santa-rosa-wildfire_00000178_pre_disaster.png,D:\UNI\DLSS\satellite-disaster-damage-mapping\data_same\xbd\test\images\santa-rosa-wildfire_00000178_post_disaster.png,D:\UNI\DLSS\satellite-disaster-damage-mapping\data_same\xbd\test\labels\santa-rosa-wildfire_00000178_post_disaster.json
santa-rosa-wildfire_00000179,santa-rosa-wildfire,tier1,test_ood,235,D:\UNI\DLSS\satellite-disaster-damage-mapping\data_same\xbd\tier1\images\santa-rosa-wildfire_00000179_pre_disaster.png,D:\UNI\DLSS\satellite-disaster-damage-mapping\data_same\xbd\tier1\images\santa-rosa-wildfire_00000179_post_disaster.png,D:\UNI\DLSS\satellite-disaster-damage-mapping\data_same\xbd\tier1\labels\santa-rosa-wildfire_00000179_post_disaster.json
santa-rosa-wildfire_00000181,santa-rosa-wildfire,test,test_ood,6,D:\UNI\DLSS\satellite-disaster-damage-mapping\data_same\xbd\test\images\santa-rosa-wildfire_00000181_pre_disaster.png,D:\UNI\DLSS\satellite-disaster-damage-mapping\data_same\xbd\test\images\santa-rosa-wildfire_00000181_post_disaster.png,D:\UNI\DLSS\satellite-disaster-damage-mapping\data_same\xbd\test\labels\santa-rosa-wildfire_00000181_post_disaster.json
santa-rosa-wildfire_00000182,santa-rosa-wildfire,tier1,test_ood,11,D:\UNI\DLSS\satellite-disaster-damage-mapping\data_same\xbd\tier1\images\santa-rosa-wildfire_00000182_pre_disaster.png,D:\UNI\DLSS\satellite-disaster-damage-mapping\data_same\xbd\tier1\images\santa-rosa-wildfire_00000182_post_disaster.png,D:\UNI\DLSS\satellite-disaster-damage-mapping\data_same\xbd\tier1\labels\santa-rosa-wildfire_00000182_post_disaster.json
santa-rosa-wildfire_00000189,santa-rosa-wildfire,tier1,test_ood,110,D:\UNI\DLSS\satellite-disaster-damage-mapping\data_same\xbd\tier1\images\santa-rosa-wildfire_00000189_pre_disaster.png,D:\UNI\DLSS\satellite-disaster-damage-mapping\data_same\xbd\tier1\images\santa-rosa-wildfire_00000189_post_disaster.png,D:\UNI\DLSS\satellite-disaster-damage-mapping\data_same\xbd\tier1\labels\santa-rosa-wildfire_00000189_post_disaster.json
santa-rosa-wildfire_00000191,santa-rosa-wildfire,tier1,test_ood,7,D:\UNI\DLSS\satellite-disaster-damage-mapping\data_same\xbd\tier1\images\santa-rosa-wildfire_00000191_pre_disaster.png,D:\UNI\DLSS\satellite-disaster-damage-mapping\data_same\xbd\tier1\images\santa-rosa-wildfire_00000191_post_disaster.png,D:\UNI\DLSS\satellite-disaster-damage-mapping\data_same\xbd\tier1\labels\santa-rosa-wildfire_00000191_post_disaster.json
santa-rosa-wildfire_00000193,santa-rosa-wildfire,hold,test_ood,138,D:\UNI\DLSS\satellite-disaster-damage-mapping\data_same\xbd\hold\images\santa-rosa-wildfire_00000193_pre_disaster.png,D:\UNI\DLSS\satellite-disaster-damage-mapping\data_same\xbd\hold\images\santa-rosa-wildfire_00000193_post_disaster.png,D:\UNI\DLSS\satellite-disaster-damage-mapping\data_same\xbd\hold\labels\santa-rosa-wildfire_00000193_post_disaster.json
santa-rosa-wildfire_00000194,santa-rosa-wildfire,hold,test_ood,353,D:\UNI\DLSS\satellite-disaster-damage-mapping\data_same\xbd\hold\images\santa-rosa-wildfire_00000194_pre_disaster.png,D:\UNI\DLSS\satellite-disaster-damage-mapping\data_same\xbd\hold\images\santa-rosa-wildfire_00000194_post_disaster.png,D:\UNI\DLSS\satellite-disaster-damage-mapping\data_same\xbd\hold\labels\santa-rosa-wildfire_00000194_post_disaster.json
santa-rosa-wildfire_00000199,santa-rosa-wildfire,tier1,test_ood,261,D:\UNI\DLSS\satellite-disaster-damage-mapping\data_same\xbd\tier1\images\santa-rosa-wildfire_00000199_pre_disaster.png,D:\UNI\DLSS\satellite-disaster-damage-mapping\data_same\xbd\tier1\images\santa-rosa-wildfire_00000199_post_disaster.png,D:\UNI\DLSS\satellite-disaster-damage-mapping\data_same\xbd\tier1\labels\santa-rosa-wildfire_00000199_post_disaster.json
santa-rosa-wildfire_00000203,santa-rosa-wildfire,tier1,test_ood,222,D:\UNI\DLSS\satellite-disaster-damage-mapping\data_same\xbd\tier1\images\santa-rosa-wildfire_00000203_pre_disaster.png,D:\UNI\DLSS\satellite-disaster-damage-mapping\data_same\xbd\tier1\images\santa-rosa-wildfire_00000203_post_disaster.png,D:\UNI\DLSS\satellite-disaster-damage-mapping\data_same\xbd\tier1\labels\santa-rosa-wildfire_00000203_post_disaster.json
santa-rosa-wildfire_00000204,santa-rosa-wildfire,test,test_ood,22,D:\UNI\DLSS\satellite-disaster-damage-mapping\data_same\xbd\test\images\santa-rosa-wildfire_00000204_pre_disaster.png,D:\UNI\DLSS\satellite-disaster-damage-mapping\data_same\xbd\test\images\santa-rosa-wildfire_00000204_post_disaster.png,D:\UNI\DLSS\satellite-disaster-damage-mapping\data_same\xbd\test\labels\santa-rosa-wildfire_00000204_post_disaster.json
santa-rosa-wildfire_00000205,santa-rosa-wildfire,tier1,test_ood,44,D:\UNI\DLSS\satellite-disaster-damage-mapping\data_same\xbd\tier1\images\santa-rosa-wildfire_00000205_pre_disaster.png,D:\UNI\DLSS\satellite-disaster-damage-mapping\data_same\xbd\tier1\images\santa-rosa-wildfire_00000205_post_disaster.png,D:\UNI\DLSS\satellite-disaster-damage-mapping\data_same\xbd\tier1\labels\santa-rosa-wildfire_00000205_post_disaster.json
santa-rosa-wildfire_00000214,santa-rosa-wildfire,tier1,test_ood,54,D:\UNI\DLSS\satellite-disaster-damage-mapping\data_same\xbd\tier1\images\santa-rosa-wildfire_00000214_pre_disaster.png,D:\UNI\DLSS\satellite-disaster-damage-mapping\data_same\xbd\tier1\images\santa-rosa-wildfire_00000214_post_disaster.png,D:\UNI\DLSS\satellite-disaster-damage-mapping\data_same\xbd\tier1\labels\santa-rosa-wildfire_00000214_post_disaster.json
santa-rosa-wildfire_00000217,santa-rosa-wildfire,test,test_ood,31,D:\UNI\DLSS\satellite-disaster-damage-mapping\data_same\xbd\test\images\santa-rosa-wildfire_00000217_pre_disaster.png,D:\UNI\DLSS\satellite-disaster-damage-mapping\data_same\xbd\test\images\santa-rosa-wildfire_00000217_post_disaster.png,D:\UNI\DLSS\satellite-disaster-damage-mapping\data_same\xbd\test\labels\santa-rosa-wildfire_00000217_post_disaster.json
santa-rosa-wildfire_00000222,santa-rosa-wildfire,hold,test_ood,12,D:\UNI\DLSS\satellite-disaster-damage-mapping\data_same\xbd\hold\images\santa-rosa-wildfire_00000222_pre_disaster.png,D:\UNI\DLSS\satellite-disaster-damage-mapping\data_same\xbd\hold\images\santa-rosa-wildfire_00000222_post_disaster.png,D:\UNI\DLSS\satellite-disaster-damage-mapping\data_same\xbd\hold\labels\santa-rosa-wildfire_00000222_post_disaster.json
santa-rosa-wildfire_00000228,santa-rosa-wildfire,tier1,test_ood,15,D:\UNI\DLSS\satellite-disaster-damage-mapping\data_same\xbd\tier1\images\santa-rosa-wildfire_00000228_pre_disaster.png,D:\UNI\DLSS\satellite-disaster-damage-mapping\data_same\xbd\tier1\images\santa-rosa-wildfire_00000228_post_disaster.png,D:\UNI\DLSS\satellite-disaster-damage-mapping\data_same\xbd\tier1\labels\santa-rosa-wildfire_00000228_post_disaster.json
santa-rosa-wildfire_00000229,santa-rosa-wildfire,tier1,test_ood,14,D:\UNI\DLSS\satellite-disaster-damage-mapping\data_same\xbd\tier1\images\santa-rosa-wildfire_00000229_pre_disaster.png,D:\UNI\DLSS\satellite-disaster-damage-mapping\data_same\xbd\tier1\images\santa-rosa-wildfire_00000229_post_disaster.png,D:\UNI\DLSS\satellite-disaster-damage-mapping\data_same\xbd\tier1\labels\santa-rosa-wildfire_00000229_post_disaster.json
santa-rosa-wildfire_00000231,santa-rosa-wildfire,tier1,test_ood,40,D:\UNI\DLSS\satellite-disaster-damage-mapping\data_same\xbd\tier1\images\santa-rosa-wildfire_00000231_pre_disaster.png,D:\UNI\DLSS\satellite-disaster-damage-mapping\data_same\xbd\tier1\images\santa-rosa-wildfire_00000231_post_disaster.png,D:\UNI\DLSS\satellite-disaster-damage-mapping\data_same\xbd\tier1\labels\santa-rosa-wildfire_00000231_post_disaster.json
santa-rosa-wildfire_00000239,santa-rosa-wildfire,tier1,test_ood,43,D:\UNI\DLSS\satellite-disaster-damage-mapping\data_same\xbd\tier1\images\santa-rosa-wildfire_00000239_pre_disaster.png,D:\UNI\DLSS\satellite-disaster-damage-mapping\data_same\xbd\tier1\images\santa-rosa-wildfire_00000239_post_disaster.png,D:\UNI\DLSS\satellite-disaster-damage-mapping\data_same\xbd\tier1\labels\santa-rosa-wildfire_00000239_post_disaster.json
santa-rosa-wildfire_00000242,santa-rosa-wildfire,test,test_ood,71,D:\UNI\DLSS\satellite-disaster-damage-mapping\data_same\xbd\test\images\santa-rosa-wildfire_00000242_pre_disaster.png,D:\UNI\DLSS\satellite-disaster-damage-mapping\data_same\xbd\test\images\santa-rosa-wildfire_00000242_post_disaster.png,D:\UNI\DLSS\satellite-disaster-damage-mapping\data_same\xbd\test\labels\santa-rosa-wildfire_00000242_post_disaster.json
santa-rosa-wildfire_00000249,santa-rosa-wildfire,tier1,test_ood,11,D:\UNI\DLSS\satellite-disaster-damage-mapping\data_same\xbd\tier1\images\santa-rosa-wildfire_00000249_pre_disaster.png,D:\UNI\DLSS\satellite-disaster-damage-mapping\data_same\xbd\tier1\images\santa-rosa-wildfire_00000249_post_disaster.png,D:\UNI\DLSS\satellite-disaster-damage-mapping\data_same\xbd\tier1\labels\santa-rosa-wildfire_00000249_post_disaster.json
santa-rosa-wildfire_00000259,santa-rosa-wildfire,tier1,test_ood,11,D:\UNI\DLSS\satellite-disaster-damage-mapping\data_same\xbd\tier1\images\santa-rosa-wildfire_00000259_pre_disaster.png,D:\UNI\DLSS\satellite-disaster-damage-mapping\data_same\xbd\tier1\images\santa-rosa-wildfire_00000259_post_disaster.png,D:\UNI\DLSS\satellite-disaster-damage-mapping\data_same\xbd\tier1\labels\santa-rosa-wildfire_00000259_post_disaster.json
santa-rosa-wildfire_00000269,santa-rosa-wildfire,test,test_ood,12,D:\UNI\DLSS\satellite-disaster-damage-mapping\data_same\xbd\test\images\santa-rosa-wildfire_00000269_pre_disaster.png,D:\UNI\DLSS\satellite-disaster-damage-mapping\data_same\xbd\test\images\santa-rosa-wildfire_00000269_post_disaster.png,D:\UNI\DLSS\satellite-disaster-damage-mapping\data_same\xbd\test\labels\santa-rosa-wildfire_00000269_post_disaster.json
santa-rosa-wildfire_00000273,santa-rosa-wildfire,test,test_ood,12,D:\UNI\DLSS\satellite-disaster-damage-mapping\data_same\xbd\test\images\santa-rosa-wildfire_00000273_pre_disaster.png,D:\UNI\DLSS\satellite-disaster-damage-mapping\data_same\xbd\test\images\santa-rosa-wildfire_00000273_post_disaster.png,D:\UNI\DLSS\satellite-disaster-damage-mapping\data_same\xbd\test\labels\santa-rosa-wildfire_00000273_post_disaster.json
santa-rosa-wildfire_00000301,santa-rosa-wildfire,tier1,test_ood,10,D:\UNI\DLSS\satellite-disaster-damage-mapping\data_same\xbd\tier1\images\santa-rosa-wildfire_00000301_pre_disaster.png,D:\UNI\DLSS\satellite-disaster-damage-mapping\data_same\xbd\tier1\images\santa-rosa-wildfire_00000301_post_disaster.png,D:\UNI\DLSS\satellite-disaster-damage-mapping\data_same\xbd\tier1\labels\santa-rosa-wildfire_00000301_post_disaster.json
santa-rosa-wildfire_00000325,santa-rosa-wildfire,tier1,test_ood,9,D:\UNI\DLSS\satellite-disaster-damage-mapping\data_same\xbd\tier1\images\santa-rosa-wildfire_00000325_pre_disaster.png,D:\UNI\DLSS\satellite-disaster-damage-mapping\data_same\xbd\tier1\images\santa-rosa-wildfire_00000325_post_disaster.png,D:\UNI\DLSS\satellite-disaster-damage-mapping\data_same\xbd\tier1\labels\santa-rosa-wildfire_00000325_post_disaster.json
santa-rosa-wildfire_00000326,santa-rosa-wildfire,hold,test_ood,5,D:\UNI\DLSS\satellite-disaster-damage-mapping\data_same\xbd\hold\images\santa-rosa-wildfire_00000326_pre_disaster.png,D:\UNI\DLSS\satellite-disaster-damage-mapping\data_same\xbd\hold\images\santa-rosa-wildfire_00000326_post_disaster.png,D:\UNI\DLSS\satellite-disaster-damage-mapping\data_same\xbd\hold\labels\santa-rosa-wildfire_00000326_post_disaster.json
santa-rosa-wildfire_00000332,santa-rosa-wildfire,hold,test_ood,14,D:\UNI\DLSS\satellite-disaster-damage-mapping\data_same\xbd\hold\images\santa-rosa-wildfire_00000332_pre_disaster.png,D:\UNI\DLSS\satellite-disaster-damage-mapping\data_same\xbd\hold\images\santa-rosa-wildfire_00000332_post_disaster.png,D:\UNI\DLSS\satellite-disaster-damage-mapping\data_same\xbd\hold\labels\santa-rosa-wildfire_00000332_post_disaster.json
santa-rosa-wildfire_00000353,santa-rosa-wildfire,tier1,test_ood,8,D:\UNI\DLSS\satellite-disaster-damage-mapping\data_same\xbd\tier1\images\santa-rosa-wildfire_00000353_pre_disaster.png,D:\UNI\DLSS\satellite-disaster-damage-mapping\data_same\xbd\tier1\images\santa-rosa-wildfire_00000353_post_disaster.png,D:\UNI\DLSS\satellite-disaster-damage-mapping\data_same\xbd\tier1\labels\santa-rosa-wildfire_00000353_post_disaster.json
santa-rosa-wildfire_00000357,santa-rosa-wildfire,tier1,test_ood,39,D:\UNI\DLSS\satellite-disaster-damage-mapping\data_same\xbd\tier1\images\santa-rosa-wildfire_00000357_pre_disaster.png,D:\UNI\DLSS\satellite-disaster-damage-mapping\data_same\xbd\tier1\images\santa-rosa-wildfire_00000357_post_disaster.png,D:\UNI\DLSS\satellite-disaster-damage-mapping\data_same\xbd\tier1\labels\santa-rosa-wildfire_00000357_post_disaster.json
santa-rosa-wildfire_00000372,santa-rosa-wildfire,tier1,test_ood,215,D:\UNI\DLSS\satellite-disaster-damage-mapping\data_same\xbd\tier1\images\santa-rosa-wildfire_00000372_pre_disaster.png,D:\UNI\DLSS\satellite-disaster-damage-mapping\data_same\xbd\tier1\images\santa-rosa-wildfire_00000372_post_disaster.png,D:\UNI\DLSS\satellite-disaster-damage-mapping\data_same\xbd\tier1\labels\santa-rosa-wildfire_00000372_post_disaster.json
socal-fire_00000002,socal-fire,tier1,test_ood,29,D:\UNI\DLSS\satellite-disaster-damage-mapping\data_same\xbd\tier1\images\socal-fire_00000002_pre_disaster.png,D:\UNI\DLSS\satellite-disaster-damage-mapping\data_same\xbd\tier1\images\socal-fire_00000002_post_disaster.png,D:\UNI\DLSS\satellite-disaster-damage-mapping\data_same\xbd\tier1\labels\socal-fire_00000002_post_disaster.json
socal-fire_00000031,socal-fire,test,test_ood,125,D:\UNI\DLSS\satellite-disaster-damage-mapping\data_same\xbd\test\images\socal-fire_00000031_pre_disaster.png,D:\UNI\DLSS\satellite-disaster-damage-mapping\data_same\xbd\test\images\socal-fire_00000031_post_disaster.png,D:\UNI\DLSS\satellite-disaster-damage-mapping\data_same\xbd\test\labels\socal-fire_00000031_post_disaster.json
socal-fire_00000038,socal-fire,tier1,test_ood,13,D:\UNI\DLSS\satellite-disaster-damage-mapping\data_same\xbd\tier1\images\socal-fire_00000038_pre_disaster.png,D:\UNI\DLSS\satellite-disaster-damage-mapping\data_same\xbd\tier1\images\socal-fire_00000038_post_disaster.png,D:\UNI\DLSS\satellite-disaster-damage-mapping\data_same\xbd\tier1\labels\socal-fire_00000038_post_disaster.json
socal-fire_00000044,socal-fire,tier1,test_ood,21,D:\UNI\DLSS\satellite-disaster-damage-mapping\data_same\xbd\tier1\images\socal-fire_00000044_pre_disaster.png,D:\UNI\DLSS\satellite-disaster-damage-mapping\data_same\xbd\tier1\images\socal-fire_00000044_post_disaster.png,D:\UNI\DLSS\satellite-disaster-damage-mapping\data_same\xbd\tier1\labels\socal-fire_00000044_post_disaster.json
socal-fire_00000050,socal-fire,tier1,test_ood,9,D:\UNI\DLSS\satellite-disaster-damage-mapping\data_same\xbd\tier1\images\socal-fire_00000050_pre_disaster.png,D:\UNI\DLSS\satellite-disaster-damage-mapping\data_same\xbd\tier1\images\socal-fire_00000050_post_disaster.png,D:\UNI\DLSS\satellite-disaster-damage-mapping\data_same\xbd\tier1\labels\socal-fire_00000050_post_disaster.json
socal-fire_00000054,socal-fire,hold,test_ood,36,D:\UNI\DLSS\satellite-disaster-damage-mapping\data_same\xbd\hold\images\socal-fire_00000054_pre_disaster.png,D:\UNI\DLSS\satellite-disaster-damage-mapping\data_same\xbd\hold\images\socal-fire_00000054_post_disaster.png,D:\UNI\DLSS\satellite-disaster-damage-mapping\data_same\xbd\hold\labels\socal-fire_00000054_post_disaster.json
socal-fire_00000099,socal-fire,tier1,test_ood,14,D:\UNI\DLSS\satellite-disaster-damage-mapping\data_same\xbd\tier1\images\socal-fire_00000099_pre_disaster.png,D:\UNI\DLSS\satellite-disaster-damage-mapping\data_same\xbd\tier1\images\socal-fire_00000099_post_disaster.png,D:\UNI\DLSS\satellite-disaster-damage-mapping\data_same\xbd\tier1\labels\socal-fire_00000099_post_disaster.json
socal-fire_00000114,socal-fire,tier1,test_ood,40,D:\UNI\DLSS\satellite-disaster-damage-mapping\data_same\xbd\tier1\images\socal-fire_00000114_pre_disaster.png,D:\UNI\DLSS\satellite-disaster-damage-mapping\data_same\xbd\tier1\images\socal-fire_00000114_post_disaster.png,D:\UNI\DLSS\satellite-disaster-damage-mapping\data_same\xbd\tier1\labels\socal-fire_00000114_post_disaster.json
socal-fire_00000134,socal-fire,hold,test_ood,10,D:\UNI\DLSS\satellite-disaster-damage-mapping\data_same\xbd\hold\images\socal-fire_00000134_pre_disaster.png,D:\UNI\DLSS\satellite-disaster-damage-mapping\data_same\xbd\hold\images\socal-fire_00000134_post_disaster.png,D:\UNI\DLSS\satellite-disaster-damage-mapping\data_same\xbd\hold\labels\socal-fire_00000134_post_disaster.json
socal-fire_00000183,socal-fire,tier1,test_ood,5,D:\UNI\DLSS\satellite-disaster-damage-mapping\data_same\xbd\tier1\images\socal-fire_00000183_pre_disaster.png,D:\UNI\DLSS\satellite-disaster-damage-mapping\data_same\xbd\tier1\images\socal-fire_00000183_post_disaster.png,D:\UNI\DLSS\satellite-disaster-damage-mapping\data_same\xbd\tier1\labels\socal-fire_00000183_post_disaster.json
socal-fire_00000188,socal-fire,hold,test_ood,14,D:\UNI\DLSS\satellite-disaster-damage-mapping\data_same\xbd\hold\images\socal-fire_00000188_pre_disaster.png,D:\UNI\DLSS\satellite-disaster-damage-mapping\data_same\xbd\hold\images\socal-fire_00000188_post_disaster.png,D:\UNI\DLSS\satellite-disaster-damage-mapping\data_same\xbd\hold\labels\socal-fire_00000188_post_disaster.json
socal-fire_00000220,socal-fire,tier1,test_ood,22,D:\UNI\DLSS\satellite-disaster-damage-mapping\data_same\xbd\tier1\images\socal-fire_00000220_pre_disaster.png,D:\UNI\DLSS\satellite-disaster-damage-mapping\data_same\xbd\tier1\images\socal-fire_00000220_post_disaster.png,D:\UNI\DLSS\satellite-disaster-damage-mapping\data_same\xbd\tier1\labels\socal-fire_00000220_post_disaster.json
socal-fire_00000228,socal-fire,tier1,test_ood,21,D:\UNI\DLSS\satellite-disaster-damage-mapping\data_same\xbd\tier1\images\socal-fire_00000228_pre_disaster.png,D:\UNI\DLSS\satellite-disaster-damage-mapping\data_same\xbd\tier1\images\socal-fire_00000228_post_disaster.png,D:\UNI\DLSS\satellite-disaster-damage-mapping\data_same\xbd\tier1\labels\socal-fire_00000228_post_disaster.json
socal-fire_00000231,socal-fire,tier1,test_ood,5,D:\UNI\DLSS\satellite-disaster-damage-mapping\data_same\xbd\tier1\images\socal-fire_00000231_pre_disaster.png,D:\UNI\DLSS\satellite-disaster-damage-mapping\data_same\xbd\tier1\images\socal-fire_00000231_post_disaster.png,D:\UNI\DLSS\satellite-disaster-damage-mapping\data_same\xbd\tier1\labels\socal-fire_00000231_post_disaster.json
socal-fire_00000237,socal-fire,tier1,test_ood,17,D:\UNI\DLSS\satellite-disaster-damage-mapping\data_same\xbd\tier1\images\socal-fire_00000237_pre_disaster.png,D:\UNI\DLSS\satellite-disaster-damage-mapping\data_same\xbd\tier1\images\socal-fire_00000237_post_disaster.png,D:\UNI\DLSS\satellite-disaster-damage-mapping\data_same\xbd\tier1\labels\socal-fire_00000237_post_disaster.json
socal-fire_00000238,socal-fire,test,test_ood,6,D:\UNI\DLSS\satellite-disaster-damage-mapping\data_same\xbd\test\images\socal-fire_00000238_pre_disaster.png,D:\UNI\DLSS\satellite-disaster-damage-mapping\data_same\xbd\test\images\socal-fire_00000238_post_disaster.png,D:\UNI\DLSS\satellite-disaster-damage-mapping\data_same\xbd\test\labels\socal-fire_00000238_post_disaster.json
socal-fire_00000240,socal-fire,tier1,test_ood,44,D:\UNI\DLSS\satellite-disaster-damage-mapping\data_same\xbd\tier1\images\socal-fire_00000240_pre_disaster.png,D:\UNI\DLSS\satellite-disaster-damage-mapping\data_same\xbd\tier1\images\socal-fire_00000240_post_disaster.png,D:\UNI\DLSS\satellite-disaster-damage-mapping\data_same\xbd\tier1\labels\socal-fire_00000240_post_disaster.json
socal-fire_00000241,socal-fire,test,test_ood,22,D:\UNI\DLSS\satellite-disaster-damage-mapping\data_same\xbd\test\images\socal-fire_00000241_pre_disaster.png,D:\UNI\DLSS\satellite-disaster-damage-mapping\data_same\xbd\test\images\socal-fire_00000241_post_disaster.png,D:\UNI\DLSS\satellite-disaster-damage-mapping\data_same\xbd\test\labels\socal-fire_00000241_post_disaster.json
socal-fire_00000245,socal-fire,tier1,test_ood,11,D:\UNI\DLSS\satellite-disaster-damage-mapping\data_same\xbd\tier1\images\socal-fire_00000245_pre_disaster.png,D:\UNI\DLSS\satellite-disaster-damage-mapping\data_same\xbd\tier1\images\socal-fire_00000245_post_disaster.png,D:\UNI\DLSS\satellite-disaster-damage-mapping\data_same\xbd\tier1\labels\socal-fire_00000245_post_disaster.json
socal-fire_00000250,socal-fire,test,test_ood,23,D:\UNI\DLSS\satellite-disaster-damage-mapping\data_same\xbd\test\images\socal-fire_00000250_pre_disaster.png,D:\UNI\DLSS\satellite-disaster-damage-mapping\data_same\xbd\test\images\socal-fire_00000250_post_disaster.png,D:\UNI\DLSS\satellite-disaster-damage-mapping\data_same\xbd\test\labels\socal-fire_00000250_post_disaster.json
socal-fire_00000251,socal-fire,tier1,test_ood,43,D:\UNI\DLSS\satellite-disaster-damage-mapping\data_same\xbd\tier1\images\socal-fire_00000251_pre_disaster.png,D:\UNI\DLSS\satellite-disaster-damage-mapping\data_same\xbd\tier1\images\socal-fire_00000251_post_disaster.png,D:\UNI\DLSS\satellite-disaster-damage-mapping\data_same\xbd\tier1\labels\socal-fire_00000251_post_disaster.json
socal-fire_00000263,socal-fire,test,test_ood,128,D:\UNI\DLSS\satellite-disaster-damage-mapping\data_same\xbd\test\images\socal-fire_00000263_pre_disaster.png,D:\UNI\DLSS\satellite-disaster-damage-mapping\data_same\xbd\test\images\socal-fire_00000263_post_disaster.png,D:\UNI\DLSS\satellite-disaster-damage-mapping\data_same\xbd\test\labels\socal-fire_00000263_post_disaster.json
socal-fire_00000268,socal-fire,tier1,test_ood,22,D:\UNI\DLSS\satellite-disaster-damage-mapping\data_same\xbd\tier1\images\socal-fire_00000268_pre_disaster.png,D:\UNI\DLSS\satellite-disaster-damage-mapping\data_same\xbd\tier1\images\socal-fire_00000268_post_disaster.png,D:\UNI\DLSS\satellite-disaster-damage-mapping\data_same\xbd\tier1\labels\socal-fire_00000268_post_disaster.json
socal-fire_00000276,socal-fire,test,test_ood,5,D:\UNI\DLSS\satellite-disaster-damage-mapping\data_same\xbd\test\images\socal-fire_00000276_pre_disaster.png,D:\UNI\DLSS\satellite-disaster-damage-mapping\data_same\xbd\test\images\socal-fire_00000276_post_disaster.png,D:\UNI\DLSS\satellite-disaster-damage-mapping\data_same\xbd\test\labels\socal-fire_00000276_post_disaster.json
socal-fire_00000288,socal-fire,tier1,test_ood,11,D:\UNI\DLSS\satellite-disaster-damage-mapping\data_same\xbd\tier1\images\socal-fire_00000288_pre_disaster.png,D:\UNI\DLSS\satellite-disaster-damage-mapping\data_same\xbd\tier1\images\socal-fire_00000288_post_disaster.png,D:\UNI\DLSS\satellite-disaster-damage-mapping\data_same\xbd\tier1\labels\socal-fire_00000288_post_disaster.json
socal-fire_00000294,socal-fire,test,test_ood,16,D:\UNI\DLSS\satellite-disaster-damage-mapping\data_same\xbd\test\images\socal-fire_00000294_pre_disaster.png,D:\UNI\DLSS\satellite-disaster-damage-mapping\data_same\xbd\test\images\socal-fire_00000294_post_disaster.png,D:\UNI\DLSS\satellite-disaster-damage-mapping\data_same\xbd\test\labels\socal-fire_00000294_post_disaster.json
socal-fire_00000312,socal-fire,tier1,test_ood,114,D:\UNI\DLSS\satellite-disaster-damage-mapping\data_same\xbd\tier1\images\socal-fire_00000312_pre_disaster.png,D:\UNI\DLSS\satellite-disaster-damage-mapping\data_same\xbd\tier1\images\socal-fire_00000312_post_disaster.png,D:\UNI\DLSS\satellite-disaster-damage-mapping\data_same\xbd\tier1\labels\socal-fire_00000312_post_disaster.json
socal-fire_00000325,socal-fire,test,test_ood,35,D:\UNI\DLSS\satellite-disaster-damage-mapping\data_same\xbd\test\images\socal-fire_00000325_pre_disaster.png,D:\UNI\DLSS\satellite-disaster-damage-mapping\data_same\xbd\test\images\socal-fire_00000325_post_disaster.png,D:\UNI\DLSS\satellite-disaster-damage-mapping\data_same\xbd\test\labels\socal-fire_00000325_post_disaster.json
socal-fire_00000360,socal-fire,tier1,test_ood,43,D:\UNI\DLSS\satellite-disaster-damage-mapping\data_same\xbd\tier1\images\socal-fire_00000360_pre_disaster.png,D:\UNI\DLSS\satellite-disaster-damage-mapping\data_same\xbd\tier1\images\socal-fire_00000360_post_disaster.png,D:\UNI\DLSS\satellite-disaster-damage-mapping\data_same\xbd\tier1\labels\socal-fire_00000360_post_disaster.json
socal-fire_00000381,socal-fire,test,test_ood,14,D:\UNI\DLSS\satellite-disaster-damage-mapping\data_same\xbd\test\images\socal-fire_00000381_pre_disaster.png,D:\UNI\DLSS\satellite-disaster-damage-mapping\data_same\xbd\test\images\socal-fire_00000381_post_disaster.png,D:\UNI\DLSS\satellite-disaster-damage-mapping\data_same\xbd\test\labels\socal-fire_00000381_post_disaster.json
socal-fire_00000389,socal-fire,tier1,test_ood,14,D:\UNI\DLSS\satellite-disaster-damage-mapping\data_same\xbd\tier1\images\socal-fire_00000389_pre_disaster.png,D:\UNI\DLSS\satellite-disaster-damage-mapping\data_same\xbd\tier1\images\socal-fire_00000389_post_disaster.png,D:\UNI\DLSS\satellite-disaster-damage-mapping\data_same\xbd\tier1\labels\socal-fire_00000389_post_disaster.json
socal-fire_00000413,socal-fire,hold,test_ood,38,D:\UNI\DLSS\satellite-disaster-damage-mapping\data_same\xbd\hold\images\socal-fire_00000413_pre_disaster.png,D:\UNI\DLSS\satellite-disaster-damage-mapping\data_same\xbd\hold\images\socal-fire_00000413_post_disaster.png,D:\UNI\DLSS\satellite-disaster-damage-mapping\data_same\xbd\hold\labels\socal-fire_00000413_post_disaster.json
socal-fire_00000472,socal-fire,tier1,test_ood,24,D:\UNI\DLSS\satellite-disaster-damage-mapping\data_same\xbd\tier1\images\socal-fire_00000472_pre_disaster.png,D:\UNI\DLSS\satellite-disaster-damage-mapping\data_same\xbd\tier1\images\socal-fire_00000472_post_disaster.png,D:\UNI\DLSS\satellite-disaster-damage-mapping\data_same\xbd\tier1\labels\socal-fire_00000472_post_disaster.json
socal-fire_00000480,socal-fire,tier1,test_ood,9,D:\UNI\DLSS\satellite-disaster-damage-mapping\data_same\xbd\tier1\images\socal-fire_00000480_pre_disaster.png,D:\UNI\DLSS\satellite-disaster-damage-mapping\data_same\xbd\tier1\images\socal-fire_00000480_post_disaster.png,D:\UNI\DLSS\satellite-disaster-damage-mapping\data_same\xbd\tier1\labels\socal-fire_00000480_post_disaster.json
socal-fire_00000483,socal-fire,test,test_ood,56,D:\UNI\DLSS\satellite-disaster-damage-mapping\data_same\xbd\test\images\socal-fire_00000483_pre_disaster.png,D:\UNI\DLSS\satellite-disaster-damage-mapping\data_same\xbd\test\images\socal-fire_00000483_post_disaster.png,D:\UNI\DLSS\satellite-disaster-damage-mapping\data_same\xbd\test\labels\socal-fire_00000483_post_disaster.json
socal-fire_00000484,socal-fire,tier1,test_ood,201,D:\UNI\DLSS\satellite-disaster-damage-mapping\data_same\xbd\tier1\images\socal-fire_00000484_pre_disaster.png,D:\UNI\DLSS\satellite-disaster-damage-mapping\data_same\xbd\tier1\images\socal-fire_00000484_post_disaster.png,D:\UNI\DLSS\satellite-disaster-damage-mapping\data_same\xbd\tier1\labels\socal-fire_00000484_post_disaster.json
socal-fire_00000516,socal-fire,tier1,test_ood,11,D:\UNI\DLSS\satellite-disaster-damage-mapping\data_same\xbd\tier1\images\socal-fire_00000516_pre_disaster.png,D:\UNI\DLSS\satellite-disaster-damage-mapping\data_same\xbd\tier1\images\socal-fire_00000516_post_disaster.png,D:\UNI\DLSS\satellite-disaster-damage-mapping\data_same\xbd\tier1\labels\socal-fire_00000516_post_disaster.json
socal-fire_00000542,socal-fire,hold,test_ood,172,D:\UNI\DLSS\satellite-disaster-damage-mapping\data_same\xbd\hold\images\socal-fire_00000542_pre_disaster.png,D:\UNI\DLSS\satellite-disaster-damage-mapping\data_same\xbd\hold\images\socal-fire_00000542_post_disaster.png,D:\UNI\DLSS\satellite-disaster-damage-mapping\data_same\xbd\hold\labels\socal-fire_00000542_post_disaster.json
socal-fire_00000586,socal-fire,tier1,test_ood,7,D:\UNI\DLSS\satellite-disaster-damage-mapping\data_same\xbd\tier1\images\socal-fire_00000586_pre_disaster.png,D:\UNI\DLSS\satellite-disaster-damage-mapping\data_same\xbd\tier1\images\socal-fire_00000586_post_disaster.png,D:\UNI\DLSS\satellite-disaster-damage-mapping\data_same\xbd\tier1\labels\socal-fire_00000586_post_disaster.json
socal-fire_00000592,socal-fire,tier1,test_ood,12,D:\UNI\DLSS\satellite-disaster-damage-mapping\data_same\xbd\tier1\images\socal-fire_00000592_pre_disaster.png,D:\UNI\DLSS\satellite-disaster-damage-mapping\data_same\xbd\tier1\images\socal-fire_00000592_post_disaster.png,D:\UNI\DLSS\satellite-disaster-damage-mapping\data_same\xbd\tier1\labels\socal-fire_00000592_post_disaster.json
socal-fire_00000614,socal-fire,test,test_ood,29,D:\UNI\DLSS\satellite-disaster-damage-mapping\data_same\xbd\test\images\socal-fire_00000614_pre_disaster.png,D:\UNI\DLSS\satellite-disaster-damage-mapping\data_same\xbd\test\images\socal-fire_00000614_post_disaster.png,D:\UNI\DLSS\satellite-disaster-damage-mapping\data_same\xbd\test\labels\socal-fire_00000614_post_disaster.json
socal-fire_00000623,socal-fire,tier1,test_ood,83,D:\UNI\DLSS\satellite-disaster-damage-mapping\data_same\xbd\tier1\images\socal-fire_00000623_pre_disaster.png,D:\UNI\DLSS\satellite-disaster-damage-mapping\data_same\xbd\tier1\images\socal-fire_00000623_post_disaster.png,D:\UNI\DLSS\satellite-disaster-damage-mapping\data_same\xbd\tier1\labels\socal-fire_00000623_post_disaster.json
socal-fire_00000629,socal-fire,tier1,test_ood,83,D:\UNI\DLSS\satellite-disaster-damage-mapping\data_same\xbd\tier1\images\socal-fire_00000629_pre_disaster.png,D:\UNI\DLSS\satellite-disaster-damage-mapping\data_same\xbd\tier1\images\socal-fire_00000629_post_disaster.png,D:\UNI\DLSS\satellite-disaster-damage-mapping\data_same\xbd\tier1\labels\socal-fire_00000629_post_disaster.json
socal-fire_00000651,socal-fire,tier1,test_ood,15,D:\UNI\DLSS\satellite-disaster-damage-mapping\data_same\xbd\tier1\images\socal-fire_00000651_pre_disaster.png,D:\UNI\DLSS\satellite-disaster-damage-mapping\data_same\xbd\tier1\images\socal-fire_00000651_post_disaster.png,D:\UNI\DLSS\satellite-disaster-damage-mapping\data_same\xbd\tier1\labels\socal-fire_00000651_post_disaster.json
socal-fire_00000668,socal-fire,tier1,test_ood,73,D:\UNI\DLSS\satellite-disaster-damage-mapping\data_same\xbd\tier1\images\socal-fire_00000668_pre_disaster.png,D:\UNI\DLSS\satellite-disaster-damage-mapping\data_same\xbd\tier1\images\socal-fire_00000668_post_disaster.png,D:\UNI\DLSS\satellite-disaster-damage-mapping\data_same\xbd\tier1\labels\socal-fire_00000668_post_disaster.json
socal-fire_00000670,socal-fire,hold,test_ood,14,D:\UNI\DLSS\satellite-disaster-damage-mapping\data_same\xbd\hold\images\socal-fire_00000670_pre_disaster.png,D:\UNI\DLSS\satellite-disaster-damage-mapping\data_same\xbd\hold\images\socal-fire_00000670_post_disaster.png,D:\UNI\DLSS\satellite-disaster-damage-mapping\data_same\xbd\hold\labels\socal-fire_00000670_post_disaster.json
socal-fire_00000782,socal-fire,test,test_ood,25,D:\UNI\DLSS\satellite-disaster-damage-mapping\data_same\xbd\test\images\socal-fire_00000782_pre_disaster.png,D:\UNI\DLSS\satellite-disaster-damage-mapping\data_same\xbd\test\images\socal-fire_00000782_post_disaster.png,D:\UNI\DLSS\satellite-disaster-damage-mapping\data_same\xbd\test\labels\socal-fire_00000782_post_disaster.json
socal-fire_00000790,socal-fire,tier1,test_ood,35,D:\UNI\DLSS\satellite-disaster-damage-mapping\data_same\xbd\tier1\images\socal-fire_00000790_pre_disaster.png,D:\UNI\DLSS\satellite-disaster-damage-mapping\data_same\xbd\tier1\images\socal-fire_00000790_post_disaster.png,D:\UNI\DLSS\satellite-disaster-damage-mapping\data_same\xbd\tier1\labels\socal-fire_00000790_post_disaster.json
socal-fire_00000801,socal-fire,test,test_ood,31,D:\UNI\DLSS\satellite-disaster-damage-mapping\data_same\xbd\test\images\socal-fire_00000801_pre_disaster.png,D:\UNI\DLSS\satellite-disaster-damage-mapping\data_same\xbd\test\images\socal-fire_00000801_post_disaster.png,D:\UNI\DLSS\satellite-disaster-damage-mapping\data_same\xbd\test\labels\socal-fire_00000801_post_disaster.json
socal-fire_00000803,socal-fire,hold,test_ood,81,D:\UNI\DLSS\satellite-disaster-damage-mapping\data_same\xbd\hold\images\socal-fire_00000803_pre_disaster.png,D:\UNI\DLSS\satellite-disaster-damage-mapping\data_same\xbd\hold\images\socal-fire_00000803_post_disaster.png,D:\UNI\DLSS\satellite-disaster-damage-mapping\data_same\xbd\hold\labels\socal-fire_00000803_post_disaster.json
socal-fire_00000809,socal-fire,hold,test_ood,53,D:\UNI\DLSS\satellite-disaster-damage-mapping\data_same\xbd\hold\images\socal-fire_00000809_pre_disaster.png,D:\UNI\DLSS\satellite-disaster-damage-mapping\data_same\xbd\hold\images\socal-fire_00000809_post_disaster.png,D:\UNI\DLSS\satellite-disaster-damage-mapping\data_same\xbd\hold\labels\socal-fire_00000809_post_disaster.json
socal-fire_00000853,socal-fire,test,test_ood,7,D:\UNI\DLSS\satellite-disaster-damage-mapping\data_same\xbd\test\images\socal-fire_00000853_pre_disaster.png,D:\UNI\DLSS\satellite-disaster-damage-mapping\data_same\xbd\test\images\socal-fire_00000853_post_disaster.png,D:\UNI\DLSS\satellite-disaster-damage-mapping\data_same\xbd\test\labels\socal-fire_00000853_post_disaster.json
socal-fire_00000870,socal-fire,hold,test_ood,6,D:\UNI\DLSS\satellite-disaster-damage-mapping\data_same\xbd\hold\images\socal-fire_00000870_pre_disaster.png,D:\UNI\DLSS\satellite-disaster-damage-mapping\data_same\xbd\hold\images\socal-fire_00000870_post_disaster.png,D:\UNI\DLSS\satellite-disaster-damage-mapping\data_same\xbd\hold\labels\socal-fire_00000870_post_disaster.json
socal-fire_00000885,socal-fire,test,test_ood,20,D:\UNI\DLSS\satellite-disaster-damage-mapping\data_same\xbd\test\images\socal-fire_00000885_pre_disaster.png,D:\UNI\DLSS\satellite-disaster-damage-mapping\data_same\xbd\test\images\socal-fire_00000885_post_disaster.png,D:\UNI\DLSS\satellite-disaster-damage-mapping\data_same\xbd\test\labels\socal-fire_00000885_post_disaster.json
socal-fire_00000896,socal-fire,hold,test_ood,8,D:\UNI\DLSS\satellite-disaster-damage-mapping\data_same\xbd\hold\images\socal-fire_00000896_pre_disaster.png,D:\UNI\DLSS\satellite-disaster-damage-mapping\data_same\xbd\hold\images\socal-fire_00000896_post_disaster.png,D:\UNI\DLSS\satellite-disaster-damage-mapping\data_same\xbd\hold\labels\socal-fire_00000896_post_disaster.json
socal-fire_00000898,socal-fire,test,test_ood,19,D:\UNI\DLSS\satellite-disaster-damage-mapping\data_same\xbd\test\images\socal-fire_00000898_pre_disaster.png,D:\UNI\DLSS\satellite-disaster-damage-mapping\data_same\xbd\test\images\socal-fire_00000898_post_disaster.png,D:\UNI\DLSS\satellite-disaster-damage-mapping\data_same\xbd\test\labels\socal-fire_00000898_post_disaster.json
socal-fire_00000899,socal-fire,hold,test_ood,34,D:\UNI\DLSS\satellite-disaster-damage-mapping\data_same\xbd\hold\images\socal-fire_00000899_pre_disaster.png,D:\UNI\DLSS\satellite-disaster-damage-mapping\data_same\xbd\hold\images\socal-fire_00000899_post_disaster.png,D:\UNI\DLSS\satellite-disaster-damage-mapping\data_same\xbd\hold\labels\socal-fire_00000899_post_disaster.json
socal-fire_00000901,socal-fire,tier1,test_ood,20,D:\UNI\DLSS\satellite-disaster-damage-mapping\data_same\xbd\tier1\images\socal-fire_00000901_pre_disaster.png,D:\UNI\DLSS\satellite-disaster-damage-mapping\data_same\xbd\tier1\images\socal-fire_00000901_post_disaster.png,D:\UNI\DLSS\satellite-disaster-damage-mapping\data_same\xbd\tier1\labels\socal-fire_00000901_post_disaster.json
socal-fire_00000903,socal-fire,tier1,test_ood,8,D:\UNI\DLSS\satellite-disaster-damage-mapping\data_same\xbd\tier1\images\socal-fire_00000903_pre_disaster.png,D:\UNI\DLSS\satellite-disaster-damage-mapping\data_same\xbd\tier1\images\socal-fire_00000903_post_disaster.png,D:\UNI\DLSS\satellite-disaster-damage-mapping\data_same\xbd\tier1\labels\socal-fire_00000903_post_disaster.json
socal-fire_00000904,socal-fire,tier1,test_ood,12,D:\UNI\DLSS\satellite-disaster-damage-mapping\data_same\xbd\tier1\images\socal-fire_00000904_pre_disaster.png,D:\UNI\DLSS\satellite-disaster-damage-mapping\data_same\xbd\tier1\images\socal-fire_00000904_post_disaster.png,D:\UNI\DLSS\satellite-disaster-damage-mapping\data_same\xbd\tier1\labels\socal-fire_00000904_post_disaster.json
socal-fire_00000912,socal-fire,tier1,test_ood,7,D:\UNI\DLSS\satellite-disaster-damage-mapping\data_same\xbd\tier1\images\socal-fire_00000912_pre_disaster.png,D:\UNI\DLSS\satellite-disaster-damage-mapping\data_same\xbd\tier1\images\socal-fire_00000912_post_disaster.png,D:\UNI\DLSS\satellite-disaster-damage-mapping\data_same\xbd\tier1\labels\socal-fire_00000912_post_disaster.json
socal-fire_00000928,socal-fire,tier1,test_ood,22,D:\UNI\DLSS\satellite-disaster-damage-mapping\data_same\xbd\tier1\images\socal-fire_00000928_pre_disaster.png,D:\UNI\DLSS\satellite-disaster-damage-mapping\data_same\xbd\tier1\images\socal-fire_00000928_post_disaster.png,D:\UNI\DLSS\satellite-disaster-damage-mapping\data_same\xbd\tier1\labels\socal-fire_00000928_post_disaster.json
socal-fire_00000941,socal-fire,hold,test_ood,15,D:\UNI\DLSS\satellite-disaster-damage-mapping\data_same\xbd\hold\images\socal-fire_00000941_pre_disaster.png,D:\UNI\DLSS\satellite-disaster-damage-mapping\data_same\xbd\hold\images\socal-fire_00000941_post_disaster.png,D:\UNI\DLSS\satellite-disaster-damage-mapping\data_same\xbd\hold\labels\socal-fire_00000941_post_disaster.json
socal-fire_00000947,socal-fire,tier1,test_ood,6,D:\UNI\DLSS\satellite-disaster-damage-mapping\data_same\xbd\tier1\images\socal-fire_00000947_pre_disaster.png,D:\UNI\DLSS\satellite-disaster-damage-mapping\data_same\xbd\tier1\images\socal-fire_00000947_post_disaster.png,D:\UNI\DLSS\satellite-disaster-damage-mapping\data_same\xbd\tier1\labels\socal-fire_00000947_post_disaster.json
socal-fire_00000950,socal-fire,tier1,test_ood,54,D:\UNI\DLSS\satellite-disaster-damage-mapping\data_same\xbd\tier1\images\socal-fire_00000950_pre_disaster.png,D:\UNI\DLSS\satellite-disaster-damage-mapping\data_same\xbd\tier1\images\socal-fire_00000950_post_disaster.png,D:\UNI\DLSS\satellite-disaster-damage-mapping\data_same\xbd\tier1\labels\socal-fire_00000950_post_disaster.json
socal-fire_00001008,socal-fire,test,test_ood,40,D:\UNI\DLSS\satellite-disaster-damage-mapping\data_same\xbd\test\images\socal-fire_00001008_pre_disaster.png,D:\UNI\DLSS\satellite-disaster-damage-mapping\data_same\xbd\test\images\socal-fire_00001008_post_disaster.png,D:\UNI\DLSS\satellite-disaster-damage-mapping\data_same\xbd\test\labels\socal-fire_00001008_post_disaster.json
socal-fire_00001018,socal-fire,test,test_ood,12,D:\UNI\DLSS\satellite-disaster-damage-mapping\data_same\xbd\test\images\socal-fire_00001018_pre_disaster.png,D:\UNI\DLSS\satellite-disaster-damage-mapping\data_same\xbd\test\images\socal-fire_00001018_post_disaster.png,D:\UNI\DLSS\satellite-disaster-damage-mapping\data_same\xbd\test\labels\socal-fire_00001018_post_disaster.json
socal-fire_00001048,socal-fire,hold,test_ood,94,D:\UNI\DLSS\satellite-disaster-damage-mapping\data_same\xbd\hold\images\socal-fire_00001048_pre_disaster.png,D:\UNI\DLSS\satellite-disaster-damage-mapping\data_same\xbd\hold\images\socal-fire_00001048_post_disaster.png,D:\UNI\DLSS\satellite-disaster-damage-mapping\data_same\xbd\hold\labels\socal-fire_00001048_post_disaster.json
socal-fire_00001054,socal-fire,tier1,test_ood,97,D:\UNI\DLSS\satellite-disaster-damage-mapping\data_same\xbd\tier1\images\socal-fire_00001054_pre_disaster.png,D:\UNI\DLSS\satellite-disaster-damage-mapping\data_same\xbd\tier1\images\socal-fire_00001054_post_disaster.png,D:\UNI\DLSS\satellite-disaster-damage-mapping\data_same\xbd\tier1\labels\socal-fire_00001054_post_disaster.json
socal-fire_00001066,socal-fire,tier1,test_ood,59,D:\UNI\DLSS\satellite-disaster-damage-mapping\data_same\xbd\tier1\images\socal-fire_00001066_pre_disaster.png,D:\UNI\DLSS\satellite-disaster-damage-mapping\data_same\xbd\tier1\images\socal-fire_00001066_post_disaster.png,D:\UNI\DLSS\satellite-disaster-damage-mapping\data_same\xbd\tier1\labels\socal-fire_00001066_post_disaster.json
socal-fire_00001088,socal-fire,tier1,test_ood,30,D:\UNI\DLSS\satellite-disaster-damage-mapping\data_same\xbd\tier1\images\socal-fire_00001088_pre_disaster.png,D:\UNI\DLSS\satellite-disaster-damage-mapping\data_same\xbd\tier1\images\socal-fire_00001088_post_disaster.png,D:\UNI\DLSS\satellite-disaster-damage-mapping\data_same\xbd\tier1\labels\socal-fire_00001088_post_disaster.json
socal-fire_00001096,socal-fire,test,test_ood,49,D:\UNI\DLSS\satellite-disaster-damage-mapping\data_same\xbd\test\images\socal-fire_00001096_pre_disaster.png,D:\UNI\DLSS\satellite-disaster-damage-mapping\data_same\xbd\test\images\socal-fire_00001096_post_disaster.png,D:\UNI\DLSS\satellite-disaster-damage-mapping\data_same\xbd\test\labels\socal-fire_00001096_post_disaster.json
socal-fire_00001121,socal-fire,tier1,test_ood,13,D:\UNI\DLSS\satellite-disaster-damage-mapping\data_same\xbd\tier1\images\socal-fire_00001121_pre_disaster.png,D:\UNI\DLSS\satellite-disaster-damage-mapping\data_same\xbd\tier1\images\socal-fire_00001121_post_disaster.png,D:\UNI\DLSS\satellite-disaster-damage-mapping\data_same\xbd\tier1\labels\socal-fire_00001121_post_disaster.json
socal-fire_00001125,socal-fire,tier1,test_ood,36,D:\UNI\DLSS\satellite-disaster-damage-mapping\data_same\xbd\tier1\images\socal-fire_00001125_pre_disaster.png,D:\UNI\DLSS\satellite-disaster-damage-mapping\data_same\xbd\tier1\images\socal-fire_00001125_post_disaster.png,D:\UNI\DLSS\satellite-disaster-damage-mapping\data_same\xbd\tier1\labels\socal-fire_00001125_post_disaster.json
socal-fire_00001141,socal-fire,test,test_ood,5,D:\UNI\DLSS\satellite-disaster-damage-mapping\data_same\xbd\test\images\socal-fire_00001141_pre_disaster.png,D:\UNI\DLSS\satellite-disaster-damage-mapping\data_same\xbd\test\images\socal-fire_00001141_post_disaster.png,D:\UNI\DLSS\satellite-disaster-damage-mapping\data_same\xbd\test\labels\socal-fire_00001141_post_disaster.json
socal-fire_00001159,socal-fire,tier1,test_ood,20,D:\UNI\DLSS\satellite-disaster-damage-mapping\data_same\xbd\tier1\images\socal-fire_00001159_pre_disaster.png,D:\UNI\DLSS\satellite-disaster-damage-mapping\data_same\xbd\tier1\images\socal-fire_00001159_post_disaster.png,D:\UNI\DLSS\satellite-disaster-damage-mapping\data_same\xbd\tier1\labels\socal-fire_00001159_post_disaster.json
socal-fire_00001193,socal-fire,test,test_ood,23,D:\UNI\DLSS\satellite-disaster-damage-mapping\data_same\xbd\test\images\socal-fire_00001193_pre_disaster.png,D:\UNI\DLSS\satellite-disaster-damage-mapping\data_same\xbd\test\images\socal-fire_00001193_post_disaster.png,D:\UNI\DLSS\satellite-disaster-damage-mapping\data_same\xbd\test\labels\socal-fire_00001193_post_disaster.json
socal-fire_00001201,socal-fire,hold,test_ood,5,D:\UNI\DLSS\satellite-disaster-damage-mapping\data_same\xbd\hold\images\socal-fire_00001201_pre_disaster.png,D:\UNI\DLSS\satellite-disaster-damage-mapping\data_same\xbd\hold\images\socal-fire_00001201_post_disaster.png,D:\UNI\DLSS\satellite-disaster-damage-mapping\data_same\xbd\hold\labels\socal-fire_00001201_post_disaster.json
socal-fire_00001207,socal-fire,tier1,test_ood,60,D:\UNI\DLSS\satellite-disaster-damage-mapping\data_same\xbd\tier1\images\socal-fire_00001207_pre_disaster.png,D:\UNI\DLSS\satellite-disaster-damage-mapping\data_same\xbd\tier1\images\socal-fire_00001207_post_disaster.png,D:\UNI\DLSS\satellite-disaster-damage-mapping\data_same\xbd\tier1\labels\socal-fire_00001207_post_disaster.json
socal-fire_00001214,socal-fire,test,test_ood,19,D:\UNI\DLSS\satellite-disaster-damage-mapping\data_same\xbd\test\images\socal-fire_00001214_pre_disaster.png,D:\UNI\DLSS\satellite-disaster-damage-mapping\data_same\xbd\test\images\socal-fire_00001214_post_disaster.png,D:\UNI\DLSS\satellite-disaster-damage-mapping\data_same\xbd\test\labels\socal-fire_00001214_post_disaster.json
socal-fire_00001217,socal-fire,hold,test_ood,7,D:\UNI\DLSS\satellite-disaster-damage-mapping\data_same\xbd\hold\images\socal-fire_00001217_pre_disaster.png,D:\UNI\DLSS\satellite-disaster-damage-mapping\data_same\xbd\hold\images\socal-fire_00001217_post_disaster.png,D:\UNI\DLSS\satellite-disaster-damage-mapping\data_same\xbd\hold\labels\socal-fire_00001217_post_disaster.json
socal-fire_00001219,socal-fire,test,test_ood,45,D:\UNI\DLSS\satellite-disaster-damage-mapping\data_same\xbd\test\images\socal-fire_00001219_pre_disaster.png,D:\UNI\DLSS\satellite-disaster-damage-mapping\data_same\xbd\test\images\socal-fire_00001219_post_disaster.png,D:\UNI\DLSS\satellite-disaster-damage-mapping\data_same\xbd\test\labels\socal-fire_00001219_post_disaster.json
socal-fire_00001221,socal-fire,tier1,test_ood,49,D:\UNI\DLSS\satellite-disaster-damage-mapping\data_same\xbd\tier1\images\socal-fire_00001221_pre_disaster.png,D:\UNI\DLSS\satellite-disaster-damage-mapping\data_same\xbd\tier1\images\socal-fire_00001221_post_disaster.png,D:\UNI\DLSS\satellite-disaster-damage-mapping\data_same\xbd\tier1\labels\socal-fire_00001221_post_disaster.json
socal-fire_00001224,socal-fire,test,test_ood,13,D:\UNI\DLSS\satellite-disaster-damage-mapping\data_same\xbd\test\images\socal-fire_00001224_pre_disaster.png,D:\UNI\DLSS\satellite-disaster-damage-mapping\data_same\xbd\test\images\socal-fire_00001224_post_disaster.png,D:\UNI\DLSS\satellite-disaster-damage-mapping\data_same\xbd\test\labels\socal-fire_00001224_post_disaster.json
socal-fire_00001228,socal-fire,tier1,test_ood,61,D:\UNI\DLSS\satellite-disaster-damage-mapping\data_same\xbd\tier1\images\socal-fire_00001228_pre_disaster.png,D:\UNI\DLSS\satellite-disaster-damage-mapping\data_same\xbd\tier1\images\socal-fire_00001228_post_disaster.png,D:\UNI\DLSS\satellite-disaster-damage-mapping\data_same\xbd\tier1\labels\socal-fire_00001228_post_disaster.json
socal-fire_00001236,socal-fire,test,test_ood,81,D:\UNI\DLSS\satellite-disaster-damage-mapping\data_same\xbd\test\images\socal-fire_00001236_pre_disaster.png,D:\UNI\DLSS\satellite-disaster-damage-mapping\data_same\xbd\test\images\socal-fire_00001236_post_disaster.png,D:\UNI\DLSS\satellite-disaster-damage-mapping\data_same\xbd\test\labels\socal-fire_00001236_post_disaster.json
socal-fire_00001254,socal-fire,tier1,test_ood,43,D:\UNI\DLSS\satellite-disaster-damage-mapping\data_same\xbd\tier1\images\socal-fire_00001254_pre_disaster.png,D:\UNI\DLSS\satellite-disaster-damage-mapping\data_same\xbd\tier1\images\socal-fire_00001254_post_disaster.png,D:\UNI\DLSS\satellite-disaster-damage-mapping\data_same\xbd\tier1\labels\socal-fire_00001254_post_disaster.json
socal-fire_00001268,socal-fire,tier1,test_ood,64,D:\UNI\DLSS\satellite-disaster-damage-mapping\data_same\xbd\tier1\images\socal-fire_00001268_pre_disaster.png,D:\UNI\DLSS\satellite-disaster-damage-mapping\data_same\xbd\tier1\images\socal-fire_00001268_post_disaster.png,D:\UNI\DLSS\satellite-disaster-damage-mapping\data_same\xbd\tier1\labels\socal-fire_00001268_post_disaster.json
socal-fire_00001288,socal-fire,tier1,test_ood,5,D:\UNI\DLSS\satellite-disaster-damage-mapping\data_same\xbd\tier1\images\socal-fire_00001288_pre_disaster.png,D:\UNI\DLSS\satellite-disaster-damage-mapping\data_same\xbd\tier1\images\socal-fire_00001288_post_disaster.png,D:\UNI\DLSS\satellite-disaster-damage-mapping\data_same\xbd\tier1\labels\socal-fire_00001288_post_disaster.json
socal-fire_00001311,socal-fire,hold,test_ood,63,D:\UNI\DLSS\satellite-disaster-damage-mapping\data_same\xbd\hold\images\socal-fire_00001311_pre_disaster.png,D:\UNI\DLSS\satellite-disaster-damage-mapping\data_same\xbd\hold\images\socal-fire_00001311_post_disaster.png,D:\UNI\DLSS\satellite-disaster-damage-mapping\data_same\xbd\hold\labels\socal-fire_00001311_post_disaster.json
socal-fire_00001322,socal-fire,tier1,test_ood,39,D:\UNI\DLSS\satellite-disaster-damage-mapping\data_same\xbd\tier1\images\socal-fire_00001322_pre_disaster.png,D:\UNI\DLSS\satellite-disaster-damage-mapping\data_same\xbd\tier1\images\socal-fire_00001322_post_disaster.png,D:\UNI\DLSS\satellite-disaster-damage-mapping\data_same\xbd\tier1\labels\socal-fire_00001322_post_disaster.json
socal-fire_00001340,socal-fire,tier1,test_ood,9,D:\UNI\DLSS\satellite-disaster-damage-mapping\data_same\xbd\tier1\images\socal-fire_00001340_pre_disaster.png,D:\UNI\DLSS\satellite-disaster-damage-mapping\data_same\xbd\tier1\images\socal-fire_00001340_post_disaster.png,D:\UNI\DLSS\satellite-disaster-damage-mapping\data_same\xbd\tier1\labels\socal-fire_00001340_post_disaster.json
socal-fire_00001344,socal-fire,tier1,test_ood,12,D:\UNI\DLSS\satellite-disaster-damage-mapping\data_same\xbd\tier1\images\socal-fire_00001344_pre_disaster.png,D:\UNI\DLSS\satellite-disaster-damage-mapping\data_same\xbd\tier1\images\socal-fire_00001344_post_disaster.png,D:\UNI\DLSS\satellite-disaster-damage-mapping\data_same\xbd\tier1\labels\socal-fire_00001344_post_disaster.json
socal-fire_00001365,socal-fire,tier1,test_ood,20,D:\UNI\DLSS\satellite-disaster-damage-mapping\data_same\xbd\tier1\images\socal-fire_00001365_pre_disaster.png,D:\UNI\DLSS\satellite-disaster-damage-mapping\data_same\xbd\tier1\images\socal-fire_00001365_post_disaster.png,D:\UNI\DLSS\satellite-disaster-damage-mapping\data_same\xbd\tier1\labels\socal-fire_00001365_post_disaster.json
socal-fire_00001366,socal-fire,tier1,test_ood,166,D:\UNI\DLSS\satellite-disaster-damage-mapping\data_same\xbd\tier1\images\socal-fire_00001366_pre_disaster.png,D:\UNI\DLSS\satellite-disaster-damage-mapping\data_same\xbd\tier1\images\socal-fire_00001366_post_disaster.png,D:\UNI\DLSS\satellite-disaster-damage-mapping\data_same\xbd\tier1\labels\socal-fire_00001366_post_disaster.json
socal-fire_00001372,socal-fire,test,test_ood,38,D:\UNI\DLSS\satellite-disaster-damage-mapping\data_same\xbd\test\images\socal-fire_00001372_pre_disaster.png,D:\UNI\DLSS\satellite-disaster-damage-mapping\data_same\xbd\test\images\socal-fire_00001372_post_disaster.png,D:\UNI\DLSS\satellite-disaster-damage-mapping\data_same\xbd\test\labels\socal-fire_00001372_post_disaster.json
socal-fire_00001374,socal-fire,tier1,test_ood,44,D:\UNI\DLSS\satellite-disaster-damage-mapping\data_same\xbd\tier1\images\socal-fire_00001374_pre_disaster.png,D:\UNI\DLSS\satellite-disaster-damage-mapping\data_same\xbd\tier1\images\socal-fire_00001374_post_disaster.png,D:\UNI\DLSS\satellite-disaster-damage-mapping\data_same\xbd\tier1\labels\socal-fire_00001374_post_disaster.json
socal-fire_00001382,socal-fire,tier1,test_ood,47,D:\UNI\DLSS\satellite-disaster-damage-mapping\data_same\xbd\tier1\images\socal-fire_00001382_pre_disaster.png,D:\UNI\DLSS\satellite-disaster-damage-mapping\data_same\xbd\tier1\images\socal-fire_00001382_post_disaster.png,D:\UNI\DLSS\satellite-disaster-damage-mapping\data_same\xbd\tier1\labels\socal-fire_00001382_post_disaster.json
woolsey-fire_00000016,woolsey-fire,tier3,test_ood,9,D:\UNI\DLSS\satellite-disaster-damage-mapping\data_same\xbd\tier3\images\woolsey-fire_00000016_pre_disaster.png,D:\UNI\DLSS\satellite-disaster-damage-mapping\data_same\xbd\tier3\images\woolsey-fire_00000016_post_disaster.png,D:\UNI\DLSS\satellite-disaster-damage-mapping\data_same\xbd\tier3\labels\woolsey-fire_00000016_post_disaster.json
woolsey-fire_00000027,woolsey-fire,tier3,test_ood,12,D:\UNI\DLSS\satellite-disaster-damage-mapping\data_same\xbd\tier3\images\woolsey-fire_00000027_pre_disaster.png,D:\UNI\DLSS\satellite-disaster-damage-mapping\data_same\xbd\tier3\images\woolsey-fire_00000027_post_disaster.png,D:\UNI\DLSS\satellite-disaster-damage-mapping\data_same\xbd\tier3\labels\woolsey-fire_00000027_post_disaster.json
woolsey-fire_00000035,woolsey-fire,tier3,test_ood,41,D:\UNI\DLSS\satellite-disaster-damage-mapping\data_same\xbd\tier3\images\woolsey-fire_00000035_pre_disaster.png,D:\UNI\DLSS\satellite-disaster-damage-mapping\data_same\xbd\tier3\images\woolsey-fire_00000035_post_disaster.png,D:\UNI\DLSS\satellite-disaster-damage-mapping\data_same\xbd\tier3\labels\woolsey-fire_00000035_post_disaster.json
woolsey-fire_00000053,woolsey-fire,tier3,test_ood,6,D:\UNI\DLSS\satellite-disaster-damage-mapping\data_same\xbd\tier3\images\woolsey-fire_00000053_pre_disaster.png,D:\UNI\DLSS\satellite-disaster-damage-mapping\data_same\xbd\tier3\images\woolsey-fire_00000053_post_disaster.png,D:\UNI\DLSS\satellite-disaster-damage-mapping\data_same\xbd\tier3\labels\woolsey-fire_00000053_post_disaster.json
woolsey-fire_00000061,woolsey-fire,tier3,test_ood,12,D:\UNI\DLSS\satellite-disaster-damage-mapping\data_same\xbd\tier3\images\woolsey-fire_00000061_pre_disaster.png,D:\UNI\DLSS\satellite-disaster-damage-mapping\data_same\xbd\tier3\images\woolsey-fire_00000061_post_disaster.png,D:\UNI\DLSS\satellite-disaster-damage-mapping\data_same\xbd\tier3\labels\woolsey-fire_00000061_post_disaster.json
woolsey-fire_00000068,woolsey-fire,tier3,test_ood,15,D:\UNI\DLSS\satellite-disaster-damage-mapping\data_same\xbd\tier3\images\woolsey-fire_00000068_pre_disaster.png,D:\UNI\DLSS\satellite-disaster-damage-mapping\data_same\xbd\tier3\images\woolsey-fire_00000068_post_disaster.png,D:\UNI\DLSS\satellite-disaster-damage-mapping\data_same\xbd\tier3\labels\woolsey-fire_00000068_post_disaster.json
woolsey-fire_00000070,woolsey-fire,tier3,test_ood,12,D:\UNI\DLSS\satellite-disaster-damage-mapping\data_same\xbd\tier3\images\woolsey-fire_00000070_pre_disaster.png,D:\UNI\DLSS\satellite-disaster-damage-mapping\data_same\xbd\tier3\images\woolsey-fire_00000070_post_disaster.png,D:\UNI\DLSS\satellite-disaster-damage-mapping\data_same\xbd\tier3\labels\woolsey-fire_00000070_post_disaster.json
woolsey-fire_00000081,woolsey-fire,tier3,test_ood,8,D:\UNI\DLSS\satellite-disaster-damage-mapping\data_same\xbd\tier3\images\woolsey-fire_00000081_pre_disaster.png,D:\UNI\DLSS\satellite-disaster-damage-mapping\data_same\xbd\tier3\images\woolsey-fire_00000081_post_disaster.png,D:\UNI\DLSS\satellite-disaster-damage-mapping\data_same\xbd\tier3\labels\woolsey-fire_00000081_post_disaster.json
woolsey-fire_00000118,woolsey-fire,tier3,test_ood,5,D:\UNI\DLSS\satellite-disaster-damage-mapping\data_same\xbd\tier3\images\woolsey-fire_00000118_pre_disaster.png,D:\UNI\DLSS\satellite-disaster-damage-mapping\data_same\xbd\tier3\images\woolsey-fire_00000118_post_disaster.png,D:\UNI\DLSS\satellite-disaster-damage-mapping\data_same\xbd\tier3\labels\woolsey-fire_00000118_post_disaster.json
woolsey-fire_00000123,woolsey-fire,tier3,test_ood,11,D:\UNI\DLSS\satellite-disaster-damage-mapping\data_same\xbd\tier3\images\woolsey-fire_00000123_pre_disaster.png,D:\UNI\DLSS\satellite-disaster-damage-mapping\data_same\xbd\tier3\images\woolsey-fire_00000123_post_disaster.png,D:\UNI\DLSS\satellite-disaster-damage-mapping\data_same\xbd\tier3\labels\woolsey-fire_00000123_post_disaster.json
woolsey-fire_00000124,woolsey-fire,tier3,test_ood,29,D:\UNI\DLSS\satellite-disaster-damage-mapping\data_same\xbd\tier3\images\woolsey-fire_00000124_pre_disaster.png,D:\UNI\DLSS\satellite-disaster-damage-mapping\data_same\xbd\tier3\images\woolsey-fire_00000124_post_disaster.png,D:\UNI\DLSS\satellite-disaster-damage-mapping\data_same\xbd\tier3\labels\woolsey-fire_00000124_post_disaster.json
woolsey-fire_00000158,woolsey-fire,tier3,test_ood,23,D:\UNI\DLSS\satellite-disaster-damage-mapping\data_same\xbd\tier3\images\woolsey-fire_00000158_pre_disaster.png,D:\UNI\DLSS\satellite-disaster-damage-mapping\data_same\xbd\tier3\images\woolsey-fire_00000158_post_disaster.png,D:\UNI\DLSS\satellite-disaster-damage-mapping\data_same\xbd\tier3\labels\woolsey-fire_00000158_post_disaster.json
woolsey-fire_00000204,woolsey-fire,tier3,test_ood,5,D:\UNI\DLSS\satellite-disaster-damage-mapping\data_same\xbd\tier3\images\woolsey-fire_00000204_pre_disaster.png,D:\UNI\DLSS\satellite-disaster-damage-mapping\data_same\xbd\tier3\images\woolsey-fire_00000204_post_disaster.png,D:\UNI\DLSS\satellite-disaster-damage-mapping\data_same\xbd\tier3\labels\woolsey-fire_00000204_post_disaster.json
woolsey-fire_00000216,woolsey-fire,tier3,test_ood,15,D:\UNI\DLSS\satellite-disaster-damage-mapping\data_same\xbd\tier3\images\woolsey-fire_00000216_pre_disaster.png,D:\UNI\DLSS\satellite-disaster-damage-mapping\data_same\xbd\tier3\images\woolsey-fire_00000216_post_disaster.png,D:\UNI\DLSS\satellite-disaster-damage-mapping\data_same\xbd\tier3\labels\woolsey-fire_00000216_post_disaster.json
woolsey-fire_00000232,woolsey-fire,tier3,test_ood,20,D:\UNI\DLSS\satellite-disaster-damage-mapping\data_same\xbd\tier3\images\woolsey-fire_00000232_pre_disaster.png,D:\UNI\DLSS\satellite-disaster-damage-mapping\data_same\xbd\tier3\images\woolsey-fire_00000232_post_disaster.png,D:\UNI\DLSS\satellite-disaster-damage-mapping\data_same\xbd\tier3\labels\woolsey-fire_00000232_post_disaster.json
woolsey-fire_00000237,woolsey-fire,tier3,test_ood,5,D:\UNI\DLSS\satellite-disaster-damage-mapping\data_same\xbd\tier3\images\woolsey-fire_00000237_pre_disaster.png,D:\UNI\DLSS\satellite-disaster-damage-mapping\data_same\xbd\tier3\images\woolsey-fire_00000237_post_disaster.png,D:\UNI\DLSS\satellite-disaster-damage-mapping\data_same\xbd\tier3\labels\woolsey-fire_00000237_post_disaster.json
woolsey-fire_00000244,woolsey-fire,tier3,test_ood,5,D:\UNI\DLSS\satellite-disaster-damage-mapping\data_same\xbd\tier3\images\woolsey-fire_00000244_pre_disaster.png,D:\UNI\DLSS\satellite-disaster-damage-mapping\data_same\xbd\tier3\images\woolsey-fire_00000244_post_disaster.png,D:\UNI\DLSS\satellite-disaster-damage-mapping\data_same\xbd\tier3\labels\woolsey-fire_00000244_post_disaster.json
woolsey-fire_00000257,woolsey-fire,tier3,test_ood,8,D:\UNI\DLSS\satellite-disaster-damage-mapping\data_same\xbd\tier3\images\woolsey-fire_00000257_pre_disaster.png,D:\UNI\DLSS\satellite-disaster-damage-mapping\data_same\xbd\tier3\images\woolsey-fire_00000257_post_disaster.png,D:\UNI\DLSS\satellite-disaster-damage-mapping\data_same\xbd\tier3\labels\woolsey-fire_00000257_post_disaster.json
woolsey-fire_00000264,woolsey-fire,tier3,test_ood,15,D:\UNI\DLSS\satellite-disaster-damage-mapping\data_same\xbd\tier3\images\woolsey-fire_00000264_pre_disaster.png,D:\UNI\DLSS\satellite-disaster-damage-mapping\data_same\xbd\tier3\images\woolsey-fire_00000264_post_disaster.png,D:\UNI\DLSS\satellite-disaster-damage-mapping\data_same\xbd\tier3\labels\woolsey-fire_00000264_post_disaster.json
woolsey-fire_00000370,woolsey-fire,tier3,test_ood,24,D:\UNI\DLSS\satellite-disaster-damage-mapping\data_same\xbd\tier3\images\woolsey-fire_00000370_pre_disaster.png,D:\UNI\DLSS\satellite-disaster-damage-mapping\data_same\xbd\tier3\images\woolsey-fire_00000370_post_disaster.png,D:\UNI\DLSS\satellite-disaster-damage-mapping\data_same\xbd\tier3\labels\woolsey-fire_00000370_post_disaster.json
woolsey-fire_00000399,woolsey-fire,tier3,test_ood,9,D:\UNI\DLSS\satellite-disaster-damage-mapping\data_same\xbd\tier3\images\woolsey-fire_00000399_pre_disaster.png,D:\UNI\DLSS\satellite-disaster-damage-mapping\data_same\xbd\tier3\images\woolsey-fire_00000399_post_disaster.png,D:\UNI\DLSS\satellite-disaster-damage-mapping\data_same\xbd\tier3\labels\woolsey-fire_00000399_post_disaster.json
woolsey-fire_00000416,woolsey-fire,tier3,test_ood,15,D:\UNI\DLSS\satellite-disaster-damage-mapping\data_same\xbd\tier3\images\woolsey-fire_00000416_pre_disaster.png,D:\UNI\DLSS\satellite-disaster-damage-mapping\data_same\xbd\tier3\images\woolsey-fire_00000416_post_disaster.png,D:\UNI\DLSS\satellite-disaster-damage-mapping\data_same\xbd\tier3\labels\woolsey-fire_00000416_post_disaster.json
woolsey-fire_00000422,woolsey-fire,tier3,test_ood,5,D:\UNI\DLSS\satellite-disaster-damage-mapping\data_same\xbd\tier3\images\woolsey-fire_00000422_pre_disaster.png,D:\UNI\DLSS\satellite-disaster-damage-mapping\data_same\xbd\tier3\images\woolsey-fire_00000422_post_disaster.png,D:\UNI\DLSS\satellite-disaster-damage-mapping\data_same\xbd\tier3\labels\woolsey-fire_00000422_post_disaster.json
woolsey-fire_00000441,woolsey-fire,tier3,test_ood,95,D:\UNI\DLSS\satellite-disaster-damage-mapping\data_same\xbd\tier3\images\woolsey-fire_00000441_pre_disaster.png,D:\UNI\DLSS\satellite-disaster-damage-mapping\data_same\xbd\tier3\images\woolsey-fire_00000441_post_disaster.png,D:\UNI\DLSS\satellite-disaster-damage-mapping\data_same\xbd\tier3\labels\woolsey-fire_00000441_post_disaster.json
woolsey-fire_00000446,woolsey-fire,tier3,test_ood,27,D:\UNI\DLSS\satellite-disaster-damage-mapping\data_same\xbd\tier3\images\woolsey-fire_00000446_pre_disaster.png,D:\UNI\DLSS\satellite-disaster-damage-mapping\data_same\xbd\tier3\images\woolsey-fire_00000446_post_disaster.png,D:\UNI\DLSS\satellite-disaster-damage-mapping\data_same\xbd\tier3\labels\woolsey-fire_00000446_post_disaster.json
woolsey-fire_00000448,woolsey-fire,tier3,test_ood,68,D:\UNI\DLSS\satellite-disaster-damage-mapping\data_same\xbd\tier3\images\woolsey-fire_00000448_pre_disaster.png,D:\UNI\DLSS\satellite-disaster-damage-mapping\data_same\xbd\tier3\images\woolsey-fire_00000448_post_disaster.png,D:\UNI\DLSS\satellite-disaster-damage-mapping\data_same\xbd\tier3\labels\woolsey-fire_00000448_post_disaster.json
woolsey-fire_00000461,woolsey-fire,tier3,test_ood,33,D:\UNI\DLSS\satellite-disaster-damage-mapping\data_same\xbd\tier3\images\woolsey-fire_00000461_pre_disaster.png,D:\UNI\DLSS\satellite-disaster-damage-mapping\data_same\xbd\tier3\images\woolsey-fire_00000461_post_disaster.png,D:\UNI\DLSS\satellite-disaster-damage-mapping\data_same\xbd\tier3\labels\woolsey-fire_00000461_post_disaster.json
woolsey-fire_00000475,woolsey-fire,tier3,test_ood,33,D:\UNI\DLSS\satellite-disaster-damage-mapping\data_same\xbd\tier3\images\woolsey-fire_00000475_pre_disaster.png,D:\UNI\DLSS\satellite-disaster-damage-mapping\data_same\xbd\tier3\images\woolsey-fire_00000475_post_disaster.png,D:\UNI\DLSS\satellite-disaster-damage-mapping\data_same\xbd\tier3\labels\woolsey-fire_00000475_post_disaster.json
woolsey-fire_00000477,woolsey-fire,tier3,test_ood,7,D:\UNI\DLSS\satellite-disaster-damage-mapping\data_same\xbd\tier3\images\woolsey-fire_00000477_pre_disaster.png,D:\UNI\DLSS\satellite-disaster-damage-mapping\data_same\xbd\tier3\images\woolsey-fire_00000477_post_disaster.png,D:\UNI\DLSS\satellite-disaster-damage-mapping\data_same\xbd\tier3\labels\woolsey-fire_00000477_post_disaster.json
woolsey-fire_00000480,woolsey-fire,tier3,test_ood,12,D:\UNI\DLSS\satellite-disaster-damage-mapping\data_same\xbd\tier3\images\woolsey-fire_00000480_pre_disaster.png,D:\UNI\DLSS\satellite-disaster-damage-mapping\data_same\xbd\tier3\images\woolsey-fire_00000480_post_disaster.png,D:\UNI\DLSS\satellite-disaster-damage-mapping\data_same\xbd\tier3\labels\woolsey-fire_00000480_post_disaster.json
woolsey-fire_00000482,woolsey-fire,tier3,test_ood,21,D:\UNI\DLSS\satellite-disaster-damage-mapping\data_same\xbd\tier3\images\woolsey-fire_00000482_pre_disaster.png,D:\UNI\DLSS\satellite-disaster-damage-mapping\data_same\xbd\tier3\images\woolsey-fire_00000482_post_disaster.png,D:\UNI\DLSS\satellite-disaster-damage-mapping\data_same\xbd\tier3\labels\woolsey-fire_00000482_post_disaster.json
woolsey-fire_00000498,woolsey-fire,tier3,test_ood,28,D:\UNI\DLSS\satellite-disaster-damage-mapping\data_same\xbd\tier3\images\woolsey-fire_00000498_pre_disaster.png,D:\UNI\DLSS\satellite-disaster-damage-mapping\data_same\xbd\tier3\images\woolsey-fire_00000498_post_disaster.png,D:\UNI\DLSS\satellite-disaster-damage-mapping\data_same\xbd\tier3\labels\woolsey-fire_00000498_post_disaster.json
woolsey-fire_00000514,woolsey-fire,tier3,test_ood,5,D:\UNI\DLSS\satellite-disaster-damage-mapping\data_same\xbd\tier3\images\woolsey-fire_00000514_pre_disaster.png,D:\UNI\DLSS\satellite-disaster-damage-mapping\data_same\xbd\tier3\images\woolsey-fire_00000514_post_disaster.png,D:\UNI\DLSS\satellite-disaster-damage-mapping\data_same\xbd\tier3\labels\woolsey-fire_00000514_post_disaster.json
woolsey-fire_00000532,woolsey-fire,tier3,test_ood,8,D:\UNI\DLSS\satellite-disaster-damage-mapping\data_same\xbd\tier3\images\woolsey-fire_00000532_pre_disaster.png,D:\UNI\DLSS\satellite-disaster-damage-mapping\data_same\xbd\tier3\images\woolsey-fire_00000532_post_disaster.png,D:\UNI\DLSS\satellite-disaster-damage-mapping\data_same\xbd\tier3\labels\woolsey-fire_00000532_post_disaster.json
woolsey-fire_00000541,woolsey-fire,tier3,test_ood,16,D:\UNI\DLSS\satellite-disaster-damage-mapping\data_same\xbd\tier3\images\woolsey-fire_00000541_pre_disaster.png,D:\UNI\DLSS\satellite-disaster-damage-mapping\data_same\xbd\tier3\images\woolsey-fire_00000541_post_disaster.png,D:\UNI\DLSS\satellite-disaster-damage-mapping\data_same\xbd\tier3\labels\woolsey-fire_00000541_post_disaster.json
woolsey-fire_00000552,woolsey-fire,tier3,test_ood,5,D:\UNI\DLSS\satellite-disaster-damage-mapping\data_same\xbd\tier3\images\woolsey-fire_00000552_pre_disaster.png,D:\UNI\DLSS\satellite-disaster-damage-mapping\data_same\xbd\tier3\images\woolsey-fire_00000552_post_disaster.png,D:\UNI\DLSS\satellite-disaster-damage-mapping\data_same\xbd\tier3\labels\woolsey-fire_00000552_post_disaster.json
woolsey-fire_00000558,woolsey-fire,tier3,test_ood,7,D:\UNI\DLSS\satellite-disaster-damage-mapping\data_same\xbd\tier3\images\woolsey-fire_00000558_pre_disaster.png,D:\UNI\DLSS\satellite-disaster-damage-mapping\data_same\xbd\tier3\images\woolsey-fire_00000558_post_disaster.png,D:\UNI\DLSS\satellite-disaster-damage-mapping\data_same\xbd\tier3\labels\woolsey-fire_00000558_post_disaster.json
woolsey-fire_00000576,woolsey-fire,tier3,test_ood,33,D:\UNI\DLSS\satellite-disaster-damage-mapping\data_same\xbd\tier3\images\woolsey-fire_00000576_pre_disaster.png,D:\UNI\DLSS\satellite-disaster-damage-mapping\data_same\xbd\tier3\images\woolsey-fire_00000576_post_disaster.png,D:\UNI\DLSS\satellite-disaster-damage-mapping\data_same\xbd\tier3\labels\woolsey-fire_00000576_post_disaster.json
woolsey-fire_00000589,woolsey-fire,tier3,test_ood,13,D:\UNI\DLSS\satellite-disaster-damage-mapping\data_same\xbd\tier3\images\woolsey-fire_00000589_pre_disaster.png,D:\UNI\DLSS\satellite-disaster-damage-mapping\data_same\xbd\tier3\images\woolsey-fire_00000589_post_disaster.png,D:\UNI\DLSS\satellite-disaster-damage-mapping\data_same\xbd\tier3\labels\woolsey-fire_00000589_post_disaster.json
woolsey-fire_00000645,woolsey-fire,tier3,test_ood,45,D:\UNI\DLSS\satellite-disaster-damage-mapping\data_same\xbd\tier3\images\woolsey-fire_00000645_pre_disaster.png,D:\UNI\DLSS\satellite-disaster-damage-mapping\data_same\xbd\tier3\images\woolsey-fire_00000645_post_disaster.png,D:\UNI\DLSS\satellite-disaster-damage-mapping\data_same\xbd\tier3\labels\woolsey-fire_00000645_post_disaster.json
woolsey-fire_00000679,woolsey-fire,tier3,test_ood,13,D:\UNI\DLSS\satellite-disaster-damage-mapping\data_same\xbd\tier3\images\woolsey-fire_00000679_pre_disaster.png,D:\UNI\DLSS\satellite-disaster-damage-mapping\data_same\xbd\tier3\images\woolsey-fire_00000679_post_disaster.png,D:\UNI\DLSS\satellite-disaster-damage-mapping\data_same\xbd\tier3\labels\woolsey-fire_00000679_post_disaster.json
woolsey-fire_00000684,woolsey-fire,tier3,test_ood,73,D:\UNI\DLSS\satellite-disaster-damage-mapping\data_same\xbd\tier3\images\woolsey-fire_00000684_pre_disaster.png,D:\UNI\DLSS\satellite-disaster-damage-mapping\data_same\xbd\tier3\images\woolsey-fire_00000684_post_disaster.png,D:\UNI\DLSS\satellite-disaster-damage-mapping\data_same\xbd\tier3\labels\woolsey-fire_00000684_post_disaster.json
woolsey-fire_00000685,woolsey-fire,tier3,test_ood,11,D:\UNI\DLSS\satellite-disaster-damage-mapping\data_same\xbd\tier3\images\woolsey-fire_00000685_pre_disaster.png,D:\UNI\DLSS\satellite-disaster-damage-mapping\data_same\xbd\tier3\images\woolsey-fire_00000685_post_disaster.png,D:\UNI\DLSS\satellite-disaster-damage-mapping\data_same\xbd\tier3\labels\woolsey-fire_00000685_post_disaster.json
woolsey-fire_00000693,woolsey-fire,tier3,test_ood,9,D:\UNI\DLSS\satellite-disaster-damage-mapping\data_same\xbd\tier3\images\woolsey-fire_00000693_pre_disaster.png,D:\UNI\DLSS\satellite-disaster-damage-mapping\data_same\xbd\tier3\images\woolsey-fire_00000693_post_disaster.png,D:\UNI\DLSS\satellite-disaster-damage-mapping\data_same\xbd\tier3\labels\woolsey-fire_00000693_post_disaster.json
woolsey-fire_00000703,woolsey-fire,tier3,test_ood,31,D:\UNI\DLSS\satellite-disaster-damage-mapping\data_same\xbd\tier3\images\woolsey-fire_00000703_pre_disaster.png,D:\UNI\DLSS\satellite-disaster-damage-mapping\data_same\xbd\tier3\images\woolsey-fire_00000703_post_disaster.png,D:\UNI\DLSS\satellite-disaster-damage-mapping\data_same\xbd\tier3\labels\woolsey-fire_00000703_post_disaster.json
woolsey-fire_00000721,woolsey-fire,tier3,test_ood,8,D:\UNI\DLSS\satellite-disaster-damage-mapping\data_same\xbd\tier3\images\woolsey-fire_00000721_pre_disaster.png,D:\UNI\DLSS\satellite-disaster-damage-mapping\data_same\xbd\tier3\images\woolsey-fire_00000721_post_disaster.png,D:\UNI\DLSS\satellite-disaster-damage-mapping\data_same\xbd\tier3\labels\woolsey-fire_00000721_post_disaster.json
woolsey-fire_00000749,woolsey-fire,tier3,test_ood,26,D:\UNI\DLSS\satellite-disaster-damage-mapping\data_same\xbd\tier3\images\woolsey-fire_00000749_pre_disaster.png,D:\UNI\DLSS\satellite-disaster-damage-mapping\data_same\xbd\tier3\images\woolsey-fire_00000749_post_disaster.png,D:\UNI\DLSS\satellite-disaster-damage-mapping\data_same\xbd\tier3\labels\woolsey-fire_00000749_post_disaster.json
woolsey-fire_00000754,woolsey-fire,tier3,test_ood,16,D:\UNI\DLSS\satellite-disaster-damage-mapping\data_same\xbd\tier3\images\woolsey-fire_00000754_pre_disaster.png,D:\UNI\DLSS\satellite-disaster-damage-mapping\data_same\xbd\tier3\images\woolsey-fire_00000754_post_disaster.png,D:\UNI\DLSS\satellite-disaster-damage-mapping\data_same\xbd\tier3\labels\woolsey-fire_00000754_post_disaster.json
woolsey-fire_00000755,woolsey-fire,tier3,test_ood,53,D:\UNI\DLSS\satellite-disaster-damage-mapping\data_same\xbd\tier3\images\woolsey-fire_00000755_pre_disaster.png,D:\UNI\DLSS\satellite-disaster-damage-mapping\data_same\xbd\tier3\images\woolsey-fire_00000755_post_disaster.png,D:\UNI\DLSS\satellite-disaster-damage-mapping\data_same\xbd\tier3\labels\woolsey-fire_00000755_post_disaster.json
woolsey-fire_00000763,woolsey-fire,tier3,test_ood,13,D:\UNI\DLSS\satellite-disaster-damage-mapping\data_same\xbd\tier3\images\woolsey-fire_00000763_pre_disaster.png,D:\UNI\DLSS\satellite-disaster-damage-mapping\data_same\xbd\tier3\images\woolsey-fire_00000763_post_disaster.png,D:\UNI\DLSS\satellite-disaster-damage-mapping\data_same\xbd\tier3\labels\woolsey-fire_00000763_post_disaster.json
woolsey-fire_00000775,woolsey-fire,tier3,test_ood,5,D:\UNI\DLSS\satellite-disaster-damage-mapping\data_same\xbd\tier3\images\woolsey-fire_00000775_pre_disaster.png,D:\UNI\DLSS\satellite-disaster-damage-mapping\data_same\xbd\tier3\images\woolsey-fire_00000775_post_disaster.png,D:\UNI\DLSS\satellite-disaster-damage-mapping\data_same\xbd\tier3\labels\woolsey-fire_00000775_post_disaster.json
woolsey-fire_00000822,woolsey-fire,tier3,test_ood,8,D:\UNI\DLSS\satellite-disaster-damage-mapping\data_same\xbd\tier3\images\woolsey-fire_00000822_pre_disaster.png,D:\UNI\DLSS\satellite-disaster-damage-mapping\data_same\xbd\tier3\images\woolsey-fire_00000822_post_disaster.png,D:\UNI\DLSS\satellite-disaster-damage-mapping\data_same\xbd\tier3\labels\woolsey-fire_00000822_post_disaster.json
woolsey-fire_00000840,woolsey-fire,tier3,test_ood,9,D:\UNI\DLSS\satellite-disaster-damage-mapping\data_same\xbd\tier3\images\woolsey-fire_00000840_pre_disaster.png,D:\UNI\DLSS\satellite-disaster-damage-mapping\data_same\xbd\tier3\images\woolsey-fire_00000840_post_disaster.png,D:\UNI\DLSS\satellite-disaster-damage-mapping\data_same\xbd\tier3\labels\woolsey-fire_00000840_post_disaster.json
woolsey-fire_00000846,woolsey-fire,tier3,test_ood,7,D:\UNI\DLSS\satellite-disaster-damage-mapping\data_same\xbd\tier3\images\woolsey-fire_00000846_pre_disaster.png,D:\UNI\DLSS\satellite-disaster-damage-mapping\data_same\xbd\tier3\images\woolsey-fire_00000846_post_disaster.png,D:\UNI\DLSS\satellite-disaster-damage-mapping\data_same\xbd\tier3\labels\woolsey-fire_00000846_post_disaster.json
woolsey-fire_00000847,woolsey-fire,tier3,test_ood,16,D:\UNI\DLSS\satellite-disaster-damage-mapping\data_same\xbd\tier3\images\woolsey-fire_00000847_pre_disaster.png,D:\UNI\DLSS\satellite-disaster-damage-mapping\data_same\xbd\tier3\images\woolsey-fire_00000847_post_disaster.png,D:\UNI\DLSS\satellite-disaster-damage-mapping\data_same\xbd\tier3\labels\woolsey-fire_00000847_post_disaster.json
guatemala-volcano_00000000,guatemala-volcano,tier1,train,9,D:\UNI\DLSS\satellite-disaster-damage-mapping\data_same\xbd\tier1\images\guatemala-volcano_00000000_pre_disaster.png,D:\UNI\DLSS\satellite-disaster-damage-mapping\data_same\xbd\tier1\images\guatemala-volcano_00000000_post_disaster.png,D:\UNI\DLSS\satellite-disaster-damage-mapping\data_same\xbd\tier1\labels\guatemala-volcano_00000000_post_disaster.json
guatemala-volcano_00000018,guatemala-volcano,tier1,train,11,D:\UNI\DLSS\satellite-disaster-damage-mapping\data_same\xbd\tier1\images\guatemala-volcano_00000018_pre_disaster.png,D:\UNI\DLSS\satellite-disaster-damage-mapping\data_same\xbd\tier1\images\guatemala-volcano_00000018_post_disaster.png,D:\UNI\DLSS\satellite-disaster-damage-mapping\data_same\xbd\tier1\labels\guatemala-volcano_00000018_post_disaster.json
guatemala-volcano_00000026,guatemala-volcano,tier1,train,25,D:\UNI\DLSS\satellite-disaster-damage-mapping\data_same\xbd\tier1\images\guatemala-volcano_00000026_pre_disaster.png,D:\UNI\DLSS\satellite-disaster-damage-mapping\data_same\xbd\tier1\images\guatemala-volcano_00000026_post_disaster.png,D:\UNI\DLSS\satellite-disaster-damage-mapping\data_same\xbd\tier1\labels\guatemala-volcano_00000026_post_disaster.json
guatemala-volcano_00000027,guatemala-volcano,tier1,train,25,D:\UNI\DLSS\satellite-disaster-damage-mapping\data_same\xbd\tier1\images\guatemala-volcano_00000027_pre_disaster.png,D:\UNI\DLSS\satellite-disaster-damage-mapping\data_same\xbd\tier1\images\guatemala-volcano_00000027_post_disaster.png,D:\UNI\DLSS\satellite-disaster-damage-mapping\data_same\xbd\tier1\labels\guatemala-volcano_00000027_post_disaster.json
hurricane-florence_00000015,hurricane-florence,tier1,train,106,D:\UNI\DLSS\satellite-disaster-damage-mapping\data_same\xbd\tier1\images\hurricane-florence_00000015_pre_disaster.png,D:\UNI\DLSS\satellite-disaster-damage-mapping\data_same\xbd\tier1\images\hurricane-florence_00000015_post_disaster.png,D:\UNI\DLSS\satellite-disaster-damage-mapping\data_same\xbd\tier1\labels\hurricane-florence_00000015_post_disaster.json
hurricane-florence_00000022,hurricane-florence,tier1,train,6,D:\UNI\DLSS\satellite-disaster-damage-mapping\data_same\xbd\tier1\images\hurricane-florence_00000022_pre_disaster.png,D:\UNI\DLSS\satellite-disaster-damage-mapping\data_same\xbd\tier1\images\hurricane-florence_00000022_post_disaster.png,D:\UNI\DLSS\satellite-disaster-damage-mapping\data_same\xbd\tier1\labels\hurricane-florence_00000022_post_disaster.json
hurricane-florence_00000030,hurricane-florence,tier1,train,7,D:\UNI\DLSS\satellite-disaster-damage-mapping\data_same\xbd\tier1\images\hurricane-florence_00000030_pre_disaster.png,D:\UNI\DLSS\satellite-disaster-damage-mapping\data_same\xbd\tier1\images\hurricane-florence_00000030_post_disaster.png,D:\UNI\DLSS\satellite-disaster-damage-mapping\data_same\xbd\tier1\labels\hurricane-florence_00000030_post_disaster.json
hurricane-florence_00000036,hurricane-florence,tier1,train,37,D:\UNI\DLSS\satellite-disaster-damage-mapping\data_same\xbd\tier1\images\hurricane-florence_00000036_pre_disaster.png,D:\UNI\DLSS\satellite-disaster-damage-mapping\data_same\xbd\tier1\images\hurricane-florence_00000036_post_disaster.png,D:\UNI\DLSS\satellite-disaster-damage-mapping\data_same\xbd\tier1\labels\hurricane-florence_00000036_post_disaster.json
hurricane-florence_00000045,hurricane-florence,tier1,train,25,D:\UNI\DLSS\satellite-disaster-damage-mapping\data_same\xbd\tier1\images\hurricane-florence_00000045_pre_disaster.png,D:\UNI\DLSS\satellite-disaster-damage-mapping\data_same\xbd\tier1\images\hurricane-florence_00000045_post_disaster.png,D:\UNI\DLSS\satellite-disaster-damage-mapping\data_same\xbd\tier1\labels\hurricane-florence_00000045_post_disaster.json
hurricane-florence_00000051,hurricane-florence,tier1,train,19,D:\UNI\DLSS\satellite-disaster-damage-mapping\data_same\xbd\tier1\images\hurricane-florence_00000051_pre_disaster.png,D:\UNI\DLSS\satellite-disaster-damage-mapping\data_same\xbd\tier1\images\hurricane-florence_00000051_post_disaster.png,D:\UNI\DLSS\satellite-disaster-damage-mapping\data_same\xbd\tier1\labels\hurricane-florence_00000051_post_disaster.json
hurricane-florence_00000053,hurricane-florence,tier1,train,7,D:\UNI\DLSS\satellite-disaster-damage-mapping\data_same\xbd\tier1\images\hurricane-florence_00000053_pre_disaster.png,D:\UNI\DLSS\satellite-disaster-damage-mapping\data_same\xbd\tier1\images\hurricane-florence_00000053_post_disaster.png,D:\UNI\DLSS\satellite-disaster-damage-mapping\data_same\xbd\tier1\labels\hurricane-florence_00000053_post_disaster.json
hurricane-florence_00000063,hurricane-florence,tier1,train,23,D:\UNI\DLSS\satellite-disaster-damage-mapping\data_same\xbd\tier1\images\hurricane-florence_00000063_pre_disaster.png,D:\UNI\DLSS\satellite-disaster-damage-mapping\data_same\xbd\tier1\images\hurricane-florence_00000063_post_disaster.png,D:\UNI\DLSS\satellite-disaster-damage-mapping\data_same\xbd\tier1\labels\hurricane-florence_00000063_post_disaster.json
hurricane-florence_00000064,hurricane-florence,tier1,train,33,D:\UNI\DLSS\satellite-disaster-damage-mapping\data_same\xbd\tier1\images\hurricane-florence_00000064_pre_disaster.png,D:\UNI\DLSS\satellite-disaster-damage-mapping\data_same\xbd\tier1\images\hurricane-florence_00000064_post_disaster.png,D:\UNI\DLSS\satellite-disaster-damage-mapping\data_same\xbd\tier1\labels\hurricane-florence_00000064_post_disaster.json
hurricane-florence_00000070,hurricane-florence,tier1,train,14,D:\UNI\DLSS\satellite-disaster-damage-mapping\data_same\xbd\tier1\images\hurricane-florence_00000070_pre_disaster.png,D:\UNI\DLSS\satellite-disaster-damage-mapping\data_same\xbd\tier1\images\hurricane-florence_00000070_post_disaster.png,D:\UNI\DLSS\satellite-disaster-damage-mapping\data_same\xbd\tier1\labels\hurricane-florence_00000070_post_disaster.json
hurricane-florence_00000072,hurricane-florence,tier1,train,5,D:\UNI\DLSS\satellite-disaster-damage-mapping\data_same\xbd\tier1\images\hurricane-florence_00000072_pre_disaster.png,D:\UNI\DLSS\satellite-disaster-damage-mapping\data_same\xbd\tier1\images\hurricane-florence_00000072_post_disaster.png,D:\UNI\DLSS\satellite-disaster-damage-mapping\data_same\xbd\tier1\labels\hurricane-florence_00000072_post_disaster.json
hurricane-florence_00000075,hurricane-florence,tier1,train,25,D:\UNI\DLSS\satellite-disaster-damage-mapping\data_same\xbd\tier1\images\hurricane-florence_00000075_pre_disaster.png,D:\UNI\DLSS\satellite-disaster-damage-mapping\data_same\xbd\tier1\images\hurricane-florence_00000075_post_disaster.png,D:\UNI\DLSS\satellite-disaster-damage-mapping\data_same\xbd\tier1\labels\hurricane-florence_00000075_post_disaster.json
hurricane-florence_00000099,hurricane-florence,tier1,train,18,D:\UNI\DLSS\satellite-disaster-damage-mapping\data_same\xbd\tier1\images\hurricane-florence_00000099_pre_disaster.png,D:\UNI\DLSS\satellite-disaster-damage-mapping\data_same\xbd\tier1\images\hurricane-florence_00000099_post_disaster.png,D:\UNI\DLSS\satellite-disaster-damage-mapping\data_same\xbd\tier1\labels\hurricane-florence_00000099_post_disaster.json
hurricane-florence_00000103,hurricane-florence,tier1,train,60,D:\UNI\DLSS\satellite-disaster-damage-mapping\data_same\xbd\tier1\images\hurricane-florence_00000103_pre_disaster.png,D:\UNI\DLSS\satellite-disaster-damage-mapping\data_same\xbd\tier1\images\hurricane-florence_00000103_post_disaster.png,D:\UNI\DLSS\satellite-disaster-damage-mapping\data_same\xbd\tier1\labels\hurricane-florence_00000103_post_disaster.json
hurricane-florence_00000120,hurricane-florence,tier1,train,23,D:\UNI\DLSS\satellite-disaster-damage-mapping\data_same\xbd\tier1\images\hurricane-florence_00000120_pre_disaster.png,D:\UNI\DLSS\satellite-disaster-damage-mapping\data_same\xbd\tier1\images\hurricane-florence_00000120_post_disaster.png,D:\UNI\DLSS\satellite-disaster-damage-mapping\data_same\xbd\tier1\labels\hurricane-florence_00000120_post_disaster.json
hurricane-florence_00000178,hurricane-florence,tier1,train,12,D:\UNI\DLSS\satellite-disaster-damage-mapping\data_same\xbd\tier1\images\hurricane-florence_00000178_pre_disaster.png,D:\UNI\DLSS\satellite-disaster-damage-mapping\data_same\xbd\tier1\images\hurricane-florence_00000178_post_disaster.png,D:\UNI\DLSS\satellite-disaster-damage-mapping\data_same\xbd\tier1\labels\hurricane-florence_00000178_post_disaster.json
hurricane-florence_00000181,hurricane-florence,tier1,train,31,D:\UNI\DLSS\satellite-disaster-damage-mapping\data_same\xbd\tier1\images\hurricane-florence_00000181_pre_disaster.png,D:\UNI\DLSS\satellite-disaster-damage-mapping\data_same\xbd\tier1\images\hurricane-florence_00000181_post_disaster.png,D:\UNI\DLSS\satellite-disaster-damage-mapping\data_same\xbd\tier1\labels\hurricane-florence_00000181_post_disaster.json
hurricane-florence_00000190,hurricane-florence,tier1,train,29,D:\UNI\DLSS\satellite-disaster-damage-mapping\data_same\xbd\tier1\images\hurricane-florence_00000190_pre_disaster.png,D:\UNI\DLSS\satellite-disaster-damage-mapping\data_same\xbd\tier1\images\hurricane-florence_00000190_post_disaster.png,D:\UNI\DLSS\satellite-disaster-damage-mapping\data_same\xbd\tier1\labels\hurricane-florence_00000190_post_disaster.json
hurricane-florence_00000216,hurricane-florence,tier1,train,21,D:\UNI\DLSS\satellite-disaster-damage-mapping\data_same\xbd\tier1\images\hurricane-florence_00000216_pre_disaster.png,D:\UNI\DLSS\satellite-disaster-damage-mapping\data_same\xbd\tier1\images\hurricane-florence_00000216_post_disaster.png,D:\UNI\DLSS\satellite-disaster-damage-mapping\data_same\xbd\tier1\labels\hurricane-florence_00000216_post_disaster.json
hurricane-florence_00000217,hurricane-florence,tier1,train,95,D:\UNI\DLSS\satellite-disaster-damage-mapping\data_same\xbd\tier1\images\hurricane-florence_00000217_pre_disaster.png,D:\UNI\DLSS\satellite-disaster-damage-mapping\data_same\xbd\tier1\images\hurricane-florence_00000217_post_disaster.png,D:\UNI\DLSS\satellite-disaster-damage-mapping\data_same\xbd\tier1\labels\hurricane-florence_00000217_post_disaster.json
hurricane-florence_00000224,hurricane-florence,tier1,train,27,D:\UNI\DLSS\satellite-disaster-damage-mapping\data_same\xbd\tier1\images\hurricane-florence_00000224_pre_disaster.png,D:\UNI\DLSS\satellite-disaster-damage-mapping\data_same\xbd\tier1\images\hurricane-florence_00000224_post_disaster.png,D:\UNI\DLSS\satellite-disaster-damage-mapping\data_same\xbd\tier1\labels\hurricane-florence_00000224_post_disaster.json
hurricane-florence_00000226,hurricane-florence,tier1,train,17,D:\UNI\DLSS\satellite-disaster-damage-mapping\data_same\xbd\tier1\images\hurricane-florence_00000226_pre_disaster.png,D:\UNI\DLSS\satellite-disaster-damage-mapping\data_same\xbd\tier1\images\hurricane-florence_00000226_post_disaster.png,D:\UNI\DLSS\satellite-disaster-damage-mapping\data_same\xbd\tier1\labels\hurricane-florence_00000226_post_disaster.json
hurricane-florence_00000229,hurricane-florence,tier1,train,19,D:\UNI\DLSS\satellite-disaster-damage-mapping\data_same\xbd\tier1\images\hurricane-florence_00000229_pre_disaster.png,D:\UNI\DLSS\satellite-disaster-damage-mapping\data_same\xbd\tier1\images\hurricane-florence_00000229_post_disaster.png,D:\UNI\DLSS\satellite-disaster-damage-mapping\data_same\xbd\tier1\labels\hurricane-florence_00000229_post_disaster.json
hurricane-florence_00000237,hurricane-florence,tier1,train,42,D:\UNI\DLSS\satellite-disaster-damage-mapping\data_same\xbd\tier1\images\hurricane-florence_00000237_pre_disaster.png,D:\UNI\DLSS\satellite-disaster-damage-mapping\data_same\xbd\tier1\images\hurricane-florence_00000237_post_disaster.png,D:\UNI\DLSS\satellite-disaster-damage-mapping\data_same\xbd\tier1\labels\hurricane-florence_00000237_post_disaster.json
hurricane-florence_00000244,hurricane-florence,tier1,train,8,D:\UNI\DLSS\satellite-disaster-damage-mapping\data_same\xbd\tier1\images\hurricane-florence_00000244_pre_disaster.png,D:\UNI\DLSS\satellite-disaster-damage-mapping\data_same\xbd\tier1\images\hurricane-florence_00000244_post_disaster.png,D:\UNI\DLSS\satellite-disaster-damage-mapping\data_same\xbd\tier1\labels\hurricane-florence_00000244_post_disaster.json
hurricane-florence_00000251,hurricane-florence,tier1,train,23,D:\UNI\DLSS\satellite-disaster-damage-mapping\data_same\xbd\tier1\images\hurricane-florence_00000251_pre_disaster.png,D:\UNI\DLSS\satellite-disaster-damage-mapping\data_same\xbd\tier1\images\hurricane-florence_00000251_post_disaster.png,D:\UNI\DLSS\satellite-disaster-damage-mapping\data_same\xbd\tier1\labels\hurricane-florence_00000251_post_disaster.json
hurricane-florence_00000264,hurricane-florence,tier1,train,5,D:\UNI\DLSS\satellite-disaster-damage-mapping\data_same\xbd\tier1\images\hurricane-florence_00000264_pre_disaster.png,D:\UNI\DLSS\satellite-disaster-damage-mapping\data_same\xbd\tier1\images\hurricane-florence_00000264_post_disaster.png,D:\UNI\DLSS\satellite-disaster-damage-mapping\data_same\xbd\tier1\labels\hurricane-florence_00000264_post_disaster.json
hurricane-florence_00000274,hurricane-florence,tier1,train,9,D:\UNI\DLSS\satellite-disaster-damage-mapping\data_same\xbd\tier1\images\hurricane-florence_00000274_pre_disaster.png,D:\UNI\DLSS\satellite-disaster-damage-mapping\data_same\xbd\tier1\images\hurricane-florence_00000274_post_disaster.png,D:\UNI\DLSS\satellite-disaster-damage-mapping\data_same\xbd\tier1\labels\hurricane-florence_00000274_post_disaster.json
hurricane-florence_00000278,hurricane-florence,tier1,train,27,D:\UNI\DLSS\satellite-disaster-damage-mapping\data_same\xbd\tier1\images\hurricane-florence_00000278_pre_disaster.png,D:\UNI\DLSS\satellite-disaster-damage-mapping\data_same\xbd\tier1\images\hurricane-florence_00000278_post_disaster.png,D:\UNI\DLSS\satellite-disaster-damage-mapping\data_same\xbd\tier1\labels\hurricane-florence_00000278_post_disaster.json
hurricane-florence_00000284,hurricane-florence,tier1,train,15,D:\UNI\DLSS\satellite-disaster-damage-mapping\data_same\xbd\tier1\images\hurricane-florence_00000284_pre_disaster.png,D:\UNI\DLSS\satellite-disaster-damage-mapping\data_same\xbd\tier1\images\hurricane-florence_00000284_post_disaster.png,D:\UNI\DLSS\satellite-disaster-damage-mapping\data_same\xbd\tier1\labels\hurricane-florence_00000284_post_disaster.json
hurricane-florence_00000293,hurricane-florence,tier1,train,53,D:\UNI\DLSS\satellite-disaster-damage-mapping\data_same\xbd\tier1\images\hurricane-florence_00000293_pre_disaster.png,D:\UNI\DLSS\satellite-disaster-damage-mapping\data_same\xbd\tier1\images\hurricane-florence_00000293_post_disaster.png,D:\UNI\DLSS\satellite-disaster-damage-mapping\data_same\xbd\tier1\labels\hurricane-florence_00000293_post_disaster.json
hurricane-florence_00000300,hurricane-florence,tier1,train,16,D:\UNI\DLSS\satellite-disaster-damage-mapping\data_same\xbd\tier1\images\hurricane-florence_00000300_pre_disaster.png,D:\UNI\DLSS\satellite-disaster-damage-mapping\data_same\xbd\tier1\images\hurricane-florence_00000300_post_disaster.png,D:\UNI\DLSS\satellite-disaster-damage-mapping\data_same\xbd\tier1\labels\hurricane-florence_00000300_post_disaster.json
hurricane-florence_00000303,hurricane-florence,tier1,train,8,D:\UNI\DLSS\satellite-disaster-damage-mapping\data_same\xbd\tier1\images\hurricane-florence_00000303_pre_disaster.png,D:\UNI\DLSS\satellite-disaster-damage-mapping\data_same\xbd\tier1\images\hurricane-florence_00000303_post_disaster.png,D:\UNI\DLSS\satellite-disaster-damage-mapping\data_same\xbd\tier1\labels\hurricane-florence_00000303_post_disaster.json
hurricane-florence_00000306,hurricane-florence,tier1,train,30,D:\UNI\DLSS\satellite-disaster-damage-mapping\data_same\xbd\tier1\images\hurricane-florence_00000306_pre_disaster.png,D:\UNI\DLSS\satellite-disaster-damage-mapping\data_same\xbd\tier1\images\hurricane-florence_00000306_post_disaster.png,D:\UNI\DLSS\satellite-disaster-damage-mapping\data_same\xbd\tier1\labels\hurricane-florence_00000306_post_disaster.json
hurricane-florence_00000308,hurricane-florence,tier1,train,11,D:\UNI\DLSS\satellite-disaster-damage-mapping\data_same\xbd\tier1\images\hurricane-florence_00000308_pre_disaster.png,D:\UNI\DLSS\satellite-disaster-damage-mapping\data_same\xbd\tier1\images\hurricane-florence_00000308_post_disaster.png,D:\UNI\DLSS\satellite-disaster-damage-mapping\data_same\xbd\tier1\labels\hurricane-florence_00000308_post_disaster.json
hurricane-florence_00000309,hurricane-florence,tier1,train,21,D:\UNI\DLSS\satellite-disaster-damage-mapping\data_same\xbd\tier1\images\hurricane-florence_00000309_pre_disaster.png,D:\UNI\DLSS\satellite-disaster-damage-mapping\data_same\xbd\tier1\images\hurricane-florence_00000309_post_disaster.png,D:\UNI\DLSS\satellite-disaster-damage-mapping\data_same\xbd\tier1\labels\hurricane-florence_00000309_post_disaster.json
hurricane-florence_00000312,hurricane-florence,tier1,train,11,D:\UNI\DLSS\satellite-disaster-damage-mapping\data_same\xbd\tier1\images\hurricane-florence_00000312_pre_disaster.png,D:\UNI\DLSS\satellite-disaster-damage-mapping\data_same\xbd\tier1\images\hurricane-florence_00000312_post_disaster.png,D:\UNI\DLSS\satellite-disaster-damage-mapping\data_same\xbd\tier1\labels\hurricane-florence_00000312_post_disaster.json
hurricane-florence_00000314,hurricane-florence,tier1,train,5,D:\UNI\DLSS\satellite-disaster-damage-mapping\data_same\xbd\tier1\images\hurricane-florence_00000314_pre_disaster.png,D:\UNI\DLSS\satellite-disaster-damage-mapping\data_same\xbd\tier1\images\hurricane-florence_00000314_post_disaster.png,D:\UNI\DLSS\satellite-disaster-damage-mapping\data_same\xbd\tier1\labels\hurricane-florence_00000314_post_disaster.json
hurricane-florence_00000329,hurricane-florence,tier1,train,5,D:\UNI\DLSS\satellite-disaster-damage-mapping\data_same\xbd\tier1\images\hurricane-florence_00000329_pre_disaster.png,D:\UNI\DLSS\satellite-disaster-damage-mapping\data_same\xbd\tier1\images\hurricane-florence_00000329_post_disaster.png,D:\UNI\DLSS\satellite-disaster-damage-mapping\data_same\xbd\tier1\labels\hurricane-florence_00000329_post_disaster.json
hurricane-florence_00000338,hurricane-florence,tier1,train,11,D:\UNI\DLSS\satellite-disaster-damage-mapping\data_same\xbd\tier1\images\hurricane-florence_00000338_pre_disaster.png,D:\UNI\DLSS\satellite-disaster-damage-mapping\data_same\xbd\tier1\images\hurricane-florence_00000338_post_disaster.png,D:\UNI\DLSS\satellite-disaster-damage-mapping\data_same\xbd\tier1\labels\hurricane-florence_00000338_post_disaster.json
hurricane-florence_00000340,hurricane-florence,tier1,train,22,D:\UNI\DLSS\satellite-disaster-damage-mapping\data_same\xbd\tier1\images\hurricane-florence_00000340_pre_disaster.png,D:\UNI\DLSS\satellite-disaster-damage-mapping\data_same\xbd\tier1\images\hurricane-florence_00000340_post_disaster.png,D:\UNI\DLSS\satellite-disaster-damage-mapping\data_same\xbd\tier1\labels\hurricane-florence_00000340_post_disaster.json
hurricane-florence_00000360,hurricane-florence,tier1,train,111,D:\UNI\DLSS\satellite-disaster-damage-mapping\data_same\xbd\tier1\images\hurricane-florence_00000360_pre_disaster.png,D:\UNI\DLSS\satellite-disaster-damage-mapping\data_same\xbd\tier1\images\hurricane-florence_00000360_post_disaster.png,D:\UNI\DLSS\satellite-disaster-damage-mapping\data_same\xbd\tier1\labels\hurricane-florence_00000360_post_disaster.json
hurricane-florence_00000368,hurricane-florence,tier1,train,11,D:\UNI\DLSS\satellite-disaster-damage-mapping\data_same\xbd\tier1\images\hurricane-florence_00000368_pre_disaster.png,D:\UNI\DLSS\satellite-disaster-damage-mapping\data_same\xbd\tier1\images\hurricane-florence_00000368_post_disaster.png,D:\UNI\DLSS\satellite-disaster-damage-mapping\data_same\xbd\tier1\labels\hurricane-florence_00000368_post_disaster.json
hurricane-florence_00000374,hurricane-florence,tier1,train,112,D:\UNI\DLSS\satellite-disaster-damage-mapping\data_same\xbd\tier1\images\hurricane-florence_00000374_pre_disaster.png,D:\UNI\DLSS\satellite-disaster-damage-mapping\data_same\xbd\tier1\images\hurricane-florence_00000374_post_disaster.png,D:\UNI\DLSS\satellite-disaster-damage-mapping\data_same\xbd\tier1\labels\hurricane-florence_00000374_post_disaster.json
hurricane-florence_00000381,hurricane-florence,tier1,train,7,D:\UNI\DLSS\satellite-disaster-damage-mapping\data_same\xbd\tier1\images\hurricane-florence_00000381_pre_disaster.png,D:\UNI\DLSS\satellite-disaster-damage-mapping\data_same\xbd\tier1\images\hurricane-florence_00000381_post_disaster.png,D:\UNI\DLSS\satellite-disaster-damage-mapping\data_same\xbd\tier1\labels\hurricane-florence_00000381_post_disaster.json
hurricane-florence_00000393,hurricane-florence,tier1,train,8,D:\UNI\DLSS\satellite-disaster-damage-mapping\data_same\xbd\tier1\images\hurricane-florence_00000393_pre_disaster.png,D:\UNI\DLSS\satellite-disaster-damage-mapping\data_same\xbd\tier1\images\hurricane-florence_00000393_post_disaster.png,D:\UNI\DLSS\satellite-disaster-damage-mapping\data_same\xbd\tier1\labels\hurricane-florence_00000393_post_disaster.json
hurricane-florence_00000398,hurricane-florence,tier1,train,28,D:\UNI\DLSS\satellite-disaster-damage-mapping\data_same\xbd\tier1\images\hurricane-florence_00000398_pre_disaster.png,D:\UNI\DLSS\satellite-disaster-damage-mapping\data_same\xbd\tier1\images\hurricane-florence_00000398_post_disaster.png,D:\UNI\DLSS\satellite-disaster-damage-mapping\data_same\xbd\tier1\labels\hurricane-florence_00000398_post_disaster.json
hurricane-florence_00000399,hurricane-florence,tier1,train,35,D:\UNI\DLSS\satellite-disaster-damage-mapping\data_same\xbd\tier1\images\hurricane-florence_00000399_pre_disaster.png,D:\UNI\DLSS\satellite-disaster-damage-mapping\data_same\xbd\tier1\images\hurricane-florence_00000399_post_disaster.png,D:\UNI\DLSS\satellite-disaster-damage-mapping\data_same\xbd\tier1\labels\hurricane-florence_00000399_post_disaster.json
hurricane-florence_00000401,hurricane-florence,tier1,train,6,D:\UNI\DLSS\satellite-disaster-damage-mapping\data_same\xbd\tier1\images\hurricane-florence_00000401_pre_disaster.png,D:\UNI\DLSS\satellite-disaster-damage-mapping\data_same\xbd\tier1\images\hurricane-florence_00000401_post_disaster.png,D:\UNI\DLSS\satellite-disaster-damage-mapping\data_same\xbd\tier1\labels\hurricane-florence_00000401_post_disaster.json
hurricane-florence_00000404,hurricane-florence,tier1,train,14,D:\UNI\DLSS\satellite-disaster-damage-mapping\data_same\xbd\tier1\images\hurricane-florence_00000404_pre_disaster.png,D:\UNI\DLSS\satellite-disaster-damage-mapping\data_same\xbd\tier1\images\hurricane-florence_00000404_post_disaster.png,D:\UNI\DLSS\satellite-disaster-damage-mapping\data_same\xbd\tier1\labels\hurricane-florence_00000404_post_disaster.json
hurricane-florence_00000405,hurricane-florence,tier1,train,30,D:\UNI\DLSS\satellite-disaster-damage-mapping\data_same\xbd\tier1\images\hurricane-florence_00000405_pre_disaster.png,D:\UNI\DLSS\satellite-disaster-damage-mapping\data_same\xbd\tier1\images\hurricane-florence_00000405_post_disaster.png,D:\UNI\DLSS\satellite-disaster-damage-mapping\data_same\xbd\tier1\labels\hurricane-florence_00000405_post_disaster.json
hurricane-florence_00000410,hurricane-florence,tier1,train,19,D:\UNI\DLSS\satellite-disaster-damage-mapping\data_same\xbd\tier1\images\hurricane-florence_00000410_pre_disaster.png,D:\UNI\DLSS\satellite-disaster-damage-mapping\data_same\xbd\tier1\images\hurricane-florence_00000410_post_disaster.png,D:\UNI\DLSS\satellite-disaster-damage-mapping\data_same\xbd\tier1\labels\hurricane-florence_00000410_post_disaster.json
hurricane-florence_00000411,hurricane-florence,tier1,train,32,D:\UNI\DLSS\satellite-disaster-damage-mapping\data_same\xbd\tier1\images\hurricane-florence_00000411_pre_disaster.png,D:\UNI\DLSS\satellite-disaster-damage-mapping\data_same\xbd\tier1\images\hurricane-florence_00000411_post_disaster.png,D:\UNI\DLSS\satellite-disaster-damage-mapping\data_same\xbd\tier1\labels\hurricane-florence_00000411_post_disaster.json
hurricane-florence_00000416,hurricane-florence,tier1,train,56,D:\UNI\DLSS\satellite-disaster-damage-mapping\data_same\xbd\tier1\images\hurricane-florence_00000416_pre_disaster.png,D:\UNI\DLSS\satellite-disaster-damage-mapping\data_same\xbd\tier1\images\hurricane-florence_00000416_post_disaster.png,D:\UNI\DLSS\satellite-disaster-damage-mapping\data_same\xbd\tier1\labels\hurricane-florence_00000416_post_disaster.json
hurricane-florence_00000428,hurricane-florence,tier1,train,38,D:\UNI\DLSS\satellite-disaster-damage-mapping\data_same\xbd\tier1\images\hurricane-florence_00000428_pre_disaster.png,D:\UNI\DLSS\satellite-disaster-damage-mapping\data_same\xbd\tier1\images\hurricane-florence_00000428_post_disaster.png,D:\UNI\DLSS\satellite-disaster-damage-mapping\data_same\xbd\tier1\labels\hurricane-florence_00000428_post_disaster.json
hurricane-florence_00000436,hurricane-florence,tier1,train,12,D:\UNI\DLSS\satellite-disaster-damage-mapping\data_same\xbd\tier1\images\hurricane-florence_00000436_pre_disaster.png,D:\UNI\DLSS\satellite-disaster-damage-mapping\data_same\xbd\tier1\images\hurricane-florence_00000436_post_disaster.png,D:\UNI\DLSS\satellite-disaster-damage-mapping\data_same\xbd\tier1\labels\hurricane-florence_00000436_post_disaster.json
hurricane-florence_00000438,hurricane-florence,tier1,train,5,D:\UNI\DLSS\satellite-disaster-damage-mapping\data_same\xbd\tier1\images\hurricane-florence_00000438_pre_disaster.png,D:\UNI\DLSS\satellite-disaster-damage-mapping\data_same\xbd\tier1\images\hurricane-florence_00000438_post_disaster.png,D:\UNI\DLSS\satellite-disaster-damage-mapping\data_same\xbd\tier1\labels\hurricane-florence_00000438_post_disaster.json
hurricane-florence_00000444,hurricane-florence,tier1,train,14,D:\UNI\DLSS\satellite-disaster-damage-mapping\data_same\xbd\tier1\images\hurricane-florence_00000444_pre_disaster.png,D:\UNI\DLSS\satellite-disaster-damage-mapping\data_same\xbd\tier1\images\hurricane-florence_00000444_post_disaster.png,D:\UNI\DLSS\satellite-disaster-damage-mapping\data_same\xbd\tier1\labels\hurricane-florence_00000444_post_disaster.json
hurricane-florence_00000445,hurricane-florence,tier1,train,8,D:\UNI\DLSS\satellite-disaster-damage-mapping\data_same\xbd\tier1\images\hurricane-florence_00000445_pre_disaster.png,D:\UNI\DLSS\satellite-disaster-damage-mapping\data_same\xbd\tier1\images\hurricane-florence_00000445_post_disaster.png,D:\UNI\DLSS\satellite-disaster-damage-mapping\data_same\xbd\tier1\labels\hurricane-florence_00000445_post_disaster.json
hurricane-florence_00000452,hurricane-florence,tier1,train,17,D:\UNI\DLSS\satellite-disaster-damage-mapping\data_same\xbd\tier1\images\hurricane-florence_00000452_pre_disaster.png,D:\UNI\DLSS\satellite-disaster-damage-mapping\data_same\xbd\tier1\images\hurricane-florence_00000452_post_disaster.png,D:\UNI\DLSS\satellite-disaster-damage-mapping\data_same\xbd\tier1\labels\hurricane-florence_00000452_post_disaster.json
hurricane-florence_00000453,hurricane-florence,tier1,train,8,D:\UNI\DLSS\satellite-disaster-damage-mapping\data_same\xbd\tier1\images\hurricane-florence_00000453_pre_disaster.png,D:\UNI\DLSS\satellite-disaster-damage-mapping\data_same\xbd\tier1\images\hurricane-florence_00000453_post_disaster.png,D:\UNI\DLSS\satellite-disaster-damage-mapping\data_same\xbd\tier1\labels\hurricane-florence_00000453_post_disaster.json
hurricane-florence_00000459,hurricane-florence,tier1,train,56,D:\UNI\DLSS\satellite-disaster-damage-mapping\data_same\xbd\tier1\images\hurricane-florence_00000459_pre_disaster.png,D:\UNI\DLSS\satellite-disaster-damage-mapping\data_same\xbd\tier1\images\hurricane-florence_00000459_post_disaster.png,D:\UNI\DLSS\satellite-disaster-damage-mapping\data_same\xbd\tier1\labels\hurricane-florence_00000459_post_disaster.json
hurricane-florence_00000461,hurricane-florence,tier1,train,12,D:\UNI\DLSS\satellite-disaster-damage-mapping\data_same\xbd\tier1\images\hurricane-florence_00000461_pre_disaster.png,D:\UNI\DLSS\satellite-disaster-damage-mapping\data_same\xbd\tier1\images\hurricane-florence_00000461_post_disaster.png,D:\UNI\DLSS\satellite-disaster-damage-mapping\data_same\xbd\tier1\labels\hurricane-florence_00000461_post_disaster.json
hurricane-florence_00000462,hurricane-florence,tier1,train,27,D:\UNI\DLSS\satellite-disaster-damage-mapping\data_same\xbd\tier1\images\hurricane-florence_00000462_pre_disaster.png,D:\UNI\DLSS\satellite-disaster-damage-mapping\data_same\xbd\tier1\images\hurricane-florence_00000462_post_disaster.png,D:\UNI\DLSS\satellite-disaster-damage-mapping\data_same\xbd\tier1\labels\hurricane-florence_00000462_post_disaster.json
hurricane-florence_00000475,hurricane-florence,tier1,train,34,D:\UNI\DLSS\satellite-disaster-damage-mapping\data_same\xbd\tier1\images\hurricane-florence_00000475_pre_disaster.png,D:\UNI\DLSS\satellite-disaster-damage-mapping\data_same\xbd\tier1\images\hurricane-florence_00000475_post_disaster.png,D:\UNI\DLSS\satellite-disaster-damage-mapping\data_same\xbd\tier1\labels\hurricane-florence_00000475_post_disaster.json
hurricane-florence_00000498,hurricane-florence,tier1,train,19,D:\UNI\DLSS\satellite-disaster-damage-mapping\data_same\xbd\tier1\images\hurricane-florence_00000498_pre_disaster.png,D:\UNI\DLSS\satellite-disaster-damage-mapping\data_same\xbd\tier1\images\hurricane-florence_00000498_post_disaster.png,D:\UNI\DLSS\satellite-disaster-damage-mapping\data_same\xbd\tier1\labels\hurricane-florence_00000498_post_disaster.json
hurricane-florence_00000508,hurricane-florence,tier1,train,11,D:\UNI\DLSS\satellite-disaster-damage-mapping\data_same\xbd\tier1\images\hurricane-florence_00000508_pre_disaster.png,D:\UNI\DLSS\satellite-disaster-damage-mapping\data_same\xbd\tier1\images\hurricane-florence_00000508_post_disaster.png,D:\UNI\DLSS\satellite-disaster-damage-mapping\data_same\xbd\tier1\labels\hurricane-florence_00000508_post_disaster.json
hurricane-florence_00000510,hurricane-florence,tier1,train,29,D:\UNI\DLSS\satellite-disaster-damage-mapping\data_same\xbd\tier1\images\hurricane-florence_00000510_pre_disaster.png,D:\UNI\DLSS\satellite-disaster-damage-mapping\data_same\xbd\tier1\images\hurricane-florence_00000510_post_disaster.png,D:\UNI\DLSS\satellite-disaster-damage-mapping\data_same\xbd\tier1\labels\hurricane-florence_00000510_post_disaster.json
hurricane-florence_00000529,hurricane-florence,tier1,train,19,D:\UNI\DLSS\satellite-disaster-damage-mapping\data_same\xbd\tier1\images\hurricane-florence_00000529_pre_disaster.png,D:\UNI\DLSS\satellite-disaster-damage-mapping\data_same\xbd\tier1\images\hurricane-florence_00000529_post_disaster.png,D:\UNI\DLSS\satellite-disaster-damage-mapping\data_same\xbd\tier1\labels\hurricane-florence_00000529_post_disaster.json
hurricane-harvey_00000008,hurricane-harvey,tier1,train,39,D:\UNI\DLSS\satellite-disaster-damage-mapping\data_same\xbd\tier1\images\hurricane-harvey_00000008_pre_disaster.png,D:\UNI\DLSS\satellite-disaster-damage-mapping\data_same\xbd\tier1\images\hurricane-harvey_00000008_post_disaster.png,D:\UNI\DLSS\satellite-disaster-damage-mapping\data_same\xbd\tier1\labels\hurricane-harvey_00000008_post_disaster.json
hurricane-harvey_00000015,hurricane-harvey,tier1,train,175,D:\UNI\DLSS\satellite-disaster-damage-mapping\data_same\xbd\tier1\images\hurricane-harvey_00000015_pre_disaster.png,D:\UNI\DLSS\satellite-disaster-damage-mapping\data_same\xbd\tier1\images\hurricane-harvey_00000015_post_disaster.png,D:\UNI\DLSS\satellite-disaster-damage-mapping\data_same\xbd\tier1\labels\hurricane-harvey_00000015_post_disaster.json
hurricane-harvey_00000016,hurricane-harvey,tier1,train,35,D:\UNI\DLSS\satellite-disaster-damage-mapping\data_same\xbd\tier1\images\hurricane-harvey_00000016_pre_disaster.png,D:\UNI\DLSS\satellite-disaster-damage-mapping\data_same\xbd\tier1\images\hurricane-harvey_00000016_post_disaster.png,D:\UNI\DLSS\satellite-disaster-damage-mapping\data_same\xbd\tier1\labels\hurricane-harvey_00000016_post_disaster.json
hurricane-harvey_00000025,hurricane-harvey,tier1,train,156,D:\UNI\DLSS\satellite-disaster-damage-mapping\data_same\xbd\tier1\images\hurricane-harvey_00000025_pre_disaster.png,D:\UNI\DLSS\satellite-disaster-damage-mapping\data_same\xbd\tier1\images\hurricane-harvey_00000025_post_disaster.png,D:\UNI\DLSS\satellite-disaster-damage-mapping\data_same\xbd\tier1\labels\hurricane-harvey_00000025_post_disaster.json
hurricane-harvey_00000026,hurricane-harvey,tier1,train,24,D:\UNI\DLSS\satellite-disaster-damage-mapping\data_same\xbd\tier1\images\hurricane-harvey_00000026_pre_disaster.png,D:\UNI\DLSS\satellite-disaster-damage-mapping\data_same\xbd\tier1\images\hurricane-harvey_00000026_post_disaster.png,D:\UNI\DLSS\satellite-disaster-damage-mapping\data_same\xbd\tier1\labels\hurricane-harvey_00000026_post_disaster.json
hurricane-harvey_00000030,hurricane-harvey,tier1,train,88,D:\UNI\DLSS\satellite-disaster-damage-mapping\data_same\xbd\tier1\images\hurricane-harvey_00000030_pre_disaster.png,D:\UNI\DLSS\satellite-disaster-damage-mapping\data_same\xbd\tier1\images\hurricane-harvey_00000030_post_disaster.png,D:\UNI\DLSS\satellite-disaster-damage-mapping\data_same\xbd\tier1\labels\hurricane-harvey_00000030_post_disaster.json
hurricane-harvey_00000035,hurricane-harvey,tier1,train,5,D:\UNI\DLSS\satellite-disaster-damage-mapping\data_same\xbd\tier1\images\hurricane-harvey_00000035_pre_disaster.png,D:\UNI\DLSS\satellite-disaster-damage-mapping\data_same\xbd\tier1\images\hurricane-harvey_00000035_post_disaster.png,D:\UNI\DLSS\satellite-disaster-damage-mapping\data_same\xbd\tier1\labels\hurricane-harvey_00000035_post_disaster.json
hurricane-harvey_00000059,hurricane-harvey,tier1,train,33,D:\UNI\DLSS\satellite-disaster-damage-mapping\data_same\xbd\tier1\images\hurricane-harvey_00000059_pre_disaster.png,D:\UNI\DLSS\satellite-disaster-damage-mapping\data_same\xbd\tier1\images\hurricane-harvey_00000059_post_disaster.png,D:\UNI\DLSS\satellite-disaster-damage-mapping\data_same\xbd\tier1\labels\hurricane-harvey_00000059_post_disaster.json
hurricane-harvey_00000061,hurricane-harvey,tier1,train,5,D:\UNI\DLSS\satellite-disaster-damage-mapping\data_same\xbd\tier1\images\hurricane-harvey_00000061_pre_disaster.png,D:\UNI\DLSS\satellite-disaster-damage-mapping\data_same\xbd\tier1\images\hurricane-harvey_00000061_post_disaster.png,D:\UNI\DLSS\satellite-disaster-damage-mapping\data_same\xbd\tier1\labels\hurricane-harvey_00000061_post_disaster.json
hurricane-harvey_00000072,hurricane-harvey,tier1,train,9,D:\UNI\DLSS\satellite-disaster-damage-mapping\data_same\xbd\tier1\images\hurricane-harvey_00000072_pre_disaster.png,D:\UNI\DLSS\satellite-disaster-damage-mapping\data_same\xbd\tier1\images\hurricane-harvey_00000072_post_disaster.png,D:\UNI\DLSS\satellite-disaster-damage-mapping\data_same\xbd\tier1\labels\hurricane-harvey_00000072_post_disaster.json
hurricane-harvey_00000073,hurricane-harvey,tier1,train,13,D:\UNI\DLSS\satellite-disaster-damage-mapping\data_same\xbd\tier1\images\hurricane-harvey_00000073_pre_disaster.png,D:\UNI\DLSS\satellite-disaster-damage-mapping\data_same\xbd\tier1\images\hurricane-harvey_00000073_post_disaster.png,D:\UNI\DLSS\satellite-disaster-damage-mapping\data_same\xbd\tier1\labels\hurricane-harvey_00000073_post_disaster.json
hurricane-harvey_00000091,hurricane-harvey,tier1,train,8,D:\UNI\DLSS\satellite-disaster-damage-mapping\data_same\xbd\tier1\images\hurricane-harvey_00000091_pre_disaster.png,D:\UNI\DLSS\satellite-disaster-damage-mapping\data_same\xbd\tier1\images\hurricane-harvey_00000091_post_disaster.png,D:\UNI\DLSS\satellite-disaster-damage-mapping\data_same\xbd\tier1\labels\hurricane-harvey_00000091_post_disaster.json
hurricane-harvey_00000107,hurricane-harvey,tier1,train,12,D:\UNI\DLSS\satellite-disaster-damage-mapping\data_same\xbd\tier1\images\hurricane-harvey_00000107_pre_disaster.png,D:\UNI\DLSS\satellite-disaster-damage-mapping\data_same\xbd\tier1\images\hurricane-harvey_00000107_post_disaster.png,D:\UNI\DLSS\satellite-disaster-damage-mapping\data_same\xbd\tier1\labels\hurricane-harvey_00000107_post_disaster.json
hurricane-harvey_00000130,hurricane-harvey,tier1,train,6,D:\UNI\DLSS\satellite-disaster-damage-mapping\data_same\xbd\tier1\images\hurricane-harvey_00000130_pre_disaster.png,D:\UNI\DLSS\satellite-disaster-damage-mapping\data_same\xbd\tier1\images\hurricane-harvey_00000130_post_disaster.png,D:\UNI\DLSS\satellite-disaster-damage-mapping\data_same\xbd\tier1\labels\hurricane-harvey_00000130_post_disaster.json
hurricane-harvey_00000132,hurricane-harvey,tier1,train,259,D:\UNI\DLSS\satellite-disaster-damage-mapping\data_same\xbd\tier1\images\hurricane-harvey_00000132_pre_disaster.png,D:\UNI\DLSS\satellite-disaster-damage-mapping\data_same\xbd\tier1\images\hurricane-harvey_00000132_post_disaster.png,D:\UNI\DLSS\satellite-disaster-damage-mapping\data_same\xbd\tier1\labels\hurricane-harvey_00000132_post_disaster.json
hurricane-harvey_00000138,hurricane-harvey,tier1,train,35,D:\UNI\DLSS\satellite-disaster-damage-mapping\data_same\xbd\tier1\images\hurricane-harvey_00000138_pre_disaster.png,D:\UNI\DLSS\satellite-disaster-damage-mapping\data_same\xbd\tier1\images\hurricane-harvey_00000138_post_disaster.png,D:\UNI\DLSS\satellite-disaster-damage-mapping\data_same\xbd\tier1\labels\hurricane-harvey_00000138_post_disaster.json
hurricane-harvey_00000151,hurricane-harvey,tier1,train,34,D:\UNI\DLSS\satellite-disaster-damage-mapping\data_same\xbd\tier1\images\hurricane-harvey_00000151_pre_disaster.png,D:\UNI\DLSS\satellite-disaster-damage-mapping\data_same\xbd\tier1\images\hurricane-harvey_00000151_post_disaster.png,D:\UNI\DLSS\satellite-disaster-damage-mapping\data_same\xbd\tier1\labels\hurricane-harvey_00000151_post_disaster.json
hurricane-harvey_00000152,hurricane-harvey,tier1,train,5,D:\UNI\DLSS\satellite-disaster-damage-mapping\data_same\xbd\tier1\images\hurricane-harvey_00000152_pre_disaster.png,D:\UNI\DLSS\satellite-disaster-damage-mapping\data_same\xbd\tier1\images\hurricane-harvey_00000152_post_disaster.png,D:\UNI\DLSS\satellite-disaster-damage-mapping\data_same\xbd\tier1\labels\hurricane-harvey_00000152_post_disaster.json
hurricane-harvey_00000153,hurricane-harvey,tier1,train,57,D:\UNI\DLSS\satellite-disaster-damage-mapping\data_same\xbd\tier1\images\hurricane-harvey_00000153_pre_disaster.png,D:\UNI\DLSS\satellite-disaster-damage-mapping\data_same\xbd\tier1\images\hurricane-harvey_00000153_post_disaster.png,D:\UNI\DLSS\satellite-disaster-damage-mapping\data_same\xbd\tier1\labels\hurricane-harvey_00000153_post_disaster.json
hurricane-harvey_00000154,hurricane-harvey,tier1,train,32,D:\UNI\DLSS\satellite-disaster-damage-mapping\data_same\xbd\tier1\images\hurricane-harvey_00000154_pre_disaster.png,D:\UNI\DLSS\satellite-disaster-damage-mapping\data_same\xbd\tier1\images\hurricane-harvey_00000154_post_disaster.png,D:\UNI\DLSS\satellite-disaster-damage-mapping\data_same\xbd\tier1\labels\hurricane-harvey_00000154_post_disaster.json
hurricane-harvey_00000168,hurricane-harvey,tier1,train,165,D:\UNI\DLSS\satellite-disaster-damage-mapping\data_same\xbd\tier1\images\hurricane-harvey_00000168_pre_disaster.png,D:\UNI\DLSS\satellite-disaster-damage-mapping\data_same\xbd\tier1\images\hurricane-harvey_00000168_post_disaster.png,D:\UNI\DLSS\satellite-disaster-damage-mapping\data_same\xbd\tier1\labels\hurricane-harvey_00000168_post_disaster.json
hurricane-harvey_00000170,hurricane-harvey,tier1,train,207,D:\UNI\DLSS\satellite-disaster-damage-mapping\data_same\xbd\tier1\images\hurricane-harvey_00000170_pre_disaster.png,D:\UNI\DLSS\satellite-disaster-damage-mapping\data_same\xbd\tier1\images\hurricane-harvey_00000170_post_disaster.png,D:\UNI\DLSS\satellite-disaster-damage-mapping\data_same\xbd\tier1\labels\hurricane-harvey_00000170_post_disaster.json
hurricane-harvey_00000177,hurricane-harvey,tier1,train,76,D:\UNI\DLSS\satellite-disaster-damage-mapping\data_same\xbd\tier1\images\hurricane-harvey_00000177_pre_disaster.png,D:\UNI\DLSS\satellite-disaster-damage-mapping\data_same\xbd\tier1\images\hurricane-harvey_00000177_post_disaster.png,D:\UNI\DLSS\satellite-disaster-damage-mapping\data_same\xbd\tier1\labels\hurricane-harvey_00000177_post_disaster.json
hurricane-harvey_00000187,hurricane-harvey,tier1,train,19,D:\UNI\DLSS\satellite-disaster-damage-mapping\data_same\xbd\tier1\images\hurricane-harvey_00000187_pre_disaster.png,D:\UNI\DLSS\satellite-disaster-damage-mapping\data_same\xbd\tier1\images\hurricane-harvey_00000187_post_disaster.png,D:\UNI\DLSS\satellite-disaster-damage-mapping\data_same\xbd\tier1\labels\hurricane-harvey_00000187_post_disaster.json
hurricane-harvey_00000197,hurricane-harvey,tier1,train,101,D:\UNI\DLSS\satellite-disaster-damage-mapping\data_same\xbd\tier1\images\hurricane-harvey_00000197_pre_disaster.png,D:\UNI\DLSS\satellite-disaster-damage-mapping\data_same\xbd\tier1\images\hurricane-harvey_00000197_post_disaster.png,D:\UNI\DLSS\satellite-disaster-damage-mapping\data_same\xbd\tier1\labels\hurricane-harvey_00000197_post_disaster.json
hurricane-harvey_00000204,hurricane-harvey,tier1,train,14,D:\UNI\DLSS\satellite-disaster-damage-mapping\data_same\xbd\tier1\images\hurricane-harvey_00000204_pre_disaster.png,D:\UNI\DLSS\satellite-disaster-damage-mapping\data_same\xbd\tier1\images\hurricane-harvey_00000204_post_disaster.png,D:\UNI\DLSS\satellite-disaster-damage-mapping\data_same\xbd\tier1\labels\hurricane-harvey_00000204_post_disaster.json
hurricane-harvey_00000216,hurricane-harvey,tier1,train,124,D:\UNI\DLSS\satellite-disaster-damage-mapping\data_same\xbd\tier1\images\hurricane-harvey_00000216_pre_disaster.png,D:\UNI\DLSS\satellite-disaster-damage-mapping\data_same\xbd\tier1\images\hurricane-harvey_00000216_post_disaster.png,D:\UNI\DLSS\satellite-disaster-damage-mapping\data_same\xbd\tier1\labels\hurricane-harvey_00000216_post_disaster.json
hurricane-harvey_00000220,hurricane-harvey,tier1,train,119,D:\UNI\DLSS\satellite-disaster-damage-mapping\data_same\xbd\tier1\images\hurricane-harvey_00000220_pre_disaster.png,D:\UNI\DLSS\satellite-disaster-damage-mapping\data_same\xbd\tier1\images\hurricane-harvey_00000220_post_disaster.png,D:\UNI\DLSS\satellite-disaster-damage-mapping\data_same\xbd\tier1\labels\hurricane-harvey_00000220_post_disaster.json
hurricane-harvey_00000233,hurricane-harvey,tier1,train,184,D:\UNI\DLSS\satellite-disaster-damage-mapping\data_same\xbd\tier1\images\hurricane-harvey_00000233_pre_disaster.png,D:\UNI\DLSS\satellite-disaster-damage-mapping\data_same\xbd\tier1\images\hurricane-harvey_00000233_post_disaster.png,D:\UNI\DLSS\satellite-disaster-damage-mapping\data_same\xbd\tier1\labels\hurricane-harvey_00000233_post_disaster.json
hurricane-harvey_00000249,hurricane-harvey,tier1,train,85,D:\UNI\DLSS\satellite-disaster-damage-mapping\data_same\xbd\tier1\images\hurricane-harvey_00000249_pre_disaster.png,D:\UNI\DLSS\satellite-disaster-damage-mapping\data_same\xbd\tier1\images\hurricane-harvey_00000249_post_disaster.png,D:\UNI\DLSS\satellite-disaster-damage-mapping\data_same\xbd\tier1\labels\hurricane-harvey_00000249_post_disaster.json
hurricane-harvey_00000264,hurricane-harvey,tier1,train,15,D:\UNI\DLSS\satellite-disaster-damage-mapping\data_same\xbd\tier1\images\hurricane-harvey_00000264_pre_disaster.png,D:\UNI\DLSS\satellite-disaster-damage-mapping\data_same\xbd\tier1\images\hurricane-harvey_00000264_post_disaster.png,D:\UNI\DLSS\satellite-disaster-damage-mapping\data_same\xbd\tier1\labels\hurricane-harvey_00000264_post_disaster.json
hurricane-harvey_00000265,hurricane-harvey,tier1,train,34,D:\UNI\DLSS\satellite-disaster-damage-mapping\data_same\xbd\tier1\images\hurricane-harvey_00000265_pre_disaster.png,D:\UNI\DLSS\satellite-disaster-damage-mapping\data_same\xbd\tier1\images\hurricane-harvey_00000265_post_disaster.png,D:\UNI\DLSS\satellite-disaster-damage-mapping\data_same\xbd\tier1\labels\hurricane-harvey_00000265_post_disaster.json
hurricane-harvey_00000268,hurricane-harvey,tier1,train,10,D:\UNI\DLSS\satellite-disaster-damage-mapping\data_same\xbd\tier1\images\hurricane-harvey_00000268_pre_disaster.png,D:\UNI\DLSS\satellite-disaster-damage-mapping\data_same\xbd\tier1\images\hurricane-harvey_00000268_post_disaster.png,D:\UNI\DLSS\satellite-disaster-damage-mapping\data_same\xbd\tier1\labels\hurricane-harvey_00000268_post_disaster.json
hurricane-harvey_00000269,hurricane-harvey,tier1,train,13,D:\UNI\DLSS\satellite-disaster-damage-mapping\data_same\xbd\tier1\images\hurricane-harvey_00000269_pre_disaster.png,D:\UNI\DLSS\satellite-disaster-damage-mapping\data_same\xbd\tier1\images\hurricane-harvey_00000269_post_disaster.png,D:\UNI\DLSS\satellite-disaster-damage-mapping\data_same\xbd\tier1\labels\hurricane-harvey_00000269_post_disaster.json
hurricane-harvey_00000275,hurricane-harvey,tier1,train,6,D:\UNI\DLSS\satellite-disaster-damage-mapping\data_same\xbd\tier1\images\hurricane-harvey_00000275_pre_disaster.png,D:\UNI\DLSS\satellite-disaster-damage-mapping\data_same\xbd\tier1\images\hurricane-harvey_00000275_post_disaster.png,D:\UNI\DLSS\satellite-disaster-damage-mapping\data_same\xbd\tier1\labels\hurricane-harvey_00000275_post_disaster.json
hurricane-harvey_00000277,hurricane-harvey,tier1,train,9,D:\UNI\DLSS\satellite-disaster-damage-mapping\data_same\xbd\tier1\images\hurricane-harvey_00000277_pre_disaster.png,D:\UNI\DLSS\satellite-disaster-damage-mapping\data_same\xbd\tier1\images\hurricane-harvey_00000277_post_disaster.png,D:\UNI\DLSS\satellite-disaster-damage-mapping\data_same\xbd\tier1\labels\hurricane-harvey_00000277_post_disaster.json
hurricane-harvey_00000289,hurricane-harvey,tier1,train,32,D:\UNI\DLSS\satellite-disaster-damage-mapping\data_same\xbd\tier1\images\hurricane-harvey_00000289_pre_disaster.png,D:\UNI\DLSS\satellite-disaster-damage-mapping\data_same\xbd\tier1\images\hurricane-harvey_00000289_post_disaster.png,D:\UNI\DLSS\satellite-disaster-damage-mapping\data_same\xbd\tier1\labels\hurricane-harvey_00000289_post_disaster.json
hurricane-harvey_00000300,hurricane-harvey,tier1,train,5,D:\UNI\DLSS\satellite-disaster-damage-mapping\data_same\xbd\tier1\images\hurricane-harvey_00000300_pre_disaster.png,D:\UNI\DLSS\satellite-disaster-damage-mapping\data_same\xbd\tier1\images\hurricane-harvey_00000300_post_disaster.png,D:\UNI\DLSS\satellite-disaster-damage-mapping\data_same\xbd\tier1\labels\hurricane-harvey_00000300_post_disaster.json
hurricane-harvey_00000316,hurricane-harvey,tier1,train,14,D:\UNI\DLSS\satellite-disaster-damage-mapping\data_same\xbd\tier1\images\hurricane-harvey_00000316_pre_disaster.png,D:\UNI\DLSS\satellite-disaster-damage-mapping\data_same\xbd\tier1\images\hurricane-harvey_00000316_post_disaster.png,D:\UNI\DLSS\satellite-disaster-damage-mapping\data_same\xbd\tier1\labels\hurricane-harvey_00000316_post_disaster.json
hurricane-harvey_00000317,hurricane-harvey,tier1,train,39,D:\UNI\DLSS\satellite-disaster-damage-mapping\data_same\xbd\tier1\images\hurricane-harvey_00000317_pre_disaster.png,D:\UNI\DLSS\satellite-disaster-damage-mapping\data_same\xbd\tier1\images\hurricane-harvey_00000317_post_disaster.png,D:\UNI\DLSS\satellite-disaster-damage-mapping\data_same\xbd\tier1\labels\hurricane-harvey_00000317_post_disaster.json
hurricane-harvey_00000319,hurricane-harvey,tier1,train,11,D:\UNI\DLSS\satellite-disaster-damage-mapping\data_same\xbd\tier1\images\hurricane-harvey_00000319_pre_disaster.png,D:\UNI\DLSS\satellite-disaster-damage-mapping\data_same\xbd\tier1\images\hurricane-harvey_00000319_post_disaster.png,D:\UNI\DLSS\satellite-disaster-damage-mapping\data_same\xbd\tier1\labels\hurricane-harvey_00000319_post_disaster.json
hurricane-harvey_00000320,hurricane-harvey,tier1,train,6,D:\UNI\DLSS\satellite-disaster-damage-mapping\data_same\xbd\tier1\images\hurricane-harvey_00000320_pre_disaster.png,D:\UNI\DLSS\satellite-disaster-damage-mapping\data_same\xbd\tier1\images\hurricane-harvey_00000320_post_disaster.png,D:\UNI\DLSS\satellite-disaster-damage-mapping\data_same\xbd\tier1\labels\hurricane-harvey_00000320_post_disaster.json
hurricane-harvey_00000347,hurricane-harvey,tier1,train,187,D:\UNI\DLSS\satellite-disaster-damage-mapping\data_same\xbd\tier1\images\hurricane-harvey_00000347_pre_disaster.png,D:\UNI\DLSS\satellite-disaster-damage-mapping\data_same\xbd\tier1\images\hurricane-harvey_00000347_post_disaster.png,D:\UNI\DLSS\satellite-disaster-damage-mapping\data_same\xbd\tier1\labels\hurricane-harvey_00000347_post_disaster.json
hurricane-harvey_00000354,hurricane-harvey,tier1,train,26,D:\UNI\DLSS\satellite-disaster-damage-mapping\data_same\xbd\tier1\images\hurricane-harvey_00000354_pre_disaster.png,D:\UNI\DLSS\satellite-disaster-damage-mapping\data_same\xbd\tier1\images\hurricane-harvey_00000354_post_disaster.png,D:\UNI\DLSS\satellite-disaster-damage-mapping\data_same\xbd\tier1\labels\hurricane-harvey_00000354_post_disaster.json
hurricane-harvey_00000358,hurricane-harvey,tier1,train,157,D:\UNI\DLSS\satellite-disaster-damage-mapping\data_same\xbd\tier1\images\hurricane-harvey_00000358_pre_disaster.png,D:\UNI\DLSS\satellite-disaster-damage-mapping\data_same\xbd\tier1\images\hurricane-harvey_00000358_post_disaster.png,D:\UNI\DLSS\satellite-disaster-damage-mapping\data_same\xbd\tier1\labels\hurricane-harvey_00000358_post_disaster.json
hurricane-harvey_00000365,hurricane-harvey,tier1,train,148,D:\UNI\DLSS\satellite-disaster-damage-mapping\data_same\xbd\tier1\images\hurricane-harvey_00000365_pre_disaster.png,D:\UNI\DLSS\satellite-disaster-damage-mapping\data_same\xbd\tier1\images\hurricane-harvey_00000365_post_disaster.png,D:\UNI\DLSS\satellite-disaster-damage-mapping\data_same\xbd\tier1\labels\hurricane-harvey_00000365_post_disaster.json
hurricane-harvey_00000366,hurricane-harvey,tier1,train,153,D:\UNI\DLSS\satellite-disaster-damage-mapping\data_same\xbd\tier1\images\hurricane-harvey_00000366_pre_disaster.png,D:\UNI\DLSS\satellite-disaster-damage-mapping\data_same\xbd\tier1\images\hurricane-harvey_00000366_post_disaster.png,D:\UNI\DLSS\satellite-disaster-damage-mapping\data_same\xbd\tier1\labels\hurricane-harvey_00000366_post_disaster.json
hurricane-harvey_00000367,hurricane-harvey,tier1,train,79,D:\UNI\DLSS\satellite-disaster-damage-mapping\data_same\xbd\tier1\images\hurricane-harvey_00000367_pre_disaster.png,D:\UNI\DLSS\satellite-disaster-damage-mapping\data_same\xbd\tier1\images\hurricane-harvey_00000367_post_disaster.png,D:\UNI\DLSS\satellite-disaster-damage-mapping\data_same\xbd\tier1\labels\hurricane-harvey_00000367_post_disaster.json
hurricane-harvey_00000375,hurricane-harvey,tier1,train,52,D:\UNI\DLSS\satellite-disaster-damage-mapping\data_same\xbd\tier1\images\hurricane-harvey_00000375_pre_disaster.png,D:\UNI\DLSS\satellite-disaster-damage-mapping\data_same\xbd\tier1\images\hurricane-harvey_00000375_post_disaster.png,D:\UNI\DLSS\satellite-disaster-damage-mapping\data_same\xbd\tier1\labels\hurricane-harvey_00000375_post_disaster.json
hurricane-harvey_00000381,hurricane-harvey,tier1,train,140,D:\UNI\DLSS\satellite-disaster-damage-mapping\data_same\xbd\tier1\images\hurricane-harvey_00000381_pre_disaster.png,D:\UNI\DLSS\satellite-disaster-damage-mapping\data_same\xbd\tier1\images\hurricane-harvey_00000381_post_disaster.png,D:\UNI\DLSS\satellite-disaster-damage-mapping\data_same\xbd\tier1\labels\hurricane-harvey_00000381_post_disaster.json
hurricane-harvey_00000382,hurricane-harvey,tier1,train,142,D:\UNI\DLSS\satellite-disaster-damage-mapping\data_same\xbd\tier1\images\hurricane-harvey_00000382_pre_disaster.png,D:\UNI\DLSS\satellite-disaster-damage-mapping\data_same\xbd\tier1\images\hurricane-harvey_00000382_post_disaster.png,D:\UNI\DLSS\satellite-disaster-damage-mapping\data_same\xbd\tier1\labels\hurricane-harvey_00000382_post_disaster.json
hurricane-harvey_00000387,hurricane-harvey,tier1,train,138,D:\UNI\DLSS\satellite-disaster-damage-mapping\data_same\xbd\tier1\images\hurricane-harvey_00000387_pre_disaster.png,D:\UNI\DLSS\satellite-disaster-damage-mapping\data_same\xbd\tier1\images\hurricane-harvey_00000387_post_disaster.png,D:\UNI\DLSS\satellite-disaster-damage-mapping\data_same\xbd\tier1\labels\hurricane-harvey_00000387_post_disaster.json
hurricane-harvey_00000391,hurricane-harvey,tier1,train,134,D:\UNI\DLSS\satellite-disaster-damage-mapping\data_same\xbd\tier1\images\hurricane-harvey_00000391_pre_disaster.png,D:\UNI\DLSS\satellite-disaster-damage-mapping\data_same\xbd\tier1\images\hurricane-harvey_00000391_post_disaster.png,D:\UNI\DLSS\satellite-disaster-damage-mapping\data_same\xbd\tier1\labels\hurricane-harvey_00000391_post_disaster.json
hurricane-harvey_00000392,hurricane-harvey,tier1,train,92,D:\UNI\DLSS\satellite-disaster-damage-mapping\data_same\xbd\tier1\images\hurricane-harvey_00000392_pre_disaster.png,D:\UNI\DLSS\satellite-disaster-damage-mapping\data_same\xbd\tier1\images\hurricane-harvey_00000392_post_disaster.png,D:\UNI\DLSS\satellite-disaster-damage-mapping\data_same\xbd\tier1\labels\hurricane-harvey_00000392_post_disaster.json
hurricane-harvey_00000396,hurricane-harvey,tier1,train,63,D:\UNI\DLSS\satellite-disaster-damage-mapping\data_same\xbd\tier1\images\hurricane-harvey_00000396_pre_disaster.png,D:\UNI\DLSS\satellite-disaster-damage-mapping\data_same\xbd\tier1\images\hurricane-harvey_00000396_post_disaster.png,D:\UNI\DLSS\satellite-disaster-damage-mapping\data_same\xbd\tier1\labels\hurricane-harvey_00000396_post_disaster.json
hurricane-harvey_00000402,hurricane-harvey,tier1,train,158,D:\UNI\DLSS\satellite-disaster-damage-mapping\data_same\xbd\tier1\images\hurricane-harvey_00000402_pre_disaster.png,D:\UNI\DLSS\satellite-disaster-damage-mapping\data_same\xbd\tier1\images\hurricane-harvey_00000402_post_disaster.png,D:\UNI\DLSS\satellite-disaster-damage-mapping\data_same\xbd\tier1\labels\hurricane-harvey_00000402_post_disaster.json
hurricane-harvey_00000408,hurricane-harvey,tier1,train,39,D:\UNI\DLSS\satellite-disaster-damage-mapping\data_same\xbd\tier1\images\hurricane-harvey_00000408_pre_disaster.png,D:\UNI\DLSS\satellite-disaster-damage-mapping\data_same\xbd\tier1\images\hurricane-harvey_00000408_post_disaster.png,D:\UNI\DLSS\satellite-disaster-damage-mapping\data_same\xbd\tier1\labels\hurricane-harvey_00000408_post_disaster.json
hurricane-harvey_00000412,hurricane-harvey,tier1,train,57,D:\UNI\DLSS\satellite-disaster-damage-mapping\data_same\xbd\tier1\images\hurricane-harvey_00000412_pre_disaster.png,D:\UNI\DLSS\satellite-disaster-damage-mapping\data_same\xbd\tier1\images\hurricane-harvey_00000412_post_disaster.png,D:\UNI\DLSS\satellite-disaster-damage-mapping\data_same\xbd\tier1\labels\hurricane-harvey_00000412_post_disaster.json
hurricane-harvey_00000413,hurricane-harvey,tier1,train,104,D:\UNI\DLSS\satellite-disaster-damage-mapping\data_same\xbd\tier1\images\hurricane-harvey_00000413_pre_disaster.png,D:\UNI\DLSS\satellite-disaster-damage-mapping\data_same\xbd\tier1\images\hurricane-harvey_00000413_post_disaster.png,D:\UNI\DLSS\satellite-disaster-damage-mapping\data_same\xbd\tier1\labels\hurricane-harvey_00000413_post_disaster.json
hurricane-harvey_00000425,hurricane-harvey,tier1,train,140,D:\UNI\DLSS\satellite-disaster-damage-mapping\data_same\xbd\tier1\images\hurricane-harvey_00000425_pre_disaster.png,D:\UNI\DLSS\satellite-disaster-damage-mapping\data_same\xbd\tier1\images\hurricane-harvey_00000425_post_disaster.png,D:\UNI\DLSS\satellite-disaster-damage-mapping\data_same\xbd\tier1\labels\hurricane-harvey_00000425_post_disaster.json
hurricane-harvey_00000429,hurricane-harvey,tier1,train,184,D:\UNI\DLSS\satellite-disaster-damage-mapping\data_same\xbd\tier1\images\hurricane-harvey_00000429_pre_disaster.png,D:\UNI\DLSS\satellite-disaster-damage-mapping\data_same\xbd\tier1\images\hurricane-harvey_00000429_post_disaster.png,D:\UNI\DLSS\satellite-disaster-damage-mapping\data_same\xbd\tier1\labels\hurricane-harvey_00000429_post_disaster.json
hurricane-harvey_00000432,hurricane-harvey,tier1,train,172,D:\UNI\DLSS\satellite-disaster-damage-mapping\data_same\xbd\tier1\images\hurricane-harvey_00000432_pre_disaster.png,D:\UNI\DLSS\satellite-disaster-damage-mapping\data_same\xbd\tier1\images\hurricane-harvey_00000432_post_disaster.png,D:\UNI\DLSS\satellite-disaster-damage-mapping\data_same\xbd\tier1\labels\hurricane-harvey_00000432_post_disaster.json
hurricane-harvey_00000454,hurricane-harvey,tier1,train,161,D:\UNI\DLSS\satellite-disaster-damage-mapping\data_same\xbd\tier1\images\hurricane-harvey_00000454_pre_disaster.png,D:\UNI\DLSS\satellite-disaster-damage-mapping\data_same\xbd\tier1\images\hurricane-harvey_00000454_post_disaster.png,D:\UNI\DLSS\satellite-disaster-damage-mapping\data_same\xbd\tier1\labels\hurricane-harvey_00000454_post_disaster.json
hurricane-harvey_00000462,hurricane-harvey,tier1,train,55,D:\UNI\DLSS\satellite-disaster-damage-mapping\data_same\xbd\tier1\images\hurricane-harvey_00000462_pre_disaster.png,D:\UNI\DLSS\satellite-disaster-damage-mapping\data_same\xbd\tier1\images\hurricane-harvey_00000462_post_disaster.png,D:\UNI\DLSS\satellite-disaster-damage-mapping\data_same\xbd\tier1\labels\hurricane-harvey_00000462_post_disaster.json
hurricane-harvey_00000467,hurricane-harvey,tier1,train,217,D:\UNI\DLSS\satellite-disaster-damage-mapping\data_same\xbd\tier1\images\hurricane-harvey_00000467_pre_disaster.png,D:\UNI\DLSS\satellite-disaster-damage-mapping\data_same\xbd\tier1\images\hurricane-harvey_00000467_post_disaster.png,D:\UNI\DLSS\satellite-disaster-damage-mapping\data_same\xbd\tier1\labels\hurricane-harvey_00000467_post_disaster.json
hurricane-harvey_00000470,hurricane-harvey,tier1,train,37,D:\UNI\DLSS\satellite-disaster-damage-mapping\data_same\xbd\tier1\images\hurricane-harvey_00000470_pre_disaster.png,D:\UNI\DLSS\satellite-disaster-damage-mapping\data_same\xbd\tier1\images\hurricane-harvey_00000470_post_disaster.png,D:\UNI\DLSS\satellite-disaster-damage-mapping\data_same\xbd\tier1\labels\hurricane-harvey_00000470_post_disaster.json
hurricane-harvey_00000473,hurricane-harvey,tier1,train,143,D:\UNI\DLSS\satellite-disaster-damage-mapping\data_same\xbd\tier1\images\hurricane-harvey_00000473_pre_disaster.png,D:\UNI\DLSS\satellite-disaster-damage-mapping\data_same\xbd\tier1\images\hurricane-harvey_00000473_post_disaster.png,D:\UNI\DLSS\satellite-disaster-damage-mapping\data_same\xbd\tier1\labels\hurricane-harvey_00000473_post_disaster.json
hurricane-harvey_00000478,hurricane-harvey,tier1,train,35,D:\UNI\DLSS\satellite-disaster-damage-mapping\data_same\xbd\tier1\images\hurricane-harvey_00000478_pre_disaster.png,D:\UNI\DLSS\satellite-disaster-damage-mapping\data_same\xbd\tier1\images\hurricane-harvey_00000478_post_disaster.png,D:\UNI\DLSS\satellite-disaster-damage-mapping\data_same\xbd\tier1\labels\hurricane-harvey_00000478_post_disaster.json
hurricane-harvey_00000486,hurricane-harvey,tier1,train,40,D:\UNI\DLSS\satellite-disaster-damage-mapping\data_same\xbd\tier1\images\hurricane-harvey_00000486_pre_disaster.png,D:\UNI\DLSS\satellite-disaster-damage-mapping\data_same\xbd\tier1\images\hurricane-harvey_00000486_post_disaster.png,D:\UNI\DLSS\satellite-disaster-damage-mapping\data_same\xbd\tier1\labels\hurricane-harvey_00000486_post_disaster.json
hurricane-harvey_00000492,hurricane-harvey,tier1,train,110,D:\UNI\DLSS\satellite-disaster-damage-mapping\data_same\xbd\tier1\images\hurricane-harvey_00000492_pre_disaster.png,D:\UNI\DLSS\satellite-disaster-damage-mapping\data_same\xbd\tier1\images\hurricane-harvey_00000492_post_disaster.png,D:\UNI\DLSS\satellite-disaster-damage-mapping\data_same\xbd\tier1\labels\hurricane-harvey_00000492_post_disaster.json
hurricane-harvey_00000494,hurricane-harvey,tier1,train,52,D:\UNI\DLSS\satellite-disaster-damage-mapping\data_same\xbd\tier1\images\hurricane-harvey_00000494_pre_disaster.png,D:\UNI\DLSS\satellite-disaster-damage-mapping\data_same\xbd\tier1\images\hurricane-harvey_00000494_post_disaster.png,D:\UNI\DLSS\satellite-disaster-damage-mapping\data_same\xbd\tier1\labels\hurricane-harvey_00000494_post_disaster.json
hurricane-harvey_00000496,hurricane-harvey,tier1,train,19,D:\UNI\DLSS\satellite-disaster-damage-mapping\data_same\xbd\tier1\images\hurricane-harvey_00000496_pre_disaster.png,D:\UNI\DLSS\satellite-disaster-damage-mapping\data_same\xbd\tier1\images\hurricane-harvey_00000496_post_disaster.png,D:\UNI\DLSS\satellite-disaster-damage-mapping\data_same\xbd\tier1\labels\hurricane-harvey_00000496_post_disaster.json
hurricane-harvey_00000499,hurricane-harvey,tier1,train,67,D:\UNI\DLSS\satellite-disaster-damage-mapping\data_same\xbd\tier1\images\hurricane-harvey_00000499_pre_disaster.png,D:\UNI\DLSS\satellite-disaster-damage-mapping\data_same\xbd\tier1\images\hurricane-harvey_00000499_post_disaster.png,D:\UNI\DLSS\satellite-disaster-damage-mapping\data_same\xbd\tier1\labels\hurricane-harvey_00000499_post_disaster.json
hurricane-harvey_00000506,hurricane-harvey,tier1,train,101,D:\UNI\DLSS\satellite-disaster-damage-mapping\data_same\xbd\tier1\images\hurricane-harvey_00000506_pre_disaster.png,D:\UNI\DLSS\satellite-disaster-damage-mapping\data_same\xbd\tier1\images\hurricane-harvey_00000506_post_disaster.png,D:\UNI\DLSS\satellite-disaster-damage-mapping\data_same\xbd\tier1\labels\hurricane-harvey_00000506_post_disaster.json
hurricane-harvey_00000507,hurricane-harvey,tier1,train,154,D:\UNI\DLSS\satellite-disaster-damage-mapping\data_same\xbd\tier1\images\hurricane-harvey_00000507_pre_disaster.png,D:\UNI\DLSS\satellite-disaster-damage-mapping\data_same\xbd\tier1\images\hurricane-harvey_00000507_post_disaster.png,D:\UNI\DLSS\satellite-disaster-damage-mapping\data_same\xbd\tier1\labels\hurricane-harvey_00000507_post_disaster.json
hurricane-harvey_00000509,hurricane-harvey,tier1,train,174,D:\UNI\DLSS\satellite-disaster-damage-mapping\data_same\xbd\tier1\images\hurricane-harvey_00000509_pre_disaster.png,D:\UNI\DLSS\satellite-disaster-damage-mapping\data_same\xbd\tier1\images\hurricane-harvey_00000509_post_disaster.png,D:\UNI\DLSS\satellite-disaster-damage-mapping\data_same\xbd\tier1\labels\hurricane-harvey_00000509_post_disaster.json
hurricane-harvey_00000514,hurricane-harvey,tier1,train,35,D:\UNI\DLSS\satellite-disaster-damage-mapping\data_same\xbd\tier1\images\hurricane-harvey_00000514_pre_disaster.png,D:\UNI\DLSS\satellite-disaster-damage-mapping\data_same\xbd\tier1\images\hurricane-harvey_00000514_post_disaster.png,D:\UNI\DLSS\satellite-disaster-damage-mapping\data_same\xbd\tier1\labels\hurricane-harvey_00000514_post_disaster.json
hurricane-harvey_00000517,hurricane-harvey,tier1,train,6,D:\UNI\DLSS\satellite-disaster-damage-mapping\data_same\xbd\tier1\images\hurricane-harvey_00000517_pre_disaster.png,D:\UNI\DLSS\satellite-disaster-damage-mapping\data_same\xbd\tier1\images\hurricane-harvey_00000517_post_disaster.png,D:\UNI\DLSS\satellite-disaster-damage-mapping\data_same\xbd\tier1\labels\hurricane-harvey_00000517_post_disaster.json
hurricane-matthew_00000003,hurricane-matthew,tier1,train,118,D:\UNI\DLSS\satellite-disaster-damage-mapping\data_same\xbd\tier1\images\hurricane-matthew_00000003_pre_disaster.png,D:\UNI\DLSS\satellite-disaster-damage-mapping\data_same\xbd\tier1\images\hurricane-matthew_00000003_post_disaster.png,D:\UNI\DLSS\satellite-disaster-damage-mapping\data_same\xbd\tier1\labels\hurricane-matthew_00000003_post_disaster.json
hurricane-matthew_00000017,hurricane-matthew,tier1,train,46,D:\UNI\DLSS\satellite-disaster-damage-mapping\data_same\xbd\tier1\images\hurricane-matthew_00000017_pre_disaster.png,D:\UNI\DLSS\satellite-disaster-damage-mapping\data_same\xbd\tier1\images\hurricane-matthew_00000017_post_disaster.png,D:\UNI\DLSS\satellite-disaster-damage-mapping\data_same\xbd\tier1\labels\hurricane-matthew_00000017_post_disaster.json
hurricane-matthew_00000030,hurricane-matthew,tier1,train,160,D:\UNI\DLSS\satellite-disaster-damage-mapping\data_same\xbd\tier1\images\hurricane-matthew_00000030_pre_disaster.png,D:\UNI\DLSS\satellite-disaster-damage-mapping\data_same\xbd\tier1\images\hurricane-matthew_00000030_post_disaster.png,D:\UNI\DLSS\satellite-disaster-damage-mapping\data_same\xbd\tier1\labels\hurricane-matthew_00000030_post_disaster.json
hurricane-matthew_00000034,hurricane-matthew,tier1,train,16,D:\UNI\DLSS\satellite-disaster-damage-mapping\data_same\xbd\tier1\images\hurricane-matthew_00000034_pre_disaster.png,D:\UNI\DLSS\satellite-disaster-damage-mapping\data_same\xbd\tier1\images\hurricane-matthew_00000034_post_disaster.png,D:\UNI\DLSS\satellite-disaster-damage-mapping\data_same\xbd\tier1\labels\hurricane-matthew_00000034_post_disaster.json
hurricane-matthew_00000035,hurricane-matthew,tier1,train,64,D:\UNI\DLSS\satellite-disaster-damage-mapping\data_same\xbd\tier1\images\hurricane-matthew_00000035_pre_disaster.png,D:\UNI\DLSS\satellite-disaster-damage-mapping\data_same\xbd\tier1\images\hurricane-matthew_00000035_post_disaster.png,D:\UNI\DLSS\satellite-disaster-damage-mapping\data_same\xbd\tier1\labels\hurricane-matthew_00000035_post_disaster.json
hurricane-matthew_00000041,hurricane-matthew,tier1,train,38,D:\UNI\DLSS\satellite-disaster-damage-mapping\data_same\xbd\tier1\images\hurricane-matthew_00000041_pre_disaster.png,D:\UNI\DLSS\satellite-disaster-damage-mapping\data_same\xbd\tier1\images\hurricane-matthew_00000041_post_disaster.png,D:\UNI\DLSS\satellite-disaster-damage-mapping\data_same\xbd\tier1\labels\hurricane-matthew_00000041_post_disaster.json
hurricane-matthew_00000043,hurricane-matthew,tier1,train,171,D:\UNI\DLSS\satellite-disaster-damage-mapping\data_same\xbd\tier1\images\hurricane-matthew_00000043_pre_disaster.png,D:\UNI\DLSS\satellite-disaster-damage-mapping\data_same\xbd\tier1\images\hurricane-matthew_00000043_post_disaster.png,D:\UNI\DLSS\satellite-disaster-damage-mapping\data_same\xbd\tier1\labels\hurricane-matthew_00000043_post_disaster.json
hurricane-matthew_00000045,hurricane-matthew,tier1,train,126,D:\UNI\DLSS\satellite-disaster-damage-mapping\data_same\xbd\tier1\images\hurricane-matthew_00000045_pre_disaster.png,D:\UNI\DLSS\satellite-disaster-damage-mapping\data_same\xbd\tier1\images\hurricane-matthew_00000045_post_disaster.png,D:\UNI\DLSS\satellite-disaster-damage-mapping\data_same\xbd\tier1\labels\hurricane-matthew_00000045_post_disaster.json
hurricane-matthew_00000048,hurricane-matthew,tier1,train,64,D:\UNI\DLSS\satellite-disaster-damage-mapping\data_same\xbd\tier1\images\hurricane-matthew_00000048_pre_disaster.png,D:\UNI\DLSS\satellite-disaster-damage-mapping\data_same\xbd\tier1\images\hurricane-matthew_00000048_post_disaster.png,D:\UNI\DLSS\satellite-disaster-damage-mapping\data_same\xbd\tier1\labels\hurricane-matthew_00000048_post_disaster.json
hurricane-matthew_00000054,hurricane-matthew,tier1,train,38,D:\UNI\DLSS\satellite-disaster-damage-mapping\data_same\xbd\tier1\images\hurricane-matthew_00000054_pre_disaster.png,D:\UNI\DLSS\satellite-disaster-damage-mapping\data_same\xbd\tier1\images\hurricane-matthew_00000054_post_disaster.png,D:\UNI\DLSS\satellite-disaster-damage-mapping\data_same\xbd\tier1\labels\hurricane-matthew_00000054_post_disaster.json
hurricane-matthew_00000062,hurricane-matthew,tier1,train,39,D:\UNI\DLSS\satellite-disaster-damage-mapping\data_same\xbd\tier1\images\hurricane-matthew_00000062_pre_disaster.png,D:\UNI\DLSS\satellite-disaster-damage-mapping\data_same\xbd\tier1\images\hurricane-matthew_00000062_post_disaster.png,D:\UNI\DLSS\satellite-disaster-damage-mapping\data_same\xbd\tier1\labels\hurricane-matthew_00000062_post_disaster.json
hurricane-matthew_00000064,hurricane-matthew,tier1,train,11,D:\UNI\DLSS\satellite-disaster-damage-mapping\data_same\xbd\tier1\images\hurricane-matthew_00000064_pre_disaster.png,D:\UNI\DLSS\satellite-disaster-damage-mapping\data_same\xbd\tier1\images\hurricane-matthew_00000064_post_disaster.png,D:\UNI\DLSS\satellite-disaster-damage-mapping\data_same\xbd\tier1\labels\hurricane-matthew_00000064_post_disaster.json
hurricane-matthew_00000067,hurricane-matthew,tier1,train,59,D:\UNI\DLSS\satellite-disaster-damage-mapping\data_same\xbd\tier1\images\hurricane-matthew_00000067_pre_disaster.png,D:\UNI\DLSS\satellite-disaster-damage-mapping\data_same\xbd\tier1\images\hurricane-matthew_00000067_post_disaster.png,D:\UNI\DLSS\satellite-disaster-damage-mapping\data_same\xbd\tier1\labels\hurricane-matthew_00000067_post_disaster.json
hurricane-matthew_00000069,hurricane-matthew,tier1,train,6,D:\UNI\DLSS\satellite-disaster-damage-mapping\data_same\xbd\tier1\images\hurricane-matthew_00000069_pre_disaster.png,D:\UNI\DLSS\satellite-disaster-damage-mapping\data_same\xbd\tier1\images\hurricane-matthew_00000069_post_disaster.png,D:\UNI\DLSS\satellite-disaster-damage-mapping\data_same\xbd\tier1\labels\hurricane-matthew_00000069_post_disaster.json
hurricane-matthew_00000071,hurricane-matthew,tier1,train,132,D:\UNI\DLSS\satellite-disaster-damage-mapping\data_same\xbd\tier1\images\hurricane-matthew_00000071_pre_disaster.png,D:\UNI\DLSS\satellite-disaster-damage-mapping\data_same\xbd\tier1\images\hurricane-matthew_00000071_post_disaster.png,D:\UNI\DLSS\satellite-disaster-damage-mapping\data_same\xbd\tier1\labels\hurricane-matthew_00000071_post_disaster.json
hurricane-matthew_00000082,hurricane-matthew,tier1,train,90,D:\UNI\DLSS\satellite-disaster-damage-mapping\data_same\xbd\tier1\images\hurricane-matthew_00000082_pre_disaster.png,D:\UNI\DLSS\satellite-disaster-damage-mapping\data_same\xbd\tier1\images\hurricane-matthew_00000082_post_disaster.png,D:\UNI\DLSS\satellite-disaster-damage-mapping\data_same\xbd\tier1\labels\hurricane-matthew_00000082_post_disaster.json
hurricane-matthew_00000092,hurricane-matthew,tier1,train,463,D:\UNI\DLSS\satellite-disaster-damage-mapping\data_same\xbd\tier1\images\hurricane-matthew_00000092_pre_disaster.png,D:\UNI\DLSS\satellite-disaster-damage-mapping\data_same\xbd\tier1\images\hurricane-matthew_00000092_post_disaster.png,D:\UNI\DLSS\satellite-disaster-damage-mapping\data_same\xbd\tier1\labels\hurricane-matthew_00000092_post_disaster.json
hurricane-matthew_00000097,hurricane-matthew,tier1,train,94,D:\UNI\DLSS\satellite-disaster-damage-mapping\data_same\xbd\tier1\images\hurricane-matthew_00000097_pre_disaster.png,D:\UNI\DLSS\satellite-disaster-damage-mapping\data_same\xbd\tier1\images\hurricane-matthew_00000097_post_disaster.png,D:\UNI\DLSS\satellite-disaster-damage-mapping\data_same\xbd\tier1\labels\hurricane-matthew_00000097_post_disaster.json
hurricane-matthew_00000120,hurricane-matthew,tier1,train,84,D:\UNI\DLSS\satellite-disaster-damage-mapping\data_same\xbd\tier1\images\hurricane-matthew_00000120_pre_disaster.png,D:\UNI\DLSS\satellite-disaster-damage-mapping\data_same\xbd\tier1\images\hurricane-matthew_00000120_post_disaster.png,D:\UNI\DLSS\satellite-disaster-damage-mapping\data_same\xbd\tier1\labels\hurricane-matthew_00000120_post_disaster.json
hurricane-matthew_00000130,hurricane-matthew,tier1,train,74,D:\UNI\DLSS\satellite-disaster-damage-mapping\data_same\xbd\tier1\images\hurricane-matthew_00000130_pre_disaster.png,D:\UNI\DLSS\satellite-disaster-damage-mapping\data_same\xbd\tier1\images\hurricane-matthew_00000130_post_disaster.png,D:\UNI\DLSS\satellite-disaster-damage-mapping\data_same\xbd\tier1\labels\hurricane-matthew_00000130_post_disaster.json
hurricane-matthew_00000132,hurricane-matthew,tier1,train,12,D:\UNI\DLSS\satellite-disaster-damage-mapping\data_same\xbd\tier1\images\hurricane-matthew_00000132_pre_disaster.png,D:\UNI\DLSS\satellite-disaster-damage-mapping\data_same\xbd\tier1\images\hurricane-matthew_00000132_post_disaster.png,D:\UNI\DLSS\satellite-disaster-damage-mapping\data_same\xbd\tier1\labels\hurricane-matthew_00000132_post_disaster.json
hurricane-matthew_00000143,hurricane-matthew,tier1,train,171,D:\UNI\DLSS\satellite-disaster-damage-mapping\data_same\xbd\tier1\images\hurricane-matthew_00000143_pre_disaster.png,D:\UNI\DLSS\satellite-disaster-damage-mapping\data_same\xbd\tier1\images\hurricane-matthew_00000143_post_disaster.png,D:\UNI\DLSS\satellite-disaster-damage-mapping\data_same\xbd\tier1\labels\hurricane-matthew_00000143_post_disaster.json
hurricane-matthew_00000154,hurricane-matthew,tier1,train,13,D:\UNI\DLSS\satellite-disaster-damage-mapping\data_same\xbd\tier1\images\hurricane-matthew_00000154_pre_disaster.png,D:\UNI\DLSS\satellite-disaster-damage-mapping\data_same\xbd\tier1\images\hurricane-matthew_00000154_post_disaster.png,D:\UNI\DLSS\satellite-disaster-damage-mapping\data_same\xbd\tier1\labels\hurricane-matthew_00000154_post_disaster.json
hurricane-matthew_00000156,hurricane-matthew,tier1,train,594,D:\UNI\DLSS\satellite-disaster-damage-mapping\data_same\xbd\tier1\images\hurricane-matthew_00000156_pre_disaster.png,D:\UNI\DLSS\satellite-disaster-damage-mapping\data_same\xbd\tier1\images\hurricane-matthew_00000156_post_disaster.png,D:\UNI\DLSS\satellite-disaster-damage-mapping\data_same\xbd\tier1\labels\hurricane-matthew_00000156_post_disaster.json
hurricane-matthew_00000158,hurricane-matthew,tier1,train,506,D:\UNI\DLSS\satellite-disaster-damage-mapping\data_same\xbd\tier1\images\hurricane-matthew_00000158_pre_disaster.png,D:\UNI\DLSS\satellite-disaster-damage-mapping\data_same\xbd\tier1\images\hurricane-matthew_00000158_post_disaster.png,D:\UNI\DLSS\satellite-disaster-damage-mapping\data_same\xbd\tier1\labels\hurricane-matthew_00000158_post_disaster.json
hurricane-matthew_00000159,hurricane-matthew,tier1,train,44,D:\UNI\DLSS\satellite-disaster-damage-mapping\data_same\xbd\tier1\images\hurricane-matthew_00000159_pre_disaster.png,D:\UNI\DLSS\satellite-disaster-damage-mapping\data_same\xbd\tier1\images\hurricane-matthew_00000159_post_disaster.png,D:\UNI\DLSS\satellite-disaster-damage-mapping\data_same\xbd\tier1\labels\hurricane-matthew_00000159_post_disaster.json
hurricane-matthew_00000170,hurricane-matthew,tier1,train,21,D:\UNI\DLSS\satellite-disaster-damage-mapping\data_same\xbd\tier1\images\hurricane-matthew_00000170_pre_disaster.png,D:\UNI\DLSS\satellite-disaster-damage-mapping\data_same\xbd\tier1\images\hurricane-matthew_00000170_post_disaster.png,D:\UNI\DLSS\satellite-disaster-damage-mapping\data_same\xbd\tier1\labels\hurricane-matthew_00000170_post_disaster.json
hurricane-matthew_00000171,hurricane-matthew,tier1,train,30,D:\UNI\DLSS\satellite-disaster-damage-mapping\data_same\xbd\tier1\images\hurricane-matthew_00000171_pre_disaster.png,D:\UNI\DLSS\satellite-disaster-damage-mapping\data_same\xbd\tier1\images\hurricane-matthew_00000171_post_disaster.png,D:\UNI\DLSS\satellite-disaster-damage-mapping\data_same\xbd\tier1\labels\hurricane-matthew_00000171_post_disaster.json
hurricane-matthew_00000179,hurricane-matthew,tier1,train,11,D:\UNI\DLSS\satellite-disaster-damage-mapping\data_same\xbd\tier1\images\hurricane-matthew_00000179_pre_disaster.png,D:\UNI\DLSS\satellite-disaster-damage-mapping\data_same\xbd\tier1\images\hurricane-matthew_00000179_post_disaster.png,D:\UNI\DLSS\satellite-disaster-damage-mapping\data_same\xbd\tier1\labels\hurricane-matthew_00000179_post_disaster.json
hurricane-matthew_00000185,hurricane-matthew,tier1,train,37,D:\UNI\DLSS\satellite-disaster-damage-mapping\data_same\xbd\tier1\images\hurricane-matthew_00000185_pre_disaster.png,D:\UNI\DLSS\satellite-disaster-damage-mapping\data_same\xbd\tier1\images\hurricane-matthew_00000185_post_disaster.png,D:\UNI\DLSS\satellite-disaster-damage-mapping\data_same\xbd\tier1\labels\hurricane-matthew_00000185_post_disaster.json
hurricane-matthew_00000197,hurricane-matthew,tier1,train,28,D:\UNI\DLSS\satellite-disaster-damage-mapping\data_same\xbd\tier1\images\hurricane-matthew_00000197_pre_disaster.png,D:\UNI\DLSS\satellite-disaster-damage-mapping\data_same\xbd\tier1\images\hurricane-matthew_00000197_post_disaster.png,D:\UNI\DLSS\satellite-disaster-damage-mapping\data_same\xbd\tier1\labels\hurricane-matthew_00000197_post_disaster.json
hurricane-matthew_00000202,hurricane-matthew,tier1,train,11,D:\UNI\DLSS\satellite-disaster-damage-mapping\data_same\xbd\tier1\images\hurricane-matthew_00000202_pre_disaster.png,D:\UNI\DLSS\satellite-disaster-damage-mapping\data_same\xbd\tier1\images\hurricane-matthew_00000202_post_disaster.png,D:\UNI\DLSS\satellite-disaster-damage-mapping\data_same\xbd\tier1\labels\hurricane-matthew_00000202_post_disaster.json
hurricane-matthew_00000206,hurricane-matthew,tier1,train,17,D:\UNI\DLSS\satellite-disaster-damage-mapping\data_same\xbd\tier1\images\hurricane-matthew_00000206_pre_disaster.png,D:\UNI\DLSS\satellite-disaster-damage-mapping\data_same\xbd\tier1\images\hurricane-matthew_00000206_post_disaster.png,D:\UNI\DLSS\satellite-disaster-damage-mapping\data_same\xbd\tier1\labels\hurricane-matthew_00000206_post_disaster.json
hurricane-matthew_00000207,hurricane-matthew,tier1,train,38,D:\UNI\DLSS\satellite-disaster-damage-mapping\data_same\xbd\tier1\images\hurricane-matthew_00000207_pre_disaster.png,D:\UNI\DLSS\satellite-disaster-damage-mapping\data_same\xbd\tier1\images\hurricane-matthew_00000207_post_disaster.png,D:\UNI\DLSS\satellite-disaster-damage-mapping\data_same\xbd\tier1\labels\hurricane-matthew_00000207_post_disaster.json
hurricane-matthew_00000211,hurricane-matthew,tier1,train,29,D:\UNI\DLSS\satellite-disaster-damage-mapping\data_same\xbd\tier1\images\hurricane-matthew_00000211_pre_disaster.png,D:\UNI\DLSS\satellite-disaster-damage-mapping\data_same\xbd\tier1\images\hurricane-matthew_00000211_post_disaster.png,D:\UNI\DLSS\satellite-disaster-damage-mapping\data_same\xbd\tier1\labels\hurricane-matthew_00000211_post_disaster.json
hurricane-matthew_00000215,hurricane-matthew,tier1,train,16,D:\UNI\DLSS\satellite-disaster-damage-mapping\data_same\xbd\tier1\images\hurricane-matthew_00000215_pre_disaster.png,D:\UNI\DLSS\satellite-disaster-damage-mapping\data_same\xbd\tier1\images\hurricane-matthew_00000215_post_disaster.png,D:\UNI\DLSS\satellite-disaster-damage-mapping\data_same\xbd\tier1\labels\hurricane-matthew_00000215_post_disaster.json
hurricane-matthew_00000226,hurricane-matthew,tier1,train,7,D:\UNI\DLSS\satellite-disaster-damage-mapping\data_same\xbd\tier1\images\hurricane-matthew_00000226_pre_disaster.png,D:\UNI\DLSS\satellite-disaster-damage-mapping\data_same\xbd\tier1\images\hurricane-matthew_00000226_post_disaster.png,D:\UNI\DLSS\satellite-disaster-damage-mapping\data_same\xbd\tier1\labels\hurricane-matthew_00000226_post_disaster.json
hurricane-matthew_00000233,hurricane-matthew,tier1,train,12,D:\UNI\DLSS\satellite-disaster-damage-mapping\data_same\xbd\tier1\images\hurricane-matthew_00000233_pre_disaster.png,D:\UNI\DLSS\satellite-disaster-damage-mapping\data_same\xbd\tier1\images\hurricane-matthew_00000233_post_disaster.png,D:\UNI\DLSS\satellite-disaster-damage-mapping\data_same\xbd\tier1\labels\hurricane-matthew_00000233_post_disaster.json
hurricane-matthew_00000234,hurricane-matthew,tier1,train,13,D:\UNI\DLSS\satellite-disaster-damage-mapping\data_same\xbd\tier1\images\hurricane-matthew_00000234_pre_disaster.png,D:\UNI\DLSS\satellite-disaster-damage-mapping\data_same\xbd\tier1\images\hurricane-matthew_00000234_post_disaster.png,D:\UNI\DLSS\satellite-disaster-damage-mapping\data_same\xbd\tier1\labels\hurricane-matthew_00000234_post_disaster.json
hurricane-matthew_00000241,hurricane-matthew,tier1,train,9,D:\UNI\DLSS\satellite-disaster-damage-mapping\data_same\xbd\tier1\images\hurricane-matthew_00000241_pre_disaster.png,D:\UNI\DLSS\satellite-disaster-damage-mapping\data_same\xbd\tier1\images\hurricane-matthew_00000241_post_disaster.png,D:\UNI\DLSS\satellite-disaster-damage-mapping\data_same\xbd\tier1\labels\hurricane-matthew_00000241_post_disaster.json
hurricane-matthew_00000245,hurricane-matthew,tier1,train,26,D:\UNI\DLSS\satellite-disaster-damage-mapping\data_same\xbd\tier1\images\hurricane-matthew_00000245_pre_disaster.png,D:\UNI\DLSS\satellite-disaster-damage-mapping\data_same\xbd\tier1\images\hurricane-matthew_00000245_post_disaster.png,D:\UNI\DLSS\satellite-disaster-damage-mapping\data_same\xbd\tier1\labels\hurricane-matthew_00000245_post_disaster.json
hurricane-matthew_00000265,hurricane-matthew,tier1,train,37,D:\UNI\DLSS\satellite-disaster-damage-mapping\data_same\xbd\tier1\images\hurricane-matthew_00000265_pre_disaster.png,D:\UNI\DLSS\satellite-disaster-damage-mapping\data_same\xbd\tier1\images\hurricane-matthew_00000265_post_disaster.png,D:\UNI\DLSS\satellite-disaster-damage-mapping\data_same\xbd\tier1\labels\hurricane-matthew_00000265_post_disaster.json
hurricane-matthew_00000283,hurricane-matthew,tier1,train,15,D:\UNI\DLSS\satellite-disaster-damage-mapping\data_same\xbd\tier1\images\hurricane-matthew_00000283_pre_disaster.png,D:\UNI\DLSS\satellite-disaster-damage-mapping\data_same\xbd\tier1\images\hurricane-matthew_00000283_post_disaster.png,D:\UNI\DLSS\satellite-disaster-damage-mapping\data_same\xbd\tier1\labels\hurricane-matthew_00000283_post_disaster.json
hurricane-matthew_00000306,hurricane-matthew,tier1,train,158,D:\UNI\DLSS\satellite-disaster-damage-mapping\data_same\xbd\tier1\images\hurricane-matthew_00000306_pre_disaster.png,D:\UNI\DLSS\satellite-disaster-damage-mapping\data_same\xbd\tier1\images\hurricane-matthew_00000306_post_disaster.png,D:\UNI\DLSS\satellite-disaster-damage-mapping\data_same\xbd\tier1\labels\hurricane-matthew_00000306_post_disaster.json
hurricane-matthew_00000310,hurricane-matthew,tier1,train,9,D:\UNI\DLSS\satellite-disaster-damage-mapping\data_same\xbd\tier1\images\hurricane-matthew_00000310_pre_disaster.png,D:\UNI\DLSS\satellite-disaster-damage-mapping\data_same\xbd\tier1\images\hurricane-matthew_00000310_post_disaster.png,D:\UNI\DLSS\satellite-disaster-damage-mapping\data_same\xbd\tier1\labels\hurricane-matthew_00000310_post_disaster.json
hurricane-matthew_00000311,hurricane-matthew,tier1,train,141,D:\UNI\DLSS\satellite-disaster-damage-mapping\data_same\xbd\tier1\images\hurricane-matthew_00000311_pre_disaster.png,D:\UNI\DLSS\satellite-disaster-damage-mapping\data_same\xbd\tier1\images\hurricane-matthew_00000311_post_disaster.png,D:\UNI\DLSS\satellite-disaster-damage-mapping\data_same\xbd\tier1\labels\hurricane-matthew_00000311_post_disaster.json
hurricane-matthew_00000312,hurricane-matthew,tier1,train,7,D:\UNI\DLSS\satellite-disaster-damage-mapping\data_same\xbd\tier1\images\hurricane-matthew_00000312_pre_disaster.png,D:\UNI\DLSS\satellite-disaster-damage-mapping\data_same\xbd\tier1\images\hurricane-matthew_00000312_post_disaster.png,D:\UNI\DLSS\satellite-disaster-damage-mapping\data_same\xbd\tier1\labels\hurricane-matthew_00000312_post_disaster.json
hurricane-matthew_00000314,hurricane-matthew,tier1,train,11,D:\UNI\DLSS\satellite-disaster-damage-mapping\data_same\xbd\tier1\images\hurricane-matthew_00000314_pre_disaster.png,D:\UNI\DLSS\satellite-disaster-damage-mapping\data_same\xbd\tier1\images\hurricane-matthew_00000314_post_disaster.png,D:\UNI\DLSS\satellite-disaster-damage-mapping\data_same\xbd\tier1\labels\hurricane-matthew_00000314_post_disaster.json
hurricane-matthew_00000316,hurricane-matthew,tier1,train,38,D:\UNI\DLSS\satellite-disaster-damage-mapping\data_same\xbd\tier1\images\hurricane-matthew_00000316_pre_disaster.png,D:\UNI\DLSS\satellite-disaster-damage-mapping\data_same\xbd\tier1\images\hurricane-matthew_00000316_post_disaster.png,D:\UNI\DLSS\satellite-disaster-damage-mapping\data_same\xbd\tier1\labels\hurricane-matthew_00000316_post_disaster.json
hurricane-matthew_00000336,hurricane-matthew,tier1,train,11,D:\UNI\DLSS\satellite-disaster-damage-mapping\data_same\xbd\tier1\images\hurricane-matthew_00000336_pre_disaster.png,D:\UNI\DLSS\satellite-disaster-damage-mapping\data_same\xbd\tier1\images\hurricane-matthew_00000336_post_disaster.png,D:\UNI\DLSS\satellite-disaster-damage-mapping\data_same\xbd\tier1\labels\hurricane-matthew_00000336_post_disaster.json
hurricane-matthew_00000343,hurricane-matthew,tier1,train,11,D:\UNI\DLSS\satellite-disaster-damage-mapping\data_same\xbd\tier1\images\hurricane-matthew_00000343_pre_disaster.png,D:\UNI\DLSS\satellite-disaster-damage-mapping\data_same\xbd\tier1\images\hurricane-matthew_00000343_post_disaster.png,D:\UNI\DLSS\satellite-disaster-damage-mapping\data_same\xbd\tier1\labels\hurricane-matthew_00000343_post_disaster.json
hurricane-matthew_00000355,hurricane-matthew,tier1,train,130,D:\UNI\DLSS\satellite-disaster-damage-mapping\data_same\xbd\tier1\images\hurricane-matthew_00000355_pre_disaster.png,D:\UNI\DLSS\satellite-disaster-damage-mapping\data_same\xbd\tier1\images\hurricane-matthew_00000355_post_disaster.png,D:\UNI\DLSS\satellite-disaster-damage-mapping\data_same\xbd\tier1\labels\hurricane-matthew_00000355_post_disaster.json
hurricane-matthew_00000368,hurricane-matthew,tier1,train,363,D:\UNI\DLSS\satellite-disaster-damage-mapping\data_same\xbd\tier1\images\hurricane-matthew_00000368_pre_disaster.png,D:\UNI\DLSS\satellite-disaster-damage-mapping\data_same\xbd\tier1\images\hurricane-matthew_00000368_post_disaster.png,D:\UNI\DLSS\satellite-disaster-damage-mapping\data_same\xbd\tier1\labels\hurricane-matthew_00000368_post_disaster.json
hurricane-matthew_00000373,hurricane-matthew,tier1,train,105,D:\UNI\DLSS\satellite-disaster-damage-mapping\data_same\xbd\tier1\images\hurricane-matthew_00000373_pre_disaster.png,D:\UNI\DLSS\satellite-disaster-damage-mapping\data_same\xbd\tier1\images\hurricane-matthew_00000373_post_disaster.png,D:\UNI\DLSS\satellite-disaster-damage-mapping\data_same\xbd\tier1\labels\hurricane-matthew_00000373_post_disaster.json
hurricane-matthew_00000380,hurricane-matthew,tier1,train,61,D:\UNI\DLSS\satellite-disaster-damage-mapping\data_same\xbd\tier1\images\hurricane-matthew_00000380_pre_disaster.png,D:\UNI\DLSS\satellite-disaster-damage-mapping\data_same\xbd\tier1\images\hurricane-matthew_00000380_post_disaster.png,D:\UNI\DLSS\satellite-disaster-damage-mapping\data_same\xbd\tier1\labels\hurricane-matthew_00000380_post_disaster.json
hurricane-matthew_00000387,hurricane-matthew,tier1,train,44,D:\UNI\DLSS\satellite-disaster-damage-mapping\data_same\xbd\tier1\images\hurricane-matthew_00000387_pre_disaster.png,D:\UNI\DLSS\satellite-disaster-damage-mapping\data_same\xbd\tier1\images\hurricane-matthew_00000387_post_disaster.png,D:\UNI\DLSS\satellite-disaster-damage-mapping\data_same\xbd\tier1\labels\hurricane-matthew_00000387_post_disaster.json
hurricane-matthew_00000398,hurricane-matthew,tier1,train,39,D:\UNI\DLSS\satellite-disaster-damage-mapping\data_same\xbd\tier1\images\hurricane-matthew_00000398_pre_disaster.png,D:\UNI\DLSS\satellite-disaster-damage-mapping\data_same\xbd\tier1\images\hurricane-matthew_00000398_post_disaster.png,D:\UNI\DLSS\satellite-disaster-damage-mapping\data_same\xbd\tier1\labels\hurricane-matthew_00000398_post_disaster.json
hurricane-michael_00000012,hurricane-michael,tier1,train,61,D:\UNI\DLSS\satellite-disaster-damage-mapping\data_same\xbd\tier1\images\hurricane-michael_00000012_pre_disaster.png,D:\UNI\DLSS\satellite-disaster-damage-mapping\data_same\xbd\tier1\images\hurricane-michael_00000012_post_disaster.png,D:\UNI\DLSS\satellite-disaster-damage-mapping\data_same\xbd\tier1\labels\hurricane-michael_00000012_post_disaster.json
hurricane-michael_00000014,hurricane-michael,tier1,train,97,D:\UNI\DLSS\satellite-disaster-damage-mapping\data_same\xbd\tier1\images\hurricane-michael_00000014_pre_disaster.png,D:\UNI\DLSS\satellite-disaster-damage-mapping\data_same\xbd\tier1\images\hurricane-michael_00000014_post_disaster.png,D:\UNI\DLSS\satellite-disaster-damage-mapping\data_same\xbd\tier1\labels\hurricane-michael_00000014_post_disaster.json
hurricane-michael_00000021,hurricane-michael,tier1,train,91,D:\UNI\DLSS\satellite-disaster-damage-mapping\data_same\xbd\tier1\images\hurricane-michael_00000021_pre_disaster.png,D:\UNI\DLSS\satellite-disaster-damage-mapping\data_same\xbd\tier1\images\hurricane-michael_00000021_post_disaster.png,D:\UNI\DLSS\satellite-disaster-damage-mapping\data_same\xbd\tier1\labels\hurricane-michael_00000021_post_disaster.json
hurricane-michael_00000024,hurricane-michael,tier1,train,6,D:\UNI\DLSS\satellite-disaster-damage-mapping\data_same\xbd\tier1\images\hurricane-michael_00000024_pre_disaster.png,D:\UNI\DLSS\satellite-disaster-damage-mapping\data_same\xbd\tier1\images\hurricane-michael_00000024_post_disaster.png,D:\UNI\DLSS\satellite-disaster-damage-mapping\data_same\xbd\tier1\labels\hurricane-michael_00000024_post_disaster.json
hurricane-michael_00000039,hurricane-michael,tier1,train,22,D:\UNI\DLSS\satellite-disaster-damage-mapping\data_same\xbd\tier1\images\hurricane-michael_00000039_pre_disaster.png,D:\UNI\DLSS\satellite-disaster-damage-mapping\data_same\xbd\tier1\images\hurricane-michael_00000039_post_disaster.png,D:\UNI\DLSS\satellite-disaster-damage-mapping\data_same\xbd\tier1\labels\hurricane-michael_00000039_post_disaster.json
hurricane-michael_00000041,hurricane-michael,tier1,train,128,D:\UNI\DLSS\satellite-disaster-damage-mapping\data_same\xbd\tier1\images\hurricane-michael_00000041_pre_disaster.png,D:\UNI\DLSS\satellite-disaster-damage-mapping\data_same\xbd\tier1\images\hurricane-michael_00000041_post_disaster.png,D:\UNI\DLSS\satellite-disaster-damage-mapping\data_same\xbd\tier1\labels\hurricane-michael_00000041_post_disaster.json
hurricane-michael_00000044,hurricane-michael,tier1,train,19,D:\UNI\DLSS\satellite-disaster-damage-mapping\data_same\xbd\tier1\images\hurricane-michael_00000044_pre_disaster.png,D:\UNI\DLSS\satellite-disaster-damage-mapping\data_same\xbd\tier1\images\hurricane-michael_00000044_post_disaster.png,D:\UNI\DLSS\satellite-disaster-damage-mapping\data_same\xbd\tier1\labels\hurricane-michael_00000044_post_disaster.json
hurricane-michael_00000045,hurricane-michael,tier1,train,37,D:\UNI\DLSS\satellite-disaster-damage-mapping\data_same\xbd\tier1\images\hurricane-michael_00000045_pre_disaster.png,D:\UNI\DLSS\satellite-disaster-damage-mapping\data_same\xbd\tier1\images\hurricane-michael_00000045_post_disaster.png,D:\UNI\DLSS\satellite-disaster-damage-mapping\data_same\xbd\tier1\labels\hurricane-michael_00000045_post_disaster.json
hurricane-michael_00000049,hurricane-michael,tier1,train,115,D:\UNI\DLSS\satellite-disaster-damage-mapping\data_same\xbd\tier1\images\hurricane-michael_00000049_pre_disaster.png,D:\UNI\DLSS\satellite-disaster-damage-mapping\data_same\xbd\tier1\images\hurricane-michael_00000049_post_disaster.png,D:\UNI\DLSS\satellite-disaster-damage-mapping\data_same\xbd\tier1\labels\hurricane-michael_00000049_post_disaster.json
hurricane-michael_00000052,hurricane-michael,tier1,train,20,D:\UNI\DLSS\satellite-disaster-damage-mapping\data_same\xbd\tier1\images\hurricane-michael_00000052_pre_disaster.png,D:\UNI\DLSS\satellite-disaster-damage-mapping\data_same\xbd\tier1\images\hurricane-michael_00000052_post_disaster.png,D:\UNI\DLSS\satellite-disaster-damage-mapping\data_same\xbd\tier1\labels\hurricane-michael_00000052_post_disaster.json
hurricane-michael_00000056,hurricane-michael,tier1,train,57,D:\UNI\DLSS\satellite-disaster-damage-mapping\data_same\xbd\tier1\images\hurricane-michael_00000056_pre_disaster.png,D:\UNI\DLSS\satellite-disaster-damage-mapping\data_same\xbd\tier1\images\hurricane-michael_00000056_post_disaster.png,D:\UNI\DLSS\satellite-disaster-damage-mapping\data_same\xbd\tier1\labels\hurricane-michael_00000056_post_disaster.json
hurricane-michael_00000067,hurricane-michael,tier1,train,83,D:\UNI\DLSS\satellite-disaster-damage-mapping\data_same\xbd\tier1\images\hurricane-michael_00000067_pre_disaster.png,D:\UNI\DLSS\satellite-disaster-damage-mapping\data_same\xbd\tier1\images\hurricane-michael_00000067_post_disaster.png,D:\UNI\DLSS\satellite-disaster-damage-mapping\data_same\xbd\tier1\labels\hurricane-michael_00000067_post_disaster.json
hurricane-michael_00000075,hurricane-michael,tier1,train,48,D:\UNI\DLSS\satellite-disaster-damage-mapping\data_same\xbd\tier1\images\hurricane-michael_00000075_pre_disaster.png,D:\UNI\DLSS\satellite-disaster-damage-mapping\data_same\xbd\tier1\images\hurricane-michael_00000075_post_disaster.png,D:\UNI\DLSS\satellite-disaster-damage-mapping\data_same\xbd\tier1\labels\hurricane-michael_00000075_post_disaster.json
hurricane-michael_00000081,hurricane-michael,tier1,train,15,D:\UNI\DLSS\satellite-disaster-damage-mapping\data_same\xbd\tier1\images\hurricane-michael_00000081_pre_disaster.png,D:\UNI\DLSS\satellite-disaster-damage-mapping\data_same\xbd\tier1\images\hurricane-michael_00000081_post_disaster.png,D:\UNI\DLSS\satellite-disaster-damage-mapping\data_same\xbd\tier1\labels\hurricane-michael_00000081_post_disaster.json
hurricane-michael_00000083,hurricane-michael,tier1,train,94,D:\UNI\DLSS\satellite-disaster-damage-mapping\data_same\xbd\tier1\images\hurricane-michael_00000083_pre_disaster.png,D:\UNI\DLSS\satellite-disaster-damage-mapping\data_same\xbd\tier1\images\hurricane-michael_00000083_post_disaster.png,D:\UNI\DLSS\satellite-disaster-damage-mapping\data_same\xbd\tier1\labels\hurricane-michael_00000083_post_disaster.json
hurricane-michael_00000092,hurricane-michael,tier1,train,83,D:\UNI\DLSS\satellite-disaster-damage-mapping\data_same\xbd\tier1\images\hurricane-michael_00000092_pre_disaster.png,D:\UNI\DLSS\satellite-disaster-damage-mapping\data_same\xbd\tier1\images\hurricane-michael_00000092_post_disaster.png,D:\UNI\DLSS\satellite-disaster-damage-mapping\data_same\xbd\tier1\labels\hurricane-michael_00000092_post_disaster.json
hurricane-michael_00000098,hurricane-michael,tier1,train,26,D:\UNI\DLSS\satellite-disaster-damage-mapping\data_same\xbd\tier1\images\hurricane-michael_00000098_pre_disaster.png,D:\UNI\DLSS\satellite-disaster-damage-mapping\data_same\xbd\tier1\images\hurricane-michael_00000098_post_disaster.png,D:\UNI\DLSS\satellite-disaster-damage-mapping\data_same\xbd\tier1\labels\hurricane-michael_00000098_post_disaster.json
hurricane-michael_00000099,hurricane-michael,tier1,train,117,D:\UNI\DLSS\satellite-disaster-damage-mapping\data_same\xbd\tier1\images\hurricane-michael_00000099_pre_disaster.png,D:\UNI\DLSS\satellite-disaster-damage-mapping\data_same\xbd\tier1\images\hurricane-michael_00000099_post_disaster.png,D:\UNI\DLSS\satellite-disaster-damage-mapping\data_same\xbd\tier1\labels\hurricane-michael_00000099_post_disaster.json
hurricane-michael_00000119,hurricane-michael,tier1,train,47,D:\UNI\DLSS\satellite-disaster-damage-mapping\data_same\xbd\tier1\images\hurricane-michael_00000119_pre_disaster.png,D:\UNI\DLSS\satellite-disaster-damage-mapping\data_same\xbd\tier1\images\hurricane-michael_00000119_post_disaster.png,D:\UNI\DLSS\satellite-disaster-damage-mapping\data_same\xbd\tier1\labels\hurricane-michael_00000119_post_disaster.json
hurricane-michael_00000124,hurricane-michael,tier1,train,13,D:\UNI\DLSS\satellite-disaster-damage-mapping\data_same\xbd\tier1\images\hurricane-michael_00000124_pre_disaster.png,D:\UNI\DLSS\satellite-disaster-damage-mapping\data_same\xbd\tier1\images\hurricane-michael_00000124_post_disaster.png,D:\UNI\DLSS\satellite-disaster-damage-mapping\data_same\xbd\tier1\labels\hurricane-michael_00000124_post_disaster.json
hurricane-michael_00000125,hurricane-michael,tier1,train,133,D:\UNI\DLSS\satellite-disaster-damage-mapping\data_same\xbd\tier1\images\hurricane-michael_00000125_pre_disaster.png,D:\UNI\DLSS\satellite-disaster-damage-mapping\data_same\xbd\tier1\images\hurricane-michael_00000125_post_disaster.png,D:\UNI\DLSS\satellite-disaster-damage-mapping\data_same\xbd\tier1\labels\hurricane-michael_00000125_post_disaster.json
hurricane-michael_00000135,hurricane-michael,tier1,train,58,D:\UNI\DLSS\satellite-disaster-damage-mapping\data_same\xbd\tier1\images\hurricane-michael_00000135_pre_disaster.png,D:\UNI\DLSS\satellite-disaster-damage-mapping\data_same\xbd\tier1\images\hurricane-michael_00000135_post_disaster.png,D:\UNI\DLSS\satellite-disaster-damage-mapping\data_same\xbd\tier1\labels\hurricane-michael_00000135_post_disaster.json
hurricane-michael_00000144,hurricane-michael,tier1,train,35,D:\UNI\DLSS\satellite-disaster-damage-mapping\data_same\xbd\tier1\images\hurricane-michael_00000144_pre_disaster.png,D:\UNI\DLSS\satellite-disaster-damage-mapping\data_same\xbd\tier1\images\hurricane-michael_00000144_post_disaster.png,D:\UNI\DLSS\satellite-disaster-damage-mapping\data_same\xbd\tier1\labels\hurricane-michael_00000144_post_disaster.json
hurricane-michael_00000145,hurricane-michael,tier1,train,63,D:\UNI\DLSS\satellite-disaster-damage-mapping\data_same\xbd\tier1\images\hurricane-michael_00000145_pre_disaster.png,D:\UNI\DLSS\satellite-disaster-damage-mapping\data_same\xbd\tier1\images\hurricane-michael_00000145_post_disaster.png,D:\UNI\DLSS\satellite-disaster-damage-mapping\data_same\xbd\tier1\labels\hurricane-michael_00000145_post_disaster.json
hurricane-michael_00000146,hurricane-michael,tier1,train,97,D:\UNI\DLSS\satellite-disaster-damage-mapping\data_same\xbd\tier1\images\hurricane-michael_00000146_pre_disaster.png,D:\UNI\DLSS\satellite-disaster-damage-mapping\data_same\xbd\tier1\images\hurricane-michael_00000146_post_disaster.png,D:\UNI\DLSS\satellite-disaster-damage-mapping\data_same\xbd\tier1\labels\hurricane-michael_00000146_post_disaster.json
hurricane-michael_00000156,hurricane-michael,tier1,train,39,D:\UNI\DLSS\satellite-disaster-damage-mapping\data_same\xbd\tier1\images\hurricane-michael_00000156_pre_disaster.png,D:\UNI\DLSS\satellite-disaster-damage-mapping\data_same\xbd\tier1\images\hurricane-michael_00000156_post_disaster.png,D:\UNI\DLSS\satellite-disaster-damage-mapping\data_same\xbd\tier1\labels\hurricane-michael_00000156_post_disaster.json
hurricane-michael_00000158,hurricane-michael,tier1,train,101,D:\UNI\DLSS\satellite-disaster-damage-mapping\data_same\xbd\tier1\images\hurricane-michael_00000158_pre_disaster.png,D:\UNI\DLSS\satellite-disaster-damage-mapping\data_same\xbd\tier1\images\hurricane-michael_00000158_post_disaster.png,D:\UNI\DLSS\satellite-disaster-damage-mapping\data_same\xbd\tier1\labels\hurricane-michael_00000158_post_disaster.json
hurricane-michael_00000162,hurricane-michael,tier1,train,94,D:\UNI\DLSS\satellite-disaster-damage-mapping\data_same\xbd\tier1\images\hurricane-michael_00000162_pre_disaster.png,D:\UNI\DLSS\satellite-disaster-damage-mapping\data_same\xbd\tier1\images\hurricane-michael_00000162_post_disaster.png,D:\UNI\DLSS\satellite-disaster-damage-mapping\data_same\xbd\tier1\labels\hurricane-michael_00000162_post_disaster.json
hurricane-michael_00000166,hurricane-michael,tier1,train,8,D:\UNI\DLSS\satellite-disaster-damage-mapping\data_same\xbd\tier1\images\hurricane-michael_00000166_pre_disaster.png,D:\UNI\DLSS\satellite-disaster-damage-mapping\data_same\xbd\tier1\images\hurricane-michael_00000166_post_disaster.png,D:\UNI\DLSS\satellite-disaster-damage-mapping\data_same\xbd\tier1\labels\hurricane-michael_00000166_post_disaster.json
hurricane-michael_00000172,hurricane-michael,tier1,train,118,D:\UNI\DLSS\satellite-disaster-damage-mapping\data_same\xbd\tier1\images\hurricane-michael_00000172_pre_disaster.png,D:\UNI\DLSS\satellite-disaster-damage-mapping\data_same\xbd\tier1\images\hurricane-michael_00000172_post_disaster.png,D:\UNI\DLSS\satellite-disaster-damage-mapping\data_same\xbd\tier1\labels\hurricane-michael_00000172_post_disaster.json
hurricane-michael_00000175,hurricane-michael,tier1,train,32,D:\UNI\DLSS\satellite-disaster-damage-mapping\data_same\xbd\tier1\images\hurricane-michael_00000175_pre_disaster.png,D:\UNI\DLSS\satellite-disaster-damage-mapping\data_same\xbd\tier1\images\hurricane-michael_00000175_post_disaster.png,D:\UNI\DLSS\satellite-disaster-damage-mapping\data_same\xbd\tier1\labels\hurricane-michael_00000175_post_disaster.json
hurricane-michael_00000180,hurricane-michael,tier1,train,196,D:\UNI\DLSS\satellite-disaster-damage-mapping\data_same\xbd\tier1\images\hurricane-michael_00000180_pre_disaster.png,D:\UNI\DLSS\satellite-disaster-damage-mapping\data_same\xbd\tier1\images\hurricane-michael_00000180_post_disaster.png,D:\UNI\DLSS\satellite-disaster-damage-mapping\data_same\xbd\tier1\labels\hurricane-michael_00000180_post_disaster.json
hurricane-michael_00000188,hurricane-michael,tier1,train,40,D:\UNI\DLSS\satellite-disaster-damage-mapping\data_same\xbd\tier1\images\hurricane-michael_00000188_pre_disaster.png,D:\UNI\DLSS\satellite-disaster-damage-mapping\data_same\xbd\tier1\images\hurricane-michael_00000188_post_disaster.png,D:\UNI\DLSS\satellite-disaster-damage-mapping\data_same\xbd\tier1\labels\hurricane-michael_00000188_post_disaster.json
hurricane-michael_00000192,hurricane-michael,tier1,train,135,D:\UNI\DLSS\satellite-disaster-damage-mapping\data_same\xbd\tier1\images\hurricane-michael_00000192_pre_disaster.png,D:\UNI\DLSS\satellite-disaster-damage-mapping\data_same\xbd\tier1\images\hurricane-michael_00000192_post_disaster.png,D:\UNI\DLSS\satellite-disaster-damage-mapping\data_same\xbd\tier1\labels\hurricane-michael_00000192_post_disaster.json
hurricane-michael_00000196,hurricane-michael,tier1,train,103,D:\UNI\DLSS\satellite-disaster-damage-mapping\data_same\xbd\tier1\images\hurricane-michael_00000196_pre_disaster.png,D:\UNI\DLSS\satellite-disaster-damage-mapping\data_same\xbd\tier1\images\hurricane-michael_00000196_post_disaster.png,D:\UNI\DLSS\satellite-disaster-damage-mapping\data_same\xbd\tier1\labels\hurricane-michael_00000196_post_disaster.json
hurricane-michael_00000204,hurricane-michael,tier1,train,87,D:\UNI\DLSS\satellite-disaster-damage-mapping\data_same\xbd\tier1\images\hurricane-michael_00000204_pre_disaster.png,D:\UNI\DLSS\satellite-disaster-damage-mapping\data_same\xbd\tier1\images\hurricane-michael_00000204_post_disaster.png,D:\UNI\DLSS\satellite-disaster-damage-mapping\data_same\xbd\tier1\labels\hurricane-michael_00000204_post_disaster.json
hurricane-michael_00000208,hurricane-michael,tier1,train,11,D:\UNI\DLSS\satellite-disaster-damage-mapping\data_same\xbd\tier1\images\hurricane-michael_00000208_pre_disaster.png,D:\UNI\DLSS\satellite-disaster-damage-mapping\data_same\xbd\tier1\images\hurricane-michael_00000208_post_disaster.png,D:\UNI\DLSS\satellite-disaster-damage-mapping\data_same\xbd\tier1\labels\hurricane-michael_00000208_post_disaster.json
hurricane-michael_00000222,hurricane-michael,tier1,train,123,D:\UNI\DLSS\satellite-disaster-damage-mapping\data_same\xbd\tier1\images\hurricane-michael_00000222_pre_disaster.png,D:\UNI\DLSS\satellite-disaster-damage-mapping\data_same\xbd\tier1\images\hurricane-michael_00000222_post_disaster.png,D:\UNI\DLSS\satellite-disaster-damage-mapping\data_same\xbd\tier1\labels\hurricane-michael_00000222_post_disaster.json
hurricane-michael_00000225,hurricane-michael,tier1,train,42,D:\UNI\DLSS\satellite-disaster-damage-mapping\data_same\xbd\tier1\images\hurricane-michael_00000225_pre_disaster.png,D:\UNI\DLSS\satellite-disaster-damage-mapping\data_same\xbd\tier1\images\hurricane-michael_00000225_post_disaster.png,D:\UNI\DLSS\satellite-disaster-damage-mapping\data_same\xbd\tier1\labels\hurricane-michael_00000225_post_disaster.json
hurricane-michael_00000230,hurricane-michael,tier1,train,68,D:\UNI\DLSS\satellite-disaster-damage-mapping\data_same\xbd\tier1\images\hurricane-michael_00000230_pre_disaster.png,D:\UNI\DLSS\satellite-disaster-damage-mapping\data_same\xbd\tier1\images\hurricane-michael_00000230_post_disaster.png,D:\UNI\DLSS\satellite-disaster-damage-mapping\data_same\xbd\tier1\labels\hurricane-michael_00000230_post_disaster.json
hurricane-michael_00000231,hurricane-michael,tier1,train,41,D:\UNI\DLSS\satellite-disaster-damage-mapping\data_same\xbd\tier1\images\hurricane-michael_00000231_pre_disaster.png,D:\UNI\DLSS\satellite-disaster-damage-mapping\data_same\xbd\tier1\images\hurricane-michael_00000231_post_disaster.png,D:\UNI\DLSS\satellite-disaster-damage-mapping\data_same\xbd\tier1\labels\hurricane-michael_00000231_post_disaster.json
hurricane-michael_00000238,hurricane-michael,tier1,train,134,D:\UNI\DLSS\satellite-disaster-damage-mapping\data_same\xbd\tier1\images\hurricane-michael_00000238_pre_disaster.png,D:\UNI\DLSS\satellite-disaster-damage-mapping\data_same\xbd\tier1\images\hurricane-michael_00000238_post_disaster.png,D:\UNI\DLSS\satellite-disaster-damage-mapping\data_same\xbd\tier1\labels\hurricane-michael_00000238_post_disaster.json
hurricane-michael_00000243,hurricane-michael,tier1,train,100,D:\UNI\DLSS\satellite-disaster-damage-mapping\data_same\xbd\tier1\images\hurricane-michael_00000243_pre_disaster.png,D:\UNI\DLSS\satellite-disaster-damage-mapping\data_same\xbd\tier1\images\hurricane-michael_00000243_post_disaster.png,D:\UNI\DLSS\satellite-disaster-damage-mapping\data_same\xbd\tier1\labels\hurricane-michael_00000243_post_disaster.json
hurricane-michael_00000246,hurricane-michael,tier1,train,139,D:\UNI\DLSS\satellite-disaster-damage-mapping\data_same\xbd\tier1\images\hurricane-michael_00000246_pre_disaster.png,D:\UNI\DLSS\satellite-disaster-damage-mapping\data_same\xbd\tier1\images\hurricane-michael_00000246_post_disaster.png,D:\UNI\DLSS\satellite-disaster-damage-mapping\data_same\xbd\tier1\labels\hurricane-michael_00000246_post_disaster.json
hurricane-michael_00000252,hurricane-michael,tier1,train,149,D:\UNI\DLSS\satellite-disaster-damage-mapping\data_same\xbd\tier1\images\hurricane-michael_00000252_pre_disaster.png,D:\UNI\DLSS\satellite-disaster-damage-mapping\data_same\xbd\tier1\images\hurricane-michael_00000252_post_disaster.png,D:\UNI\DLSS\satellite-disaster-damage-mapping\data_same\xbd\tier1\labels\hurricane-michael_00000252_post_disaster.json
hurricane-michael_00000253,hurricane-michael,tier1,train,85,D:\UNI\DLSS\satellite-disaster-damage-mapping\data_same\xbd\tier1\images\hurricane-michael_00000253_pre_disaster.png,D:\UNI\DLSS\satellite-disaster-damage-mapping\data_same\xbd\tier1\images\hurricane-michael_00000253_post_disaster.png,D:\UNI\DLSS\satellite-disaster-damage-mapping\data_same\xbd\tier1\labels\hurricane-michael_00000253_post_disaster.json
hurricane-michael_00000265,hurricane-michael,tier1,train,24,D:\UNI\DLSS\satellite-disaster-damage-mapping\data_same\xbd\tier1\images\hurricane-michael_00000265_pre_disaster.png,D:\UNI\DLSS\satellite-disaster-damage-mapping\data_same\xbd\tier1\images\hurricane-michael_00000265_post_disaster.png,D:\UNI\DLSS\satellite-disaster-damage-mapping\data_same\xbd\tier1\labels\hurricane-michael_00000265_post_disaster.json
hurricane-michael_00000271,hurricane-michael,tier1,train,50,D:\UNI\DLSS\satellite-disaster-damage-mapping\data_same\xbd\tier1\images\hurricane-michael_00000271_pre_disaster.png,D:\UNI\DLSS\satellite-disaster-damage-mapping\data_same\xbd\tier1\images\hurricane-michael_00000271_post_disaster.png,D:\UNI\DLSS\satellite-disaster-damage-mapping\data_same\xbd\tier1\labels\hurricane-michael_00000271_post_disaster.json
hurricane-michael_00000273,hurricane-michael,tier1,train,59,D:\UNI\DLSS\satellite-disaster-damage-mapping\data_same\xbd\tier1\images\hurricane-michael_00000273_pre_disaster.png,D:\UNI\DLSS\satellite-disaster-damage-mapping\data_same\xbd\tier1\images\hurricane-michael_00000273_post_disaster.png,D:\UNI\DLSS\satellite-disaster-damage-mapping\data_same\xbd\tier1\labels\hurricane-michael_00000273_post_disaster.json
hurricane-michael_00000283,hurricane-michael,tier1,train,129,D:\UNI\DLSS\satellite-disaster-damage-mapping\data_same\xbd\tier1\images\hurricane-michael_00000283_pre_disaster.png,D:\UNI\DLSS\satellite-disaster-damage-mapping\data_same\xbd\tier1\images\hurricane-michael_00000283_post_disaster.png,D:\UNI\DLSS\satellite-disaster-damage-mapping\data_same\xbd\tier1\labels\hurricane-michael_00000283_post_disaster.json
hurricane-michael_00000285,hurricane-michael,tier1,train,5,D:\UNI\DLSS\satellite-disaster-damage-mapping\data_same\xbd\tier1\images\hurricane-michael_00000285_pre_disaster.png,D:\UNI\DLSS\satellite-disaster-damage-mapping\data_same\xbd\tier1\images\hurricane-michael_00000285_post_disaster.png,D:\UNI\DLSS\satellite-disaster-damage-mapping\data_same\xbd\tier1\labels\hurricane-michael_00000285_post_disaster.json
hurricane-michael_00000287,hurricane-michael,tier1,train,103,D:\UNI\DLSS\satellite-disaster-damage-mapping\data_same\xbd\tier1\images\hurricane-michael_00000287_pre_disaster.png,D:\UNI\DLSS\satellite-disaster-damage-mapping\data_same\xbd\tier1\images\hurricane-michael_00000287_post_disaster.png,D:\UNI\DLSS\satellite-disaster-damage-mapping\data_same\xbd\tier1\labels\hurricane-michael_00000287_post_disaster.json
hurricane-michael_00000289,hurricane-michael,tier1,train,127,D:\UNI\DLSS\satellite-disaster-damage-mapping\data_same\xbd\tier1\images\hurricane-michael_00000289_pre_disaster.png,D:\UNI\DLSS\satellite-disaster-damage-mapping\data_same\xbd\tier1\images\hurricane-michael_00000289_post_disaster.png,D:\UNI\DLSS\satellite-disaster-damage-mapping\data_same\xbd\tier1\labels\hurricane-michael_00000289_post_disaster.json
hurricane-michael_00000290,hurricane-michael,tier1,train,48,D:\UNI\DLSS\satellite-disaster-damage-mapping\data_same\xbd\tier1\images\hurricane-michael_00000290_pre_disaster.png,D:\UNI\DLSS\satellite-disaster-damage-mapping\data_same\xbd\tier1\images\hurricane-michael_00000290_post_disaster.png,D:\UNI\DLSS\satellite-disaster-damage-mapping\data_same\xbd\tier1\labels\hurricane-michael_00000290_post_disaster.json
hurricane-michael_00000302,hurricane-michael,tier1,train,72,D:\UNI\DLSS\satellite-disaster-damage-mapping\data_same\xbd\tier1\images\hurricane-michael_00000302_pre_disaster.png,D:\UNI\DLSS\satellite-disaster-damage-mapping\data_same\xbd\tier1\images\hurricane-michael_00000302_post_disaster.png,D:\UNI\DLSS\satellite-disaster-damage-mapping\data_same\xbd\tier1\labels\hurricane-michael_00000302_post_disaster.json
hurricane-michael_00000303,hurricane-michael,tier1,train,123,D:\UNI\DLSS\satellite-disaster-damage-mapping\data_same\xbd\tier1\images\hurricane-michael_00000303_pre_disaster.png,D:\UNI\DLSS\satellite-disaster-damage-mapping\data_same\xbd\tier1\images\hurricane-michael_00000303_post_disaster.png,D:\UNI\DLSS\satellite-disaster-damage-mapping\data_same\xbd\tier1\labels\hurricane-michael_00000303_post_disaster.json
hurricane-michael_00000304,hurricane-michael,tier1,train,150,D:\UNI\DLSS\satellite-disaster-damage-mapping\data_same\xbd\tier1\images\hurricane-michael_00000304_pre_disaster.png,D:\UNI\DLSS\satellite-disaster-damage-mapping\data_same\xbd\tier1\images\hurricane-michael_00000304_post_disaster.png,D:\UNI\DLSS\satellite-disaster-damage-mapping\data_same\xbd\tier1\labels\hurricane-michael_00000304_post_disaster.json
hurricane-michael_00000312,hurricane-michael,tier1,train,20,D:\UNI\DLSS\satellite-disaster-damage-mapping\data_same\xbd\tier1\images\hurricane-michael_00000312_pre_disaster.png,D:\UNI\DLSS\satellite-disaster-damage-mapping\data_same\xbd\tier1\images\hurricane-michael_00000312_post_disaster.png,D:\UNI\DLSS\satellite-disaster-damage-mapping\data_same\xbd\tier1\labels\hurricane-michael_00000312_post_disaster.json
hurricane-michael_00000326,hurricane-michael,tier1,train,42,D:\UNI\DLSS\satellite-disaster-damage-mapping\data_same\xbd\tier1\images\hurricane-michael_00000326_pre_disaster.png,D:\UNI\DLSS\satellite-disaster-damage-mapping\data_same\xbd\tier1\images\hurricane-michael_00000326_post_disaster.png,D:\UNI\DLSS\satellite-disaster-damage-mapping\data_same\xbd\tier1\labels\hurricane-michael_00000326_post_disaster.json
hurricane-michael_00000337,hurricane-michael,tier1,train,22,D:\UNI\DLSS\satellite-disaster-damage-mapping\data_same\xbd\tier1\images\hurricane-michael_00000337_pre_disaster.png,D:\UNI\DLSS\satellite-disaster-damage-mapping\data_same\xbd\tier1\images\hurricane-michael_00000337_post_disaster.png,D:\UNI\DLSS\satellite-disaster-damage-mapping\data_same\xbd\tier1\labels\hurricane-michael_00000337_post_disaster.json
hurricane-michael_00000338,hurricane-michael,tier1,train,33,D:\UNI\DLSS\satellite-disaster-damage-mapping\data_same\xbd\tier1\images\hurricane-michael_00000338_pre_disaster.png,D:\UNI\DLSS\satellite-disaster-damage-mapping\data_same\xbd\tier1\images\hurricane-michael_00000338_post_disaster.png,D:\UNI\DLSS\satellite-disaster-damage-mapping\data_same\xbd\tier1\labels\hurricane-michael_00000338_post_disaster.json
hurricane-michael_00000339,hurricane-michael,tier1,train,27,D:\UNI\DLSS\satellite-disaster-damage-mapping\data_same\xbd\tier1\images\hurricane-michael_00000339_pre_disaster.png,D:\UNI\DLSS\satellite-disaster-damage-mapping\data_same\xbd\tier1\images\hurricane-michael_00000339_post_disaster.png,D:\UNI\DLSS\satellite-disaster-damage-mapping\data_same\xbd\tier1\labels\hurricane-michael_00000339_post_disaster.json
hurricane-michael_00000344,hurricane-michael,tier1,train,14,D:\UNI\DLSS\satellite-disaster-damage-mapping\data_same\xbd\tier1\images\hurricane-michael_00000344_pre_disaster.png,D:\UNI\DLSS\satellite-disaster-damage-mapping\data_same\xbd\tier1\images\hurricane-michael_00000344_post_disaster.png,D:\UNI\DLSS\satellite-disaster-damage-mapping\data_same\xbd\tier1\labels\hurricane-michael_00000344_post_disaster.json
hurricane-michael_00000357,hurricane-michael,tier1,train,116,D:\UNI\DLSS\satellite-disaster-damage-mapping\data_same\xbd\tier1\images\hurricane-michael_00000357_pre_disaster.png,D:\UNI\DLSS\satellite-disaster-damage-mapping\data_same\xbd\tier1\images\hurricane-michael_00000357_post_disaster.png,D:\UNI\DLSS\satellite-disaster-damage-mapping\data_same\xbd\tier1\labels\hurricane-michael_00000357_post_disaster.json
hurricane-michael_00000367,hurricane-michael,tier1,train,35,D:\UNI\DLSS\satellite-disaster-damage-mapping\data_same\xbd\tier1\images\hurricane-michael_00000367_pre_disaster.png,D:\UNI\DLSS\satellite-disaster-damage-mapping\data_same\xbd\tier1\images\hurricane-michael_00000367_post_disaster.png,D:\UNI\DLSS\satellite-disaster-damage-mapping\data_same\xbd\tier1\labels\hurricane-michael_00000367_post_disaster.json
hurricane-michael_00000377,hurricane-michael,tier1,train,117,D:\UNI\DLSS\satellite-disaster-damage-mapping\data_same\xbd\tier1\images\hurricane-michael_00000377_pre_disaster.png,D:\UNI\DLSS\satellite-disaster-damage-mapping\data_same\xbd\tier1\images\hurricane-michael_00000377_post_disaster.png,D:\UNI\DLSS\satellite-disaster-damage-mapping\data_same\xbd\tier1\labels\hurricane-michael_00000377_post_disaster.json
hurricane-michael_00000387,hurricane-michael,tier1,train,30,D:\UNI\DLSS\satellite-disaster-damage-mapping\data_same\xbd\tier1\images\hurricane-michael_00000387_pre_disaster.png,D:\UNI\DLSS\satellite-disaster-damage-mapping\data_same\xbd\tier1\images\hurricane-michael_00000387_post_disaster.png,D:\UNI\DLSS\satellite-disaster-damage-mapping\data_same\xbd\tier1\labels\hurricane-michael_00000387_post_disaster.json
hurricane-michael_00000388,hurricane-michael,tier1,train,79,D:\UNI\DLSS\satellite-disaster-damage-mapping\data_same\xbd\tier1\images\hurricane-michael_00000388_pre_disaster.png,D:\UNI\DLSS\satellite-disaster-damage-mapping\data_same\xbd\tier1\images\hurricane-michael_00000388_post_disaster.png,D:\UNI\DLSS\satellite-disaster-damage-mapping\data_same\xbd\tier1\labels\hurricane-michael_00000388_post_disaster.json
hurricane-michael_00000402,hurricane-michael,tier1,train,64,D:\UNI\DLSS\satellite-disaster-damage-mapping\data_same\xbd\tier1\images\hurricane-michael_00000402_pre_disaster.png,D:\UNI\DLSS\satellite-disaster-damage-mapping\data_same\xbd\tier1\images\hurricane-michael_00000402_post_disaster.png,D:\UNI\DLSS\satellite-disaster-damage-mapping\data_same\xbd\tier1\labels\hurricane-michael_00000402_post_disaster.json
hurricane-michael_00000405,hurricane-michael,tier1,train,69,D:\UNI\DLSS\satellite-disaster-damage-mapping\data_same\xbd\tier1\images\hurricane-michael_00000405_pre_disaster.png,D:\UNI\DLSS\satellite-disaster-damage-mapping\data_same\xbd\tier1\images\hurricane-michael_00000405_post_disaster.png,D:\UNI\DLSS\satellite-disaster-damage-mapping\data_same\xbd\tier1\labels\hurricane-michael_00000405_post_disaster.json
hurricane-michael_00000406,hurricane-michael,tier1,train,128,D:\UNI\DLSS\satellite-disaster-damage-mapping\data_same\xbd\tier1\images\hurricane-michael_00000406_pre_disaster.png,D:\UNI\DLSS\satellite-disaster-damage-mapping\data_same\xbd\tier1\images\hurricane-michael_00000406_post_disaster.png,D:\UNI\DLSS\satellite-disaster-damage-mapping\data_same\xbd\tier1\labels\hurricane-michael_00000406_post_disaster.json
hurricane-michael_00000413,hurricane-michael,tier1,train,125,D:\UNI\DLSS\satellite-disaster-damage-mapping\data_same\xbd\tier1\images\hurricane-michael_00000413_pre_disaster.png,D:\UNI\DLSS\satellite-disaster-damage-mapping\data_same\xbd\tier1\images\hurricane-michael_00000413_post_disaster.png,D:\UNI\DLSS\satellite-disaster-damage-mapping\data_same\xbd\tier1\labels\hurricane-michael_00000413_post_disaster.json
hurricane-michael_00000416,hurricane-michael,tier1,train,96,D:\UNI\DLSS\satellite-disaster-damage-mapping\data_same\xbd\tier1\images\hurricane-michael_00000416_pre_disaster.png,D:\UNI\DLSS\satellite-disaster-damage-mapping\data_same\xbd\tier1\images\hurricane-michael_00000416_post_disaster.png,D:\UNI\DLSS\satellite-disaster-damage-mapping\data_same\xbd\tier1\labels\hurricane-michael_00000416_post_disaster.json
hurricane-michael_00000417,hurricane-michael,tier1,train,124,D:\UNI\DLSS\satellite-disaster-damage-mapping\data_same\xbd\tier1\images\hurricane-michael_00000417_pre_disaster.png,D:\UNI\DLSS\satellite-disaster-damage-mapping\data_same\xbd\tier1\images\hurricane-michael_00000417_post_disaster.png,D:\UNI\DLSS\satellite-disaster-damage-mapping\data_same\xbd\tier1\labels\hurricane-michael_00000417_post_disaster.json
hurricane-michael_00000419,hurricane-michael,tier1,train,29,D:\UNI\DLSS\satellite-disaster-damage-mapping\data_same\xbd\tier1\images\hurricane-michael_00000419_pre_disaster.png,D:\UNI\DLSS\satellite-disaster-damage-mapping\data_same\xbd\tier1\images\hurricane-michael_00000419_post_disaster.png,D:\UNI\DLSS\satellite-disaster-damage-mapping\data_same\xbd\tier1\labels\hurricane-michael_00000419_post_disaster.json
hurricane-michael_00000422,hurricane-michael,tier1,train,111,D:\UNI\DLSS\satellite-disaster-damage-mapping\data_same\xbd\tier1\images\hurricane-michael_00000422_pre_disaster.png,D:\UNI\DLSS\satellite-disaster-damage-mapping\data_same\xbd\tier1\images\hurricane-michael_00000422_post_disaster.png,D:\UNI\DLSS\satellite-disaster-damage-mapping\data_same\xbd\tier1\labels\hurricane-michael_00000422_post_disaster.json
hurricane-michael_00000424,hurricane-michael,tier1,train,112,D:\UNI\DLSS\satellite-disaster-damage-mapping\data_same\xbd\tier1\images\hurricane-michael_00000424_pre_disaster.png,D:\UNI\DLSS\satellite-disaster-damage-mapping\data_same\xbd\tier1\images\hurricane-michael_00000424_post_disaster.png,D:\UNI\DLSS\satellite-disaster-damage-mapping\data_same\xbd\tier1\labels\hurricane-michael_00000424_post_disaster.json
hurricane-michael_00000435,hurricane-michael,tier1,train,33,D:\UNI\DLSS\satellite-disaster-damage-mapping\data_same\xbd\tier1\images\hurricane-michael_00000435_pre_disaster.png,D:\UNI\DLSS\satellite-disaster-damage-mapping\data_same\xbd\tier1\images\hurricane-michael_00000435_post_disaster.png,D:\UNI\DLSS\satellite-disaster-damage-mapping\data_same\xbd\tier1\labels\hurricane-michael_00000435_post_disaster.json
hurricane-michael_00000439,hurricane-michael,tier1,train,38,D:\UNI\DLSS\satellite-disaster-damage-mapping\data_same\xbd\tier1\images\hurricane-michael_00000439_pre_disaster.png,D:\UNI\DLSS\satellite-disaster-damage-mapping\data_same\xbd\tier1\images\hurricane-michael_00000439_post_disaster.png,D:\UNI\DLSS\satellite-disaster-damage-mapping\data_same\xbd\tier1\labels\hurricane-michael_00000439_post_disaster.json
hurricane-michael_00000451,hurricane-michael,tier1,train,152,D:\UNI\DLSS\satellite-disaster-damage-mapping\data_same\xbd\tier1\images\hurricane-michael_00000451_pre_disaster.png,D:\UNI\DLSS\satellite-disaster-damage-mapping\data_same\xbd\tier1\images\hurricane-michael_00000451_post_disaster.png,D:\UNI\DLSS\satellite-disaster-damage-mapping\data_same\xbd\tier1\labels\hurricane-michael_00000451_post_disaster.json
hurricane-michael_00000454,hurricane-michael,tier1,train,48,D:\UNI\DLSS\satellite-disaster-damage-mapping\data_same\xbd\tier1\images\hurricane-michael_00000454_pre_disaster.png,D:\UNI\DLSS\satellite-disaster-damage-mapping\data_same\xbd\tier1\images\hurricane-michael_00000454_post_disaster.png,D:\UNI\DLSS\satellite-disaster-damage-mapping\data_same\xbd\tier1\labels\hurricane-michael_00000454_post_disaster.json
hurricane-michael_00000462,hurricane-michael,tier1,train,208,D:\UNI\DLSS\satellite-disaster-damage-mapping\data_same\xbd\tier1\images\hurricane-michael_00000462_pre_disaster.png,D:\UNI\DLSS\satellite-disaster-damage-mapping\data_same\xbd\tier1\images\hurricane-michael_00000462_post_disaster.png,D:\UNI\DLSS\satellite-disaster-damage-mapping\data_same\xbd\tier1\labels\hurricane-michael_00000462_post_disaster.json
hurricane-michael_00000473,hurricane-michael,tier1,train,85,D:\UNI\DLSS\satellite-disaster-damage-mapping\data_same\xbd\tier1\images\hurricane-michael_00000473_pre_disaster.png,D:\UNI\DLSS\satellite-disaster-damage-mapping\data_same\xbd\tier1\images\hurricane-michael_00000473_post_disaster.png,D:\UNI\DLSS\satellite-disaster-damage-mapping\data_same\xbd\tier1\labels\hurricane-michael_00000473_post_disaster.json
hurricane-michael_00000476,hurricane-michael,tier1,train,119,D:\UNI\DLSS\satellite-disaster-damage-mapping\data_same\xbd\tier1\images\hurricane-michael_00000476_pre_disaster.png,D:\UNI\DLSS\satellite-disaster-damage-mapping\data_same\xbd\tier1\images\hurricane-michael_00000476_post_disaster.png,D:\UNI\DLSS\satellite-disaster-damage-mapping\data_same\xbd\tier1\labels\hurricane-michael_00000476_post_disaster.json
hurricane-michael_00000479,hurricane-michael,tier1,train,103,D:\UNI\DLSS\satellite-disaster-damage-mapping\data_same\xbd\tier1\images\hurricane-michael_00000479_pre_disaster.png,D:\UNI\DLSS\satellite-disaster-damage-mapping\data_same\xbd\tier1\images\hurricane-michael_00000479_post_disaster.png,D:\UNI\DLSS\satellite-disaster-damage-mapping\data_same\xbd\tier1\labels\hurricane-michael_00000479_post_disaster.json
hurricane-michael_00000480,hurricane-michael,tier1,train,92,D:\UNI\DLSS\satellite-disaster-damage-mapping\data_same\xbd\tier1\images\hurricane-michael_00000480_pre_disaster.png,D:\UNI\DLSS\satellite-disaster-damage-mapping\data_same\xbd\tier1\images\hurricane-michael_00000480_post_disaster.png,D:\UNI\DLSS\satellite-disaster-damage-mapping\data_same\xbd\tier1\labels\hurricane-michael_00000480_post_disaster.json
hurricane-michael_00000490,hurricane-michael,tier1,train,42,D:\UNI\DLSS\satellite-disaster-damage-mapping\data_same\xbd\tier1\images\hurricane-michael_00000490_pre_disaster.png,D:\UNI\DLSS\satellite-disaster-damage-mapping\data_same\xbd\tier1\images\hurricane-michael_00000490_post_disaster.png,D:\UNI\DLSS\satellite-disaster-damage-mapping\data_same\xbd\tier1\labels\hurricane-michael_00000490_post_disaster.json
hurricane-michael_00000492,hurricane-michael,tier1,train,54,D:\UNI\DLSS\satellite-disaster-damage-mapping\data_same\xbd\tier1\images\hurricane-michael_00000492_pre_disaster.png,D:\UNI\DLSS\satellite-disaster-damage-mapping\data_same\xbd\tier1\images\hurricane-michael_00000492_post_disaster.png,D:\UNI\DLSS\satellite-disaster-damage-mapping\data_same\xbd\tier1\labels\hurricane-michael_00000492_post_disaster.json
hurricane-michael_00000494,hurricane-michael,tier1,train,109,D:\UNI\DLSS\satellite-disaster-damage-mapping\data_same\xbd\tier1\images\hurricane-michael_00000494_pre_disaster.png,D:\UNI\DLSS\satellite-disaster-damage-mapping\data_same\xbd\tier1\images\hurricane-michael_00000494_post_disaster.png,D:\UNI\DLSS\satellite-disaster-damage-mapping\data_same\xbd\tier1\labels\hurricane-michael_00000494_post_disaster.json
hurricane-michael_00000511,hurricane-michael,tier1,train,150,D:\UNI\DLSS\satellite-disaster-damage-mapping\data_same\xbd\tier1\images\hurricane-michael_00000511_pre_disaster.png,D:\UNI\DLSS\satellite-disaster-damage-mapping\data_same\xbd\tier1\images\hurricane-michael_00000511_post_disaster.png,D:\UNI\DLSS\satellite-disaster-damage-mapping\data_same\xbd\tier1\labels\hurricane-michael_00000511_post_disaster.json
hurricane-michael_00000517,hurricane-michael,tier1,train,159,D:\UNI\DLSS\satellite-disaster-damage-mapping\data_same\xbd\tier1\images\hurricane-michael_00000517_pre_disaster.png,D:\UNI\DLSS\satellite-disaster-damage-mapping\data_same\xbd\tier1\images\hurricane-michael_00000517_post_disaster.png,D:\UNI\DLSS\satellite-disaster-damage-mapping\data_same\xbd\tier1\labels\hurricane-michael_00000517_post_disaster.json
hurricane-michael_00000523,hurricane-michael,tier1,train,196,D:\UNI\DLSS\satellite-disaster-damage-mapping\data_same\xbd\tier1\images\hurricane-michael_00000523_pre_disaster.png,D:\UNI\DLSS\satellite-disaster-damage-mapping\data_same\xbd\tier1\images\hurricane-michael_00000523_post_disaster.png,D:\UNI\DLSS\satellite-disaster-damage-mapping\data_same\xbd\tier1\labels\hurricane-michael_00000523_post_disaster.json
hurricane-michael_00000546,hurricane-michael,tier1,train,83,D:\UNI\DLSS\satellite-disaster-damage-mapping\data_same\xbd\tier1\images\hurricane-michael_00000546_pre_disaster.png,D:\UNI\DLSS\satellite-disaster-damage-mapping\data_same\xbd\tier1\images\hurricane-michael_00000546_post_disaster.png,D:\UNI\DLSS\satellite-disaster-damage-mapping\data_same\xbd\tier1\labels\hurricane-michael_00000546_post_disaster.json
hurricane-michael_00000547,hurricane-michael,tier1,train,20,D:\UNI\DLSS\satellite-disaster-damage-mapping\data_same\xbd\tier1\images\hurricane-michael_00000547_pre_disaster.png,D:\UNI\DLSS\satellite-disaster-damage-mapping\data_same\xbd\tier1\images\hurricane-michael_00000547_post_disaster.png,D:\UNI\DLSS\satellite-disaster-damage-mapping\data_same\xbd\tier1\labels\hurricane-michael_00000547_post_disaster.json
joplin-tornado_00000000,joplin-tornado,tier3,train,162,D:\UNI\DLSS\satellite-disaster-damage-mapping\data_same\xbd\tier3\images\joplin-tornado_00000000_pre_disaster.png,D:\UNI\DLSS\satellite-disaster-damage-mapping\data_same\xbd\tier3\images\joplin-tornado_00000000_post_disaster.png,D:\UNI\DLSS\satellite-disaster-damage-mapping\data_same\xbd\tier3\labels\joplin-tornado_00000000_post_disaster.json
joplin-tornado_00000005,joplin-tornado,tier3,train,32,D:\UNI\DLSS\satellite-disaster-damage-mapping\data_same\xbd\tier3\images\joplin-tornado_00000005_pre_disaster.png,D:\UNI\DLSS\satellite-disaster-damage-mapping\data_same\xbd\tier3\images\joplin-tornado_00000005_post_disaster.png,D:\UNI\DLSS\satellite-disaster-damage-mapping\data_same\xbd\tier3\labels\joplin-tornado_00000005_post_disaster.json
joplin-tornado_00000011,joplin-tornado,tier3,train,85,D:\UNI\DLSS\satellite-disaster-damage-mapping\data_same\xbd\tier3\images\joplin-tornado_00000011_pre_disaster.png,D:\UNI\DLSS\satellite-disaster-damage-mapping\data_same\xbd\tier3\images\joplin-tornado_00000011_post_disaster.png,D:\UNI\DLSS\satellite-disaster-damage-mapping\data_same\xbd\tier3\labels\joplin-tornado_00000011_post_disaster.json
joplin-tornado_00000012,joplin-tornado,tier3,train,35,D:\UNI\DLSS\satellite-disaster-damage-mapping\data_same\xbd\tier3\images\joplin-tornado_00000012_pre_disaster.png,D:\UNI\DLSS\satellite-disaster-damage-mapping\data_same\xbd\tier3\images\joplin-tornado_00000012_post_disaster.png,D:\UNI\DLSS\satellite-disaster-damage-mapping\data_same\xbd\tier3\labels\joplin-tornado_00000012_post_disaster.json
joplin-tornado_00000013,joplin-tornado,tier3,train,5,D:\UNI\DLSS\satellite-disaster-damage-mapping\data_same\xbd\tier3\images\joplin-tornado_00000013_pre_disaster.png,D:\UNI\DLSS\satellite-disaster-damage-mapping\data_same\xbd\tier3\images\joplin-tornado_00000013_post_disaster.png,D:\UNI\DLSS\satellite-disaster-damage-mapping\data_same\xbd\tier3\labels\joplin-tornado_00000013_post_disaster.json
joplin-tornado_00000016,joplin-tornado,tier3,train,153,D:\UNI\DLSS\satellite-disaster-damage-mapping\data_same\xbd\tier3\images\joplin-tornado_00000016_pre_disaster.png,D:\UNI\DLSS\satellite-disaster-damage-mapping\data_same\xbd\tier3\images\joplin-tornado_00000016_post_disaster.png,D:\UNI\DLSS\satellite-disaster-damage-mapping\data_same\xbd\tier3\labels\joplin-tornado_00000016_post_disaster.json
joplin-tornado_00000020,joplin-tornado,tier3,train,45,D:\UNI\DLSS\satellite-disaster-damage-mapping\data_same\xbd\tier3\images\joplin-tornado_00000020_pre_disaster.png,D:\UNI\DLSS\satellite-disaster-damage-mapping\data_same\xbd\tier3\images\joplin-tornado_00000020_post_disaster.png,D:\UNI\DLSS\satellite-disaster-damage-mapping\data_same\xbd\tier3\labels\joplin-tornado_00000020_post_disaster.json
joplin-tornado_00000022,joplin-tornado,tier3,train,6,D:\UNI\DLSS\satellite-disaster-damage-mapping\data_same\xbd\tier3\images\joplin-tornado_00000022_pre_disaster.png,D:\UNI\DLSS\satellite-disaster-damage-mapping\data_same\xbd\tier3\images\joplin-tornado_00000022_post_disaster.png,D:\UNI\DLSS\satellite-disaster-damage-mapping\data_same\xbd\tier3\labels\joplin-tornado_00000022_post_disaster.json
joplin-tornado_00000028,joplin-tornado,tier3,train,382,D:\UNI\DLSS\satellite-disaster-damage-mapping\data_same\xbd\tier3\images\joplin-tornado_00000028_pre_disaster.png,D:\UNI\DLSS\satellite-disaster-damage-mapping\data_same\xbd\tier3\images\joplin-tornado_00000028_post_disaster.png,D:\UNI\DLSS\satellite-disaster-damage-mapping\data_same\xbd\tier3\labels\joplin-tornado_00000028_post_disaster.json
joplin-tornado_00000030,joplin-tornado,tier3,train,22,D:\UNI\DLSS\satellite-disaster-damage-mapping\data_same\xbd\tier3\images\joplin-tornado_00000030_pre_disaster.png,D:\UNI\DLSS\satellite-disaster-damage-mapping\data_same\xbd\tier3\images\joplin-tornado_00000030_post_disaster.png,D:\UNI\DLSS\satellite-disaster-damage-mapping\data_same\xbd\tier3\labels\joplin-tornado_00000030_post_disaster.json
joplin-tornado_00000032,joplin-tornado,tier3,train,10,D:\UNI\DLSS\satellite-disaster-damage-mapping\data_same\xbd\tier3\images\joplin-tornado_00000032_pre_disaster.png,D:\UNI\DLSS\satellite-disaster-damage-mapping\data_same\xbd\tier3\images\joplin-tornado_00000032_post_disaster.png,D:\UNI\DLSS\satellite-disaster-damage-mapping\data_same\xbd\tier3\labels\joplin-tornado_00000032_post_disaster.json
joplin-tornado_00000033,joplin-tornado,tier3,train,236,D:\UNI\DLSS\satellite-disaster-damage-mapping\data_same\xbd\tier3\images\joplin-tornado_00000033_pre_disaster.png,D:\UNI\DLSS\satellite-disaster-damage-mapping\data_same\xbd\tier3\images\joplin-tornado_00000033_post_disaster.png,D:\UNI\DLSS\satellite-disaster-damage-mapping\data_same\xbd\tier3\labels\joplin-tornado_00000033_post_disaster.json
joplin-tornado_00000039,joplin-tornado,tier3,train,248,D:\UNI\DLSS\satellite-disaster-damage-mapping\data_same\xbd\tier3\images\joplin-tornado_00000039_pre_disaster.png,D:\UNI\DLSS\satellite-disaster-damage-mapping\data_same\xbd\tier3\images\joplin-tornado_00000039_post_disaster.png,D:\UNI\DLSS\satellite-disaster-damage-mapping\data_same\xbd\tier3\labels\joplin-tornado_00000039_post_disaster.json
joplin-tornado_00000044,joplin-tornado,tier3,train,92,D:\UNI\DLSS\satellite-disaster-damage-mapping\data_same\xbd\tier3\images\joplin-tornado_00000044_pre_disaster.png,D:\UNI\DLSS\satellite-disaster-damage-mapping\data_same\xbd\tier3\images\joplin-tornado_00000044_post_disaster.png,D:\UNI\DLSS\satellite-disaster-damage-mapping\data_same\xbd\tier3\labels\joplin-tornado_00000044_post_disaster.json
joplin-tornado_00000048,joplin-tornado,tier3,train,78,D:\UNI\DLSS\satellite-disaster-damage-mapping\data_same\xbd\tier3\images\joplin-tornado_00000048_pre_disaster.png,D:\UNI\DLSS\satellite-disaster-damage-mapping\data_same\xbd\tier3\images\joplin-tornado_00000048_post_disaster.png,D:\UNI\DLSS\satellite-disaster-damage-mapping\data_same\xbd\tier3\labels\joplin-tornado_00000048_post_disaster.json
joplin-tornado_00000050,joplin-tornado,tier3,train,14,D:\UNI\DLSS\satellite-disaster-damage-mapping\data_same\xbd\tier3\images\joplin-tornado_00000050_pre_disaster.png,D:\UNI\DLSS\satellite-disaster-damage-mapping\data_same\xbd\tier3\images\joplin-tornado_00000050_post_disaster.png,D:\UNI\DLSS\satellite-disaster-damage-mapping\data_same\xbd\tier3\labels\joplin-tornado_00000050_post_disaster.json
joplin-tornado_00000053,joplin-tornado,tier3,train,80,D:\UNI\DLSS\satellite-disaster-damage-mapping\data_same\xbd\tier3\images\joplin-tornado_00000053_pre_disaster.png,D:\UNI\DLSS\satellite-disaster-damage-mapping\data_same\xbd\tier3\images\joplin-tornado_00000053_post_disaster.png,D:\UNI\DLSS\satellite-disaster-damage-mapping\data_same\xbd\tier3\labels\joplin-tornado_00000053_post_disaster.json
joplin-tornado_00000054,joplin-tornado,tier3,train,22,D:\UNI\DLSS\satellite-disaster-damage-mapping\data_same\xbd\tier3\images\joplin-tornado_00000054_pre_disaster.png,D:\UNI\DLSS\satellite-disaster-damage-mapping\data_same\xbd\tier3\images\joplin-tornado_00000054_post_disaster.png,D:\UNI\DLSS\satellite-disaster-damage-mapping\data_same\xbd\tier3\labels\joplin-tornado_00000054_post_disaster.json
joplin-tornado_00000056,joplin-tornado,tier3,train,20,D:\UNI\DLSS\satellite-disaster-damage-mapping\data_same\xbd\tier3\images\joplin-tornado_00000056_pre_disaster.png,D:\UNI\DLSS\satellite-disaster-damage-mapping\data_same\xbd\tier3\images\joplin-tornado_00000056_post_disaster.png,D:\UNI\DLSS\satellite-disaster-damage-mapping\data_same\xbd\tier3\labels\joplin-tornado_00000056_post_disaster.json
joplin-tornado_00000065,joplin-tornado,tier3,train,36,D:\UNI\DLSS\satellite-disaster-damage-mapping\data_same\xbd\tier3\images\joplin-tornado_00000065_pre_disaster.png,D:\UNI\DLSS\satellite-disaster-damage-mapping\data_same\xbd\tier3\images\joplin-tornado_00000065_post_disaster.png,D:\UNI\DLSS\satellite-disaster-damage-mapping\data_same\xbd\tier3\labels\joplin-tornado_00000065_post_disaster.json
joplin-tornado_00000073,joplin-tornado,tier3,train,89,D:\UNI\DLSS\satellite-disaster-damage-mapping\data_same\xbd\tier3\images\joplin-tornado_00000073_pre_disaster.png,D:\UNI\DLSS\satellite-disaster-damage-mapping\data_same\xbd\tier3\images\joplin-tornado_00000073_post_disaster.png,D:\UNI\DLSS\satellite-disaster-damage-mapping\data_same\xbd\tier3\labels\joplin-tornado_00000073_post_disaster.json
joplin-tornado_00000075,joplin-tornado,tier3,train,68,D:\UNI\DLSS\satellite-disaster-damage-mapping\data_same\xbd\tier3\images\joplin-tornado_00000075_pre_disaster.png,D:\UNI\DLSS\satellite-disaster-damage-mapping\data_same\xbd\tier3\images\joplin-tornado_00000075_post_disaster.png,D:\UNI\DLSS\satellite-disaster-damage-mapping\data_same\xbd\tier3\labels\joplin-tornado_00000075_post_disaster.json
joplin-tornado_00000079,joplin-tornado,tier3,train,119,D:\UNI\DLSS\satellite-disaster-damage-mapping\data_same\xbd\tier3\images\joplin-tornado_00000079_pre_disaster.png,D:\UNI\DLSS\satellite-disaster-damage-mapping\data_same\xbd\tier3\images\joplin-tornado_00000079_post_disaster.png,D:\UNI\DLSS\satellite-disaster-damage-mapping\data_same\xbd\tier3\labels\joplin-tornado_00000079_post_disaster.json
joplin-tornado_00000081,joplin-tornado,tier3,train,82,D:\UNI\DLSS\satellite-disaster-damage-mapping\data_same\xbd\tier3\images\joplin-tornado_00000081_pre_disaster.png,D:\UNI\DLSS\satellite-disaster-damage-mapping\data_same\xbd\tier3\images\joplin-tornado_00000081_post_disaster.png,D:\UNI\DLSS\satellite-disaster-damage-mapping\data_same\xbd\tier3\labels\joplin-tornado_00000081_post_disaster.json
joplin-tornado_00000089,joplin-tornado,tier3,train,103,D:\UNI\DLSS\satellite-disaster-damage-mapping\data_same\xbd\tier3\images\joplin-tornado_00000089_pre_disaster.png,D:\UNI\DLSS\satellite-disaster-damage-mapping\data_same\xbd\tier3\images\joplin-tornado_00000089_post_disaster.png,D:\UNI\DLSS\satellite-disaster-damage-mapping\data_same\xbd\tier3\labels\joplin-tornado_00000089_post_disaster.json
joplin-tornado_00000090,joplin-tornado,tier3,train,55,D:\UNI\DLSS\satellite-disaster-damage-mapping\data_same\xbd\tier3\images\joplin-tornado_00000090_pre_disaster.png,D:\UNI\DLSS\satellite-disaster-damage-mapping\data_same\xbd\tier3\images\joplin-tornado_00000090_post_disaster.png,D:\UNI\DLSS\satellite-disaster-damage-mapping\data_same\xbd\tier3\labels\joplin-tornado_00000090_post_disaster.json
joplin-tornado_00000091,joplin-tornado,tier3,train,105,D:\UNI\DLSS\satellite-disaster-damage-mapping\data_same\xbd\tier3\images\joplin-tornado_00000091_pre_disaster.png,D:\UNI\DLSS\satellite-disaster-damage-mapping\data_same\xbd\tier3\images\joplin-tornado_00000091_post_disaster.png,D:\UNI\DLSS\satellite-disaster-damage-mapping\data_same\xbd\tier3\labels\joplin-tornado_00000091_post_disaster.json
joplin-tornado_00000093,joplin-tornado,tier3,train,18,D:\UNI\DLSS\satellite-disaster-damage-mapping\data_same\xbd\tier3\images\joplin-tornado_00000093_pre_disaster.png,D:\UNI\DLSS\satellite-disaster-damage-mapping\data_same\xbd\tier3\images\joplin-tornado_00000093_post_disaster.png,D:\UNI\DLSS\satellite-disaster-damage-mapping\data_same\xbd\tier3\labels\joplin-tornado_00000093_post_disaster.json
joplin-tornado_00000094,joplin-tornado,tier3,train,145,D:\UNI\DLSS\satellite-disaster-damage-mapping\data_same\xbd\tier3\images\joplin-tornado_00000094_pre_disaster.png,D:\UNI\DLSS\satellite-disaster-damage-mapping\data_same\xbd\tier3\images\joplin-tornado_00000094_post_disaster.png,D:\UNI\DLSS\satellite-disaster-damage-mapping\data_same\xbd\tier3\labels\joplin-tornado_00000094_post_disaster.json
joplin-tornado_00000105,joplin-tornado,tier3,train,46,D:\UNI\DLSS\satellite-disaster-damage-mapping\data_same\xbd\tier3\images\joplin-tornado_00000105_pre_disaster.png,D:\UNI\DLSS\satellite-disaster-damage-mapping\data_same\xbd\tier3\images\joplin-tornado_00000105_post_disaster.png,D:\UNI\DLSS\satellite-disaster-damage-mapping\data_same\xbd\tier3\labels\joplin-tornado_00000105_post_disaster.json
joplin-tornado_00000108,joplin-tornado,tier3,train,62,D:\UNI\DLSS\satellite-disaster-damage-mapping\data_same\xbd\tier3\images\joplin-tornado_00000108_pre_disaster.png,D:\UNI\DLSS\satellite-disaster-damage-mapping\data_same\xbd\tier3\images\joplin-tornado_00000108_post_disaster.png,D:\UNI\DLSS\satellite-disaster-damage-mapping\data_same\xbd\tier3\labels\joplin-tornado_00000108_post_disaster.json
joplin-tornado_00000109,joplin-tornado,tier3,train,12,D:\UNI\DLSS\satellite-disaster-damage-mapping\data_same\xbd\tier3\images\joplin-tornado_00000109_pre_disaster.png,D:\UNI\DLSS\satellite-disaster-damage-mapping\data_same\xbd\tier3\images\joplin-tornado_00000109_post_disaster.png,D:\UNI\DLSS\satellite-disaster-damage-mapping\data_same\xbd\tier3\labels\joplin-tornado_00000109_post_disaster.json
joplin-tornado_00000110,joplin-tornado,tier3,train,182,D:\UNI\DLSS\satellite-disaster-damage-mapping\data_same\xbd\tier3\images\joplin-tornado_00000110_pre_disaster.png,D:\UNI\DLSS\satellite-disaster-damage-mapping\data_same\xbd\tier3\images\joplin-tornado_00000110_post_disaster.png,D:\UNI\DLSS\satellite-disaster-damage-mapping\data_same\xbd\tier3\labels\joplin-tornado_00000110_post_disaster.json
joplin-tornado_00000111,joplin-tornado,tier3,train,15,D:\UNI\DLSS\satellite-disaster-damage-mapping\data_same\xbd\tier3\images\joplin-tornado_00000111_pre_disaster.png,D:\UNI\DLSS\satellite-disaster-damage-mapping\data_same\xbd\tier3\images\joplin-tornado_00000111_post_disaster.png,D:\UNI\DLSS\satellite-disaster-damage-mapping\data_same\xbd\tier3\labels\joplin-tornado_00000111_post_disaster.json
joplin-tornado_00000114,joplin-tornado,tier3,train,252,D:\UNI\DLSS\satellite-disaster-damage-mapping\data_same\xbd\tier3\images\joplin-tornado_00000114_pre_disaster.png,D:\UNI\DLSS\satellite-disaster-damage-mapping\data_same\xbd\tier3\images\joplin-tornado_00000114_post_disaster.png,D:\UNI\DLSS\satellite-disaster-damage-mapping\data_same\xbd\tier3\labels\joplin-tornado_00000114_post_disaster.json
joplin-tornado_00000122,joplin-tornado,tier3,train,95,D:\UNI\DLSS\satellite-disaster-damage-mapping\data_same\xbd\tier3\images\joplin-tornado_00000122_pre_disaster.png,D:\UNI\DLSS\satellite-disaster-damage-mapping\data_same\xbd\tier3\images\joplin-tornado_00000122_post_disaster.png,D:\UNI\DLSS\satellite-disaster-damage-mapping\data_same\xbd\tier3\labels\joplin-tornado_00000122_post_disaster.json
joplin-tornado_00000123,joplin-tornado,tier3,train,115,D:\UNI\DLSS\satellite-disaster-damage-mapping\data_same\xbd\tier3\images\joplin-tornado_00000123_pre_disaster.png,D:\UNI\DLSS\satellite-disaster-damage-mapping\data_same\xbd\tier3\images\joplin-tornado_00000123_post_disaster.png,D:\UNI\DLSS\satellite-disaster-damage-mapping\data_same\xbd\tier3\labels\joplin-tornado_00000123_post_disaster.json
joplin-tornado_00000130,joplin-tornado,tier3,train,161,D:\UNI\DLSS\satellite-disaster-damage-mapping\data_same\xbd\tier3\images\joplin-tornado_00000130_pre_disaster.png,D:\UNI\DLSS\satellite-disaster-damage-mapping\data_same\xbd\tier3\images\joplin-tornado_00000130_post_disaster.png,D:\UNI\DLSS\satellite-disaster-damage-mapping\data_same\xbd\tier3\labels\joplin-tornado_00000130_post_disaster.json
joplin-tornado_00000131,joplin-tornado,tier3,train,31,D:\UNI\DLSS\satellite-disaster-damage-mapping\data_same\xbd\tier3\images\joplin-tornado_00000131_pre_disaster.png,D:\UNI\DLSS\satellite-disaster-damage-mapping\data_same\xbd\tier3\images\joplin-tornado_00000131_post_disaster.png,D:\UNI\DLSS\satellite-disaster-damage-mapping\data_same\xbd\tier3\labels\joplin-tornado_00000131_post_disaster.json
joplin-tornado_00000134,joplin-tornado,tier3,train,87,D:\UNI\DLSS\satellite-disaster-damage-mapping\data_same\xbd\tier3\images\joplin-tornado_00000134_pre_disaster.png,D:\UNI\DLSS\satellite-disaster-damage-mapping\data_same\xbd\tier3\images\joplin-tornado_00000134_post_disaster.png,D:\UNI\DLSS\satellite-disaster-damage-mapping\data_same\xbd\tier3\labels\joplin-tornado_00000134_post_disaster.json
joplin-tornado_00000142,joplin-tornado,tier3,train,127,D:\UNI\DLSS\satellite-disaster-damage-mapping\data_same\xbd\tier3\images\joplin-tornado_00000142_pre_disaster.png,D:\UNI\DLSS\satellite-disaster-damage-mapping\data_same\xbd\tier3\images\joplin-tornado_00000142_post_disaster.png,D:\UNI\DLSS\satellite-disaster-damage-mapping\data_same\xbd\tier3\labels\joplin-tornado_00000142_post_disaster.json
joplin-tornado_00000147,joplin-tornado,tier3,train,347,D:\UNI\DLSS\satellite-disaster-damage-mapping\data_same\xbd\tier3\images\joplin-tornado_00000147_pre_disaster.png,D:\UNI\DLSS\satellite-disaster-damage-mapping\data_same\xbd\tier3\images\joplin-tornado_00000147_post_disaster.png,D:\UNI\DLSS\satellite-disaster-damage-mapping\data_same\xbd\tier3\labels\joplin-tornado_00000147_post_disaster.json
lower-puna-volcano_00000001,lower-puna-volcano,tier3,train,5,D:\UNI\DLSS\satellite-disaster-damage-mapping\data_same\xbd\tier3\images\lower-puna-volcano_00000001_pre_disaster.png,D:\UNI\DLSS\satellite-disaster-damage-mapping\data_same\xbd\tier3\images\lower-puna-volcano_00000001_post_disaster.png,D:\UNI\DLSS\satellite-disaster-damage-mapping\data_same\xbd\tier3\labels\lower-puna-volcano_00000001_post_disaster.json
lower-puna-volcano_00000021,lower-puna-volcano,tier3,train,14,D:\UNI\DLSS\satellite-disaster-damage-mapping\data_same\xbd\tier3\images\lower-puna-volcano_00000021_pre_disaster.png,D:\UNI\DLSS\satellite-disaster-damage-mapping\data_same\xbd\tier3\images\lower-puna-volcano_00000021_post_disaster.png,D:\UNI\DLSS\satellite-disaster-damage-mapping\data_same\xbd\tier3\labels\lower-puna-volcano_00000021_post_disaster.json
lower-puna-volcano_00000036,lower-puna-volcano,tier3,train,20,D:\UNI\DLSS\satellite-disaster-damage-mapping\data_same\xbd\tier3\images\lower-puna-volcano_00000036_pre_disaster.png,D:\UNI\DLSS\satellite-disaster-damage-mapping\data_same\xbd\tier3\images\lower-puna-volcano_00000036_post_disaster.png,D:\UNI\DLSS\satellite-disaster-damage-mapping\data_same\xbd\tier3\labels\lower-puna-volcano_00000036_post_disaster.json
lower-puna-volcano_00000037,lower-puna-volcano,tier3,train,36,D:\UNI\DLSS\satellite-disaster-damage-mapping\data_same\xbd\tier3\images\lower-puna-volcano_00000037_pre_disaster.png,D:\UNI\DLSS\satellite-disaster-damage-mapping\data_same\xbd\tier3\images\lower-puna-volcano_00000037_post_disaster.png,D:\UNI\DLSS\satellite-disaster-damage-mapping\data_same\xbd\tier3\labels\lower-puna-volcano_00000037_post_disaster.json
lower-puna-volcano_00000044,lower-puna-volcano,tier3,train,5,D:\UNI\DLSS\satellite-disaster-damage-mapping\data_same\xbd\tier3\images\lower-puna-volcano_00000044_pre_disaster.png,D:\UNI\DLSS\satellite-disaster-damage-mapping\data_same\xbd\tier3\images\lower-puna-volcano_00000044_post_disaster.png,D:\UNI\DLSS\satellite-disaster-damage-mapping\data_same\xbd\tier3\labels\lower-puna-volcano_00000044_post_disaster.json
lower-puna-volcano_00000047,lower-puna-volcano,tier3,train,31,D:\UNI\DLSS\satellite-disaster-damage-mapping\data_same\xbd\tier3\images\lower-puna-volcano_00000047_pre_disaster.png,D:\UNI\DLSS\satellite-disaster-damage-mapping\data_same\xbd\tier3\images\lower-puna-volcano_00000047_post_disaster.png,D:\UNI\DLSS\satellite-disaster-damage-mapping\data_same\xbd\tier3\labels\lower-puna-volcano_00000047_post_disaster.json
lower-puna-volcano_00000054,lower-puna-volcano,tier3,train,37,D:\UNI\DLSS\satellite-disaster-damage-mapping\data_same\xbd\tier3\images\lower-puna-volcano_00000054_pre_disaster.png,D:\UNI\DLSS\satellite-disaster-damage-mapping\data_same\xbd\tier3\images\lower-puna-volcano_00000054_post_disaster.png,D:\UNI\DLSS\satellite-disaster-damage-mapping\data_same\xbd\tier3\labels\lower-puna-volcano_00000054_post_disaster.json
lower-puna-volcano_00000060,lower-puna-volcano,tier3,train,37,D:\UNI\DLSS\satellite-disaster-damage-mapping\data_same\xbd\tier3\images\lower-puna-volcano_00000060_pre_disaster.png,D:\UNI\DLSS\satellite-disaster-damage-mapping\data_same\xbd\tier3\images\lower-puna-volcano_00000060_post_disaster.png,D:\UNI\DLSS\satellite-disaster-damage-mapping\data_same\xbd\tier3\labels\lower-puna-volcano_00000060_post_disaster.json
lower-puna-volcano_00000071,lower-puna-volcano,tier3,train,8,D:\UNI\DLSS\satellite-disaster-damage-mapping\data_same\xbd\tier3\images\lower-puna-volcano_00000071_pre_disaster.png,D:\UNI\DLSS\satellite-disaster-damage-mapping\data_same\xbd\tier3\images\lower-puna-volcano_00000071_post_disaster.png,D:\UNI\DLSS\satellite-disaster-damage-mapping\data_same\xbd\tier3\labels\lower-puna-volcano_00000071_post_disaster.json
lower-puna-volcano_00000079,lower-puna-volcano,tier3,train,5,D:\UNI\DLSS\satellite-disaster-damage-mapping\data_same\xbd\tier3\images\lower-puna-volcano_00000079_pre_disaster.png,D:\UNI\DLSS\satellite-disaster-damage-mapping\data_same\xbd\tier3\images\lower-puna-volcano_00000079_post_disaster.png,D:\UNI\DLSS\satellite-disaster-damage-mapping\data_same\xbd\tier3\labels\lower-puna-volcano_00000079_post_disaster.json
lower-puna-volcano_00000089,lower-puna-volcano,tier3,train,7,D:\UNI\DLSS\satellite-disaster-damage-mapping\data_same\xbd\tier3\images\lower-puna-volcano_00000089_pre_disaster.png,D:\UNI\DLSS\satellite-disaster-damage-mapping\data_same\xbd\tier3\images\lower-puna-volcano_00000089_post_disaster.png,D:\UNI\DLSS\satellite-disaster-damage-mapping\data_same\xbd\tier3\labels\lower-puna-volcano_00000089_post_disaster.json
lower-puna-volcano_00000091,lower-puna-volcano,tier3,train,48,D:\UNI\DLSS\satellite-disaster-damage-mapping\data_same\xbd\tier3\images\lower-puna-volcano_00000091_pre_disaster.png,D:\UNI\DLSS\satellite-disaster-damage-mapping\data_same\xbd\tier3\images\lower-puna-volcano_00000091_post_disaster.png,D:\UNI\DLSS\satellite-disaster-damage-mapping\data_same\xbd\tier3\labels\lower-puna-volcano_00000091_post_disaster.json
lower-puna-volcano_00000094,lower-puna-volcano,tier3,train,11,D:\UNI\DLSS\satellite-disaster-damage-mapping\data_same\xbd\tier3\images\lower-puna-volcano_00000094_pre_disaster.png,D:\UNI\DLSS\satellite-disaster-damage-mapping\data_same\xbd\tier3\images\lower-puna-volcano_00000094_post_disaster.png,D:\UNI\DLSS\satellite-disaster-damage-mapping\data_same\xbd\tier3\labels\lower-puna-volcano_00000094_post_disaster.json
lower-puna-volcano_00000104,lower-puna-volcano,tier3,train,32,D:\UNI\DLSS\satellite-disaster-damage-mapping\data_same\xbd\tier3\images\lower-puna-volcano_00000104_pre_disaster.png,D:\UNI\DLSS\satellite-disaster-damage-mapping\data_same\xbd\tier3\images\lower-puna-volcano_00000104_post_disaster.png,D:\UNI\DLSS\satellite-disaster-damage-mapping\data_same\xbd\tier3\labels\lower-puna-volcano_00000104_post_disaster.json
lower-puna-volcano_00000118,lower-puna-volcano,tier3,train,8,D:\UNI\DLSS\satellite-disaster-damage-mapping\data_same\xbd\tier3\images\lower-puna-volcano_00000118_pre_disaster.png,D:\UNI\DLSS\satellite-disaster-damage-mapping\data_same\xbd\tier3\images\lower-puna-volcano_00000118_post_disaster.png,D:\UNI\DLSS\satellite-disaster-damage-mapping\data_same\xbd\tier3\labels\lower-puna-volcano_00000118_post_disaster.json
lower-puna-volcano_00000121,lower-puna-volcano,tier3,train,25,D:\UNI\DLSS\satellite-disaster-damage-mapping\data_same\xbd\tier3\images\lower-puna-volcano_00000121_pre_disaster.png,D:\UNI\DLSS\satellite-disaster-damage-mapping\data_same\xbd\tier3\images\lower-puna-volcano_00000121_post_disaster.png,D:\UNI\DLSS\satellite-disaster-damage-mapping\data_same\xbd\tier3\labels\lower-puna-volcano_00000121_post_disaster.json
lower-puna-volcano_00000122,lower-puna-volcano,tier3,train,10,D:\UNI\DLSS\satellite-disaster-damage-mapping\data_same\xbd\tier3\images\lower-puna-volcano_00000122_pre_disaster.png,D:\UNI\DLSS\satellite-disaster-damage-mapping\data_same\xbd\tier3\images\lower-puna-volcano_00000122_post_disaster.png,D:\UNI\DLSS\satellite-disaster-damage-mapping\data_same\xbd\tier3\labels\lower-puna-volcano_00000122_post_disaster.json
lower-puna-volcano_00000127,lower-puna-volcano,tier3,train,21,D:\UNI\DLSS\satellite-disaster-damage-mapping\data_same\xbd\tier3\images\lower-puna-volcano_00000127_pre_disaster.png,D:\UNI\DLSS\satellite-disaster-damage-mapping\data_same\xbd\tier3\images\lower-puna-volcano_00000127_post_disaster.png,D:\UNI\DLSS\satellite-disaster-damage-mapping\data_same\xbd\tier3\labels\lower-puna-volcano_00000127_post_disaster.json
lower-puna-volcano_00000143,lower-puna-volcano,tier3,train,5,D:\UNI\DLSS\satellite-disaster-damage-mapping\data_same\xbd\tier3\images\lower-puna-volcano_00000143_pre_disaster.png,D:\UNI\DLSS\satellite-disaster-damage-mapping\data_same\xbd\tier3\images\lower-puna-volcano_00000143_post_disaster.png,D:\UNI\DLSS\satellite-disaster-damage-mapping\data_same\xbd\tier3\labels\lower-puna-volcano_00000143_post_disaster.json
lower-puna-volcano_00000144,lower-puna-volcano,tier3,train,11,D:\UNI\DLSS\satellite-disaster-damage-mapping\data_same\xbd\tier3\images\lower-puna-volcano_00000144_pre_disaster.png,D:\UNI\DLSS\satellite-disaster-damage-mapping\data_same\xbd\tier3\images\lower-puna-volcano_00000144_post_disaster.png,D:\UNI\DLSS\satellite-disaster-damage-mapping\data_same\xbd\tier3\labels\lower-puna-volcano_00000144_post_disaster.json
lower-puna-volcano_00000157,lower-puna-volcano,tier3,train,18,D:\UNI\DLSS\satellite-disaster-damage-mapping\data_same\xbd\tier3\images\lower-puna-volcano_00000157_pre_disaster.png,D:\UNI\DLSS\satellite-disaster-damage-mapping\data_same\xbd\tier3\images\lower-puna-volcano_00000157_post_disaster.png,D:\UNI\DLSS\satellite-disaster-damage-mapping\data_same\xbd\tier3\labels\lower-puna-volcano_00000157_post_disaster.json
lower-puna-volcano_00000168,lower-puna-volcano,tier3,train,18,D:\UNI\DLSS\satellite-disaster-damage-mapping\data_same\xbd\tier3\images\lower-puna-volcano_00000168_pre_disaster.png,D:\UNI\DLSS\satellite-disaster-damage-mapping\data_same\xbd\tier3\images\lower-puna-volcano_00000168_post_disaster.png,D:\UNI\DLSS\satellite-disaster-damage-mapping\data_same\xbd\tier3\labels\lower-puna-volcano_00000168_post_disaster.json
lower-puna-volcano_00000174,lower-puna-volcano,tier3,train,13,D:\UNI\DLSS\satellite-disaster-damage-mapping\data_same\xbd\tier3\images\lower-puna-volcano_00000174_pre_disaster.png,D:\UNI\DLSS\satellite-disaster-damage-mapping\data_same\xbd\tier3\images\lower-puna-volcano_00000174_post_disaster.png,D:\UNI\DLSS\satellite-disaster-damage-mapping\data_same\xbd\tier3\labels\lower-puna-volcano_00000174_post_disaster.json
lower-puna-volcano_00000179,lower-puna-volcano,tier3,train,17,D:\UNI\DLSS\satellite-disaster-damage-mapping\data_same\xbd\tier3\images\lower-puna-volcano_00000179_pre_disaster.png,D:\UNI\DLSS\satellite-disaster-damage-mapping\data_same\xbd\tier3\images\lower-puna-volcano_00000179_post_disaster.png,D:\UNI\DLSS\satellite-disaster-damage-mapping\data_same\xbd\tier3\labels\lower-puna-volcano_00000179_post_disaster.json
lower-puna-volcano_00000204,lower-puna-volcano,tier3,train,44,D:\UNI\DLSS\satellite-disaster-damage-mapping\data_same\xbd\tier3\images\lower-puna-volcano_00000204_pre_disaster.png,D:\UNI\DLSS\satellite-disaster-damage-mapping\data_same\xbd\tier3\images\lower-puna-volcano_00000204_post_disaster.png,D:\UNI\DLSS\satellite-disaster-damage-mapping\data_same\xbd\tier3\labels\lower-puna-volcano_00000204_post_disaster.json
lower-puna-volcano_00000210,lower-puna-volcano,tier3,train,44,D:\UNI\DLSS\satellite-disaster-damage-mapping\data_same\xbd\tier3\images\lower-puna-volcano_00000210_pre_disaster.png,D:\UNI\DLSS\satellite-disaster-damage-mapping\data_same\xbd\tier3\images\lower-puna-volcano_00000210_post_disaster.png,D:\UNI\DLSS\satellite-disaster-damage-mapping\data_same\xbd\tier3\labels\lower-puna-volcano_00000210_post_disaster.json
lower-puna-volcano_00000215,lower-puna-volcano,tier3,train,27,D:\UNI\DLSS\satellite-disaster-damage-mapping\data_same\xbd\tier3\images\lower-puna-volcano_00000215_pre_disaster.png,D:\UNI\DLSS\satellite-disaster-damage-mapping\data_same\xbd\tier3\images\lower-puna-volcano_00000215_post_disaster.png,D:\UNI\DLSS\satellite-disaster-damage-mapping\data_same\xbd\tier3\labels\lower-puna-volcano_00000215_post_disaster.json
lower-puna-volcano_00000217,lower-puna-volcano,tier3,train,59,D:\UNI\DLSS\satellite-disaster-damage-mapping\data_same\xbd\tier3\images\lower-puna-volcano_00000217_pre_disaster.png,D:\UNI\DLSS\satellite-disaster-damage-mapping\data_same\xbd\tier3\images\lower-puna-volcano_00000217_post_disaster.png,D:\UNI\DLSS\satellite-disaster-damage-mapping\data_same\xbd\tier3\labels\lower-puna-volcano_00000217_post_disaster.json
lower-puna-volcano_00000224,lower-puna-volcano,tier3,train,41,D:\UNI\DLSS\satellite-disaster-damage-mapping\data_same\xbd\tier3\images\lower-puna-volcano_00000224_pre_disaster.png,D:\UNI\DLSS\satellite-disaster-damage-mapping\data_same\xbd\tier3\images\lower-puna-volcano_00000224_post_disaster.png,D:\UNI\DLSS\satellite-disaster-damage-mapping\data_same\xbd\tier3\labels\lower-puna-volcano_00000224_post_disaster.json
lower-puna-volcano_00000231,lower-puna-volcano,tier3,train,34,D:\UNI\DLSS\satellite-disaster-damage-mapping\data_same\xbd\tier3\images\lower-puna-volcano_00000231_pre_disaster.png,D:\UNI\DLSS\satellite-disaster-damage-mapping\data_same\xbd\tier3\images\lower-puna-volcano_00000231_post_disaster.png,D:\UNI\DLSS\satellite-disaster-damage-mapping\data_same\xbd\tier3\labels\lower-puna-volcano_00000231_post_disaster.json
lower-puna-volcano_00000244,lower-puna-volcano,tier3,train,21,D:\UNI\DLSS\satellite-disaster-damage-mapping\data_same\xbd\tier3\images\lower-puna-volcano_00000244_pre_disaster.png,D:\UNI\DLSS\satellite-disaster-damage-mapping\data_same\xbd\tier3\images\lower-puna-volcano_00000244_post_disaster.png,D:\UNI\DLSS\satellite-disaster-damage-mapping\data_same\xbd\tier3\labels\lower-puna-volcano_00000244_post_disaster.json
lower-puna-volcano_00000248,lower-puna-volcano,tier3,train,7,D:\UNI\DLSS\satellite-disaster-damage-mapping\data_same\xbd\tier3\images\lower-puna-volcano_00000248_pre_disaster.png,D:\UNI\DLSS\satellite-disaster-damage-mapping\data_same\xbd\tier3\images\lower-puna-volcano_00000248_post_disaster.png,D:\UNI\DLSS\satellite-disaster-damage-mapping\data_same\xbd\tier3\labels\lower-puna-volcano_00000248_post_disaster.json
lower-puna-volcano_00000260,lower-puna-volcano,tier3,train,10,D:\UNI\DLSS\satellite-disaster-damage-mapping\data_same\xbd\tier3\images\lower-puna-volcano_00000260_pre_disaster.png,D:\UNI\DLSS\satellite-disaster-damage-mapping\data_same\xbd\tier3\images\lower-puna-volcano_00000260_post_disaster.png,D:\UNI\DLSS\satellite-disaster-damage-mapping\data_same\xbd\tier3\labels\lower-puna-volcano_00000260_post_disaster.json
lower-puna-volcano_00000274,lower-puna-volcano,tier3,train,27,D:\UNI\DLSS\satellite-disaster-damage-mapping\data_same\xbd\tier3\images\lower-puna-volcano_00000274_pre_disaster.png,D:\UNI\DLSS\satellite-disaster-damage-mapping\data_same\xbd\tier3\images\lower-puna-volcano_00000274_post_disaster.png,D:\UNI\DLSS\satellite-disaster-damage-mapping\data_same\xbd\tier3\labels\lower-puna-volcano_00000274_post_disaster.json
lower-puna-volcano_00000279,lower-puna-volcano,tier3,train,28,D:\UNI\DLSS\satellite-disaster-damage-mapping\data_same\xbd\tier3\images\lower-puna-volcano_00000279_pre_disaster.png,D:\UNI\DLSS\satellite-disaster-damage-mapping\data_same\xbd\tier3\images\lower-puna-volcano_00000279_post_disaster.png,D:\UNI\DLSS\satellite-disaster-damage-mapping\data_same\xbd\tier3\labels\lower-puna-volcano_00000279_post_disaster.json
lower-puna-volcano_00000289,lower-puna-volcano,tier3,train,5,D:\UNI\DLSS\satellite-disaster-damage-mapping\data_same\xbd\tier3\images\lower-puna-volcano_00000289_pre_disaster.png,D:\UNI\DLSS\satellite-disaster-damage-mapping\data_same\xbd\tier3\images\lower-puna-volcano_00000289_post_disaster.png,D:\UNI\DLSS\satellite-disaster-damage-mapping\data_same\xbd\tier3\labels\lower-puna-volcano_00000289_post_disaster.json
mexico-earthquake_00000000,mexico-earthquake,tier1,train,433,D:\UNI\DLSS\satellite-disaster-damage-mapping\data_same\xbd\tier1\images\mexico-earthquake_00000000_pre_disaster.png,D:\UNI\DLSS\satellite-disaster-damage-mapping\data_same\xbd\tier1\images\mexico-earthquake_00000000_post_disaster.png,D:\UNI\DLSS\satellite-disaster-damage-mapping\data_same\xbd\tier1\labels\mexico-earthquake_00000000_post_disaster.json
mexico-earthquake_00000004,mexico-earthquake,tier1,train,169,D:\UNI\DLSS\satellite-disaster-damage-mapping\data_same\xbd\tier1\images\mexico-earthquake_00000004_pre_disaster.png,D:\UNI\DLSS\satellite-disaster-damage-mapping\data_same\xbd\tier1\images\mexico-earthquake_00000004_post_disaster.png,D:\UNI\DLSS\satellite-disaster-damage-mapping\data_same\xbd\tier1\labels\mexico-earthquake_00000004_post_disaster.json
mexico-earthquake_00000015,mexico-earthquake,tier1,train,52,D:\UNI\DLSS\satellite-disaster-damage-mapping\data_same\xbd\tier1\images\mexico-earthquake_00000015_pre_disaster.png,D:\UNI\DLSS\satellite-disaster-damage-mapping\data_same\xbd\tier1\images\mexico-earthquake_00000015_post_disaster.png,D:\UNI\DLSS\satellite-disaster-damage-mapping\data_same\xbd\tier1\labels\mexico-earthquake_00000015_post_disaster.json
mexico-earthquake_00000017,mexico-earthquake,tier1,train,317,D:\UNI\DLSS\satellite-disaster-damage-mapping\data_same\xbd\tier1\images\mexico-earthquake_00000017_pre_disaster.png,D:\UNI\DLSS\satellite-disaster-damage-mapping\data_same\xbd\tier1\images\mexico-earthquake_00000017_post_disaster.png,D:\UNI\DLSS\satellite-disaster-damage-mapping\data_same\xbd\tier1\labels\mexico-earthquake_00000017_post_disaster.json
mexico-earthquake_00000018,mexico-earthquake,tier1,train,241,D:\UNI\DLSS\satellite-disaster-damage-mapping\data_same\xbd\tier1\images\mexico-earthquake_00000018_pre_disaster.png,D:\UNI\DLSS\satellite-disaster-damage-mapping\data_same\xbd\tier1\images\mexico-earthquake_00000018_post_disaster.png,D:\UNI\DLSS\satellite-disaster-damage-mapping\data_same\xbd\tier1\labels\mexico-earthquake_00000018_post_disaster.json
mexico-earthquake_00000019,mexico-earthquake,tier1,train,247,D:\UNI\DLSS\satellite-disaster-damage-mapping\data_same\xbd\tier1\images\mexico-earthquake_00000019_pre_disaster.png,D:\UNI\DLSS\satellite-disaster-damage-mapping\data_same\xbd\tier1\images\mexico-earthquake_00000019_post_disaster.png,D:\UNI\DLSS\satellite-disaster-damage-mapping\data_same\xbd\tier1\labels\mexico-earthquake_00000019_post_disaster.json
mexico-earthquake_00000023,mexico-earthquake,tier1,train,256,D:\UNI\DLSS\satellite-disaster-damage-mapping\data_same\xbd\tier1\images\mexico-earthquake_00000023_pre_disaster.png,D:\UNI\DLSS\satellite-disaster-damage-mapping\data_same\xbd\tier1\images\mexico-earthquake_00000023_post_disaster.png,D:\UNI\DLSS\satellite-disaster-damage-mapping\data_same\xbd\tier1\labels\mexico-earthquake_00000023_post_disaster.json
mexico-earthquake_00000031,mexico-earthquake,tier1,train,5,D:\UNI\DLSS\satellite-disaster-damage-mapping\data_same\xbd\tier1\images\mexico-earthquake_00000031_pre_disaster.png,D:\UNI\DLSS\satellite-disaster-damage-mapping\data_same\xbd\tier1\images\mexico-earthquake_00000031_post_disaster.png,D:\UNI\DLSS\satellite-disaster-damage-mapping\data_same\xbd\tier1\labels\mexico-earthquake_00000031_post_disaster.json
mexico-earthquake_00000035,mexico-earthquake,tier1,train,172,D:\UNI\DLSS\satellite-disaster-damage-mapping\data_same\xbd\tier1\images\mexico-earthquake_00000035_pre_disaster.png,D:\UNI\DLSS\satellite-disaster-damage-mapping\data_same\xbd\tier1\images\mexico-earthquake_00000035_post_disaster.png,D:\UNI\DLSS\satellite-disaster-damage-mapping\data_same\xbd\tier1\labels\mexico-earthquake_00000035_post_disaster.json
mexico-earthquake_00000041,mexico-earthquake,tier1,train,137,D:\UNI\DLSS\satellite-disaster-damage-mapping\data_same\xbd\tier1\images\mexico-earthquake_00000041_pre_disaster.png,D:\UNI\DLSS\satellite-disaster-damage-mapping\data_same\xbd\tier1\images\mexico-earthquake_00000041_post_disaster.png,D:\UNI\DLSS\satellite-disaster-damage-mapping\data_same\xbd\tier1\labels\mexico-earthquake_00000041_post_disaster.json
mexico-earthquake_00000043,mexico-earthquake,tier1,train,829,D:\UNI\DLSS\satellite-disaster-damage-mapping\data_same\xbd\tier1\images\mexico-earthquake_00000043_pre_disaster.png,D:\UNI\DLSS\satellite-disaster-damage-mapping\data_same\xbd\tier1\images\mexico-earthquake_00000043_post_disaster.png,D:\UNI\DLSS\satellite-disaster-damage-mapping\data_same\xbd\tier1\labels\mexico-earthquake_00000043_post_disaster.json
mexico-earthquake_00000046,mexico-earthquake,tier1,train,74,D:\UNI\DLSS\satellite-disaster-damage-mapping\data_same\xbd\tier1\images\mexico-earthquake_00000046_pre_disaster.png,D:\UNI\DLSS\satellite-disaster-damage-mapping\data_same\xbd\tier1\images\mexico-earthquake_00000046_post_disaster.png,D:\UNI\DLSS\satellite-disaster-damage-mapping\data_same\xbd\tier1\labels\mexico-earthquake_00000046_post_disaster.json
mexico-earthquake_00000047,mexico-earthquake,tier1,train,245,D:\UNI\DLSS\satellite-disaster-damage-mapping\data_same\xbd\tier1\images\mexico-earthquake_00000047_pre_disaster.png,D:\UNI\DLSS\satellite-disaster-damage-mapping\data_same\xbd\tier1\images\mexico-earthquake_00000047_post_disaster.png,D:\UNI\DLSS\satellite-disaster-damage-mapping\data_same\xbd\tier1\labels\mexico-earthquake_00000047_post_disaster.json
mexico-earthquake_00000049,mexico-earthquake,tier1,train,493,D:\UNI\DLSS\satellite-disaster-damage-mapping\data_same\xbd\tier1\images\mexico-earthquake_00000049_pre_disaster.png,D:\UNI\DLSS\satellite-disaster-damage-mapping\data_same\xbd\tier1\images\mexico-earthquake_00000049_post_disaster.png,D:\UNI\DLSS\satellite-disaster-damage-mapping\data_same\xbd\tier1\labels\mexico-earthquake_00000049_post_disaster.json
mexico-earthquake_00000066,mexico-earthquake,tier1,train,23,D:\UNI\DLSS\satellite-disaster-damage-mapping\data_same\xbd\tier1\images\mexico-earthquake_00000066_pre_disaster.png,D:\UNI\DLSS\satellite-disaster-damage-mapping\data_same\xbd\tier1\images\mexico-earthquake_00000066_post_disaster.png,D:\UNI\DLSS\satellite-disaster-damage-mapping\data_same\xbd\tier1\labels\mexico-earthquake_00000066_post_disaster.json
mexico-earthquake_00000068,mexico-earthquake,tier1,train,201,D:\UNI\DLSS\satellite-disaster-damage-mapping\data_same\xbd\tier1\images\mexico-earthquake_00000068_pre_disaster.png,D:\UNI\DLSS\satellite-disaster-damage-mapping\data_same\xbd\tier1\images\mexico-earthquake_00000068_post_disaster.png,D:\UNI\DLSS\satellite-disaster-damage-mapping\data_same\xbd\tier1\labels\mexico-earthquake_00000068_post_disaster.json
mexico-earthquake_00000074,mexico-earthquake,tier1,train,294,D:\UNI\DLSS\satellite-disaster-damage-mapping\data_same\xbd\tier1\images\mexico-earthquake_00000074_pre_disaster.png,D:\UNI\DLSS\satellite-disaster-damage-mapping\data_same\xbd\tier1\images\mexico-earthquake_00000074_post_disaster.png,D:\UNI\DLSS\satellite-disaster-damage-mapping\data_same\xbd\tier1\labels\mexico-earthquake_00000074_post_disaster.json
mexico-earthquake_00000075,mexico-earthquake,tier1,train,44,D:\UNI\DLSS\satellite-disaster-damage-mapping\data_same\xbd\tier1\images\mexico-earthquake_00000075_pre_disaster.png,D:\UNI\DLSS\satellite-disaster-damage-mapping\data_same\xbd\tier1\images\mexico-earthquake_00000075_post_disaster.png,D:\UNI\DLSS\satellite-disaster-damage-mapping\data_same\xbd\tier1\labels\mexico-earthquake_00000075_post_disaster.json
mexico-earthquake_00000079,mexico-earthquake,tier1,train,176,D:\UNI\DLSS\satellite-disaster-damage-mapping\data_same\xbd\tier1\images\mexico-earthquake_00000079_pre_disaster.png,D:\UNI\DLSS\satellite-disaster-damage-mapping\data_same\xbd\tier1\images\mexico-earthquake_00000079_post_disaster.png,D:\UNI\DLSS\satellite-disaster-damage-mapping\data_same\xbd\tier1\labels\mexico-earthquake_00000079_post_disaster.json
mexico-earthquake_00000092,mexico-earthquake,tier1,train,339,D:\UNI\DLSS\satellite-disaster-damage-mapping\data_same\xbd\tier1\images\mexico-earthquake_00000092_pre_disaster.png,D:\UNI\DLSS\satellite-disaster-damage-mapping\data_same\xbd\tier1\images\mexico-earthquake_00000092_post_disaster.png,D:\UNI\DLSS\satellite-disaster-damage-mapping\data_same\xbd\tier1\labels\mexico-earthquake_00000092_post_disaster.json
mexico-earthquake_00000098,mexico-earthquake,tier1,train,208,D:\UNI\DLSS\satellite-disaster-damage-mapping\data_same\xbd\tier1\images\mexico-earthquake_00000098_pre_disaster.png,D:\UNI\DLSS\satellite-disaster-damage-mapping\data_same\xbd\tier1\images\mexico-earthquake_00000098_post_disaster.png,D:\UNI\DLSS\satellite-disaster-damage-mapping\data_same\xbd\tier1\labels\mexico-earthquake_00000098_post_disaster.json
mexico-earthquake_00000111,mexico-earthquake,tier1,train,121,D:\UNI\DLSS\satellite-disaster-damage-mapping\data_same\xbd\tier1\images\mexico-earthquake_00000111_pre_disaster.png,D:\UNI\DLSS\satellite-disaster-damage-mapping\data_same\xbd\tier1\images\mexico-earthquake_00000111_post_disaster.png,D:\UNI\DLSS\satellite-disaster-damage-mapping\data_same\xbd\tier1\labels\mexico-earthquake_00000111_post_disaster.json
mexico-earthquake_00000112,mexico-earthquake,tier1,train,714,D:\UNI\DLSS\satellite-disaster-damage-mapping\data_same\xbd\tier1\images\mexico-earthquake_00000112_pre_disaster.png,D:\UNI\DLSS\satellite-disaster-damage-mapping\data_same\xbd\tier1\images\mexico-earthquake_00000112_post_disaster.png,D:\UNI\DLSS\satellite-disaster-damage-mapping\data_same\xbd\tier1\labels\mexico-earthquake_00000112_post_disaster.json
mexico-earthquake_00000126,mexico-earthquake,tier1,train,276,D:\UNI\DLSS\satellite-disaster-damage-mapping\data_same\xbd\tier1\images\mexico-earthquake_00000126_pre_disaster.png,D:\UNI\DLSS\satellite-disaster-damage-mapping\data_same\xbd\tier1\images\mexico-earthquake_00000126_post_disaster.png,D:\UNI\DLSS\satellite-disaster-damage-mapping\data_same\xbd\tier1\labels\mexico-earthquake_00000126_post_disaster.json
mexico-earthquake_00000136,mexico-earthquake,tier1,train,112,D:\UNI\DLSS\satellite-disaster-damage-mapping\data_same\xbd\tier1\images\mexico-earthquake_00000136_pre_disaster.png,D:\UNI\DLSS\satellite-disaster-damage-mapping\data_same\xbd\tier1\images\mexico-earthquake_00000136_post_disaster.png,D:\UNI\DLSS\satellite-disaster-damage-mapping\data_same\xbd\tier1\labels\mexico-earthquake_00000136_post_disaster.json
mexico-earthquake_00000138,mexico-earthquake,tier1,train,652,D:\UNI\DLSS\satellite-disaster-damage-mapping\data_same\xbd\tier1\images\mexico-earthquake_00000138_pre_disaster.png,D:\UNI\DLSS\satellite-disaster-damage-mapping\data_same\xbd\tier1\images\mexico-earthquake_00000138_post_disaster.png,D:\UNI\DLSS\satellite-disaster-damage-mapping\data_same\xbd\tier1\labels\mexico-earthquake_00000138_post_disaster.json
mexico-earthquake_00000140,mexico-earthquake,tier1,train,702,D:\UNI\DLSS\satellite-disaster-damage-mapping\data_same\xbd\tier1\images\mexico-earthquake_00000140_pre_disaster.png,D:\UNI\DLSS\satellite-disaster-damage-mapping\data_same\xbd\tier1\images\mexico-earthquake_00000140_post_disaster.png,D:\UNI\DLSS\satellite-disaster-damage-mapping\data_same\xbd\tier1\labels\mexico-earthquake_00000140_post_disaster.json
mexico-earthquake_00000144,mexico-earthquake,tier1,train,353,D:\UNI\DLSS\satellite-disaster-damage-mapping\data_same\xbd\tier1\images\mexico-earthquake_00000144_pre_disaster.png,D:\UNI\DLSS\satellite-disaster-damage-mapping\data_same\xbd\tier1\images\mexico-earthquake_00000144_post_disaster.png,D:\UNI\DLSS\satellite-disaster-damage-mapping\data_same\xbd\tier1\labels\mexico-earthquake_00000144_post_disaster.json
mexico-earthquake_00000152,mexico-earthquake,tier1,train,25,D:\UNI\DLSS\satellite-disaster-damage-mapping\data_same\xbd\tier1\images\mexico-earthquake_00000152_pre_disaster.png,D:\UNI\DLSS\satellite-disaster-damage-mapping\data_same\xbd\tier1\images\mexico-earthquake_00000152_post_disaster.png,D:\UNI\DLSS\satellite-disaster-damage-mapping\data_same\xbd\tier1\labels\mexico-earthquake_00000152_post_disaster.json
mexico-earthquake_00000160,mexico-earthquake,tier1,train,185,D:\UNI\DLSS\satellite-disaster-damage-mapping\data_same\xbd\tier1\images\mexico-earthquake_00000160_pre_disaster.png,D:\UNI\DLSS\satellite-disaster-damage-mapping\data_same\xbd\tier1\images\mexico-earthquake_00000160_post_disaster.png,D:\UNI\DLSS\satellite-disaster-damage-mapping\data_same\xbd\tier1\labels\mexico-earthquake_00000160_post_disaster.json
mexico-earthquake_00000172,mexico-earthquake,tier1,train,11,D:\UNI\DLSS\satellite-disaster-damage-mapping\data_same\xbd\tier1\images\mexico-earthquake_00000172_pre_disaster.png,D:\UNI\DLSS\satellite-disaster-damage-mapping\data_same\xbd\tier1\images\mexico-earthquake_00000172_post_disaster.png,D:\UNI\DLSS\satellite-disaster-damage-mapping\data_same\xbd\tier1\labels\mexico-earthquake_00000172_post_disaster.json
mexico-earthquake_00000176,mexico-earthquake,tier1,train,8,D:\UNI\DLSS\satellite-disaster-damage-mapping\data_same\xbd\tier1\images\mexico-earthquake_00000176_pre_disaster.png,D:\UNI\DLSS\satellite-disaster-damage-mapping\data_same\xbd\tier1\images\mexico-earthquake_00000176_post_disaster.png,D:\UNI\DLSS\satellite-disaster-damage-mapping\data_same\xbd\tier1\labels\mexico-earthquake_00000176_post_disaster.json
mexico-earthquake_00000181,mexico-earthquake,tier1,train,354,D:\UNI\DLSS\satellite-disaster-damage-mapping\data_same\xbd\tier1\images\mexico-earthquake_00000181_pre_disaster.png,D:\UNI\DLSS\satellite-disaster-damage-mapping\data_same\xbd\tier1\images\mexico-earthquake_00000181_post_disaster.png,D:\UNI\DLSS\satellite-disaster-damage-mapping\data_same\xbd\tier1\labels\mexico-earthquake_00000181_post_disaster.json
mexico-earthquake_00000186,mexico-earthquake,tier1,train,370,D:\UNI\DLSS\satellite-disaster-damage-mapping\data_same\xbd\tier1\images\mexico-earthquake_00000186_pre_disaster.png,D:\UNI\DLSS\satellite-disaster-damage-mapping\data_same\xbd\tier1\images\mexico-earthquake_00000186_post_disaster.png,D:\UNI\DLSS\satellite-disaster-damage-mapping\data_same\xbd\tier1\labels\mexico-earthquake_00000186_post_disaster.json
mexico-earthquake_00000191,mexico-earthquake,tier1,train,355,D:\UNI\DLSS\satellite-disaster-damage-mapping\data_same\xbd\tier1\images\mexico-earthquake_00000191_pre_disaster.png,D:\UNI\DLSS\satellite-disaster-damage-mapping\data_same\xbd\tier1\images\mexico-earthquake_00000191_post_disaster.png,D:\UNI\DLSS\satellite-disaster-damage-mapping\data_same\xbd\tier1\labels\mexico-earthquake_00000191_post_disaster.json
midwest-flooding_00000007,midwest-flooding,tier1,train,53,D:\UNI\DLSS\satellite-disaster-damage-mapping\data_same\xbd\tier1\images\midwest-flooding_00000007_pre_disaster.png,D:\UNI\DLSS\satellite-disaster-damage-mapping\data_same\xbd\tier1\images\midwest-flooding_00000007_post_disaster.png,D:\UNI\DLSS\satellite-disaster-damage-mapping\data_same\xbd\tier1\labels\midwest-flooding_00000007_post_disaster.json
midwest-flooding_00000027,midwest-flooding,tier1,train,59,D:\UNI\DLSS\satellite-disaster-damage-mapping\data_same\xbd\tier1\images\midwest-flooding_00000027_pre_disaster.png,D:\UNI\DLSS\satellite-disaster-damage-mapping\data_same\xbd\tier1\images\midwest-flooding_00000027_post_disaster.png,D:\UNI\DLSS\satellite-disaster-damage-mapping\data_same\xbd\tier1\labels\midwest-flooding_00000027_post_disaster.json
midwest-flooding_00000031,midwest-flooding,tier1,train,227,D:\UNI\DLSS\satellite-disaster-damage-mapping\data_same\xbd\tier1\images\midwest-flooding_00000031_pre_disaster.png,D:\UNI\DLSS\satellite-disaster-damage-mapping\data_same\xbd\tier1\images\midwest-flooding_00000031_post_disaster.png,D:\UNI\DLSS\satellite-disaster-damage-mapping\data_same\xbd\tier1\labels\midwest-flooding_00000031_post_disaster.json
midwest-flooding_00000033,midwest-flooding,tier1,train,80,D:\UNI\DLSS\satellite-disaster-damage-mapping\data_same\xbd\tier1\images\midwest-flooding_00000033_pre_disaster.png,D:\UNI\DLSS\satellite-disaster-damage-mapping\data_same\xbd\tier1\images\midwest-flooding_00000033_post_disaster.png,D:\UNI\DLSS\satellite-disaster-damage-mapping\data_same\xbd\tier1\labels\midwest-flooding_00000033_post_disaster.json
midwest-flooding_00000043,midwest-flooding,tier1,train,67,D:\UNI\DLSS\satellite-disaster-damage-mapping\data_same\xbd\tier1\images\midwest-flooding_00000043_pre_disaster.png,D:\UNI\DLSS\satellite-disaster-damage-mapping\data_same\xbd\tier1\images\midwest-flooding_00000043_post_disaster.png,D:\UNI\DLSS\satellite-disaster-damage-mapping\data_same\xbd\tier1\labels\midwest-flooding_00000043_post_disaster.json
midwest-flooding_00000044,midwest-flooding,tier1,train,108,D:\UNI\DLSS\satellite-disaster-damage-mapping\data_same\xbd\tier1\images\midwest-flooding_00000044_pre_disaster.png,D:\UNI\DLSS\satellite-disaster-damage-mapping\data_same\xbd\tier1\images\midwest-flooding_00000044_post_disaster.png,D:\UNI\DLSS\satellite-disaster-damage-mapping\data_same\xbd\tier1\labels\midwest-flooding_00000044_post_disaster.json
midwest-flooding_00000049,midwest-flooding,tier1,train,185,D:\UNI\DLSS\satellite-disaster-damage-mapping\data_same\xbd\tier1\images\midwest-flooding_00000049_pre_disaster.png,D:\UNI\DLSS\satellite-disaster-damage-mapping\data_same\xbd\tier1\images\midwest-flooding_00000049_post_disaster.png,D:\UNI\DLSS\satellite-disaster-damage-mapping\data_same\xbd\tier1\labels\midwest-flooding_00000049_post_disaster.json
midwest-flooding_00000054,midwest-flooding,tier1,train,137,D:\UNI\DLSS\satellite-disaster-damage-mapping\data_same\xbd\tier1\images\midwest-flooding_00000054_pre_disaster.png,D:\UNI\DLSS\satellite-disaster-damage-mapping\data_same\xbd\tier1\images\midwest-flooding_00000054_post_disaster.png,D:\UNI\DLSS\satellite-disaster-damage-mapping\data_same\xbd\tier1\labels\midwest-flooding_00000054_post_disaster.json
midwest-flooding_00000060,midwest-flooding,tier1,train,237,D:\UNI\DLSS\satellite-disaster-damage-mapping\data_same\xbd\tier1\images\midwest-flooding_00000060_pre_disaster.png,D:\UNI\DLSS\satellite-disaster-damage-mapping\data_same\xbd\tier1\images\midwest-flooding_00000060_post_disaster.png,D:\UNI\DLSS\satellite-disaster-damage-mapping\data_same\xbd\tier1\labels\midwest-flooding_00000060_post_disaster.json
midwest-flooding_00000062,midwest-flooding,tier1,train,181,D:\UNI\DLSS\satellite-disaster-damage-mapping\data_same\xbd\tier1\images\midwest-flooding_00000062_pre_disaster.png,D:\UNI\DLSS\satellite-disaster-damage-mapping\data_same\xbd\tier1\images\midwest-flooding_00000062_post_disaster.png,D:\UNI\DLSS\satellite-disaster-damage-mapping\data_same\xbd\tier1\labels\midwest-flooding_00000062_post_disaster.json
midwest-flooding_00000065,midwest-flooding,tier1,train,56,D:\UNI\DLSS\satellite-disaster-damage-mapping\data_same\xbd\tier1\images\midwest-flooding_00000065_pre_disaster.png,D:\UNI\DLSS\satellite-disaster-damage-mapping\data_same\xbd\tier1\images\midwest-flooding_00000065_post_disaster.png,D:\UNI\DLSS\satellite-disaster-damage-mapping\data_same\xbd\tier1\labels\midwest-flooding_00000065_post_disaster.json
midwest-flooding_00000070,midwest-flooding,tier1,train,66,D:\UNI\DLSS\satellite-disaster-damage-mapping\data_same\xbd\tier1\images\midwest-flooding_00000070_pre_disaster.png,D:\UNI\DLSS\satellite-disaster-damage-mapping\data_same\xbd\tier1\images\midwest-flooding_00000070_post_disaster.png,D:\UNI\DLSS\satellite-disaster-damage-mapping\data_same\xbd\tier1\labels\midwest-flooding_00000070_post_disaster.json
midwest-flooding_00000076,midwest-flooding,tier1,train,5,D:\UNI\DLSS\satellite-disaster-damage-mapping\data_same\xbd\tier1\images\midwest-flooding_00000076_pre_disaster.png,D:\UNI\DLSS\satellite-disaster-damage-mapping\data_same\xbd\tier1\images\midwest-flooding_00000076_post_disaster.png,D:\UNI\DLSS\satellite-disaster-damage-mapping\data_same\xbd\tier1\labels\midwest-flooding_00000076_post_disaster.json
midwest-flooding_00000077,midwest-flooding,tier1,train,13,D:\UNI\DLSS\satellite-disaster-damage-mapping\data_same\xbd\tier1\images\midwest-flooding_00000077_pre_disaster.png,D:\UNI\DLSS\satellite-disaster-damage-mapping\data_same\xbd\tier1\images\midwest-flooding_00000077_post_disaster.png,D:\UNI\DLSS\satellite-disaster-damage-mapping\data_same\xbd\tier1\labels\midwest-flooding_00000077_post_disaster.json
midwest-flooding_00000109,midwest-flooding,tier1,train,19,D:\UNI\DLSS\satellite-disaster-damage-mapping\data_same\xbd\tier1\images\midwest-flooding_00000109_pre_disaster.png,D:\UNI\DLSS\satellite-disaster-damage-mapping\data_same\xbd\tier1\images\midwest-flooding_00000109_post_disaster.png,D:\UNI\DLSS\satellite-disaster-damage-mapping\data_same\xbd\tier1\labels\midwest-flooding_00000109_post_disaster.json
midwest-flooding_00000140,midwest-flooding,tier1,train,14,D:\UNI\DLSS\satellite-disaster-damage-mapping\data_same\xbd\tier1\images\midwest-flooding_00000140_pre_disaster.png,D:\UNI\DLSS\satellite-disaster-damage-mapping\data_same\xbd\tier1\images\midwest-flooding_00000140_post_disaster.png,D:\UNI\DLSS\satellite-disaster-damage-mapping\data_same\xbd\tier1\labels\midwest-flooding_00000140_post_disaster.json
midwest-flooding_00000151,midwest-flooding,tier1,train,5,D:\UNI\DLSS\satellite-disaster-damage-mapping\data_same\xbd\tier1\images\midwest-flooding_00000151_pre_disaster.png,D:\UNI\DLSS\satellite-disaster-damage-mapping\data_same\xbd\tier1\images\midwest-flooding_00000151_post_disaster.png,D:\UNI\DLSS\satellite-disaster-damage-mapping\data_same\xbd\tier1\labels\midwest-flooding_00000151_post_disaster.json
midwest-flooding_00000183,midwest-flooding,tier1,train,5,D:\UNI\DLSS\satellite-disaster-damage-mapping\data_same\xbd\tier1\images\midwest-flooding_00000183_pre_disaster.png,D:\UNI\DLSS\satellite-disaster-damage-mapping\data_same\xbd\tier1\images\midwest-flooding_00000183_post_disaster.png,D:\UNI\DLSS\satellite-disaster-damage-mapping\data_same\xbd\tier1\labels\midwest-flooding_00000183_post_disaster.json
midwest-flooding_00000201,midwest-flooding,tier1,train,8,D:\UNI\DLSS\satellite-disaster-damage-mapping\data_same\xbd\tier1\images\midwest-flooding_00000201_pre_disaster.png,D:\UNI\DLSS\satellite-disaster-damage-mapping\data_same\xbd\tier1\images\midwest-flooding_00000201_post_disaster.png,D:\UNI\DLSS\satellite-disaster-damage-mapping\data_same\xbd\tier1\labels\midwest-flooding_00000201_post_disaster.json
midwest-flooding_00000204,midwest-flooding,tier1,train,12,D:\UNI\DLSS\satellite-disaster-damage-mapping\data_same\xbd\tier1\images\midwest-flooding_00000204_pre_disaster.png,D:\UNI\DLSS\satellite-disaster-damage-mapping\data_same\xbd\tier1\images\midwest-flooding_00000204_post_disaster.png,D:\UNI\DLSS\satellite-disaster-damage-mapping\data_same\xbd\tier1\labels\midwest-flooding_00000204_post_disaster.json
midwest-flooding_00000216,midwest-flooding,tier1,train,10,D:\UNI\DLSS\satellite-disaster-damage-mapping\data_same\xbd\tier1\images\midwest-flooding_00000216_pre_disaster.png,D:\UNI\DLSS\satellite-disaster-damage-mapping\data_same\xbd\tier1\images\midwest-flooding_00000216_post_disaster.png,D:\UNI\DLSS\satellite-disaster-damage-mapping\data_same\xbd\tier1\labels\midwest-flooding_00000216_post_disaster.json
midwest-flooding_00000230,midwest-flooding,tier1,train,39,D:\UNI\DLSS\satellite-disaster-damage-mapping\data_same\xbd\tier1\images\midwest-flooding_00000230_pre_disaster.png,D:\UNI\DLSS\satellite-disaster-damage-mapping\data_same\xbd\tier1\images\midwest-flooding_00000230_post_disaster.png,D:\UNI\DLSS\satellite-disaster-damage-mapping\data_same\xbd\tier1\labels\midwest-flooding_00000230_post_disaster.json
midwest-flooding_00000233,midwest-flooding,tier1,train,37,D:\UNI\DLSS\satellite-disaster-damage-mapping\data_same\xbd\tier1\images\midwest-flooding_00000233_pre_disaster.png,D:\UNI\DLSS\satellite-disaster-damage-mapping\data_same\xbd\tier1\images\midwest-flooding_00000233_post_disaster.png,D:\UNI\DLSS\satellite-disaster-damage-mapping\data_same\xbd\tier1\labels\midwest-flooding_00000233_post_disaster.json
midwest-flooding_00000234,midwest-flooding,tier1,train,28,D:\UNI\DLSS\satellite-disaster-damage-mapping\data_same\xbd\tier1\images\midwest-flooding_00000234_pre_disaster.png,D:\UNI\DLSS\satellite-disaster-damage-mapping\data_same\xbd\tier1\images\midwest-flooding_00000234_post_disaster.png,D:\UNI\DLSS\satellite-disaster-damage-mapping\data_same\xbd\tier1\labels\midwest-flooding_00000234_post_disaster.json
midwest-flooding_00000236,midwest-flooding,tier1,train,11,D:\UNI\DLSS\satellite-disaster-damage-mapping\data_same\xbd\tier1\images\midwest-flooding_00000236_pre_disaster.png,D:\UNI\DLSS\satellite-disaster-damage-mapping\data_same\xbd\tier1\images\midwest-flooding_00000236_post_disaster.png,D:\UNI\DLSS\satellite-disaster-damage-mapping\data_same\xbd\tier1\labels\midwest-flooding_00000236_post_disaster.json
midwest-flooding_00000247,midwest-flooding,tier1,train,23,D:\UNI\DLSS\satellite-disaster-damage-mapping\data_same\xbd\tier1\images\midwest-flooding_00000247_pre_disaster.png,D:\UNI\DLSS\satellite-disaster-damage-mapping\data_same\xbd\tier1\images\midwest-flooding_00000247_post_disaster.png,D:\UNI\DLSS\satellite-disaster-damage-mapping\data_same\xbd\tier1\labels\midwest-flooding_00000247_post_disaster.json
midwest-flooding_00000252,midwest-flooding,tier1,train,60,D:\UNI\DLSS\satellite-disaster-damage-mapping\data_same\xbd\tier1\images\midwest-flooding_00000252_pre_disaster.png,D:\UNI\DLSS\satellite-disaster-damage-mapping\data_same\xbd\tier1\images\midwest-flooding_00000252_post_disaster.png,D:\UNI\DLSS\satellite-disaster-damage-mapping\data_same\xbd\tier1\labels\midwest-flooding_00000252_post_disaster.json
midwest-flooding_00000258,midwest-flooding,tier1,train,40,D:\UNI\DLSS\satellite-disaster-damage-mapping\data_same\xbd\tier1\images\midwest-flooding_00000258_pre_disaster.png,D:\UNI\DLSS\satellite-disaster-damage-mapping\data_same\xbd\tier1\images\midwest-flooding_00000258_post_disaster.png,D:\UNI\DLSS\satellite-disaster-damage-mapping\data_same\xbd\tier1\labels\midwest-flooding_00000258_post_disaster.json
midwest-flooding_00000259,midwest-flooding,tier1,train,55,D:\UNI\DLSS\satellite-disaster-damage-mapping\data_same\xbd\tier1\images\midwest-flooding_00000259_pre_disaster.png,D:\UNI\DLSS\satellite-disaster-damage-mapping\data_same\xbd\tier1\images\midwest-flooding_00000259_post_disaster.png,D:\UNI\DLSS\satellite-disaster-damage-mapping\data_same\xbd\tier1\labels\midwest-flooding_00000259_post_disaster.json
midwest-flooding_00000264,midwest-flooding,tier1,train,18,D:\UNI\DLSS\satellite-disaster-damage-mapping\data_same\xbd\tier1\images\midwest-flooding_00000264_pre_disaster.png,D:\UNI\DLSS\satellite-disaster-damage-mapping\data_same\xbd\tier1\images\midwest-flooding_00000264_post_disaster.png,D:\UNI\DLSS\satellite-disaster-damage-mapping\data_same\xbd\tier1\labels\midwest-flooding_00000264_post_disaster.json
midwest-flooding_00000276,midwest-flooding,tier1,train,11,D:\UNI\DLSS\satellite-disaster-damage-mapping\data_same\xbd\tier1\images\midwest-flooding_00000276_pre_disaster.png,D:\UNI\DLSS\satellite-disaster-damage-mapping\data_same\xbd\tier1\images\midwest-flooding_00000276_post_disaster.png,D:\UNI\DLSS\satellite-disaster-damage-mapping\data_same\xbd\tier1\labels\midwest-flooding_00000276_post_disaster.json
midwest-flooding_00000282,midwest-flooding,tier1,train,20,D:\UNI\DLSS\satellite-disaster-damage-mapping\data_same\xbd\tier1\images\midwest-flooding_00000282_pre_disaster.png,D:\UNI\DLSS\satellite-disaster-damage-mapping\data_same\xbd\tier1\images\midwest-flooding_00000282_post_disaster.png,D:\UNI\DLSS\satellite-disaster-damage-mapping\data_same\xbd\tier1\labels\midwest-flooding_00000282_post_disaster.json
midwest-flooding_00000285,midwest-flooding,tier1,train,10,D:\UNI\DLSS\satellite-disaster-damage-mapping\data_same\xbd\tier1\images\midwest-flooding_00000285_pre_disaster.png,D:\UNI\DLSS\satellite-disaster-damage-mapping\data_same\xbd\tier1\images\midwest-flooding_00000285_post_disaster.png,D:\UNI\DLSS\satellite-disaster-damage-mapping\data_same\xbd\tier1\labels\midwest-flooding_00000285_post_disaster.json
midwest-flooding_00000289,midwest-flooding,tier1,train,37,D:\UNI\DLSS\satellite-disaster-damage-mapping\data_same\xbd\tier1\images\midwest-flooding_00000289_pre_disaster.png,D:\UNI\DLSS\satellite-disaster-damage-mapping\data_same\xbd\tier1\images\midwest-flooding_00000289_post_disaster.png,D:\UNI\DLSS\satellite-disaster-damage-mapping\data_same\xbd\tier1\labels\midwest-flooding_00000289_post_disaster.json
midwest-flooding_00000299,midwest-flooding,tier1,train,52,D:\UNI\DLSS\satellite-disaster-damage-mapping\data_same\xbd\tier1\images\midwest-flooding_00000299_pre_disaster.png,D:\UNI\DLSS\satellite-disaster-damage-mapping\data_same\xbd\tier1\images\midwest-flooding_00000299_post_disaster.png,D:\UNI\DLSS\satellite-disaster-damage-mapping\data_same\xbd\tier1\labels\midwest-flooding_00000299_post_disaster.json
midwest-flooding_00000303,midwest-flooding,tier1,train,19,D:\UNI\DLSS\satellite-disaster-damage-mapping\data_same\xbd\tier1\images\midwest-flooding_00000303_pre_disaster.png,D:\UNI\DLSS\satellite-disaster-damage-mapping\data_same\xbd\tier1\images\midwest-flooding_00000303_post_disaster.png,D:\UNI\DLSS\satellite-disaster-damage-mapping\data_same\xbd\tier1\labels\midwest-flooding_00000303_post_disaster.json
midwest-flooding_00000304,midwest-flooding,tier1,train,85,D:\UNI\DLSS\satellite-disaster-damage-mapping\data_same\xbd\tier1\images\midwest-flooding_00000304_pre_disaster.png,D:\UNI\DLSS\satellite-disaster-damage-mapping\data_same\xbd\tier1\images\midwest-flooding_00000304_post_disaster.png,D:\UNI\DLSS\satellite-disaster-damage-mapping\data_same\xbd\tier1\labels\midwest-flooding_00000304_post_disaster.json
midwest-flooding_00000313,midwest-flooding,tier1,train,85,D:\UNI\DLSS\satellite-disaster-damage-mapping\data_same\xbd\tier1\images\midwest-flooding_00000313_pre_disaster.png,D:\UNI\DLSS\satellite-disaster-damage-mapping\data_same\xbd\tier1\images\midwest-flooding_00000313_post_disaster.png,D:\UNI\DLSS\satellite-disaster-damage-mapping\data_same\xbd\tier1\labels\midwest-flooding_00000313_post_disaster.json
midwest-flooding_00000314,midwest-flooding,tier1,train,22,D:\UNI\DLSS\satellite-disaster-damage-mapping\data_same\xbd\tier1\images\midwest-flooding_00000314_pre_disaster.png,D:\UNI\DLSS\satellite-disaster-damage-mapping\data_same\xbd\tier1\images\midwest-flooding_00000314_post_disaster.png,D:\UNI\DLSS\satellite-disaster-damage-mapping\data_same\xbd\tier1\labels\midwest-flooding_00000314_post_disaster.json
midwest-flooding_00000322,midwest-flooding,tier1,train,25,D:\UNI\DLSS\satellite-disaster-damage-mapping\data_same\xbd\tier1\images\midwest-flooding_00000322_pre_disaster.png,D:\UNI\DLSS\satellite-disaster-damage-mapping\data_same\xbd\tier1\images\midwest-flooding_00000322_post_disaster.png,D:\UNI\DLSS\satellite-disaster-damage-mapping\data_same\xbd\tier1\labels\midwest-flooding_00000322_post_disaster.json
midwest-flooding_00000343,midwest-flooding,tier1,train,15,D:\UNI\DLSS\satellite-disaster-damage-mapping\data_same\xbd\tier1\images\midwest-flooding_00000343_pre_disaster.png,D:\UNI\DLSS\satellite-disaster-damage-mapping\data_same\xbd\tier1\images\midwest-flooding_00000343_post_disaster.png,D:\UNI\DLSS\satellite-disaster-damage-mapping\data_same\xbd\tier1\labels\midwest-flooding_00000343_post_disaster.json
midwest-flooding_00000345,midwest-flooding,tier1,train,14,D:\UNI\DLSS\satellite-disaster-damage-mapping\data_same\xbd\tier1\images\midwest-flooding_00000345_pre_disaster.png,D:\UNI\DLSS\satellite-disaster-damage-mapping\data_same\xbd\tier1\images\midwest-flooding_00000345_post_disaster.png,D:\UNI\DLSS\satellite-disaster-damage-mapping\data_same\xbd\tier1\labels\midwest-flooding_00000345_post_disaster.json
midwest-flooding_00000358,midwest-flooding,tier1,train,17,D:\UNI\DLSS\satellite-disaster-damage-mapping\data_same\xbd\tier1\images\midwest-flooding_00000358_pre_disaster.png,D:\UNI\DLSS\satellite-disaster-damage-mapping\data_same\xbd\tier1\images\midwest-flooding_00000358_post_disaster.png,D:\UNI\DLSS\satellite-disaster-damage-mapping\data_same\xbd\tier1\labels\midwest-flooding_00000358_post_disaster.json
midwest-flooding_00000374,midwest-flooding,tier1,train,6,D:\UNI\DLSS\satellite-disaster-damage-mapping\data_same\xbd\tier1\images\midwest-flooding_00000374_pre_disaster.png,D:\UNI\DLSS\satellite-disaster-damage-mapping\data_same\xbd\tier1\images\midwest-flooding_00000374_post_disaster.png,D:\UNI\DLSS\satellite-disaster-damage-mapping\data_same\xbd\tier1\labels\midwest-flooding_00000374_post_disaster.json
midwest-flooding_00000378,midwest-flooding,tier1,train,24,D:\UNI\DLSS\satellite-disaster-damage-mapping\data_same\xbd\tier1\images\midwest-flooding_00000378_pre_disaster.png,D:\UNI\DLSS\satellite-disaster-damage-mapping\data_same\xbd\tier1\images\midwest-flooding_00000378_post_disaster.png,D:\UNI\DLSS\satellite-disaster-damage-mapping\data_same\xbd\tier1\labels\midwest-flooding_00000378_post_disaster.json
midwest-flooding_00000388,midwest-flooding,tier1,train,19,D:\UNI\DLSS\satellite-disaster-damage-mapping\data_same\xbd\tier1\images\midwest-flooding_00000388_pre_disaster.png,D:\UNI\DLSS\satellite-disaster-damage-mapping\data_same\xbd\tier1\images\midwest-flooding_00000388_post_disaster.png,D:\UNI\DLSS\satellite-disaster-damage-mapping\data_same\xbd\tier1\labels\midwest-flooding_00000388_post_disaster.json
midwest-flooding_00000393,midwest-flooding,tier1,train,18,D:\UNI\DLSS\satellite-disaster-damage-mapping\data_same\xbd\tier1\images\midwest-flooding_00000393_pre_disaster.png,D:\UNI\DLSS\satellite-disaster-damage-mapping\data_same\xbd\tier1\images\midwest-flooding_00000393_post_disaster.png,D:\UNI\DLSS\satellite-disaster-damage-mapping\data_same\xbd\tier1\labels\midwest-flooding_00000393_post_disaster.json
midwest-flooding_00000401,midwest-flooding,tier1,train,7,D:\UNI\DLSS\satellite-disaster-damage-mapping\data_same\xbd\tier1\images\midwest-flooding_00000401_pre_disaster.png,D:\UNI\DLSS\satellite-disaster-damage-mapping\data_same\xbd\tier1\images\midwest-flooding_00000401_post_disaster.png,D:\UNI\DLSS\satellite-disaster-damage-mapping\data_same\xbd\tier1\labels\midwest-flooding_00000401_post_disaster.json
midwest-flooding_00000403,midwest-flooding,tier1,train,8,D:\UNI\DLSS\satellite-disaster-damage-mapping\data_same\xbd\tier1\images\midwest-flooding_00000403_pre_disaster.png,D:\UNI\DLSS\satellite-disaster-damage-mapping\data_same\xbd\tier1\images\midwest-flooding_00000403_post_disaster.png,D:\UNI\DLSS\satellite-disaster-damage-mapping\data_same\xbd\tier1\labels\midwest-flooding_00000403_post_disaster.json
midwest-flooding_00000404,midwest-flooding,tier1,train,6,D:\UNI\DLSS\satellite-disaster-damage-mapping\data_same\xbd\tier1\images\midwest-flooding_00000404_pre_disaster.png,D:\UNI\DLSS\satellite-disaster-damage-mapping\data_same\xbd\tier1\images\midwest-flooding_00000404_post_disaster.png,D:\UNI\DLSS\satellite-disaster-damage-mapping\data_same\xbd\tier1\labels\midwest-flooding_00000404_post_disaster.json
midwest-flooding_00000411,midwest-flooding,tier1,train,64,D:\UNI\DLSS\satellite-disaster-damage-mapping\data_same\xbd\tier1\images\midwest-flooding_00000411_pre_disaster.png,D:\UNI\DLSS\satellite-disaster-damage-mapping\data_same\xbd\tier1\images\midwest-flooding_00000411_post_disaster.png,D:\UNI\DLSS\satellite-disaster-damage-mapping\data_same\xbd\tier1\labels\midwest-flooding_00000411_post_disaster.json
midwest-flooding_00000415,midwest-flooding,tier1,train,7,D:\UNI\DLSS\satellite-disaster-damage-mapping\data_same\xbd\tier1\images\midwest-flooding_00000415_pre_disaster.png,D:\UNI\DLSS\satellite-disaster-damage-mapping\data_same\xbd\tier1\images\midwest-flooding_00000415_post_disaster.png,D:\UNI\DLSS\satellite-disaster-damage-mapping\data_same\xbd\tier1\labels\midwest-flooding_00000415_post_disaster.json
midwest-flooding_00000429,midwest-flooding,tier1,train,10,D:\UNI\DLSS\satellite-disaster-damage-mapping\data_same\xbd\tier1\images\midwest-flooding_00000429_pre_disaster.png,D:\UNI\DLSS\satellite-disaster-damage-mapping\data_same\xbd\tier1\images\midwest-flooding_00000429_post_disaster.png,D:\UNI\DLSS\satellite-disaster-damage-mapping\data_same\xbd\tier1\labels\midwest-flooding_00000429_post_disaster.json
moore-tornado_00000005,moore-tornado,tier3,train,18,D:\UNI\DLSS\satellite-disaster-damage-mapping\data_same\xbd\tier3\images\moore-tornado_00000005_pre_disaster.png,D:\UNI\DLSS\satellite-disaster-damage-mapping\data_same\xbd\tier3\images\moore-tornado_00000005_post_disaster.png,D:\UNI\DLSS\satellite-disaster-damage-mapping\data_same\xbd\tier3\labels\moore-tornado_00000005_post_disaster.json
moore-tornado_00000014,moore-tornado,tier3,train,99,D:\UNI\DLSS\satellite-disaster-damage-mapping\data_same\xbd\tier3\images\moore-tornado_00000014_pre_disaster.png,D:\UNI\DLSS\satellite-disaster-damage-mapping\data_same\xbd\tier3\images\moore-tornado_00000014_post_disaster.png,D:\UNI\DLSS\satellite-disaster-damage-mapping\data_same\xbd\tier3\labels\moore-tornado_00000014_post_disaster.json
moore-tornado_00000017,moore-tornado,tier3,train,110,D:\UNI\DLSS\satellite-disaster-damage-mapping\data_same\xbd\tier3\images\moore-tornado_00000017_pre_disaster.png,D:\UNI\DLSS\satellite-disaster-damage-mapping\data_same\xbd\tier3\images\moore-tornado_00000017_post_disaster.png,D:\UNI\DLSS\satellite-disaster-damage-mapping\data_same\xbd\tier3\labels\moore-tornado_00000017_post_disaster.json
moore-tornado_00000020,moore-tornado,tier3,train,11,D:\UNI\DLSS\satellite-disaster-damage-mapping\data_same\xbd\tier3\images\moore-tornado_00000020_pre_disaster.png,D:\UNI\DLSS\satellite-disaster-damage-mapping\data_same\xbd\tier3\images\moore-tornado_00000020_post_disaster.png,D:\UNI\DLSS\satellite-disaster-damage-mapping\data_same\xbd\tier3\labels\moore-tornado_00000020_post_disaster.json
moore-tornado_00000021,moore-tornado,tier3,train,36,D:\UNI\DLSS\satellite-disaster-damage-mapping\data_same\xbd\tier3\images\moore-tornado_00000021_pre_disaster.png,D:\UNI\DLSS\satellite-disaster-damage-mapping\data_same\xbd\tier3\images\moore-tornado_00000021_post_disaster.png,D:\UNI\DLSS\satellite-disaster-damage-mapping\data_same\xbd\tier3\labels\moore-tornado_00000021_post_disaster.json
moore-tornado_00000023,moore-tornado,tier3,train,265,D:\UNI\DLSS\satellite-disaster-damage-mapping\data_same\xbd\tier3\images\moore-tornado_00000023_pre_disaster.png,D:\UNI\DLSS\satellite-disaster-damage-mapping\data_same\xbd\tier3\images\moore-tornado_00000023_post_disaster.png,D:\UNI\DLSS\satellite-disaster-damage-mapping\data_same\xbd\tier3\labels\moore-tornado_00000023_post_disaster.json
moore-tornado_00000024,moore-tornado,tier3,train,15,D:\UNI\DLSS\satellite-disaster-damage-mapping\data_same\xbd\tier3\images\moore-tornado_00000024_pre_disaster.png,D:\UNI\DLSS\satellite-disaster-damage-mapping\data_same\xbd\tier3\images\moore-tornado_00000024_post_disaster.png,D:\UNI\DLSS\satellite-disaster-damage-mapping\data_same\xbd\tier3\labels\moore-tornado_00000024_post_disaster.json
moore-tornado_00000030,moore-tornado,tier3,train,35,D:\UNI\DLSS\satellite-disaster-damage-mapping\data_same\xbd\tier3\images\moore-tornado_00000030_pre_disaster.png,D:\UNI\DLSS\satellite-disaster-damage-mapping\data_same\xbd\tier3\images\moore-tornado_00000030_post_disaster.png,D:\UNI\DLSS\satellite-disaster-damage-mapping\data_same\xbd\tier3\labels\moore-tornado_00000030_post_disaster.json
moore-tornado_00000032,moore-tornado,tier3,train,26,D:\UNI\DLSS\satellite-disaster-damage-mapping\data_same\xbd\tier3\images\moore-tornado_00000032_pre_disaster.png,D:\UNI\DLSS\satellite-disaster-damage-mapping\data_same\xbd\tier3\images\moore-tornado_00000032_post_disaster.png,D:\UNI\DLSS\satellite-disaster-damage-mapping\data_same\xbd\tier3\labels\moore-tornado_00000032_post_disaster.json
moore-tornado_00000036,moore-tornado,tier3,train,32,D:\UNI\DLSS\satellite-disaster-damage-mapping\data_same\xbd\tier3\images\moore-tornado_00000036_pre_disaster.png,D:\UNI\DLSS\satellite-disaster-damage-mapping\data_same\xbd\tier3\images\moore-tornado_00000036_post_disaster.png,D:\UNI\DLSS\satellite-disaster-damage-mapping\data_same\xbd\tier3\labels\moore-tornado_00000036_post_disaster.json
moore-tornado_00000037,moore-tornado,tier3,train,10,D:\UNI\DLSS\satellite-disaster-damage-mapping\data_same\xbd\tier3\images\moore-tornado_00000037_pre_disaster.png,D:\UNI\DLSS\satellite-disaster-damage-mapping\data_same\xbd\tier3\images\moore-tornado_00000037_post_disaster.png,D:\UNI\DLSS\satellite-disaster-damage-mapping\data_same\xbd\tier3\labels\moore-tornado_00000037_post_disaster.json
moore-tornado_00000038,moore-tornado,tier3,train,127,D:\UNI\DLSS\satellite-disaster-damage-mapping\data_same\xbd\tier3\images\moore-tornado_00000038_pre_disaster.png,D:\UNI\DLSS\satellite-disaster-damage-mapping\data_same\xbd\tier3\images\moore-tornado_00000038_post_disaster.png,D:\UNI\DLSS\satellite-disaster-damage-mapping\data_same\xbd\tier3\labels\moore-tornado_00000038_post_disaster.json
moore-tornado_00000043,moore-tornado,tier3,train,37,D:\UNI\DLSS\satellite-disaster-damage-mapping\data_same\xbd\tier3\images\moore-tornado_00000043_pre_disaster.png,D:\UNI\DLSS\satellite-disaster-damage-mapping\data_same\xbd\tier3\images\moore-tornado_00000043_post_disaster.png,D:\UNI\DLSS\satellite-disaster-damage-mapping\data_same\xbd\tier3\labels\moore-tornado_00000043_post_disaster.json
moore-tornado_00000046,moore-tornado,tier3,train,174,D:\UNI\DLSS\satellite-disaster-damage-mapping\data_same\xbd\tier3\images\moore-tornado_00000046_pre_disaster.png,D:\UNI\DLSS\satellite-disaster-damage-mapping\data_same\xbd\tier3\images\moore-tornado_00000046_post_disaster.png,D:\UNI\DLSS\satellite-disaster-damage-mapping\data_same\xbd\tier3\labels\moore-tornado_00000046_post_disaster.json
moore-tornado_00000052,moore-tornado,tier3,train,7,D:\UNI\DLSS\satellite-disaster-damage-mapping\data_same\xbd\tier3\images\moore-tornado_00000052_pre_disaster.png,D:\UNI\DLSS\satellite-disaster-damage-mapping\data_same\xbd\tier3\images\moore-tornado_00000052_post_disaster.png,D:\UNI\DLSS\satellite-disaster-damage-mapping\data_same\xbd\tier3\labels\moore-tornado_00000052_post_disaster.json
moore-tornado_00000053,moore-tornado,tier3,train,50,D:\UNI\DLSS\satellite-disaster-damage-mapping\data_same\xbd\tier3\images\moore-tornado_00000053_pre_disaster.png,D:\UNI\DLSS\satellite-disaster-damage-mapping\data_same\xbd\tier3\images\moore-tornado_00000053_post_disaster.png,D:\UNI\DLSS\satellite-disaster-damage-mapping\data_same\xbd\tier3\labels\moore-tornado_00000053_post_disaster.json
moore-tornado_00000056,moore-tornado,tier3,train,254,D:\UNI\DLSS\satellite-disaster-damage-mapping\data_same\xbd\tier3\images\moore-tornado_00000056_pre_disaster.png,D:\UNI\DLSS\satellite-disaster-damage-mapping\data_same\xbd\tier3\images\moore-tornado_00000056_post_disaster.png,D:\UNI\DLSS\satellite-disaster-damage-mapping\data_same\xbd\tier3\labels\moore-tornado_00000056_post_disaster.json
moore-tornado_00000057,moore-tornado,tier3,train,198,D:\UNI\DLSS\satellite-disaster-damage-mapping\data_same\xbd\tier3\images\moore-tornado_00000057_pre_disaster.png,D:\UNI\DLSS\satellite-disaster-damage-mapping\data_same\xbd\tier3\images\moore-tornado_00000057_post_disaster.png,D:\UNI\DLSS\satellite-disaster-damage-mapping\data_same\xbd\tier3\labels\moore-tornado_00000057_post_disaster.json
moore-tornado_00000063,moore-tornado,tier3,train,33,D:\UNI\DLSS\satellite-disaster-damage-mapping\data_same\xbd\tier3\images\moore-tornado_00000063_pre_disaster.png,D:\UNI\DLSS\satellite-disaster-damage-mapping\data_same\xbd\tier3\images\moore-tornado_00000063_post_disaster.png,D:\UNI\DLSS\satellite-disaster-damage-mapping\data_same\xbd\tier3\labels\moore-tornado_00000063_post_disaster.json
moore-tornado_00000067,moore-tornado,tier3,train,126,D:\UNI\DLSS\satellite-disaster-damage-mapping\data_same\xbd\tier3\images\moore-tornado_00000067_pre_disaster.png,D:\UNI\DLSS\satellite-disaster-damage-mapping\data_same\xbd\tier3\images\moore-tornado_00000067_post_disaster.png,D:\UNI\DLSS\satellite-disaster-damage-mapping\data_same\xbd\tier3\labels\moore-tornado_00000067_post_disaster.json
moore-tornado_00000068,moore-tornado,tier3,train,89,D:\UNI\DLSS\satellite-disaster-damage-mapping\data_same\xbd\tier3\images\moore-tornado_00000068_pre_disaster.png,D:\UNI\DLSS\satellite-disaster-damage-mapping\data_same\xbd\tier3\images\moore-tornado_00000068_post_disaster.png,D:\UNI\DLSS\satellite-disaster-damage-mapping\data_same\xbd\tier3\labels\moore-tornado_00000068_post_disaster.json
moore-tornado_00000075,moore-tornado,tier3,train,89,D:\UNI\DLSS\satellite-disaster-damage-mapping\data_same\xbd\tier3\images\moore-tornado_00000075_pre_disaster.png,D:\UNI\DLSS\satellite-disaster-damage-mapping\data_same\xbd\tier3\images\moore-tornado_00000075_post_disaster.png,D:\UNI\DLSS\satellite-disaster-damage-mapping\data_same\xbd\tier3\labels\moore-tornado_00000075_post_disaster.json
moore-tornado_00000080,moore-tornado,tier3,train,97,D:\UNI\DLSS\satellite-disaster-damage-mapping\data_same\xbd\tier3\images\moore-tornado_00000080_pre_disaster.png,D:\UNI\DLSS\satellite-disaster-damage-mapping\data_same\xbd\tier3\images\moore-tornado_00000080_post_disaster.png,D:\UNI\DLSS\satellite-disaster-damage-mapping\data_same\xbd\tier3\labels\moore-tornado_00000080_post_disaster.json
moore-tornado_00000081,moore-tornado,tier3,train,48,D:\UNI\DLSS\satellite-disaster-damage-mapping\data_same\xbd\tier3\images\moore-tornado_00000081_pre_disaster.png,D:\UNI\DLSS\satellite-disaster-damage-mapping\data_same\xbd\tier3\images\moore-tornado_00000081_post_disaster.png,D:\UNI\DLSS\satellite-disaster-damage-mapping\data_same\xbd\tier3\labels\moore-tornado_00000081_post_disaster.json
moore-tornado_00000085,moore-tornado,tier3,train,135,D:\UNI\DLSS\satellite-disaster-damage-mapping\data_same\xbd\tier3\images\moore-tornado_00000085_pre_disaster.png,D:\UNI\DLSS\satellite-disaster-damage-mapping\data_same\xbd\tier3\images\moore-tornado_00000085_post_disaster.png,D:\UNI\DLSS\satellite-disaster-damage-mapping\data_same\xbd\tier3\labels\moore-tornado_00000085_post_disaster.json
moore-tornado_00000086,moore-tornado,tier3,train,13,D:\UNI\DLSS\satellite-disaster-damage-mapping\data_same\xbd\tier3\images\moore-tornado_00000086_pre_disaster.png,D:\UNI\DLSS\satellite-disaster-damage-mapping\data_same\xbd\tier3\images\moore-tornado_00000086_post_disaster.png,D:\UNI\DLSS\satellite-disaster-damage-mapping\data_same\xbd\tier3\labels\moore-tornado_00000086_post_disaster.json
moore-tornado_00000087,moore-tornado,tier3,train,60,D:\UNI\DLSS\satellite-disaster-damage-mapping\data_same\xbd\tier3\images\moore-tornado_00000087_pre_disaster.png,D:\UNI\DLSS\satellite-disaster-damage-mapping\data_same\xbd\tier3\images\moore-tornado_00000087_post_disaster.png,D:\UNI\DLSS\satellite-disaster-damage-mapping\data_same\xbd\tier3\labels\moore-tornado_00000087_post_disaster.json
moore-tornado_00000095,moore-tornado,tier3,train,251,D:\UNI\DLSS\satellite-disaster-damage-mapping\data_same\xbd\tier3\images\moore-tornado_00000095_pre_disaster.png,D:\UNI\DLSS\satellite-disaster-damage-mapping\data_same\xbd\tier3\images\moore-tornado_00000095_post_disaster.png,D:\UNI\DLSS\satellite-disaster-damage-mapping\data_same\xbd\tier3\labels\moore-tornado_00000095_post_disaster.json
moore-tornado_00000096,moore-tornado,tier3,train,42,D:\UNI\DLSS\satellite-disaster-damage-mapping\data_same\xbd\tier3\images\moore-tornado_00000096_pre_disaster.png,D:\UNI\DLSS\satellite-disaster-damage-mapping\data_same\xbd\tier3\images\moore-tornado_00000096_post_disaster.png,D:\UNI\DLSS\satellite-disaster-damage-mapping\data_same\xbd\tier3\labels\moore-tornado_00000096_post_disaster.json
moore-tornado_00000104,moore-tornado,tier3,train,241,D:\UNI\DLSS\satellite-disaster-damage-mapping\data_same\xbd\tier3\images\moore-tornado_00000104_pre_disaster.png,D:\UNI\DLSS\satellite-disaster-damage-mapping\data_same\xbd\tier3\images\moore-tornado_00000104_post_disaster.png,D:\UNI\DLSS\satellite-disaster-damage-mapping\data_same\xbd\tier3\labels\moore-tornado_00000104_post_disaster.json
moore-tornado_00000107,moore-tornado,tier3,train,44,D:\UNI\DLSS\satellite-disaster-damage-mapping\data_same\xbd\tier3\images\moore-tornado_00000107_pre_disaster.png,D:\UNI\DLSS\satellite-disaster-damage-mapping\data_same\xbd\tier3\images\moore-tornado_00000107_post_disaster.png,D:\UNI\DLSS\satellite-disaster-damage-mapping\data_same\xbd\tier3\labels\moore-tornado_00000107_post_disaster.json
moore-tornado_00000114,moore-tornado,tier3,train,221,D:\UNI\DLSS\satellite-disaster-damage-mapping\data_same\xbd\tier3\images\moore-tornado_00000114_pre_disaster.png,D:\UNI\DLSS\satellite-disaster-damage-mapping\data_same\xbd\tier3\images\moore-tornado_00000114_post_disaster.png,D:\UNI\DLSS\satellite-disaster-damage-mapping\data_same\xbd\tier3\labels\moore-tornado_00000114_post_disaster.json
moore-tornado_00000121,moore-tornado,tier3,train,153,D:\UNI\DLSS\satellite-disaster-damage-mapping\data_same\xbd\tier3\images\moore-tornado_00000121_pre_disaster.png,D:\UNI\DLSS\satellite-disaster-damage-mapping\data_same\xbd\tier3\images\moore-tornado_00000121_post_disaster.png,D:\UNI\DLSS\satellite-disaster-damage-mapping\data_same\xbd\tier3\labels\moore-tornado_00000121_post_disaster.json
moore-tornado_00000122,moore-tornado,tier3,train,210,D:\UNI\DLSS\satellite-disaster-damage-mapping\data_same\xbd\tier3\images\moore-tornado_00000122_pre_disaster.png,D:\UNI\DLSS\satellite-disaster-damage-mapping\data_same\xbd\tier3\images\moore-tornado_00000122_post_disaster.png,D:\UNI\DLSS\satellite-disaster-damage-mapping\data_same\xbd\tier3\labels\moore-tornado_00000122_post_disaster.json
moore-tornado_00000123,moore-tornado,tier3,train,28,D:\UNI\DLSS\satellite-disaster-damage-mapping\data_same\xbd\tier3\images\moore-tornado_00000123_pre_disaster.png,D:\UNI\DLSS\satellite-disaster-damage-mapping\data_same\xbd\tier3\images\moore-tornado_00000123_post_disaster.png,D:\UNI\DLSS\satellite-disaster-damage-mapping\data_same\xbd\tier3\labels\moore-tornado_00000123_post_disaster.json
moore-tornado_00000130,moore-tornado,tier3,train,22,D:\UNI\DLSS\satellite-disaster-damage-mapping\data_same\xbd\tier3\images\moore-tornado_00000130_pre_disaster.png,D:\UNI\DLSS\satellite-disaster-damage-mapping\data_same\xbd\tier3\images\moore-tornado_00000130_post_disaster.png,D:\UNI\DLSS\satellite-disaster-damage-mapping\data_same\xbd\tier3\labels\moore-tornado_00000130_post_disaster.json
moore-tornado_00000135,moore-tornado,tier3,train,6,D:\UNI\DLSS\satellite-disaster-damage-mapping\data_same\xbd\tier3\images\moore-tornado_00000135_pre_disaster.png,D:\UNI\DLSS\satellite-disaster-damage-mapping\data_same\xbd\tier3\images\moore-tornado_00000135_post_disaster.png,D:\UNI\DLSS\satellite-disaster-damage-mapping\data_same\xbd\tier3\labels\moore-tornado_00000135_post_disaster.json
moore-tornado_00000137,moore-tornado,tier3,train,86,D:\UNI\DLSS\satellite-disaster-damage-mapping\data_same\xbd\tier3\images\moore-tornado_00000137_pre_disaster.png,D:\UNI\DLSS\satellite-disaster-damage-mapping\data_same\xbd\tier3\images\moore-tornado_00000137_post_disaster.png,D:\UNI\DLSS\satellite-disaster-damage-mapping\data_same\xbd\tier3\labels\moore-tornado_00000137_post_disaster.json
moore-tornado_00000139,moore-tornado,tier3,train,186,D:\UNI\DLSS\satellite-disaster-damage-mapping\data_same\xbd\tier3\images\moore-tornado_00000139_pre_disaster.png,D:\UNI\DLSS\satellite-disaster-damage-mapping\data_same\xbd\tier3\images\moore-tornado_00000139_post_disaster.png,D:\UNI\DLSS\satellite-disaster-damage-mapping\data_same\xbd\tier3\labels\moore-tornado_00000139_post_disaster.json
moore-tornado_00000143,moore-tornado,tier3,train,49,D:\UNI\DLSS\satellite-disaster-damage-mapping\data_same\xbd\tier3\images\moore-tornado_00000143_pre_disaster.png,D:\UNI\DLSS\satellite-disaster-damage-mapping\data_same\xbd\tier3\images\moore-tornado_00000143_post_disaster.png,D:\UNI\DLSS\satellite-disaster-damage-mapping\data_same\xbd\tier3\labels\moore-tornado_00000143_post_disaster.json
moore-tornado_00000145,moore-tornado,tier3,train,105,D:\UNI\DLSS\satellite-disaster-damage-mapping\data_same\xbd\tier3\images\moore-tornado_00000145_pre_disaster.png,D:\UNI\DLSS\satellite-disaster-damage-mapping\data_same\xbd\tier3\images\moore-tornado_00000145_post_disaster.png,D:\UNI\DLSS\satellite-disaster-damage-mapping\data_same\xbd\tier3\labels\moore-tornado_00000145_post_disaster.json
moore-tornado_00000146,moore-tornado,tier3,train,19,D:\UNI\DLSS\satellite-disaster-damage-mapping\data_same\xbd\tier3\images\moore-tornado_00000146_pre_disaster.png,D:\UNI\DLSS\satellite-disaster-damage-mapping\data_same\xbd\tier3\images\moore-tornado_00000146_post_disaster.png,D:\UNI\DLSS\satellite-disaster-damage-mapping\data_same\xbd\tier3\labels\moore-tornado_00000146_post_disaster.json
moore-tornado_00000150,moore-tornado,tier3,train,112,D:\UNI\DLSS\satellite-disaster-damage-mapping\data_same\xbd\tier3\images\moore-tornado_00000150_pre_disaster.png,D:\UNI\DLSS\satellite-disaster-damage-mapping\data_same\xbd\tier3\images\moore-tornado_00000150_post_disaster.png,D:\UNI\DLSS\satellite-disaster-damage-mapping\data_same\xbd\tier3\labels\moore-tornado_00000150_post_disaster.json
moore-tornado_00000152,moore-tornado,tier3,train,35,D:\UNI\DLSS\satellite-disaster-damage-mapping\data_same\xbd\tier3\images\moore-tornado_00000152_pre_disaster.png,D:\UNI\DLSS\satellite-disaster-damage-mapping\data_same\xbd\tier3\images\moore-tornado_00000152_post_disaster.png,D:\UNI\DLSS\satellite-disaster-damage-mapping\data_same\xbd\tier3\labels\moore-tornado_00000152_post_disaster.json
moore-tornado_00000162,moore-tornado,tier3,train,36,D:\UNI\DLSS\satellite-disaster-damage-mapping\data_same\xbd\tier3\images\moore-tornado_00000162_pre_disaster.png,D:\UNI\DLSS\satellite-disaster-damage-mapping\data_same\xbd\tier3\images\moore-tornado_00000162_post_disaster.png,D:\UNI\DLSS\satellite-disaster-damage-mapping\data_same\xbd\tier3\labels\moore-tornado_00000162_post_disaster.json
moore-tornado_00000165,moore-tornado,tier3,train,130,D:\UNI\DLSS\satellite-disaster-damage-mapping\data_same\xbd\tier3\images\moore-tornado_00000165_pre_disaster.png,D:\UNI\DLSS\satellite-disaster-damage-mapping\data_same\xbd\tier3\images\moore-tornado_00000165_post_disaster.png,D:\UNI\DLSS\satellite-disaster-damage-mapping\data_same\xbd\tier3\labels\moore-tornado_00000165_post_disaster.json
moore-tornado_00000166,moore-tornado,tier3,train,6,D:\UNI\DLSS\satellite-disaster-damage-mapping\data_same\xbd\tier3\images\moore-tornado_00000166_pre_disaster.png,D:\UNI\DLSS\satellite-disaster-damage-mapping\data_same\xbd\tier3\images\moore-tornado_00000166_post_disaster.png,D:\UNI\DLSS\satellite-disaster-damage-mapping\data_same\xbd\tier3\labels\moore-tornado_00000166_post_disaster.json
moore-tornado_00000178,moore-tornado,tier3,train,26,D:\UNI\DLSS\satellite-disaster-damage-mapping\data_same\xbd\tier3\images\moore-tornado_00000178_pre_disaster.png,D:\UNI\DLSS\satellite-disaster-damage-mapping\data_same\xbd\tier3\images\moore-tornado_00000178_post_disaster.png,D:\UNI\DLSS\satellite-disaster-damage-mapping\data_same\xbd\tier3\labels\moore-tornado_00000178_post_disaster.json
moore-tornado_00000180,moore-tornado,tier3,train,18,D:\UNI\DLSS\satellite-disaster-damage-mapping\data_same\xbd\tier3\images\moore-tornado_00000180_pre_disaster.png,D:\UNI\DLSS\satellite-disaster-damage-mapping\data_same\xbd\tier3\images\moore-tornado_00000180_post_disaster.png,D:\UNI\DLSS\satellite-disaster-damage-mapping\data_same\xbd\tier3\labels\moore-tornado_00000180_post_disaster.json
moore-tornado_00000181,moore-tornado,tier3,train,103,D:\UNI\DLSS\satellite-disaster-damage-mapping\data_same\xbd\tier3\images\moore-tornado_00000181_pre_disaster.png,D:\UNI\DLSS\satellite-disaster-damage-mapping\data_same\xbd\tier3\images\moore-tornado_00000181_post_disaster.png,D:\UNI\DLSS\satellite-disaster-damage-mapping\data_same\xbd\tier3\labels\moore-tornado_00000181_post_disaster.json
moore-tornado_00000183,moore-tornado,tier3,train,16,D:\UNI\DLSS\satellite-disaster-damage-mapping\data_same\xbd\tier3\images\moore-tornado_00000183_pre_disaster.png,D:\UNI\DLSS\satellite-disaster-damage-mapping\data_same\xbd\tier3\images\moore-tornado_00000183_post_disaster.png,D:\UNI\DLSS\satellite-disaster-damage-mapping\data_same\xbd\tier3\labels\moore-tornado_00000183_post_disaster.json
moore-tornado_00000188,moore-tornado,tier3,train,64,D:\UNI\DLSS\satellite-disaster-damage-mapping\data_same\xbd\tier3\images\moore-tornado_00000188_pre_disaster.png,D:\UNI\DLSS\satellite-disaster-damage-mapping\data_same\xbd\tier3\images\moore-tornado_00000188_post_disaster.png,D:\UNI\DLSS\satellite-disaster-damage-mapping\data_same\xbd\tier3\labels\moore-tornado_00000188_post_disaster.json
moore-tornado_00000189,moore-tornado,tier3,train,258,D:\UNI\DLSS\satellite-disaster-damage-mapping\data_same\xbd\tier3\images\moore-tornado_00000189_pre_disaster.png,D:\UNI\DLSS\satellite-disaster-damage-mapping\data_same\xbd\tier3\images\moore-tornado_00000189_post_disaster.png,D:\UNI\DLSS\satellite-disaster-damage-mapping\data_same\xbd\tier3\labels\moore-tornado_00000189_post_disaster.json
moore-tornado_00000191,moore-tornado,tier3,train,47,D:\UNI\DLSS\satellite-disaster-damage-mapping\data_same\xbd\tier3\images\moore-tornado_00000191_pre_disaster.png,D:\UNI\DLSS\satellite-disaster-damage-mapping\data_same\xbd\tier3\images\moore-tornado_00000191_post_disaster.png,D:\UNI\DLSS\satellite-disaster-damage-mapping\data_same\xbd\tier3\labels\moore-tornado_00000191_post_disaster.json
moore-tornado_00000192,moore-tornado,tier3,train,21,D:\UNI\DLSS\satellite-disaster-damage-mapping\data_same\xbd\tier3\images\moore-tornado_00000192_pre_disaster.png,D:\UNI\DLSS\satellite-disaster-damage-mapping\data_same\xbd\tier3\images\moore-tornado_00000192_post_disaster.png,D:\UNI\DLSS\satellite-disaster-damage-mapping\data_same\xbd\tier3\labels\moore-tornado_00000192_post_disaster.json
moore-tornado_00000198,moore-tornado,tier3,train,61,D:\UNI\DLSS\satellite-disaster-damage-mapping\data_same\xbd\tier3\images\moore-tornado_00000198_pre_disaster.png,D:\UNI\DLSS\satellite-disaster-damage-mapping\data_same\xbd\tier3\images\moore-tornado_00000198_post_disaster.png,D:\UNI\DLSS\satellite-disaster-damage-mapping\data_same\xbd\tier3\labels\moore-tornado_00000198_post_disaster.json
moore-tornado_00000201,moore-tornado,tier3,train,23,D:\UNI\DLSS\satellite-disaster-damage-mapping\data_same\xbd\tier3\images\moore-tornado_00000201_pre_disaster.png,D:\UNI\DLSS\satellite-disaster-damage-mapping\data_same\xbd\tier3\images\moore-tornado_00000201_post_disaster.png,D:\UNI\DLSS\satellite-disaster-damage-mapping\data_same\xbd\tier3\labels\moore-tornado_00000201_post_disaster.json
moore-tornado_00000207,moore-tornado,tier3,train,56,D:\UNI\DLSS\satellite-disaster-damage-mapping\data_same\xbd\tier3\images\moore-tornado_00000207_pre_disaster.png,D:\UNI\DLSS\satellite-disaster-damage-mapping\data_same\xbd\tier3\images\moore-tornado_00000207_post_disaster.png,D:\UNI\DLSS\satellite-disaster-damage-mapping\data_same\xbd\tier3\labels\moore-tornado_00000207_post_disaster.json
moore-tornado_00000210,moore-tornado,tier3,train,281,D:\UNI\DLSS\satellite-disaster-damage-mapping\data_same\xbd\tier3\images\moore-tornado_00000210_pre_disaster.png,D:\UNI\DLSS\satellite-disaster-damage-mapping\data_same\xbd\tier3\images\moore-tornado_00000210_post_disaster.png,D:\UNI\DLSS\satellite-disaster-damage-mapping\data_same\xbd\tier3\labels\moore-tornado_00000210_post_disaster.json
moore-tornado_00000212,moore-tornado,tier3,train,258,D:\UNI\DLSS\satellite-disaster-damage-mapping\data_same\xbd\tier3\images\moore-tornado_00000212_pre_disaster.png,D:\UNI\DLSS\satellite-disaster-damage-mapping\data_same\xbd\tier3\images\moore-tornado_00000212_post_disaster.png,D:\UNI\DLSS\satellite-disaster-damage-mapping\data_same\xbd\tier3\labels\moore-tornado_00000212_post_disaster.json
moore-tornado_00000214,moore-tornado,tier3,train,284,D:\UNI\DLSS\satellite-disaster-damage-mapping\data_same\xbd\tier3\images\moore-tornado_00000214_pre_disaster.png,D:\UNI\DLSS\satellite-disaster-damage-mapping\data_same\xbd\tier3\images\moore-tornado_00000214_post_disaster.png,D:\UNI\DLSS\satellite-disaster-damage-mapping\data_same\xbd\tier3\labels\moore-tornado_00000214_post_disaster.json
moore-tornado_00000215,moore-tornado,tier3,train,287,D:\UNI\DLSS\satellite-disaster-damage-mapping\data_same\xbd\tier3\images\moore-tornado_00000215_pre_disaster.png,D:\UNI\DLSS\satellite-disaster-damage-mapping\data_same\xbd\tier3\images\moore-tornado_00000215_post_disaster.png,D:\UNI\DLSS\satellite-disaster-damage-mapping\data_same\xbd\tier3\labels\moore-tornado_00000215_post_disaster.json
nepal-flooding_00000001,nepal-flooding,tier3,train,83,D:\UNI\DLSS\satellite-disaster-damage-mapping\data_same\xbd\tier3\images\nepal-flooding_00000001_pre_disaster.png,D:\UNI\DLSS\satellite-disaster-damage-mapping\data_same\xbd\tier3\images\nepal-flooding_00000001_post_disaster.png,D:\UNI\DLSS\satellite-disaster-damage-mapping\data_same\xbd\tier3\labels\nepal-flooding_00000001_post_disaster.json
nepal-flooding_00000004,nepal-flooding,tier3,train,23,D:\UNI\DLSS\satellite-disaster-damage-mapping\data_same\xbd\tier3\images\nepal-flooding_00000004_pre_disaster.png,D:\UNI\DLSS\satellite-disaster-damage-mapping\data_same\xbd\tier3\images\nepal-flooding_00000004_post_disaster.png,D:\UNI\DLSS\satellite-disaster-damage-mapping\data_same\xbd\tier3\labels\nepal-flooding_00000004_post_disaster.json
nepal-flooding_00000008,nepal-flooding,tier3,train,87,D:\UNI\DLSS\satellite-disaster-damage-mapping\data_same\xbd\tier3\images\nepal-flooding_00000008_pre_disaster.png,D:\UNI\DLSS\satellite-disaster-damage-mapping\data_same\xbd\tier3\images\nepal-flooding_00000008_post_disaster.png,D:\UNI\DLSS\satellite-disaster-damage-mapping\data_same\xbd\tier3\labels\nepal-flooding_00000008_post_disaster.json
nepal-flooding_00000010,nepal-flooding,tier3,train,235,D:\UNI\DLSS\satellite-disaster-damage-mapping\data_same\xbd\tier3\images\nepal-flooding_00000010_pre_disaster.png,D:\UNI\DLSS\satellite-disaster-damage-mapping\data_same\xbd\tier3\images\nepal-flooding_00000010_post_disaster.png,D:\UNI\DLSS\satellite-disaster-damage-mapping\data_same\xbd\tier3\labels\nepal-flooding_00000010_post_disaster.json
nepal-flooding_00000013,nepal-flooding,tier3,train,250,D:\UNI\DLSS\satellite-disaster-damage-mapping\data_same\xbd\tier3\images\nepal-flooding_00000013_pre_disaster.png,D:\UNI\DLSS\satellite-disaster-damage-mapping\data_same\xbd\tier3\images\nepal-flooding_00000013_post_disaster.png,D:\UNI\DLSS\satellite-disaster-damage-mapping\data_same\xbd\tier3\labels\nepal-flooding_00000013_post_disaster.json
nepal-flooding_00000020,nepal-flooding,tier3,train,194,D:\UNI\DLSS\satellite-disaster-damage-mapping\data_same\xbd\tier3\images\nepal-flooding_00000020_pre_disaster.png,D:\UNI\DLSS\satellite-disaster-damage-mapping\data_same\xbd\tier3\images\nepal-flooding_00000020_post_disaster.png,D:\UNI\DLSS\satellite-disaster-damage-mapping\data_same\xbd\tier3\labels\nepal-flooding_00000020_post_disaster.json
nepal-flooding_00000022,nepal-flooding,tier3,train,151,D:\UNI\DLSS\satellite-disaster-damage-mapping\data_same\xbd\tier3\images\nepal-flooding_00000022_pre_disaster.png,D:\UNI\DLSS\satellite-disaster-damage-mapping\data_same\xbd\tier3\images\nepal-flooding_00000022_post_disaster.png,D:\UNI\DLSS\satellite-disaster-damage-mapping\data_same\xbd\tier3\labels\nepal-flooding_00000022_post_disaster.json
nepal-flooding_00000023,nepal-flooding,tier3,train,110,D:\UNI\DLSS\satellite-disaster-damage-mapping\data_same\xbd\tier3\images\nepal-flooding_00000023_pre_disaster.png,D:\UNI\DLSS\satellite-disaster-damage-mapping\data_same\xbd\tier3\images\nepal-flooding_00000023_post_disaster.png,D:\UNI\DLSS\satellite-disaster-damage-mapping\data_same\xbd\tier3\labels\nepal-flooding_00000023_post_disaster.json
nepal-flooding_00000025,nepal-flooding,tier3,train,75,D:\UNI\DLSS\satellite-disaster-damage-mapping\data_same\xbd\tier3\images\nepal-flooding_00000025_pre_disaster.png,D:\UNI\DLSS\satellite-disaster-damage-mapping\data_same\xbd\tier3\images\nepal-flooding_00000025_post_disaster.png,D:\UNI\DLSS\satellite-disaster-damage-mapping\data_same\xbd\tier3\labels\nepal-flooding_00000025_post_disaster.json
nepal-flooding_00000026,nepal-flooding,tier3,train,19,D:\UNI\DLSS\satellite-disaster-damage-mapping\data_same\xbd\tier3\images\nepal-flooding_00000026_pre_disaster.png,D:\UNI\DLSS\satellite-disaster-damage-mapping\data_same\xbd\tier3\images\nepal-flooding_00000026_post_disaster.png,D:\UNI\DLSS\satellite-disaster-damage-mapping\data_same\xbd\tier3\labels\nepal-flooding_00000026_post_disaster.json
nepal-flooding_00000029,nepal-flooding,tier3,train,71,D:\UNI\DLSS\satellite-disaster-damage-mapping\data_same\xbd\tier3\images\nepal-flooding_00000029_pre_disaster.png,D:\UNI\DLSS\satellite-disaster-damage-mapping\data_same\xbd\tier3\images\nepal-flooding_00000029_post_disaster.png,D:\UNI\DLSS\satellite-disaster-damage-mapping\data_same\xbd\tier3\labels\nepal-flooding_00000029_post_disaster.json
nepal-flooding_00000031,nepal-flooding,tier3,train,201,D:\UNI\DLSS\satellite-disaster-damage-mapping\data_same\xbd\tier3\images\nepal-flooding_00000031_pre_disaster.png,D:\UNI\DLSS\satellite-disaster-damage-mapping\data_same\xbd\tier3\images\nepal-flooding_00000031_post_disaster.png,D:\UNI\DLSS\satellite-disaster-damage-mapping\data_same\xbd\tier3\labels\nepal-flooding_00000031_post_disaster.json
nepal-flooding_00000033,nepal-flooding,tier3,train,35,D:\UNI\DLSS\satellite-disaster-damage-mapping\data_same\xbd\tier3\images\nepal-flooding_00000033_pre_disaster.png,D:\UNI\DLSS\satellite-disaster-damage-mapping\data_same\xbd\tier3\images\nepal-flooding_00000033_post_disaster.png,D:\UNI\DLSS\satellite-disaster-damage-mapping\data_same\xbd\tier3\labels\nepal-flooding_00000033_post_disaster.json
nepal-flooding_00000034,nepal-flooding,tier3,train,173,D:\UNI\DLSS\satellite-disaster-damage-mapping\data_same\xbd\tier3\images\nepal-flooding_00000034_pre_disaster.png,D:\UNI\DLSS\satellite-disaster-damage-mapping\data_same\xbd\tier3\images\nepal-flooding_00000034_post_disaster.png,D:\UNI\DLSS\satellite-disaster-damage-mapping\data_same\xbd\tier3\labels\nepal-flooding_00000034_post_disaster.json
nepal-flooding_00000038,nepal-flooding,tier3,train,79,D:\UNI\DLSS\satellite-disaster-damage-mapping\data_same\xbd\tier3\images\nepal-flooding_00000038_pre_disaster.png,D:\UNI\DLSS\satellite-disaster-damage-mapping\data_same\xbd\tier3\images\nepal-flooding_00000038_post_disaster.png,D:\UNI\DLSS\satellite-disaster-damage-mapping\data_same\xbd\tier3\labels\nepal-flooding_00000038_post_disaster.json
nepal-flooding_00000039,nepal-flooding,tier3,train,13,D:\UNI\DLSS\satellite-disaster-damage-mapping\data_same\xbd\tier3\images\nepal-flooding_00000039_pre_disaster.png,D:\UNI\DLSS\satellite-disaster-damage-mapping\data_same\xbd\tier3\images\nepal-flooding_00000039_post_disaster.png,D:\UNI\DLSS\satellite-disaster-damage-mapping\data_same\xbd\tier3\labels\nepal-flooding_00000039_post_disaster.json
nepal-flooding_00000042,nepal-flooding,tier3,train,304,D:\UNI\DLSS\satellite-disaster-damage-mapping\data_same\xbd\tier3\images\nepal-flooding_00000042_pre_disaster.png,D:\UNI\DLSS\satellite-disaster-damage-mapping\data_same\xbd\tier3\images\nepal-flooding_00000042_post_disaster.png,D:\UNI\DLSS\satellite-disaster-damage-mapping\data_same\xbd\tier3\labels\nepal-flooding_00000042_post_disaster.json
nepal-flooding_00000047,nepal-flooding,tier3,train,5,D:\UNI\DLSS\satellite-disaster-damage-mapping\data_same\xbd\tier3\images\nepal-flooding_00000047_pre_disaster.png,D:\UNI\DLSS\satellite-disaster-damage-mapping\data_same\xbd\tier3\images\nepal-flooding_00000047_post_disaster.png,D:\UNI\DLSS\satellite-disaster-damage-mapping\data_same\xbd\tier3\labels\nepal-flooding_00000047_post_disaster.json
nepal-flooding_00000055,nepal-flooding,tier3,train,43,D:\UNI\DLSS\satellite-disaster-damage-mapping\data_same\xbd\tier3\images\nepal-flooding_00000055_pre_disaster.png,D:\UNI\DLSS\satellite-disaster-damage-mapping\data_same\xbd\tier3\images\nepal-flooding_00000055_post_disaster.png,D:\UNI\DLSS\satellite-disaster-damage-mapping\data_same\xbd\tier3\labels\nepal-flooding_00000055_post_disaster.json
nepal-flooding_00000060,nepal-flooding,tier3,train,74,D:\UNI\DLSS\satellite-disaster-damage-mapping\data_same\xbd\tier3\images\nepal-flooding_00000060_pre_disaster.png,D:\UNI\DLSS\satellite-disaster-damage-mapping\data_same\xbd\tier3\images\nepal-flooding_00000060_post_disaster.png,D:\UNI\DLSS\satellite-disaster-damage-mapping\data_same\xbd\tier3\labels\nepal-flooding_00000060_post_disaster.json
nepal-flooding_00000065,nepal-flooding,tier3,train,26,D:\UNI\DLSS\satellite-disaster-damage-mapping\data_same\xbd\tier3\images\nepal-flooding_00000065_pre_disaster.png,D:\UNI\DLSS\satellite-disaster-damage-mapping\data_same\xbd\tier3\images\nepal-flooding_00000065_post_disaster.png,D:\UNI\DLSS\satellite-disaster-damage-mapping\data_same\xbd\tier3\labels\nepal-flooding_00000065_post_disaster.json
nepal-flooding_00000067,nepal-flooding,tier3,train,19,D:\UNI\DLSS\satellite-disaster-damage-mapping\data_same\xbd\tier3\images\nepal-flooding_00000067_pre_disaster.png,D:\UNI\DLSS\satellite-disaster-damage-mapping\data_same\xbd\tier3\images\nepal-flooding_00000067_post_disaster.png,D:\UNI\DLSS\satellite-disaster-damage-mapping\data_same\xbd\tier3\labels\nepal-flooding_00000067_post_disaster.json
nepal-flooding_00000080,nepal-flooding,tier3,train,16,D:\UNI\DLSS\satellite-disaster-damage-mapping\data_same\xbd\tier3\images\nepal-flooding_00000080_pre_disaster.png,D:\UNI\DLSS\satellite-disaster-damage-mapping\data_same\xbd\tier3\images\nepal-flooding_00000080_post_disaster.png,D:\UNI\DLSS\satellite-disaster-damage-mapping\data_same\xbd\tier3\labels\nepal-flooding_00000080_post_disaster.json
nepal-flooding_00000081,nepal-flooding,tier3,train,5,D:\UNI\DLSS\satellite-disaster-damage-mapping\data_same\xbd\tier3\images\nepal-flooding_00000081_pre_disaster.png,D:\UNI\DLSS\satellite-disaster-damage-mapping\data_same\xbd\tier3\images\nepal-flooding_00000081_post_disaster.png,D:\UNI\DLSS\satellite-disaster-damage-mapping\data_same\xbd\tier3\labels\nepal-flooding_00000081_post_disaster.json
nepal-flooding_00000082,nepal-flooding,tier3,train,86,D:\UNI\DLSS\satellite-disaster-damage-mapping\data_same\xbd\tier3\images\nepal-flooding_00000082_pre_disaster.png,D:\UNI\DLSS\satellite-disaster-damage-mapping\data_same\xbd\tier3\images\nepal-flooding_00000082_post_disaster.png,D:\UNI\DLSS\satellite-disaster-damage-mapping\data_same\xbd\tier3\labels\nepal-flooding_00000082_post_disaster.json
nepal-flooding_00000086,nepal-flooding,tier3,train,111,D:\UNI\DLSS\satellite-disaster-damage-mapping\data_same\xbd\tier3\images\nepal-flooding_00000086_pre_disaster.png,D:\UNI\DLSS\satellite-disaster-damage-mapping\data_same\xbd\tier3\images\nepal-flooding_00000086_post_disaster.png,D:\UNI\DLSS\satellite-disaster-damage-mapping\data_same\xbd\tier3\labels\nepal-flooding_00000086_post_disaster.json
nepal-flooding_00000089,nepal-flooding,tier3,train,12,D:\UNI\DLSS\satellite-disaster-damage-mapping\data_same\xbd\tier3\images\nepal-flooding_00000089_pre_disaster.png,D:\UNI\DLSS\satellite-disaster-damage-mapping\data_same\xbd\tier3\images\nepal-flooding_00000089_post_disaster.png,D:\UNI\DLSS\satellite-disaster-damage-mapping\data_same\xbd\tier3\labels\nepal-flooding_00000089_post_disaster.json
nepal-flooding_00000093,nepal-flooding,tier3,train,21,D:\UNI\DLSS\satellite-disaster-damage-mapping\data_same\xbd\tier3\images\nepal-flooding_00000093_pre_disaster.png,D:\UNI\DLSS\satellite-disaster-damage-mapping\data_same\xbd\tier3\images\nepal-flooding_00000093_post_disaster.png,D:\UNI\DLSS\satellite-disaster-damage-mapping\data_same\xbd\tier3\labels\nepal-flooding_00000093_post_disaster.json
nepal-flooding_00000105,nepal-flooding,tier3,train,75,D:\UNI\DLSS\satellite-disaster-damage-mapping\data_same\xbd\tier3\images\nepal-flooding_00000105_pre_disaster.png,D:\UNI\DLSS\satellite-disaster-damage-mapping\data_same\xbd\tier3\images\nepal-flooding_00000105_post_disaster.png,D:\UNI\DLSS\satellite-disaster-damage-mapping\data_same\xbd\tier3\labels\nepal-flooding_00000105_post_disaster.json
nepal-flooding_00000107,nepal-flooding,tier3,train,52,D:\UNI\DLSS\satellite-disaster-damage-mapping\data_same\xbd\tier3\images\nepal-flooding_00000107_pre_disaster.png,D:\UNI\DLSS\satellite-disaster-damage-mapping\data_same\xbd\tier3\images\nepal-flooding_00000107_post_disaster.png,D:\UNI\DLSS\satellite-disaster-damage-mapping\data_same\xbd\tier3\labels\nepal-flooding_00000107_post_disaster.json
nepal-flooding_00000108,nepal-flooding,tier3,train,5,D:\UNI\DLSS\satellite-disaster-damage-mapping\data_same\xbd\tier3\images\nepal-flooding_00000108_pre_disaster.png,D:\UNI\DLSS\satellite-disaster-damage-mapping\data_same\xbd\tier3\images\nepal-flooding_00000108_post_disaster.png,D:\UNI\DLSS\satellite-disaster-damage-mapping\data_same\xbd\tier3\labels\nepal-flooding_00000108_post_disaster.json
nepal-flooding_00000111,nepal-flooding,tier3,train,7,D:\UNI\DLSS\satellite-disaster-damage-mapping\data_same\xbd\tier3\images\nepal-flooding_00000111_pre_disaster.png,D:\UNI\DLSS\satellite-disaster-damage-mapping\data_same\xbd\tier3\images\nepal-flooding_00000111_post_disaster.png,D:\UNI\DLSS\satellite-disaster-damage-mapping\data_same\xbd\tier3\labels\nepal-flooding_00000111_post_disaster.json
nepal-flooding_00000112,nepal-flooding,tier3,train,105,D:\UNI\DLSS\satellite-disaster-damage-mapping\data_same\xbd\tier3\images\nepal-flooding_00000112_pre_disaster.png,D:\UNI\DLSS\satellite-disaster-damage-mapping\data_same\xbd\tier3\images\nepal-flooding_00000112_post_disaster.png,D:\UNI\DLSS\satellite-disaster-damage-mapping\data_same\xbd\tier3\labels\nepal-flooding_00000112_post_disaster.json
nepal-flooding_00000114,nepal-flooding,tier3,train,56,D:\UNI\DLSS\satellite-disaster-damage-mapping\data_same\xbd\tier3\images\nepal-flooding_00000114_pre_disaster.png,D:\UNI\DLSS\satellite-disaster-damage-mapping\data_same\xbd\tier3\images\nepal-flooding_00000114_post_disaster.png,D:\UNI\DLSS\satellite-disaster-damage-mapping\data_same\xbd\tier3\labels\nepal-flooding_00000114_post_disaster.json
nepal-flooding_00000115,nepal-flooding,tier3,train,5,D:\UNI\DLSS\satellite-disaster-damage-mapping\data_same\xbd\tier3\images\nepal-flooding_00000115_pre_disaster.png,D:\UNI\DLSS\satellite-disaster-damage-mapping\data_same\xbd\tier3\images\nepal-flooding_00000115_post_disaster.png,D:\UNI\DLSS\satellite-disaster-damage-mapping\data_same\xbd\tier3\labels\nepal-flooding_00000115_post_disaster.json
nepal-flooding_00000117,nepal-flooding,tier3,train,178,D:\UNI\DLSS\satellite-disaster-damage-mapping\data_same\xbd\tier3\images\nepal-flooding_00000117_pre_disaster.png,D:\UNI\DLSS\satellite-disaster-damage-mapping\data_same\xbd\tier3\images\nepal-flooding_00000117_post_disaster.png,D:\UNI\DLSS\satellite-disaster-damage-mapping\data_same\xbd\tier3\labels\nepal-flooding_00000117_post_disaster.json
nepal-flooding_00000120,nepal-flooding,tier3,train,5,D:\UNI\DLSS\satellite-disaster-damage-mapping\data_same\xbd\tier3\images\nepal-flooding_00000120_pre_disaster.png,D:\UNI\DLSS\satellite-disaster-damage-mapping\data_same\xbd\tier3\images\nepal-flooding_00000120_post_disaster.png,D:\UNI\DLSS\satellite-disaster-damage-mapping\data_same\xbd\tier3\labels\nepal-flooding_00000120_post_disaster.json
nepal-flooding_00000123,nepal-flooding,tier3,train,265,D:\UNI\DLSS\satellite-disaster-damage-mapping\data_same\xbd\tier3\images\nepal-flooding_00000123_pre_disaster.png,D:\UNI\DLSS\satellite-disaster-damage-mapping\data_same\xbd\tier3\images\nepal-flooding_00000123_post_disaster.png,D:\UNI\DLSS\satellite-disaster-damage-mapping\data_same\xbd\tier3\labels\nepal-flooding_00000123_post_disaster.json
nepal-flooding_00000131,nepal-flooding,tier3,train,6,D:\UNI\DLSS\satellite-disaster-damage-mapping\data_same\xbd\tier3\images\nepal-flooding_00000131_pre_disaster.png,D:\UNI\DLSS\satellite-disaster-damage-mapping\data_same\xbd\tier3\images\nepal-flooding_00000131_post_disaster.png,D:\UNI\DLSS\satellite-disaster-damage-mapping\data_same\xbd\tier3\labels\nepal-flooding_00000131_post_disaster.json
nepal-flooding_00000138,nepal-flooding,tier3,train,307,D:\UNI\DLSS\satellite-disaster-damage-mapping\data_same\xbd\tier3\images\nepal-flooding_00000138_pre_disaster.png,D:\UNI\DLSS\satellite-disaster-damage-mapping\data_same\xbd\tier3\images\nepal-flooding_00000138_post_disaster.png,D:\UNI\DLSS\satellite-disaster-damage-mapping\data_same\xbd\tier3\labels\nepal-flooding_00000138_post_disaster.json
nepal-flooding_00000139,nepal-flooding,tier3,train,20,D:\UNI\DLSS\satellite-disaster-damage-mapping\data_same\xbd\tier3\images\nepal-flooding_00000139_pre_disaster.png,D:\UNI\DLSS\satellite-disaster-damage-mapping\data_same\xbd\tier3\images\nepal-flooding_00000139_post_disaster.png,D:\UNI\DLSS\satellite-disaster-damage-mapping\data_same\xbd\tier3\labels\nepal-flooding_00000139_post_disaster.json
nepal-flooding_00000152,nepal-flooding,tier3,train,52,D:\UNI\DLSS\satellite-disaster-damage-mapping\data_same\xbd\tier3\images\nepal-flooding_00000152_pre_disaster.png,D:\UNI\DLSS\satellite-disaster-damage-mapping\data_same\xbd\tier3\images\nepal-flooding_00000152_post_disaster.png,D:\UNI\DLSS\satellite-disaster-damage-mapping\data_same\xbd\tier3\labels\nepal-flooding_00000152_post_disaster.json
nepal-flooding_00000158,nepal-flooding,tier3,train,9,D:\UNI\DLSS\satellite-disaster-damage-mapping\data_same\xbd\tier3\images\nepal-flooding_00000158_pre_disaster.png,D:\UNI\DLSS\satellite-disaster-damage-mapping\data_same\xbd\tier3\images\nepal-flooding_00000158_post_disaster.png,D:\UNI\DLSS\satellite-disaster-damage-mapping\data_same\xbd\tier3\labels\nepal-flooding_00000158_post_disaster.json
nepal-flooding_00000165,nepal-flooding,tier3,train,119,D:\UNI\DLSS\satellite-disaster-damage-mapping\data_same\xbd\tier3\images\nepal-flooding_00000165_pre_disaster.png,D:\UNI\DLSS\satellite-disaster-damage-mapping\data_same\xbd\tier3\images\nepal-flooding_00000165_post_disaster.png,D:\UNI\DLSS\satellite-disaster-damage-mapping\data_same\xbd\tier3\labels\nepal-flooding_00000165_post_disaster.json
nepal-flooding_00000166,nepal-flooding,tier3,train,37,D:\UNI\DLSS\satellite-disaster-damage-mapping\data_same\xbd\tier3\images\nepal-flooding_00000166_pre_disaster.png,D:\UNI\DLSS\satellite-disaster-damage-mapping\data_same\xbd\tier3\images\nepal-flooding_00000166_post_disaster.png,D:\UNI\DLSS\satellite-disaster-damage-mapping\data_same\xbd\tier3\labels\nepal-flooding_00000166_post_disaster.json
nepal-flooding_00000167,nepal-flooding,tier3,train,26,D:\UNI\DLSS\satellite-disaster-damage-mapping\data_same\xbd\tier3\images\nepal-flooding_00000167_pre_disaster.png,D:\UNI\DLSS\satellite-disaster-damage-mapping\data_same\xbd\tier3\images\nepal-flooding_00000167_post_disaster.png,D:\UNI\DLSS\satellite-disaster-damage-mapping\data_same\xbd\tier3\labels\nepal-flooding_00000167_post_disaster.json
nepal-flooding_00000170,nepal-flooding,tier3,train,49,D:\UNI\DLSS\satellite-disaster-damage-mapping\data_same\xbd\tier3\images\nepal-flooding_00000170_pre_disaster.png,D:\UNI\DLSS\satellite-disaster-damage-mapping\data_same\xbd\tier3\images\nepal-flooding_00000170_post_disaster.png,D:\UNI\DLSS\satellite-disaster-damage-mapping\data_same\xbd\tier3\labels\nepal-flooding_00000170_post_disaster.json
nepal-flooding_00000172,nepal-flooding,tier3,train,7,D:\UNI\DLSS\satellite-disaster-damage-mapping\data_same\xbd\tier3\images\nepal-flooding_00000172_pre_disaster.png,D:\UNI\DLSS\satellite-disaster-damage-mapping\data_same\xbd\tier3\images\nepal-flooding_00000172_post_disaster.png,D:\UNI\DLSS\satellite-disaster-damage-mapping\data_same\xbd\tier3\labels\nepal-flooding_00000172_post_disaster.json
nepal-flooding_00000174,nepal-flooding,tier3,train,78,D:\UNI\DLSS\satellite-disaster-damage-mapping\data_same\xbd\tier3\images\nepal-flooding_00000174_pre_disaster.png,D:\UNI\DLSS\satellite-disaster-damage-mapping\data_same\xbd\tier3\images\nepal-flooding_00000174_post_disaster.png,D:\UNI\DLSS\satellite-disaster-damage-mapping\data_same\xbd\tier3\labels\nepal-flooding_00000174_post_disaster.json
nepal-flooding_00000178,nepal-flooding,tier3,train,128,D:\UNI\DLSS\satellite-disaster-damage-mapping\data_same\xbd\tier3\images\nepal-flooding_00000178_pre_disaster.png,D:\UNI\DLSS\satellite-disaster-damage-mapping\data_same\xbd\tier3\images\nepal-flooding_00000178_post_disaster.png,D:\UNI\DLSS\satellite-disaster-damage-mapping\data_same\xbd\tier3\labels\nepal-flooding_00000178_post_disaster.json
nepal-flooding_00000188,nepal-flooding,tier3,train,85,D:\UNI\DLSS\satellite-disaster-damage-mapping\data_same\xbd\tier3\images\nepal-flooding_00000188_pre_disaster.png,D:\UNI\DLSS\satellite-disaster-damage-mapping\data_same\xbd\tier3\images\nepal-flooding_00000188_post_disaster.png,D:\UNI\DLSS\satellite-disaster-damage-mapping\data_same\xbd\tier3\labels\nepal-flooding_00000188_post_disaster.json
nepal-flooding_00000191,nepal-flooding,tier3,train,12,D:\UNI\DLSS\satellite-disaster-damage-mapping\data_same\xbd\tier3\images\nepal-flooding_00000191_pre_disaster.png,D:\UNI\DLSS\satellite-disaster-damage-mapping\data_same\xbd\tier3\images\nepal-flooding_00000191_post_disaster.png,D:\UNI\DLSS\satellite-disaster-damage-mapping\data_same\xbd\tier3\labels\nepal-flooding_00000191_post_disaster.json
nepal-flooding_00000200,nepal-flooding,tier3,train,87,D:\UNI\DLSS\satellite-disaster-damage-mapping\data_same\xbd\tier3\images\nepal-flooding_00000200_pre_disaster.png,D:\UNI\DLSS\satellite-disaster-damage-mapping\data_same\xbd\tier3\images\nepal-flooding_00000200_post_disaster.png,D:\UNI\DLSS\satellite-disaster-damage-mapping\data_same\xbd\tier3\labels\nepal-flooding_00000200_post_disaster.json
nepal-flooding_00000201,nepal-flooding,tier3,train,204,D:\UNI\DLSS\satellite-disaster-damage-mapping\data_same\xbd\tier3\images\nepal-flooding_00000201_pre_disaster.png,D:\UNI\DLSS\satellite-disaster-damage-mapping\data_same\xbd\tier3\images\nepal-flooding_00000201_post_disaster.png,D:\UNI\DLSS\satellite-disaster-damage-mapping\data_same\xbd\tier3\labels\nepal-flooding_00000201_post_disaster.json
nepal-flooding_00000209,nepal-flooding,tier3,train,395,D:\UNI\DLSS\satellite-disaster-damage-mapping\data_same\xbd\tier3\images\nepal-flooding_00000209_pre_disaster.png,D:\UNI\DLSS\satellite-disaster-damage-mapping\data_same\xbd\tier3\images\nepal-flooding_00000209_post_disaster.png,D:\UNI\DLSS\satellite-disaster-damage-mapping\data_same\xbd\tier3\labels\nepal-flooding_00000209_post_disaster.json
nepal-flooding_00000212,nepal-flooding,tier3,train,24,D:\UNI\DLSS\satellite-disaster-damage-mapping\data_same\xbd\tier3\images\nepal-flooding_00000212_pre_disaster.png,D:\UNI\DLSS\satellite-disaster-damage-mapping\data_same\xbd\tier3\images\nepal-flooding_00000212_post_disaster.png,D:\UNI\DLSS\satellite-disaster-damage-mapping\data_same\xbd\tier3\labels\nepal-flooding_00000212_post_disaster.json
nepal-flooding_00000213,nepal-flooding,tier3,train,117,D:\UNI\DLSS\satellite-disaster-damage-mapping\data_same\xbd\tier3\images\nepal-flooding_00000213_pre_disaster.png,D:\UNI\DLSS\satellite-disaster-damage-mapping\data_same\xbd\tier3\images\nepal-flooding_00000213_post_disaster.png,D:\UNI\DLSS\satellite-disaster-damage-mapping\data_same\xbd\tier3\labels\nepal-flooding_00000213_post_disaster.json
nepal-flooding_00000218,nepal-flooding,tier3,train,62,D:\UNI\DLSS\satellite-disaster-damage-mapping\data_same\xbd\tier3\images\nepal-flooding_00000218_pre_disaster.png,D:\UNI\DLSS\satellite-disaster-damage-mapping\data_same\xbd\tier3\images\nepal-flooding_00000218_post_disaster.png,D:\UNI\DLSS\satellite-disaster-damage-mapping\data_same\xbd\tier3\labels\nepal-flooding_00000218_post_disaster.json
nepal-flooding_00000221,nepal-flooding,tier3,train,31,D:\UNI\DLSS\satellite-disaster-damage-mapping\data_same\xbd\tier3\images\nepal-flooding_00000221_pre_disaster.png,D:\UNI\DLSS\satellite-disaster-damage-mapping\data_same\xbd\tier3\images\nepal-flooding_00000221_post_disaster.png,D:\UNI\DLSS\satellite-disaster-damage-mapping\data_same\xbd\tier3\labels\nepal-flooding_00000221_post_disaster.json
nepal-flooding_00000225,nepal-flooding,tier3,train,342,D:\UNI\DLSS\satellite-disaster-damage-mapping\data_same\xbd\tier3\images\nepal-flooding_00000225_pre_disaster.png,D:\UNI\DLSS\satellite-disaster-damage-mapping\data_same\xbd\tier3\images\nepal-flooding_00000225_post_disaster.png,D:\UNI\DLSS\satellite-disaster-damage-mapping\data_same\xbd\tier3\labels\nepal-flooding_00000225_post_disaster.json
nepal-flooding_00000228,nepal-flooding,tier3,train,67,D:\UNI\DLSS\satellite-disaster-damage-mapping\data_same\xbd\tier3\images\nepal-flooding_00000228_pre_disaster.png,D:\UNI\DLSS\satellite-disaster-damage-mapping\data_same\xbd\tier3\images\nepal-flooding_00000228_post_disaster.png,D:\UNI\DLSS\satellite-disaster-damage-mapping\data_same\xbd\tier3\labels\nepal-flooding_00000228_post_disaster.json
nepal-flooding_00000230,nepal-flooding,tier3,train,21,D:\UNI\DLSS\satellite-disaster-damage-mapping\data_same\xbd\tier3\images\nepal-flooding_00000230_pre_disaster.png,D:\UNI\DLSS\satellite-disaster-damage-mapping\data_same\xbd\tier3\images\nepal-flooding_00000230_post_disaster.png,D:\UNI\DLSS\satellite-disaster-damage-mapping\data_same\xbd\tier3\labels\nepal-flooding_00000230_post_disaster.json
nepal-flooding_00000232,nepal-flooding,tier3,train,134,D:\UNI\DLSS\satellite-disaster-damage-mapping\data_same\xbd\tier3\images\nepal-flooding_00000232_pre_disaster.png,D:\UNI\DLSS\satellite-disaster-damage-mapping\data_same\xbd\tier3\images\nepal-flooding_00000232_post_disaster.png,D:\UNI\DLSS\satellite-disaster-damage-mapping\data_same\xbd\tier3\labels\nepal-flooding_00000232_post_disaster.json
nepal-flooding_00000245,nepal-flooding,tier3,train,11,D:\UNI\DLSS\satellite-disaster-damage-mapping\data_same\xbd\tier3\images\nepal-flooding_00000245_pre_disaster.png,D:\UNI\DLSS\satellite-disaster-damage-mapping\data_same\xbd\tier3\images\nepal-flooding_00000245_post_disaster.png,D:\UNI\DLSS\satellite-disaster-damage-mapping\data_same\xbd\tier3\labels\nepal-flooding_00000245_post_disaster.json
nepal-flooding_00000250,nepal-flooding,tier3,train,96,D:\UNI\DLSS\satellite-disaster-damage-mapping\data_same\xbd\tier3\images\nepal-flooding_00000250_pre_disaster.png,D:\UNI\DLSS\satellite-disaster-damage-mapping\data_same\xbd\tier3\images\nepal-flooding_00000250_post_disaster.png,D:\UNI\DLSS\satellite-disaster-damage-mapping\data_same\xbd\tier3\labels\nepal-flooding_00000250_post_disaster.json
nepal-flooding_00000256,nepal-flooding,tier3,train,21,D:\UNI\DLSS\satellite-disaster-damage-mapping\data_same\xbd\tier3\images\nepal-flooding_00000256_pre_disaster.png,D:\UNI\DLSS\satellite-disaster-damage-mapping\data_same\xbd\tier3\images\nepal-flooding_00000256_post_disaster.png,D:\UNI\DLSS\satellite-disaster-damage-mapping\data_same\xbd\tier3\labels\nepal-flooding_00000256_post_disaster.json
nepal-flooding_00000259,nepal-flooding,tier3,train,211,D:\UNI\DLSS\satellite-disaster-damage-mapping\data_same\xbd\tier3\images\nepal-flooding_00000259_pre_disaster.png,D:\UNI\DLSS\satellite-disaster-damage-mapping\data_same\xbd\tier3\images\nepal-flooding_00000259_post_disaster.png,D:\UNI\DLSS\satellite-disaster-damage-mapping\data_same\xbd\tier3\labels\nepal-flooding_00000259_post_disaster.json
nepal-flooding_00000260,nepal-flooding,tier3,train,50,D:\UNI\DLSS\satellite-disaster-damage-mapping\data_same\xbd\tier3\images\nepal-flooding_00000260_pre_disaster.png,D:\UNI\DLSS\satellite-disaster-damage-mapping\data_same\xbd\tier3\images\nepal-flooding_00000260_post_disaster.png,D:\UNI\DLSS\satellite-disaster-damage-mapping\data_same\xbd\tier3\labels\nepal-flooding_00000260_post_disaster.json
nepal-flooding_00000266,nepal-flooding,tier3,train,193,D:\UNI\DLSS\satellite-disaster-damage-mapping\data_same\xbd\tier3\images\nepal-flooding_00000266_pre_disaster.png,D:\UNI\DLSS\satellite-disaster-damage-mapping\data_same\xbd\tier3\images\nepal-flooding_00000266_post_disaster.png,D:\UNI\DLSS\satellite-disaster-damage-mapping\data_same\xbd\tier3\labels\nepal-flooding_00000266_post_disaster.json
nepal-flooding_00000270,nepal-flooding,tier3,train,43,D:\UNI\DLSS\satellite-disaster-damage-mapping\data_same\xbd\tier3\images\nepal-flooding_00000270_pre_disaster.png,D:\UNI\DLSS\satellite-disaster-damage-mapping\data_same\xbd\tier3\images\nepal-flooding_00000270_post_disaster.png,D:\UNI\DLSS\satellite-disaster-damage-mapping\data_same\xbd\tier3\labels\nepal-flooding_00000270_post_disaster.json
nepal-flooding_00000273,nepal-flooding,tier3,train,27,D:\UNI\DLSS\satellite-disaster-damage-mapping\data_same\xbd\tier3\images\nepal-flooding_00000273_pre_disaster.png,D:\UNI\DLSS\satellite-disaster-damage-mapping\data_same\xbd\tier3\images\nepal-flooding_00000273_post_disaster.png,D:\UNI\DLSS\satellite-disaster-damage-mapping\data_same\xbd\tier3\labels\nepal-flooding_00000273_post_disaster.json
nepal-flooding_00000277,nepal-flooding,tier3,train,152,D:\UNI\DLSS\satellite-disaster-damage-mapping\data_same\xbd\tier3\images\nepal-flooding_00000277_pre_disaster.png,D:\UNI\DLSS\satellite-disaster-damage-mapping\data_same\xbd\tier3\images\nepal-flooding_00000277_post_disaster.png,D:\UNI\DLSS\satellite-disaster-damage-mapping\data_same\xbd\tier3\labels\nepal-flooding_00000277_post_disaster.json
nepal-flooding_00000287,nepal-flooding,tier3,train,55,D:\UNI\DLSS\satellite-disaster-damage-mapping\data_same\xbd\tier3\images\nepal-flooding_00000287_pre_disaster.png,D:\UNI\DLSS\satellite-disaster-damage-mapping\data_same\xbd\tier3\images\nepal-flooding_00000287_post_disaster.png,D:\UNI\DLSS\satellite-disaster-damage-mapping\data_same\xbd\tier3\labels\nepal-flooding_00000287_post_disaster.json
nepal-flooding_00000292,nepal-flooding,tier3,train,45,D:\UNI\DLSS\satellite-disaster-damage-mapping\data_same\xbd\tier3\images\nepal-flooding_00000292_pre_disaster.png,D:\UNI\DLSS\satellite-disaster-damage-mapping\data_same\xbd\tier3\images\nepal-flooding_00000292_post_disaster.png,D:\UNI\DLSS\satellite-disaster-damage-mapping\data_same\xbd\tier3\labels\nepal-flooding_00000292_post_disaster.json
nepal-flooding_00000294,nepal-flooding,tier3,train,5,D:\UNI\DLSS\satellite-disaster-damage-mapping\data_same\xbd\tier3\images\nepal-flooding_00000294_pre_disaster.png,D:\UNI\DLSS\satellite-disaster-damage-mapping\data_same\xbd\tier3\images\nepal-flooding_00000294_post_disaster.png,D:\UNI\DLSS\satellite-disaster-damage-mapping\data_same\xbd\tier3\labels\nepal-flooding_00000294_post_disaster.json
nepal-flooding_00000296,nepal-flooding,tier3,train,31,D:\UNI\DLSS\satellite-disaster-damage-mapping\data_same\xbd\tier3\images\nepal-flooding_00000296_pre_disaster.png,D:\UNI\DLSS\satellite-disaster-damage-mapping\data_same\xbd\tier3\images\nepal-flooding_00000296_post_disaster.png,D:\UNI\DLSS\satellite-disaster-damage-mapping\data_same\xbd\tier3\labels\nepal-flooding_00000296_post_disaster.json
nepal-flooding_00000298,nepal-flooding,tier3,train,85,D:\UNI\DLSS\satellite-disaster-damage-mapping\data_same\xbd\tier3\images\nepal-flooding_00000298_pre_disaster.png,D:\UNI\DLSS\satellite-disaster-damage-mapping\data_same\xbd\tier3\images\nepal-flooding_00000298_post_disaster.png,D:\UNI\DLSS\satellite-disaster-damage-mapping\data_same\xbd\tier3\labels\nepal-flooding_00000298_post_disaster.json
nepal-flooding_00000303,nepal-flooding,tier3,train,228,D:\UNI\DLSS\satellite-disaster-damage-mapping\data_same\xbd\tier3\images\nepal-flooding_00000303_pre_disaster.png,D:\UNI\DLSS\satellite-disaster-damage-mapping\data_same\xbd\tier3\images\nepal-flooding_00000303_post_disaster.png,D:\UNI\DLSS\satellite-disaster-damage-mapping\data_same\xbd\tier3\labels\nepal-flooding_00000303_post_disaster.json
nepal-flooding_00000311,nepal-flooding,tier3,train,73,D:\UNI\DLSS\satellite-disaster-damage-mapping\data_same\xbd\tier3\images\nepal-flooding_00000311_pre_disaster.png,D:\UNI\DLSS\satellite-disaster-damage-mapping\data_same\xbd\tier3\images\nepal-flooding_00000311_post_disaster.png,D:\UNI\DLSS\satellite-disaster-damage-mapping\data_same\xbd\tier3\labels\nepal-flooding_00000311_post_disaster.json
nepal-flooding_00000312,nepal-flooding,tier3,train,31,D:\UNI\DLSS\satellite-disaster-damage-mapping\data_same\xbd\tier3\images\nepal-flooding_00000312_pre_disaster.png,D:\UNI\DLSS\satellite-disaster-damage-mapping\data_same\xbd\tier3\images\nepal-flooding_00000312_post_disaster.png,D:\UNI\DLSS\satellite-disaster-damage-mapping\data_same\xbd\tier3\labels\nepal-flooding_00000312_post_disaster.json
nepal-flooding_00000324,nepal-flooding,tier3,train,88,D:\UNI\DLSS\satellite-disaster-damage-mapping\data_same\xbd\tier3\images\nepal-flooding_00000324_pre_disaster.png,D:\UNI\DLSS\satellite-disaster-damage-mapping\data_same\xbd\tier3\images\nepal-flooding_00000324_post_disaster.png,D:\UNI\DLSS\satellite-disaster-damage-mapping\data_same\xbd\tier3\labels\nepal-flooding_00000324_post_disaster.json
nepal-flooding_00000327,nepal-flooding,tier3,train,11,D:\UNI\DLSS\satellite-disaster-damage-mapping\data_same\xbd\tier3\images\nepal-flooding_00000327_pre_disaster.png,D:\UNI\DLSS\satellite-disaster-damage-mapping\data_same\xbd\tier3\images\nepal-flooding_00000327_post_disaster.png,D:\UNI\DLSS\satellite-disaster-damage-mapping\data_same\xbd\tier3\labels\nepal-flooding_00000327_post_disaster.json
nepal-flooding_00000332,nepal-flooding,tier3,train,189,D:\UNI\DLSS\satellite-disaster-damage-mapping\data_same\xbd\tier3\images\nepal-flooding_00000332_pre_disaster.png,D:\UNI\DLSS\satellite-disaster-damage-mapping\data_same\xbd\tier3\images\nepal-flooding_00000332_post_disaster.png,D:\UNI\DLSS\satellite-disaster-damage-mapping\data_same\xbd\tier3\labels\nepal-flooding_00000332_post_disaster.json
nepal-flooding_00000336,nepal-flooding,tier3,train,32,D:\UNI\DLSS\satellite-disaster-damage-mapping\data_same\xbd\tier3\images\nepal-flooding_00000336_pre_disaster.png,D:\UNI\DLSS\satellite-disaster-damage-mapping\data_same\xbd\tier3\images\nepal-flooding_00000336_post_disaster.png,D:\UNI\DLSS\satellite-disaster-damage-mapping\data_same\xbd\tier3\labels\nepal-flooding_00000336_post_disaster.json
nepal-flooding_00000359,nepal-flooding,tier3,train,172,D:\UNI\DLSS\satellite-disaster-damage-mapping\data_same\xbd\tier3\images\nepal-flooding_00000359_pre_disaster.png,D:\UNI\DLSS\satellite-disaster-damage-mapping\data_same\xbd\tier3\images\nepal-flooding_00000359_post_disaster.png,D:\UNI\DLSS\satellite-disaster-damage-mapping\data_same\xbd\tier3\labels\nepal-flooding_00000359_post_disaster.json
nepal-flooding_00000372,nepal-flooding,tier3,train,9,D:\UNI\DLSS\satellite-disaster-damage-mapping\data_same\xbd\tier3\images\nepal-flooding_00000372_pre_disaster.png,D:\UNI\DLSS\satellite-disaster-damage-mapping\data_same\xbd\tier3\images\nepal-flooding_00000372_post_disaster.png,D:\UNI\DLSS\satellite-disaster-damage-mapping\data_same\xbd\tier3\labels\nepal-flooding_00000372_post_disaster.json
nepal-flooding_00000373,nepal-flooding,tier3,train,125,D:\UNI\DLSS\satellite-disaster-damage-mapping\data_same\xbd\tier3\images\nepal-flooding_00000373_pre_disaster.png,D:\UNI\DLSS\satellite-disaster-damage-mapping\data_same\xbd\tier3\images\nepal-flooding_00000373_post_disaster.png,D:\UNI\DLSS\satellite-disaster-damage-mapping\data_same\xbd\tier3\labels\nepal-flooding_00000373_post_disaster.json
nepal-flooding_00000381,nepal-flooding,tier3,train,296,D:\UNI\DLSS\satellite-disaster-damage-mapping\data_same\xbd\tier3\images\nepal-flooding_00000381_pre_disaster.png,D:\UNI\DLSS\satellite-disaster-damage-mapping\data_same\xbd\tier3\images\nepal-flooding_00000381_post_disaster.png,D:\UNI\DLSS\satellite-disaster-damage-mapping\data_same\xbd\tier3\labels\nepal-flooding_00000381_post_disaster.json
nepal-flooding_00000394,nepal-flooding,tier3,train,14,D:\UNI\DLSS\satellite-disaster-damage-mapping\data_same\xbd\tier3\images\nepal-flooding_00000394_pre_disaster.png,D:\UNI\DLSS\satellite-disaster-damage-mapping\data_same\xbd\tier3\images\nepal-flooding_00000394_post_disaster.png,D:\UNI\DLSS\satellite-disaster-damage-mapping\data_same\xbd\tier3\labels\nepal-flooding_00000394_post_disaster.json
nepal-flooding_00000397,nepal-flooding,tier3,train,11,D:\UNI\DLSS\satellite-disaster-damage-mapping\data_same\xbd\tier3\images\nepal-flooding_00000397_pre_disaster.png,D:\UNI\DLSS\satellite-disaster-damage-mapping\data_same\xbd\tier3\images\nepal-flooding_00000397_post_disaster.png,D:\UNI\DLSS\satellite-disaster-damage-mapping\data_same\xbd\tier3\labels\nepal-flooding_00000397_post_disaster.json
nepal-flooding_00000402,nepal-flooding,tier3,train,38,D:\UNI\DLSS\satellite-disaster-damage-mapping\data_same\xbd\tier3\images\nepal-flooding_00000402_pre_disaster.png,D:\UNI\DLSS\satellite-disaster-damage-mapping\data_same\xbd\tier3\images\nepal-flooding_00000402_post_disaster.png,D:\UNI\DLSS\satellite-disaster-damage-mapping\data_same\xbd\tier3\labels\nepal-flooding_00000402_post_disaster.json
nepal-flooding_00000409,nepal-flooding,tier3,train,5,D:\UNI\DLSS\satellite-disaster-damage-mapping\data_same\xbd\tier3\images\nepal-flooding_00000409_pre_disaster.png,D:\UNI\DLSS\satellite-disaster-damage-mapping\data_same\xbd\tier3\images\nepal-flooding_00000409_post_disaster.png,D:\UNI\DLSS\satellite-disaster-damage-mapping\data_same\xbd\tier3\labels\nepal-flooding_00000409_post_disaster.json
nepal-flooding_00000411,nepal-flooding,tier3,train,118,D:\UNI\DLSS\satellite-disaster-damage-mapping\data_same\xbd\tier3\images\nepal-flooding_00000411_pre_disaster.png,D:\UNI\DLSS\satellite-disaster-damage-mapping\data_same\xbd\tier3\images\nepal-flooding_00000411_post_disaster.png,D:\UNI\DLSS\satellite-disaster-damage-mapping\data_same\xbd\tier3\labels\nepal-flooding_00000411_post_disaster.json
nepal-flooding_00000414,nepal-flooding,tier3,train,148,D:\UNI\DLSS\satellite-disaster-damage-mapping\data_same\xbd\tier3\images\nepal-flooding_00000414_pre_disaster.png,D:\UNI\DLSS\satellite-disaster-damage-mapping\data_same\xbd\tier3\images\nepal-flooding_00000414_post_disaster.png,D:\UNI\DLSS\satellite-disaster-damage-mapping\data_same\xbd\tier3\labels\nepal-flooding_00000414_post_disaster.json
nepal-flooding_00000415,nepal-flooding,tier3,train,12,D:\UNI\DLSS\satellite-disaster-damage-mapping\data_same\xbd\tier3\images\nepal-flooding_00000415_pre_disaster.png,D:\UNI\DLSS\satellite-disaster-damage-mapping\data_same\xbd\tier3\images\nepal-flooding_00000415_post_disaster.png,D:\UNI\DLSS\satellite-disaster-damage-mapping\data_same\xbd\tier3\labels\nepal-flooding_00000415_post_disaster.json
nepal-flooding_00000421,nepal-flooding,tier3,train,163,D:\UNI\DLSS\satellite-disaster-damage-mapping\data_same\xbd\tier3\images\nepal-flooding_00000421_pre_disaster.png,D:\UNI\DLSS\satellite-disaster-damage-mapping\data_same\xbd\tier3\images\nepal-flooding_00000421_post_disaster.png,D:\UNI\DLSS\satellite-disaster-damage-mapping\data_same\xbd\tier3\labels\nepal-flooding_00000421_post_disaster.json
nepal-flooding_00000422,nepal-flooding,tier3,train,15,D:\UNI\DLSS\satellite-disaster-damage-mapping\data_same\xbd\tier3\images\nepal-flooding_00000422_pre_disaster.png,D:\UNI\DLSS\satellite-disaster-damage-mapping\data_same\xbd\tier3\images\nepal-flooding_00000422_post_disaster.png,D:\UNI\DLSS\satellite-disaster-damage-mapping\data_same\xbd\tier3\labels\nepal-flooding_00000422_post_disaster.json
nepal-flooding_00000439,nepal-flooding,tier3,train,60,D:\UNI\DLSS\satellite-disaster-damage-mapping\data_same\xbd\tier3\images\nepal-flooding_00000439_pre_disaster.png,D:\UNI\DLSS\satellite-disaster-damage-mapping\data_same\xbd\tier3\images\nepal-flooding_00000439_post_disaster.png,D:\UNI\DLSS\satellite-disaster-damage-mapping\data_same\xbd\tier3\labels\nepal-flooding_00000439_post_disaster.json
nepal-flooding_00000441,nepal-flooding,tier3,train,33,D:\UNI\DLSS\satellite-disaster-damage-mapping\data_same\xbd\tier3\images\nepal-flooding_00000441_pre_disaster.png,D:\UNI\DLSS\satellite-disaster-damage-mapping\data_same\xbd\tier3\images\nepal-flooding_00000441_post_disaster.png,D:\UNI\DLSS\satellite-disaster-damage-mapping\data_same\xbd\tier3\labels\nepal-flooding_00000441_post_disaster.json
nepal-flooding_00000442,nepal-flooding,tier3,train,16,D:\UNI\DLSS\satellite-disaster-damage-mapping\data_same\xbd\tier3\images\nepal-flooding_00000442_pre_disaster.png,D:\UNI\DLSS\satellite-disaster-damage-mapping\data_same\xbd\tier3\images\nepal-flooding_00000442_post_disaster.png,D:\UNI\DLSS\satellite-disaster-damage-mapping\data_same\xbd\tier3\labels\nepal-flooding_00000442_post_disaster.json
nepal-flooding_00000451,nepal-flooding,tier3,train,251,D:\UNI\DLSS\satellite-disaster-damage-mapping\data_same\xbd\tier3\images\nepal-flooding_00000451_pre_disaster.png,D:\UNI\DLSS\satellite-disaster-damage-mapping\data_same\xbd\tier3\images\nepal-flooding_00000451_post_disaster.png,D:\UNI\DLSS\satellite-disaster-damage-mapping\data_same\xbd\tier3\labels\nepal-flooding_00000451_post_disaster.json
nepal-flooding_00000469,nepal-flooding,tier3,train,12,D:\UNI\DLSS\satellite-disaster-damage-mapping\data_same\xbd\tier3\images\nepal-flooding_00000469_pre_disaster.png,D:\UNI\DLSS\satellite-disaster-damage-mapping\data_same\xbd\tier3\images\nepal-flooding_00000469_post_disaster.png,D:\UNI\DLSS\satellite-disaster-damage-mapping\data_same\xbd\tier3\labels\nepal-flooding_00000469_post_disaster.json
nepal-flooding_00000471,nepal-flooding,tier3,train,103,D:\UNI\DLSS\satellite-disaster-damage-mapping\data_same\xbd\tier3\images\nepal-flooding_00000471_pre_disaster.png,D:\UNI\DLSS\satellite-disaster-damage-mapping\data_same\xbd\tier3\images\nepal-flooding_00000471_post_disaster.png,D:\UNI\DLSS\satellite-disaster-damage-mapping\data_same\xbd\tier3\labels\nepal-flooding_00000471_post_disaster.json
nepal-flooding_00000473,nepal-flooding,tier3,train,81,D:\UNI\DLSS\satellite-disaster-damage-mapping\data_same\xbd\tier3\images\nepal-flooding_00000473_pre_disaster.png,D:\UNI\DLSS\satellite-disaster-damage-mapping\data_same\xbd\tier3\images\nepal-flooding_00000473_post_disaster.png,D:\UNI\DLSS\satellite-disaster-damage-mapping\data_same\xbd\tier3\labels\nepal-flooding_00000473_post_disaster.json
nepal-flooding_00000475,nepal-flooding,tier3,train,43,D:\UNI\DLSS\satellite-disaster-damage-mapping\data_same\xbd\tier3\images\nepal-flooding_00000475_pre_disaster.png,D:\UNI\DLSS\satellite-disaster-damage-mapping\data_same\xbd\tier3\images\nepal-flooding_00000475_post_disaster.png,D:\UNI\DLSS\satellite-disaster-damage-mapping\data_same\xbd\tier3\labels\nepal-flooding_00000475_post_disaster.json
nepal-flooding_00000485,nepal-flooding,tier3,train,158,D:\UNI\DLSS\satellite-disaster-damage-mapping\data_same\xbd\tier3\images\nepal-flooding_00000485_pre_disaster.png,D:\UNI\DLSS\satellite-disaster-damage-mapping\data_same\xbd\tier3\images\nepal-flooding_00000485_post_disaster.png,D:\UNI\DLSS\satellite-disaster-damage-mapping\data_same\xbd\tier3\labels\nepal-flooding_00000485_post_disaster.json
nepal-flooding_00000487,nepal-flooding,tier3,train,81,D:\UNI\DLSS\satellite-disaster-damage-mapping\data_same\xbd\tier3\images\nepal-flooding_00000487_pre_disaster.png,D:\UNI\DLSS\satellite-disaster-damage-mapping\data_same\xbd\tier3\images\nepal-flooding_00000487_post_disaster.png,D:\UNI\DLSS\satellite-disaster-damage-mapping\data_same\xbd\tier3\labels\nepal-flooding_00000487_post_disaster.json
nepal-flooding_00000490,nepal-flooding,tier3,train,83,D:\UNI\DLSS\satellite-disaster-damage-mapping\data_same\xbd\tier3\images\nepal-flooding_00000490_pre_disaster.png,D:\UNI\DLSS\satellite-disaster-damage-mapping\data_same\xbd\tier3\images\nepal-flooding_00000490_post_disaster.png,D:\UNI\DLSS\satellite-disaster-damage-mapping\data_same\xbd\tier3\labels\nepal-flooding_00000490_post_disaster.json
nepal-flooding_00000493,nepal-flooding,tier3,train,161,D:\UNI\DLSS\satellite-disaster-damage-mapping\data_same\xbd\tier3\images\nepal-flooding_00000493_pre_disaster.png,D:\UNI\DLSS\satellite-disaster-damage-mapping\data_same\xbd\tier3\images\nepal-flooding_00000493_post_disaster.png,D:\UNI\DLSS\satellite-disaster-damage-mapping\data_same\xbd\tier3\labels\nepal-flooding_00000493_post_disaster.json
nepal-flooding_00000500,nepal-flooding,tier3,train,8,D:\UNI\DLSS\satellite-disaster-damage-mapping\data_same\xbd\tier3\images\nepal-flooding_00000500_pre_disaster.png,D:\UNI\DLSS\satellite-disaster-damage-mapping\data_same\xbd\tier3\images\nepal-flooding_00000500_post_disaster.png,D:\UNI\DLSS\satellite-disaster-damage-mapping\data_same\xbd\tier3\labels\nepal-flooding_00000500_post_disaster.json
nepal-flooding_00000511,nepal-flooding,tier3,train,86,D:\UNI\DLSS\satellite-disaster-damage-mapping\data_same\xbd\tier3\images\nepal-flooding_00000511_pre_disaster.png,D:\UNI\DLSS\satellite-disaster-damage-mapping\data_same\xbd\tier3\images\nepal-flooding_00000511_post_disaster.png,D:\UNI\DLSS\satellite-disaster-damage-mapping\data_same\xbd\tier3\labels\nepal-flooding_00000511_post_disaster.json
nepal-flooding_00000512,nepal-flooding,tier3,train,25,D:\UNI\DLSS\satellite-disaster-damage-mapping\data_same\xbd\tier3\images\nepal-flooding_00000512_pre_disaster.png,D:\UNI\DLSS\satellite-disaster-damage-mapping\data_same\xbd\tier3\images\nepal-flooding_00000512_post_disaster.png,D:\UNI\DLSS\satellite-disaster-damage-mapping\data_same\xbd\tier3\labels\nepal-flooding_00000512_post_disaster.json
nepal-flooding_00000519,nepal-flooding,tier3,train,29,D:\UNI\DLSS\satellite-disaster-damage-mapping\data_same\xbd\tier3\images\nepal-flooding_00000519_pre_disaster.png,D:\UNI\DLSS\satellite-disaster-damage-mapping\data_same\xbd\tier3\images\nepal-flooding_00000519_post_disaster.png,D:\UNI\DLSS\satellite-disaster-damage-mapping\data_same\xbd\tier3\labels\nepal-flooding_00000519_post_disaster.json
nepal-flooding_00000522,nepal-flooding,tier3,train,36,D:\UNI\DLSS\satellite-disaster-damage-mapping\data_same\xbd\tier3\images\nepal-flooding_00000522_pre_disaster.png,D:\UNI\DLSS\satellite-disaster-damage-mapping\data_same\xbd\tier3\images\nepal-flooding_00000522_post_disaster.png,D:\UNI\DLSS\satellite-disaster-damage-mapping\data_same\xbd\tier3\labels\nepal-flooding_00000522_post_disaster.json
nepal-flooding_00000530,nepal-flooding,tier3,train,95,D:\UNI\DLSS\satellite-disaster-damage-mapping\data_same\xbd\tier3\images\nepal-flooding_00000530_pre_disaster.png,D:\UNI\DLSS\satellite-disaster-damage-mapping\data_same\xbd\tier3\images\nepal-flooding_00000530_post_disaster.png,D:\UNI\DLSS\satellite-disaster-damage-mapping\data_same\xbd\tier3\labels\nepal-flooding_00000530_post_disaster.json
nepal-flooding_00000533,nepal-flooding,tier3,train,68,D:\UNI\DLSS\satellite-disaster-damage-mapping\data_same\xbd\tier3\images\nepal-flooding_00000533_pre_disaster.png,D:\UNI\DLSS\satellite-disaster-damage-mapping\data_same\xbd\tier3\images\nepal-flooding_00000533_post_disaster.png,D:\UNI\DLSS\satellite-disaster-damage-mapping\data_same\xbd\tier3\labels\nepal-flooding_00000533_post_disaster.json
nepal-flooding_00000537,nepal-flooding,tier3,train,78,D:\UNI\DLSS\satellite-disaster-damage-mapping\data_same\xbd\tier3\images\nepal-flooding_00000537_pre_disaster.png,D:\UNI\DLSS\satellite-disaster-damage-mapping\data_same\xbd\tier3\images\nepal-flooding_00000537_post_disaster.png,D:\UNI\DLSS\satellite-disaster-damage-mapping\data_same\xbd\tier3\labels\nepal-flooding_00000537_post_disaster.json
nepal-flooding_00000538,nepal-flooding,tier3,train,7,D:\UNI\DLSS\satellite-disaster-damage-mapping\data_same\xbd\tier3\images\nepal-flooding_00000538_pre_disaster.png,D:\UNI\DLSS\satellite-disaster-damage-mapping\data_same\xbd\tier3\images\nepal-flooding_00000538_post_disaster.png,D:\UNI\DLSS\satellite-disaster-damage-mapping\data_same\xbd\tier3\labels\nepal-flooding_00000538_post_disaster.json
nepal-flooding_00000546,nepal-flooding,tier3,train,76,D:\UNI\DLSS\satellite-disaster-damage-mapping\data_same\xbd\tier3\images\nepal-flooding_00000546_pre_disaster.png,D:\UNI\DLSS\satellite-disaster-damage-mapping\data_same\xbd\tier3\images\nepal-flooding_00000546_post_disaster.png,D:\UNI\DLSS\satellite-disaster-damage-mapping\data_same\xbd\tier3\labels\nepal-flooding_00000546_post_disaster.json
nepal-flooding_00000547,nepal-flooding,tier3,train,5,D:\UNI\DLSS\satellite-disaster-damage-mapping\data_same\xbd\tier3\images\nepal-flooding_00000547_pre_disaster.png,D:\UNI\DLSS\satellite-disaster-damage-mapping\data_same\xbd\tier3\images\nepal-flooding_00000547_post_disaster.png,D:\UNI\DLSS\satellite-disaster-damage-mapping\data_same\xbd\tier3\labels\nepal-flooding_00000547_post_disaster.json
nepal-flooding_00000550,nepal-flooding,tier3,train,123,D:\UNI\DLSS\satellite-disaster-damage-mapping\data_same\xbd\tier3\images\nepal-flooding_00000550_pre_disaster.png,D:\UNI\DLSS\satellite-disaster-damage-mapping\data_same\xbd\tier3\images\nepal-flooding_00000550_post_disaster.png,D:\UNI\DLSS\satellite-disaster-damage-mapping\data_same\xbd\tier3\labels\nepal-flooding_00000550_post_disaster.json
nepal-flooding_00000551,nepal-flooding,tier3,train,78,D:\UNI\DLSS\satellite-disaster-damage-mapping\data_same\xbd\tier3\images\nepal-flooding_00000551_pre_disaster.png,D:\UNI\DLSS\satellite-disaster-damage-mapping\data_same\xbd\tier3\images\nepal-flooding_00000551_post_disaster.png,D:\UNI\DLSS\satellite-disaster-damage-mapping\data_same\xbd\tier3\labels\nepal-flooding_00000551_post_disaster.json
nepal-flooding_00000552,nepal-flooding,tier3,train,25,D:\UNI\DLSS\satellite-disaster-damage-mapping\data_same\xbd\tier3\images\nepal-flooding_00000552_pre_disaster.png,D:\UNI\DLSS\satellite-disaster-damage-mapping\data_same\xbd\tier3\images\nepal-flooding_00000552_post_disaster.png,D:\UNI\DLSS\satellite-disaster-damage-mapping\data_same\xbd\tier3\labels\nepal-flooding_00000552_post_disaster.json
nepal-flooding_00000554,nepal-flooding,tier3,train,154,D:\UNI\DLSS\satellite-disaster-damage-mapping\data_same\xbd\tier3\images\nepal-flooding_00000554_pre_disaster.png,D:\UNI\DLSS\satellite-disaster-damage-mapping\data_same\xbd\tier3\images\nepal-flooding_00000554_post_disaster.png,D:\UNI\DLSS\satellite-disaster-damage-mapping\data_same\xbd\tier3\labels\nepal-flooding_00000554_post_disaster.json
nepal-flooding_00000556,nepal-flooding,tier3,train,32,D:\UNI\DLSS\satellite-disaster-damage-mapping\data_same\xbd\tier3\images\nepal-flooding_00000556_pre_disaster.png,D:\UNI\DLSS\satellite-disaster-damage-mapping\data_same\xbd\tier3\images\nepal-flooding_00000556_post_disaster.png,D:\UNI\DLSS\satellite-disaster-damage-mapping\data_same\xbd\tier3\labels\nepal-flooding_00000556_post_disaster.json
nepal-flooding_00000564,nepal-flooding,tier3,train,252,D:\UNI\DLSS\satellite-disaster-damage-mapping\data_same\xbd\tier3\images\nepal-flooding_00000564_pre_disaster.png,D:\UNI\DLSS\satellite-disaster-damage-mapping\data_same\xbd\tier3\images\nepal-flooding_00000564_post_disaster.png,D:\UNI\DLSS\satellite-disaster-damage-mapping\data_same\xbd\tier3\labels\nepal-flooding_00000564_post_disaster.json
nepal-flooding_00000567,nepal-flooding,tier3,train,138,D:\UNI\DLSS\satellite-disaster-damage-mapping\data_same\xbd\tier3\images\nepal-flooding_00000567_pre_disaster.png,D:\UNI\DLSS\satellite-disaster-damage-mapping\data_same\xbd\tier3\images\nepal-flooding_00000567_post_disaster.png,D:\UNI\DLSS\satellite-disaster-damage-mapping\data_same\xbd\tier3\labels\nepal-flooding_00000567_post_disaster.json
nepal-flooding_00000574,nepal-flooding,tier3,train,27,D:\UNI\DLSS\satellite-disaster-damage-mapping\data_same\xbd\tier3\images\nepal-flooding_00000574_pre_disaster.png,D:\UNI\DLSS\satellite-disaster-damage-mapping\data_same\xbd\tier3\images\nepal-flooding_00000574_post_disaster.png,D:\UNI\DLSS\satellite-disaster-damage-mapping\data_same\xbd\tier3\labels\nepal-flooding_00000574_post_disaster.json
nepal-flooding_00000575,nepal-flooding,tier3,train,60,D:\UNI\DLSS\satellite-disaster-damage-mapping\data_same\xbd\tier3\images\nepal-flooding_00000575_pre_disaster.png,D:\UNI\DLSS\satellite-disaster-damage-mapping\data_same\xbd\tier3\images\nepal-flooding_00000575_post_disaster.png,D:\UNI\DLSS\satellite-disaster-damage-mapping\data_same\xbd\tier3\labels\nepal-flooding_00000575_post_disaster.json
nepal-flooding_00000579,nepal-flooding,tier3,train,22,D:\UNI\DLSS\satellite-disaster-damage-mapping\data_same\xbd\tier3\images\nepal-flooding_00000579_pre_disaster.png,D:\UNI\DLSS\satellite-disaster-damage-mapping\data_same\xbd\tier3\images\nepal-flooding_00000579_post_disaster.png,D:\UNI\DLSS\satellite-disaster-damage-mapping\data_same\xbd\tier3\labels\nepal-flooding_00000579_post_disaster.json
nepal-flooding_00000584,nepal-flooding,tier3,train,296,D:\UNI\DLSS\satellite-disaster-damage-mapping\data_same\xbd\tier3\images\nepal-flooding_00000584_pre_disaster.png,D:\UNI\DLSS\satellite-disaster-damage-mapping\data_same\xbd\tier3\images\nepal-flooding_00000584_post_disaster.png,D:\UNI\DLSS\satellite-disaster-damage-mapping\data_same\xbd\tier3\labels\nepal-flooding_00000584_post_disaster.json
nepal-flooding_00000587,nepal-flooding,tier3,train,123,D:\UNI\DLSS\satellite-disaster-damage-mapping\data_same\xbd\tier3\images\nepal-flooding_00000587_pre_disaster.png,D:\UNI\DLSS\satellite-disaster-damage-mapping\data_same\xbd\tier3\images\nepal-flooding_00000587_post_disaster.png,D:\UNI\DLSS\satellite-disaster-damage-mapping\data_same\xbd\tier3\labels\nepal-flooding_00000587_post_disaster.json
nepal-flooding_00000588,nepal-flooding,tier3,train,15,D:\UNI\DLSS\satellite-disaster-damage-mapping\data_same\xbd\tier3\images\nepal-flooding_00000588_pre_disaster.png,D:\UNI\DLSS\satellite-disaster-damage-mapping\data_same\xbd\tier3\images\nepal-flooding_00000588_post_disaster.png,D:\UNI\DLSS\satellite-disaster-damage-mapping\data_same\xbd\tier3\labels\nepal-flooding_00000588_post_disaster.json
nepal-flooding_00000594,nepal-flooding,tier3,train,120,D:\UNI\DLSS\satellite-disaster-damage-mapping\data_same\xbd\tier3\images\nepal-flooding_00000594_pre_disaster.png,D:\UNI\DLSS\satellite-disaster-damage-mapping\data_same\xbd\tier3\images\nepal-flooding_00000594_post_disaster.png,D:\UNI\DLSS\satellite-disaster-damage-mapping\data_same\xbd\tier3\labels\nepal-flooding_00000594_post_disaster.json
nepal-flooding_00000598,nepal-flooding,tier3,train,7,D:\UNI\DLSS\satellite-disaster-damage-mapping\data_same\xbd\tier3\images\nepal-flooding_00000598_pre_disaster.png,D:\UNI\DLSS\satellite-disaster-damage-mapping\data_same\xbd\tier3\images\nepal-flooding_00000598_post_disaster.png,D:\UNI\DLSS\satellite-disaster-damage-mapping\data_same\xbd\tier3\labels\nepal-flooding_00000598_post_disaster.json
nepal-flooding_00000602,nepal-flooding,tier3,train,55,D:\UNI\DLSS\satellite-disaster-damage-mapping\data_same\xbd\tier3\images\nepal-flooding_00000602_pre_disaster.png,D:\UNI\DLSS\satellite-disaster-damage-mapping\data_same\xbd\tier3\images\nepal-flooding_00000602_post_disaster.png,D:\UNI\DLSS\satellite-disaster-damage-mapping\data_same\xbd\tier3\labels\nepal-flooding_00000602_post_disaster.json
nepal-flooding_00000604,nepal-flooding,tier3,train,9,D:\UNI\DLSS\satellite-disaster-damage-mapping\data_same\xbd\tier3\images\nepal-flooding_00000604_pre_disaster.png,D:\UNI\DLSS\satellite-disaster-damage-mapping\data_same\xbd\tier3\images\nepal-flooding_00000604_post_disaster.png,D:\UNI\DLSS\satellite-disaster-damage-mapping\data_same\xbd\tier3\labels\nepal-flooding_00000604_post_disaster.json
nepal-flooding_00000605,nepal-flooding,tier3,train,130,D:\UNI\DLSS\satellite-disaster-damage-mapping\data_same\xbd\tier3\images\nepal-flooding_00000605_pre_disaster.png,D:\UNI\DLSS\satellite-disaster-damage-mapping\data_same\xbd\tier3\images\nepal-flooding_00000605_post_disaster.png,D:\UNI\DLSS\satellite-disaster-damage-mapping\data_same\xbd\tier3\labels\nepal-flooding_00000605_post_disaster.json
nepal-flooding_00000607,nepal-flooding,tier3,train,38,D:\UNI\DLSS\satellite-disaster-damage-mapping\data_same\xbd\tier3\images\nepal-flooding_00000607_pre_disaster.png,D:\UNI\DLSS\satellite-disaster-damage-mapping\data_same\xbd\tier3\images\nepal-flooding_00000607_post_disaster.png,D:\UNI\DLSS\satellite-disaster-damage-mapping\data_same\xbd\tier3\labels\nepal-flooding_00000607_post_disaster.json
nepal-flooding_00000609,nepal-flooding,tier3,train,92,D:\UNI\DLSS\satellite-disaster-damage-mapping\data_same\xbd\tier3\images\nepal-flooding_00000609_pre_disaster.png,D:\UNI\DLSS\satellite-disaster-damage-mapping\data_same\xbd\tier3\images\nepal-flooding_00000609_post_disaster.png,D:\UNI\DLSS\satellite-disaster-damage-mapping\data_same\xbd\tier3\labels\nepal-flooding_00000609_post_disaster.json
nepal-flooding_00000612,nepal-flooding,tier3,train,60,D:\UNI\DLSS\satellite-disaster-damage-mapping\data_same\xbd\tier3\images\nepal-flooding_00000612_pre_disaster.png,D:\UNI\DLSS\satellite-disaster-damage-mapping\data_same\xbd\tier3\images\nepal-flooding_00000612_post_disaster.png,D:\UNI\DLSS\satellite-disaster-damage-mapping\data_same\xbd\tier3\labels\nepal-flooding_00000612_post_disaster.json
nepal-flooding_00000613,nepal-flooding,tier3,train,27,D:\UNI\DLSS\satellite-disaster-damage-mapping\data_same\xbd\tier3\images\nepal-flooding_00000613_pre_disaster.png,D:\UNI\DLSS\satellite-disaster-damage-mapping\data_same\xbd\tier3\images\nepal-flooding_00000613_post_disaster.png,D:\UNI\DLSS\satellite-disaster-damage-mapping\data_same\xbd\tier3\labels\nepal-flooding_00000613_post_disaster.json
nepal-flooding_00000617,nepal-flooding,tier3,train,15,D:\UNI\DLSS\satellite-disaster-damage-mapping\data_same\xbd\tier3\images\nepal-flooding_00000617_pre_disaster.png,D:\UNI\DLSS\satellite-disaster-damage-mapping\data_same\xbd\tier3\images\nepal-flooding_00000617_post_disaster.png,D:\UNI\DLSS\satellite-disaster-damage-mapping\data_same\xbd\tier3\labels\nepal-flooding_00000617_post_disaster.json
palu-tsunami_00000000,palu-tsunami,tier1,train,90,D:\UNI\DLSS\satellite-disaster-damage-mapping\data_same\xbd\tier1\images\palu-tsunami_00000000_pre_disaster.png,D:\UNI\DLSS\satellite-disaster-damage-mapping\data_same\xbd\tier1\images\palu-tsunami_00000000_post_disaster.png,D:\UNI\DLSS\satellite-disaster-damage-mapping\data_same\xbd\tier1\labels\palu-tsunami_00000000_post_disaster.json
palu-tsunami_00000006,palu-tsunami,tier1,train,398,D:\UNI\DLSS\satellite-disaster-damage-mapping\data_same\xbd\tier1\images\palu-tsunami_00000006_pre_disaster.png,D:\UNI\DLSS\satellite-disaster-damage-mapping\data_same\xbd\tier1\images\palu-tsunami_00000006_post_disaster.png,D:\UNI\DLSS\satellite-disaster-damage-mapping\data_same\xbd\tier1\labels\palu-tsunami_00000006_post_disaster.json
palu-tsunami_00000019,palu-tsunami,tier1,train,209,D:\UNI\DLSS\satellite-disaster-damage-mapping\data_same\xbd\tier1\images\palu-tsunami_00000019_pre_disaster.png,D:\UNI\DLSS\satellite-disaster-damage-mapping\data_same\xbd\tier1\images\palu-tsunami_00000019_post_disaster.png,D:\UNI\DLSS\satellite-disaster-damage-mapping\data_same\xbd\tier1\labels\palu-tsunami_00000019_post_disaster.json
palu-tsunami_00000020,palu-tsunami,tier1,train,85,D:\UNI\DLSS\satellite-disaster-damage-mapping\data_same\xbd\tier1\images\palu-tsunami_00000020_pre_disaster.png,D:\UNI\DLSS\satellite-disaster-damage-mapping\data_same\xbd\tier1\images\palu-tsunami_00000020_post_disaster.png,D:\UNI\DLSS\satellite-disaster-damage-mapping\data_same\xbd\tier1\labels\palu-tsunami_00000020_post_disaster.json
palu-tsunami_00000022,palu-tsunami,tier1,train,42,D:\UNI\DLSS\satellite-disaster-damage-mapping\data_same\xbd\tier1\images\palu-tsunami_00000022_pre_disaster.png,D:\UNI\DLSS\satellite-disaster-damage-mapping\data_same\xbd\tier1\images\palu-tsunami_00000022_post_disaster.png,D:\UNI\DLSS\satellite-disaster-damage-mapping\data_same\xbd\tier1\labels\palu-tsunami_00000022_post_disaster.json
palu-tsunami_00000024,palu-tsunami,tier1,train,463,D:\UNI\DLSS\satellite-disaster-damage-mapping\data_same\xbd\tier1\images\palu-tsunami_00000024_pre_disaster.png,D:\UNI\DLSS\satellite-disaster-damage-mapping\data_same\xbd\tier1\images\palu-tsunami_00000024_post_disaster.png,D:\UNI\DLSS\satellite-disaster-damage-mapping\data_same\xbd\tier1\labels\palu-tsunami_00000024_post_disaster.json
palu-tsunami_00000030,palu-tsunami,tier1,train,107,D:\UNI\DLSS\satellite-disaster-damage-mapping\data_same\xbd\tier1\images\palu-tsunami_00000030_pre_disaster.png,D:\UNI\DLSS\satellite-disaster-damage-mapping\data_same\xbd\tier1\images\palu-tsunami_00000030_post_disaster.png,D:\UNI\DLSS\satellite-disaster-damage-mapping\data_same\xbd\tier1\labels\palu-tsunami_00000030_post_disaster.json
palu-tsunami_00000040,palu-tsunami,tier1,train,54,D:\UNI\DLSS\satellite-disaster-damage-mapping\data_same\xbd\tier1\images\palu-tsunami_00000040_pre_disaster.png,D:\UNI\DLSS\satellite-disaster-damage-mapping\data_same\xbd\tier1\images\palu-tsunami_00000040_post_disaster.png,D:\UNI\DLSS\satellite-disaster-damage-mapping\data_same\xbd\tier1\labels\palu-tsunami_00000040_post_disaster.json
palu-tsunami_00000050,palu-tsunami,tier1,train,15,D:\UNI\DLSS\satellite-disaster-damage-mapping\data_same\xbd\tier1\images\palu-tsunami_00000050_pre_disaster.png,D:\UNI\DLSS\satellite-disaster-damage-mapping\data_same\xbd\tier1\images\palu-tsunami_00000050_post_disaster.png,D:\UNI\DLSS\satellite-disaster-damage-mapping\data_same\xbd\tier1\labels\palu-tsunami_00000050_post_disaster.json
palu-tsunami_00000056,palu-tsunami,tier1,train,165,D:\UNI\DLSS\satellite-disaster-damage-mapping\data_same\xbd\tier1\images\palu-tsunami_00000056_pre_disaster.png,D:\UNI\DLSS\satellite-disaster-damage-mapping\data_same\xbd\tier1\images\palu-tsunami_00000056_post_disaster.png,D:\UNI\DLSS\satellite-disaster-damage-mapping\data_same\xbd\tier1\labels\palu-tsunami_00000056_post_disaster.json
palu-tsunami_00000058,palu-tsunami,tier1,train,730,D:\UNI\DLSS\satellite-disaster-damage-mapping\data_same\xbd\tier1\images\palu-tsunami_00000058_pre_disaster.png,D:\UNI\DLSS\satellite-disaster-damage-mapping\data_same\xbd\tier1\images\palu-tsunami_00000058_post_disaster.png,D:\UNI\DLSS\satellite-disaster-damage-mapping\data_same\xbd\tier1\labels\palu-tsunami_00000058_post_disaster.json
palu-tsunami_00000064,palu-tsunami,tier1,train,255,D:\UNI\DLSS\satellite-disaster-damage-mapping\data_same\xbd\tier1\images\palu-tsunami_00000064_pre_disaster.png,D:\UNI\DLSS\satellite-disaster-damage-mapping\data_same\xbd\tier1\images\palu-tsunami_00000064_post_disaster.png,D:\UNI\DLSS\satellite-disaster-damage-mapping\data_same\xbd\tier1\labels\palu-tsunami_00000064_post_disaster.json
palu-tsunami_00000065,palu-tsunami,tier1,train,126,D:\UNI\DLSS\satellite-disaster-damage-mapping\data_same\xbd\tier1\images\palu-tsunami_00000065_pre_disaster.png,D:\UNI\DLSS\satellite-disaster-damage-mapping\data_same\xbd\tier1\images\palu-tsunami_00000065_post_disaster.png,D:\UNI\DLSS\satellite-disaster-damage-mapping\data_same\xbd\tier1\labels\palu-tsunami_00000065_post_disaster.json
palu-tsunami_00000068,palu-tsunami,tier1,train,473,D:\UNI\DLSS\satellite-disaster-damage-mapping\data_same\xbd\tier1\images\palu-tsunami_00000068_pre_disaster.png,D:\UNI\DLSS\satellite-disaster-damage-mapping\data_same\xbd\tier1\images\palu-tsunami_00000068_post_disaster.png,D:\UNI\DLSS\satellite-disaster-damage-mapping\data_same\xbd\tier1\labels\palu-tsunami_00000068_post_disaster.json
palu-tsunami_00000076,palu-tsunami,tier1,train,22,D:\UNI\DLSS\satellite-disaster-damage-mapping\data_same\xbd\tier1\images\palu-tsunami_00000076_pre_disaster.png,D:\UNI\DLSS\satellite-disaster-damage-mapping\data_same\xbd\tier1\images\palu-tsunami_00000076_post_disaster.png,D:\UNI\DLSS\satellite-disaster-damage-mapping\data_same\xbd\tier1\labels\palu-tsunami_00000076_post_disaster.json
palu-tsunami_00000083,palu-tsunami,tier1,train,219,D:\UNI\DLSS\satellite-disaster-damage-mapping\data_same\xbd\tier1\images\palu-tsunami_00000083_pre_disaster.png,D:\UNI\DLSS\satellite-disaster-damage-mapping\data_same\xbd\tier1\images\palu-tsunami_00000083_post_disaster.png,D:\UNI\DLSS\satellite-disaster-damage-mapping\data_same\xbd\tier1\labels\palu-tsunami_00000083_post_disaster.json
palu-tsunami_00000086,palu-tsunami,tier1,train,133,D:\UNI\DLSS\satellite-disaster-damage-mapping\data_same\xbd\tier1\images\palu-tsunami_00000086_pre_disaster.png,D:\UNI\DLSS\satellite-disaster-damage-mapping\data_same\xbd\tier1\images\palu-tsunami_00000086_post_disaster.png,D:\UNI\DLSS\satellite-disaster-damage-mapping\data_same\xbd\tier1\labels\palu-tsunami_00000086_post_disaster.json
palu-tsunami_00000088,palu-tsunami,tier1,train,205,D:\UNI\DLSS\satellite-disaster-damage-mapping\data_same\xbd\tier1\images\palu-tsunami_00000088_pre_disaster.png,D:\UNI\DLSS\satellite-disaster-damage-mapping\data_same\xbd\tier1\images\palu-tsunami_00000088_post_disaster.png,D:\UNI\DLSS\satellite-disaster-damage-mapping\data_same\xbd\tier1\labels\palu-tsunami_00000088_post_disaster.json
palu-tsunami_00000097,palu-tsunami,tier1,train,694,D:\UNI\DLSS\satellite-disaster-damage-mapping\data_same\xbd\tier1\images\palu-tsunami_00000097_pre_disaster.png,D:\UNI\DLSS\satellite-disaster-damage-mapping\data_same\xbd\tier1\images\palu-tsunami_00000097_post_disaster.png,D:\UNI\DLSS\satellite-disaster-damage-mapping\data_same\xbd\tier1\labels\palu-tsunami_00000097_post_disaster.json
palu-tsunami_00000100,palu-tsunami,tier1,train,73,D:\UNI\DLSS\satellite-disaster-damage-mapping\data_same\xbd\tier1\images\palu-tsunami_00000100_pre_disaster.png,D:\UNI\DLSS\satellite-disaster-damage-mapping\data_same\xbd\tier1\images\palu-tsunami_00000100_post_disaster.png,D:\UNI\DLSS\satellite-disaster-damage-mapping\data_same\xbd\tier1\labels\palu-tsunami_00000100_post_disaster.json
palu-tsunami_00000125,palu-tsunami,tier1,train,927,D:\UNI\DLSS\satellite-disaster-damage-mapping\data_same\xbd\tier1\images\palu-tsunami_00000125_pre_disaster.png,D:\UNI\DLSS\satellite-disaster-damage-mapping\data_same\xbd\tier1\images\palu-tsunami_00000125_post_disaster.png,D:\UNI\DLSS\satellite-disaster-damage-mapping\data_same\xbd\tier1\labels\palu-tsunami_00000125_post_disaster.json
palu-tsunami_00000128,palu-tsunami,tier1,train,169,D:\UNI\DLSS\satellite-disaster-damage-mapping\data_same\xbd\tier1\images\palu-tsunami_00000128_pre_disaster.png,D:\UNI\DLSS\satellite-disaster-damage-mapping\data_same\xbd\tier1\images\palu-tsunami_00000128_post_disaster.png,D:\UNI\DLSS\satellite-disaster-damage-mapping\data_same\xbd\tier1\labels\palu-tsunami_00000128_post_disaster.json
palu-tsunami_00000131,palu-tsunami,tier1,train,371,D:\UNI\DLSS\satellite-disaster-damage-mapping\data_same\xbd\tier1\images\palu-tsunami_00000131_pre_disaster.png,D:\UNI\DLSS\satellite-disaster-damage-mapping\data_same\xbd\tier1\images\palu-tsunami_00000131_post_disaster.png,D:\UNI\DLSS\satellite-disaster-damage-mapping\data_same\xbd\tier1\labels\palu-tsunami_00000131_post_disaster.json
palu-tsunami_00000134,palu-tsunami,tier1,train,727,D:\UNI\DLSS\satellite-disaster-damage-mapping\data_same\xbd\tier1\images\palu-tsunami_00000134_pre_disaster.png,D:\UNI\DLSS\satellite-disaster-damage-mapping\data_same\xbd\tier1\images\palu-tsunami_00000134_post_disaster.png,D:\UNI\DLSS\satellite-disaster-damage-mapping\data_same\xbd\tier1\labels\palu-tsunami_00000134_post_disaster.json
palu-tsunami_00000137,palu-tsunami,tier1,train,1658,D:\UNI\DLSS\satellite-disaster-damage-mapping\data_same\xbd\tier1\images\palu-tsunami_00000137_pre_disaster.png,D:\UNI\DLSS\satellite-disaster-damage-mapping\data_same\xbd\tier1\images\palu-tsunami_00000137_post_disaster.png,D:\UNI\DLSS\satellite-disaster-damage-mapping\data_same\xbd\tier1\labels\palu-tsunami_00000137_post_disaster.json
palu-tsunami_00000145,palu-tsunami,tier1,train,17,D:\UNI\DLSS\satellite-disaster-damage-mapping\data_same\xbd\tier1\images\palu-tsunami_00000145_pre_disaster.png,D:\UNI\DLSS\satellite-disaster-damage-mapping\data_same\xbd\tier1\images\palu-tsunami_00000145_post_disaster.png,D:\UNI\DLSS\satellite-disaster-damage-mapping\data_same\xbd\tier1\labels\palu-tsunami_00000145_post_disaster.json
palu-tsunami_00000152,palu-tsunami,tier1,train,785,D:\UNI\DLSS\satellite-disaster-damage-mapping\data_same\xbd\tier1\images\palu-tsunami_00000152_pre_disaster.png,D:\UNI\DLSS\satellite-disaster-damage-mapping\data_same\xbd\tier1\images\palu-tsunami_00000152_post_disaster.png,D:\UNI\DLSS\satellite-disaster-damage-mapping\data_same\xbd\tier1\labels\palu-tsunami_00000152_post_disaster.json
palu-tsunami_00000161,palu-tsunami,tier1,train,289,D:\UNI\DLSS\satellite-disaster-damage-mapping\data_same\xbd\tier1\images\palu-tsunami_00000161_pre_disaster.png,D:\UNI\DLSS\satellite-disaster-damage-mapping\data_same\xbd\tier1\images\palu-tsunami_00000161_post_disaster.png,D:\UNI\DLSS\satellite-disaster-damage-mapping\data_same\xbd\tier1\labels\palu-tsunami_00000161_post_disaster.json
palu-tsunami_00000164,palu-tsunami,tier1,train,297,D:\UNI\DLSS\satellite-disaster-damage-mapping\data_same\xbd\tier1\images\palu-tsunami_00000164_pre_disaster.png,D:\UNI\DLSS\satellite-disaster-damage-mapping\data_same\xbd\tier1\images\palu-tsunami_00000164_post_disaster.png,D:\UNI\DLSS\satellite-disaster-damage-mapping\data_same\xbd\tier1\labels\palu-tsunami_00000164_post_disaster.json
palu-tsunami_00000167,palu-tsunami,tier1,train,477,D:\UNI\DLSS\satellite-disaster-damage-mapping\data_same\xbd\tier1\images\palu-tsunami_00000167_pre_disaster.png,D:\UNI\DLSS\satellite-disaster-damage-mapping\data_same\xbd\tier1\images\palu-tsunami_00000167_post_disaster.png,D:\UNI\DLSS\satellite-disaster-damage-mapping\data_same\xbd\tier1\labels\palu-tsunami_00000167_post_disaster.json
palu-tsunami_00000179,palu-tsunami,tier1,train,471,D:\UNI\DLSS\satellite-disaster-damage-mapping\data_same\xbd\tier1\images\palu-tsunami_00000179_pre_disaster.png,D:\UNI\DLSS\satellite-disaster-damage-mapping\data_same\xbd\tier1\images\palu-tsunami_00000179_post_disaster.png,D:\UNI\DLSS\satellite-disaster-damage-mapping\data_same\xbd\tier1\labels\palu-tsunami_00000179_post_disaster.json
palu-tsunami_00000187,palu-tsunami,tier1,train,13,D:\UNI\DLSS\satellite-disaster-damage-mapping\data_same\xbd\tier1\images\palu-tsunami_00000187_pre_disaster.png,D:\UNI\DLSS\satellite-disaster-damage-mapping\data_same\xbd\tier1\images\palu-tsunami_00000187_post_disaster.png,D:\UNI\DLSS\satellite-disaster-damage-mapping\data_same\xbd\tier1\labels\palu-tsunami_00000187_post_disaster.json
palu-tsunami_00000188,palu-tsunami,tier1,train,34,D:\UNI\DLSS\satellite-disaster-damage-mapping\data_same\xbd\tier1\images\palu-tsunami_00000188_pre_disaster.png,D:\UNI\DLSS\satellite-disaster-damage-mapping\data_same\xbd\tier1\images\palu-tsunami_00000188_post_disaster.png,D:\UNI\DLSS\satellite-disaster-damage-mapping\data_same\xbd\tier1\labels\palu-tsunami_00000188_post_disaster.json
sunda-tsunami_00000001,sunda-tsunami,tier3,train,608,D:\UNI\DLSS\satellite-disaster-damage-mapping\data_same\xbd\tier3\images\sunda-tsunami_00000001_pre_disaster.png,D:\UNI\DLSS\satellite-disaster-damage-mapping\data_same\xbd\tier3\images\sunda-tsunami_00000001_post_disaster.png,D:\UNI\DLSS\satellite-disaster-damage-mapping\data_same\xbd\tier3\labels\sunda-tsunami_00000001_post_disaster.json
sunda-tsunami_00000006,sunda-tsunami,tier3,train,235,D:\UNI\DLSS\satellite-disaster-damage-mapping\data_same\xbd\tier3\images\sunda-tsunami_00000006_pre_disaster.png,D:\UNI\DLSS\satellite-disaster-damage-mapping\data_same\xbd\tier3\images\sunda-tsunami_00000006_post_disaster.png,D:\UNI\DLSS\satellite-disaster-damage-mapping\data_same\xbd\tier3\labels\sunda-tsunami_00000006_post_disaster.json
sunda-tsunami_00000008,sunda-tsunami,tier3,train,18,D:\UNI\DLSS\satellite-disaster-damage-mapping\data_same\xbd\tier3\images\sunda-tsunami_00000008_pre_disaster.png,D:\UNI\DLSS\satellite-disaster-damage-mapping\data_same\xbd\tier3\images\sunda-tsunami_00000008_post_disaster.png,D:\UNI\DLSS\satellite-disaster-damage-mapping\data_same\xbd\tier3\labels\sunda-tsunami_00000008_post_disaster.json
sunda-tsunami_00000013,sunda-tsunami,tier3,train,105,D:\UNI\DLSS\satellite-disaster-damage-mapping\data_same\xbd\tier3\images\sunda-tsunami_00000013_pre_disaster.png,D:\UNI\DLSS\satellite-disaster-damage-mapping\data_same\xbd\tier3\images\sunda-tsunami_00000013_post_disaster.png,D:\UNI\DLSS\satellite-disaster-damage-mapping\data_same\xbd\tier3\labels\sunda-tsunami_00000013_post_disaster.json
sunda-tsunami_00000018,sunda-tsunami,tier3,train,235,D:\UNI\DLSS\satellite-disaster-damage-mapping\data_same\xbd\tier3\images\sunda-tsunami_00000018_pre_disaster.png,D:\UNI\DLSS\satellite-disaster-damage-mapping\data_same\xbd\tier3\images\sunda-tsunami_00000018_post_disaster.png,D:\UNI\DLSS\satellite-disaster-damage-mapping\data_same\xbd\tier3\labels\sunda-tsunami_00000018_post_disaster.json
sunda-tsunami_00000021,sunda-tsunami,tier3,train,38,D:\UNI\DLSS\satellite-disaster-damage-mapping\data_same\xbd\tier3\images\sunda-tsunami_00000021_pre_disaster.png,D:\UNI\DLSS\satellite-disaster-damage-mapping\data_same\xbd\tier3\images\sunda-tsunami_00000021_post_disaster.png,D:\UNI\DLSS\satellite-disaster-damage-mapping\data_same\xbd\tier3\labels\sunda-tsunami_00000021_post_disaster.json
sunda-tsunami_00000026,sunda-tsunami,tier3,train,36,D:\UNI\DLSS\satellite-disaster-damage-mapping\data_same\xbd\tier3\images\sunda-tsunami_00000026_pre_disaster.png,D:\UNI\DLSS\satellite-disaster-damage-mapping\data_same\xbd\tier3\images\sunda-tsunami_00000026_post_disaster.png,D:\UNI\DLSS\satellite-disaster-damage-mapping\data_same\xbd\tier3\labels\sunda-tsunami_00000026_post_disaster.json
sunda-tsunami_00000029,sunda-tsunami,tier3,train,218,D:\UNI\DLSS\satellite-disaster-damage-mapping\data_same\xbd\tier3\images\sunda-tsunami_00000029_pre_disaster.png,D:\UNI\DLSS\satellite-disaster-damage-mapping\data_same\xbd\tier3\images\sunda-tsunami_00000029_post_disaster.png,D:\UNI\DLSS\satellite-disaster-damage-mapping\data_same\xbd\tier3\labels\sunda-tsunami_00000029_post_disaster.json
sunda-tsunami_00000036,sunda-tsunami,tier3,train,8,D:\UNI\DLSS\satellite-disaster-damage-mapping\data_same\xbd\tier3\images\sunda-tsunami_00000036_pre_disaster.png,D:\UNI\DLSS\satellite-disaster-damage-mapping\data_same\xbd\tier3\images\sunda-tsunami_00000036_post_disaster.png,D:\UNI\DLSS\satellite-disaster-damage-mapping\data_same\xbd\tier3\labels\sunda-tsunami_00000036_post_disaster.json
sunda-tsunami_00000047,sunda-tsunami,tier3,train,38,D:\UNI\DLSS\satellite-disaster-damage-mapping\data_same\xbd\tier3\images\sunda-tsunami_00000047_pre_disaster.png,D:\UNI\DLSS\satellite-disaster-damage-mapping\data_same\xbd\tier3\images\sunda-tsunami_00000047_post_disaster.png,D:\UNI\DLSS\satellite-disaster-damage-mapping\data_same\xbd\tier3\labels\sunda-tsunami_00000047_post_disaster.json
sunda-tsunami_00000051,sunda-tsunami,tier3,train,9,D:\UNI\DLSS\satellite-disaster-damage-mapping\data_same\xbd\tier3\images\sunda-tsunami_00000051_pre_disaster.png,D:\UNI\DLSS\satellite-disaster-damage-mapping\data_same\xbd\tier3\images\sunda-tsunami_00000051_post_disaster.png,D:\UNI\DLSS\satellite-disaster-damage-mapping\data_same\xbd\tier3\labels\sunda-tsunami_00000051_post_disaster.json
sunda-tsunami_00000055,sunda-tsunami,tier3,train,875,D:\UNI\DLSS\satellite-disaster-damage-mapping\data_same\xbd\tier3\images\sunda-tsunami_00000055_pre_disaster.png,D:\UNI\DLSS\satellite-disaster-damage-mapping\data_same\xbd\tier3\images\sunda-tsunami_00000055_post_disaster.png,D:\UNI\DLSS\satellite-disaster-damage-mapping\data_same\xbd\tier3\labels\sunda-tsunami_00000055_post_disaster.json
sunda-tsunami_00000056,sunda-tsunami,tier3,train,136,D:\UNI\DLSS\satellite-disaster-damage-mapping\data_same\xbd\tier3\images\sunda-tsunami_00000056_pre_disaster.png,D:\UNI\DLSS\satellite-disaster-damage-mapping\data_same\xbd\tier3\images\sunda-tsunami_00000056_post_disaster.png,D:\UNI\DLSS\satellite-disaster-damage-mapping\data_same\xbd\tier3\labels\sunda-tsunami_00000056_post_disaster.json
sunda-tsunami_00000058,sunda-tsunami,tier3,train,16,D:\UNI\DLSS\satellite-disaster-damage-mapping\data_same\xbd\tier3\images\sunda-tsunami_00000058_pre_disaster.png,D:\UNI\DLSS\satellite-disaster-damage-mapping\data_same\xbd\tier3\images\sunda-tsunami_00000058_post_disaster.png,D:\UNI\DLSS\satellite-disaster-damage-mapping\data_same\xbd\tier3\labels\sunda-tsunami_00000058_post_disaster.json
sunda-tsunami_00000064,sunda-tsunami,tier3,train,130,D:\UNI\DLSS\satellite-disaster-damage-mapping\data_same\xbd\tier3\images\sunda-tsunami_00000064_pre_disaster.png,D:\UNI\DLSS\satellite-disaster-damage-mapping\data_same\xbd\tier3\images\sunda-tsunami_00000064_post_disaster.png,D:\UNI\DLSS\satellite-disaster-damage-mapping\data_same\xbd\tier3\labels\sunda-tsunami_00000064_post_disaster.json
sunda-tsunami_00000065,sunda-tsunami,tier3,train,91,D:\UNI\DLSS\satellite-disaster-damage-mapping\data_same\xbd\tier3\images\sunda-tsunami_00000065_pre_disaster.png,D:\UNI\DLSS\satellite-disaster-damage-mapping\data_same\xbd\tier3\images\sunda-tsunami_00000065_post_disaster.png,D:\UNI\DLSS\satellite-disaster-damage-mapping\data_same\xbd\tier3\labels\sunda-tsunami_00000065_post_disaster.json
sunda-tsunami_00000080,sunda-tsunami,tier3,train,72,D:\UNI\DLSS\satellite-disaster-damage-mapping\data_same\xbd\tier3\images\sunda-tsunami_00000080_pre_disaster.png,D:\UNI\DLSS\satellite-disaster-damage-mapping\data_same\xbd\tier3\images\sunda-tsunami_00000080_post_disaster.png,D:\UNI\DLSS\satellite-disaster-damage-mapping\data_same\xbd\tier3\labels\sunda-tsunami_00000080_post_disaster.json
sunda-tsunami_00000083,sunda-tsunami,tier3,train,11,D:\UNI\DLSS\satellite-disaster-damage-mapping\data_same\xbd\tier3\images\sunda-tsunami_00000083_pre_disaster.png,D:\UNI\DLSS\satellite-disaster-damage-mapping\data_same\xbd\tier3\images\sunda-tsunami_00000083_post_disaster.png,D:\UNI\DLSS\satellite-disaster-damage-mapping\data_same\xbd\tier3\labels\sunda-tsunami_00000083_post_disaster.json
sunda-tsunami_00000087,sunda-tsunami,tier3,train,62,D:\UNI\DLSS\satellite-disaster-damage-mapping\data_same\xbd\tier3\images\sunda-tsunami_00000087_pre_disaster.png,D:\UNI\DLSS\satellite-disaster-damage-mapping\data_same\xbd\tier3\images\sunda-tsunami_00000087_post_disaster.png,D:\UNI\DLSS\satellite-disaster-damage-mapping\data_same\xbd\tier3\labels\sunda-tsunami_00000087_post_disaster.json
sunda-tsunami_00000098,sunda-tsunami,tier3,train,13,D:\UNI\DLSS\satellite-disaster-damage-mapping\data_same\xbd\tier3\images\sunda-tsunami_00000098_pre_disaster.png,D:\UNI\DLSS\satellite-disaster-damage-mapping\data_same\xbd\tier3\images\sunda-tsunami_00000098_post_disaster.png,D:\UNI\DLSS\satellite-disaster-damage-mapping\data_same\xbd\tier3\labels\sunda-tsunami_00000098_post_disaster.json
sunda-tsunami_00000104,sunda-tsunami,tier3,train,55,D:\UNI\DLSS\satellite-disaster-damage-mapping\data_same\xbd\tier3\images\sunda-tsunami_00000104_pre_disaster.png,D:\UNI\DLSS\satellite-disaster-damage-mapping\data_same\xbd\tier3\images\sunda-tsunami_00000104_post_disaster.png,D:\UNI\DLSS\satellite-disaster-damage-mapping\data_same\xbd\tier3\labels\sunda-tsunami_00000104_post_disaster.json
sunda-tsunami_00000119,sunda-tsunami,tier3,train,10,D:\UNI\DLSS\satellite-disaster-damage-mapping\data_same\xbd\tier3\images\sunda-tsunami_00000119_pre_disaster.png,D:\UNI\DLSS\satellite-disaster-damage-mapping\data_same\xbd\tier3\images\sunda-tsunami_00000119_post_disaster.png,D:\UNI\DLSS\satellite-disaster-damage-mapping\data_same\xbd\tier3\labels\sunda-tsunami_00000119_post_disaster.json
sunda-tsunami_00000120,sunda-tsunami,tier3,train,47,D:\UNI\DLSS\satellite-disaster-damage-mapping\data_same\xbd\tier3\images\sunda-tsunami_00000120_pre_disaster.png,D:\UNI\DLSS\satellite-disaster-damage-mapping\data_same\xbd\tier3\images\sunda-tsunami_00000120_post_disaster.png,D:\UNI\DLSS\satellite-disaster-damage-mapping\data_same\xbd\tier3\labels\sunda-tsunami_00000120_post_disaster.json
sunda-tsunami_00000130,sunda-tsunami,tier3,train,15,D:\UNI\DLSS\satellite-disaster-damage-mapping\data_same\xbd\tier3\images\sunda-tsunami_00000130_pre_disaster.png,D:\UNI\DLSS\satellite-disaster-damage-mapping\data_same\xbd\tier3\images\sunda-tsunami_00000130_post_disaster.png,D:\UNI\DLSS\satellite-disaster-damage-mapping\data_same\xbd\tier3\labels\sunda-tsunami_00000130_post_disaster.json
sunda-tsunami_00000136,sunda-tsunami,tier3,train,167,D:\UNI\DLSS\satellite-disaster-damage-mapping\data_same\xbd\tier3\images\sunda-tsunami_00000136_pre_disaster.png,D:\UNI\DLSS\satellite-disaster-damage-mapping\data_same\xbd\tier3\images\sunda-tsunami_00000136_post_disaster.png,D:\UNI\DLSS\satellite-disaster-damage-mapping\data_same\xbd\tier3\labels\sunda-tsunami_00000136_post_disaster.json
tuscaloosa-tornado_00000006,tuscaloosa-tornado,tier3,train,35,D:\UNI\DLSS\satellite-disaster-damage-mapping\data_same\xbd\tier3\images\tuscaloosa-tornado_00000006_pre_disaster.png,D:\UNI\DLSS\satellite-disaster-damage-mapping\data_same\xbd\tier3\images\tuscaloosa-tornado_00000006_post_disaster.png,D:\UNI\DLSS\satellite-disaster-damage-mapping\data_same\xbd\tier3\labels\tuscaloosa-tornado_00000006_post_disaster.json
tuscaloosa-tornado_00000011,tuscaloosa-tornado,tier3,train,106,D:\UNI\DLSS\satellite-disaster-damage-mapping\data_same\xbd\tier3\images\tuscaloosa-tornado_00000011_pre_disaster.png,D:\UNI\DLSS\satellite-disaster-damage-mapping\data_same\xbd\tier3\images\tuscaloosa-tornado_00000011_post_disaster.png,D:\UNI\DLSS\satellite-disaster-damage-mapping\data_same\xbd\tier3\labels\tuscaloosa-tornado_00000011_post_disaster.json
tuscaloosa-tornado_00000016,tuscaloosa-tornado,tier3,train,6,D:\UNI\DLSS\satellite-disaster-damage-mapping\data_same\xbd\tier3\images\tuscaloosa-tornado_00000016_pre_disaster.png,D:\UNI\DLSS\satellite-disaster-damage-mapping\data_same\xbd\tier3\images\tuscaloosa-tornado_00000016_post_disaster.png,D:\UNI\DLSS\satellite-disaster-damage-mapping\data_same\xbd\tier3\labels\tuscaloosa-tornado_00000016_post_disaster.json
tuscaloosa-tornado_00000019,tuscaloosa-tornado,tier3,train,54,D:\UNI\DLSS\satellite-disaster-damage-mapping\data_same\xbd\tier3\images\tuscaloosa-tornado_00000019_pre_disaster.png,D:\UNI\DLSS\satellite-disaster-damage-mapping\data_same\xbd\tier3\images\tuscaloosa-tornado_00000019_post_disaster.png,D:\UNI\DLSS\satellite-disaster-damage-mapping\data_same\xbd\tier3\labels\tuscaloosa-tornado_00000019_post_disaster.json
tuscaloosa-tornado_00000020,tuscaloosa-tornado,tier3,train,13,D:\UNI\DLSS\satellite-disaster-damage-mapping\data_same\xbd\tier3\images\tuscaloosa-tornado_00000020_pre_disaster.png,D:\UNI\DLSS\satellite-disaster-damage-mapping\data_same\xbd\tier3\images\tuscaloosa-tornado_00000020_post_disaster.png,D:\UNI\DLSS\satellite-disaster-damage-mapping\data_same\xbd\tier3\labels\tuscaloosa-tornado_00000020_post_disaster.json
tuscaloosa-tornado_00000022,tuscaloosa-tornado,tier3,train,109,D:\UNI\DLSS\satellite-disaster-damage-mapping\data_same\xbd\tier3\images\tuscaloosa-tornado_00000022_pre_disaster.png,D:\UNI\DLSS\satellite-disaster-damage-mapping\data_same\xbd\tier3\images\tuscaloosa-tornado_00000022_post_disaster.png,D:\UNI\DLSS\satellite-disaster-damage-mapping\data_same\xbd\tier3\labels\tuscaloosa-tornado_00000022_post_disaster.json
tuscaloosa-tornado_00000023,tuscaloosa-tornado,tier3,train,92,D:\UNI\DLSS\satellite-disaster-damage-mapping\data_same\xbd\tier3\images\tuscaloosa-tornado_00000023_pre_disaster.png,D:\UNI\DLSS\satellite-disaster-damage-mapping\data_same\xbd\tier3\images\tuscaloosa-tornado_00000023_post_disaster.png,D:\UNI\DLSS\satellite-disaster-damage-mapping\data_same\xbd\tier3\labels\tuscaloosa-tornado_00000023_post_disaster.json
tuscaloosa-tornado_00000030,tuscaloosa-tornado,tier3,train,121,D:\UNI\DLSS\satellite-disaster-damage-mapping\data_same\xbd\tier3\images\tuscaloosa-tornado_00000030_pre_disaster.png,D:\UNI\DLSS\satellite-disaster-damage-mapping\data_same\xbd\tier3\images\tuscaloosa-tornado_00000030_post_disaster.png,D:\UNI\DLSS\satellite-disaster-damage-mapping\data_same\xbd\tier3\labels\tuscaloosa-tornado_00000030_post_disaster.json
tuscaloosa-tornado_00000031,tuscaloosa-tornado,tier3,train,135,D:\UNI\DLSS\satellite-disaster-damage-mapping\data_same\xbd\tier3\images\tuscaloosa-tornado_00000031_pre_disaster.png,D:\UNI\DLSS\satellite-disaster-damage-mapping\data_same\xbd\tier3\images\tuscaloosa-tornado_00000031_post_disaster.png,D:\UNI\DLSS\satellite-disaster-damage-mapping\data_same\xbd\tier3\labels\tuscaloosa-tornado_00000031_post_disaster.json
tuscaloosa-tornado_00000038,tuscaloosa-tornado,tier3,train,152,D:\UNI\DLSS\satellite-disaster-damage-mapping\data_same\xbd\tier3\images\tuscaloosa-tornado_00000038_pre_disaster.png,D:\UNI\DLSS\satellite-disaster-damage-mapping\data_same\xbd\tier3\images\tuscaloosa-tornado_00000038_post_disaster.png,D:\UNI\DLSS\satellite-disaster-damage-mapping\data_same\xbd\tier3\labels\tuscaloosa-tornado_00000038_post_disaster.json
tuscaloosa-tornado_00000039,tuscaloosa-tornado,tier3,train,63,D:\UNI\DLSS\satellite-disaster-damage-mapping\data_same\xbd\tier3\images\tuscaloosa-tornado_00000039_pre_disaster.png,D:\UNI\DLSS\satellite-disaster-damage-mapping\data_same\xbd\tier3\images\tuscaloosa-tornado_00000039_post_disaster.png,D:\UNI\DLSS\satellite-disaster-damage-mapping\data_same\xbd\tier3\labels\tuscaloosa-tornado_00000039_post_disaster.json
tuscaloosa-tornado_00000040,tuscaloosa-tornado,tier3,train,47,D:\UNI\DLSS\satellite-disaster-damage-mapping\data_same\xbd\tier3\images\tuscaloosa-tornado_00000040_pre_disaster.png,D:\UNI\DLSS\satellite-disaster-damage-mapping\data_same\xbd\tier3\images\tuscaloosa-tornado_00000040_post_disaster.png,D:\UNI\DLSS\satellite-disaster-damage-mapping\data_same\xbd\tier3\labels\tuscaloosa-tornado_00000040_post_disaster.json
tuscaloosa-tornado_00000049,tuscaloosa-tornado,tier3,train,89,D:\UNI\DLSS\satellite-disaster-damage-mapping\data_same\xbd\tier3\images\tuscaloosa-tornado_00000049_pre_disaster.png,D:\UNI\DLSS\satellite-disaster-damage-mapping\data_same\xbd\tier3\images\tuscaloosa-tornado_00000049_post_disaster.png,D:\UNI\DLSS\satellite-disaster-damage-mapping\data_same\xbd\tier3\labels\tuscaloosa-tornado_00000049_post_disaster.json
tuscaloosa-tornado_00000053,tuscaloosa-tornado,tier3,train,37,D:\UNI\DLSS\satellite-disaster-damage-mapping\data_same\xbd\tier3\images\tuscaloosa-tornado_00000053_pre_disaster.png,D:\UNI\DLSS\satellite-disaster-damage-mapping\data_same\xbd\tier3\images\tuscaloosa-tornado_00000053_post_disaster.png,D:\UNI\DLSS\satellite-disaster-damage-mapping\data_same\xbd\tier3\labels\tuscaloosa-tornado_00000053_post_disaster.json
tuscaloosa-tornado_00000062,tuscaloosa-tornado,tier3,train,125,D:\UNI\DLSS\satellite-disaster-damage-mapping\data_same\xbd\tier3\images\tuscaloosa-tornado_00000062_pre_disaster.png,D:\UNI\DLSS\satellite-disaster-damage-mapping\data_same\xbd\tier3\images\tuscaloosa-tornado_00000062_post_disaster.png,D:\UNI\DLSS\satellite-disaster-damage-mapping\data_same\xbd\tier3\labels\tuscaloosa-tornado_00000062_post_disaster.json
tuscaloosa-tornado_00000077,tuscaloosa-tornado,tier3,train,136,D:\UNI\DLSS\satellite-disaster-damage-mapping\data_same\xbd\tier3\images\tuscaloosa-tornado_00000077_pre_disaster.png,D:\UNI\DLSS\satellite-disaster-damage-mapping\data_same\xbd\tier3\images\tuscaloosa-tornado_00000077_post_disaster.png,D:\UNI\DLSS\satellite-disaster-damage-mapping\data_same\xbd\tier3\labels\tuscaloosa-tornado_00000077_post_disaster.json
tuscaloosa-tornado_00000078,tuscaloosa-tornado,tier3,train,68,D:\UNI\DLSS\satellite-disaster-damage-mapping\data_same\xbd\tier3\images\tuscaloosa-tornado_00000078_pre_disaster.png,D:\UNI\DLSS\satellite-disaster-damage-mapping\data_same\xbd\tier3\images\tuscaloosa-tornado_00000078_post_disaster.png,D:\UNI\DLSS\satellite-disaster-damage-mapping\data_same\xbd\tier3\labels\tuscaloosa-tornado_00000078_post_disaster.json
tuscaloosa-tornado_00000082,tuscaloosa-tornado,tier3,train,107,D:\UNI\DLSS\satellite-disaster-damage-mapping\data_same\xbd\tier3\images\tuscaloosa-tornado_00000082_pre_disaster.png,D:\UNI\DLSS\satellite-disaster-damage-mapping\data_same\xbd\tier3\images\tuscaloosa-tornado_00000082_post_disaster.png,D:\UNI\DLSS\satellite-disaster-damage-mapping\data_same\xbd\tier3\labels\tuscaloosa-tornado_00000082_post_disaster.json
tuscaloosa-tornado_00000089,tuscaloosa-tornado,tier3,train,8,D:\UNI\DLSS\satellite-disaster-damage-mapping\data_same\xbd\tier3\images\tuscaloosa-tornado_00000089_pre_disaster.png,D:\UNI\DLSS\satellite-disaster-damage-mapping\data_same\xbd\tier3\images\tuscaloosa-tornado_00000089_post_disaster.png,D:\UNI\DLSS\satellite-disaster-damage-mapping\data_same\xbd\tier3\labels\tuscaloosa-tornado_00000089_post_disaster.json
tuscaloosa-tornado_00000090,tuscaloosa-tornado,tier3,train,55,D:\UNI\DLSS\satellite-disaster-damage-mapping\data_same\xbd\tier3\images\tuscaloosa-tornado_00000090_pre_disaster.png,D:\UNI\DLSS\satellite-disaster-damage-mapping\data_same\xbd\tier3\images\tuscaloosa-tornado_00000090_post_disaster.png,D:\UNI\DLSS\satellite-disaster-damage-mapping\data_same\xbd\tier3\labels\tuscaloosa-tornado_00000090_post_disaster.json
tuscaloosa-tornado_00000094,tuscaloosa-tornado,tier3,train,39,D:\UNI\DLSS\satellite-disaster-damage-mapping\data_same\xbd\tier3\images\tuscaloosa-tornado_00000094_pre_disaster.png,D:\UNI\DLSS\satellite-disaster-damage-mapping\data_same\xbd\tier3\images\tuscaloosa-tornado_00000094_post_disaster.png,D:\UNI\DLSS\satellite-disaster-damage-mapping\data_same\xbd\tier3\labels\tuscaloosa-tornado_00000094_post_disaster.json
tuscaloosa-tornado_00000095,tuscaloosa-tornado,tier3,train,113,D:\UNI\DLSS\satellite-disaster-damage-mapping\data_same\xbd\tier3\images\tuscaloosa-tornado_00000095_pre_disaster.png,D:\UNI\DLSS\satellite-disaster-damage-mapping\data_same\xbd\tier3\images\tuscaloosa-tornado_00000095_post_disaster.png,D:\UNI\DLSS\satellite-disaster-damage-mapping\data_same\xbd\tier3\labels\tuscaloosa-tornado_00000095_post_disaster.json
tuscaloosa-tornado_00000096,tuscaloosa-tornado,tier3,train,20,D:\UNI\DLSS\satellite-disaster-damage-mapping\data_same\xbd\tier3\images\tuscaloosa-tornado_00000096_pre_disaster.png,D:\UNI\DLSS\satellite-disaster-damage-mapping\data_same\xbd\tier3\images\tuscaloosa-tornado_00000096_post_disaster.png,D:\UNI\DLSS\satellite-disaster-damage-mapping\data_same\xbd\tier3\labels\tuscaloosa-tornado_00000096_post_disaster.json
tuscaloosa-tornado_00000104,tuscaloosa-tornado,tier3,train,11,D:\UNI\DLSS\satellite-disaster-damage-mapping\data_same\xbd\tier3\images\tuscaloosa-tornado_00000104_pre_disaster.png,D:\UNI\DLSS\satellite-disaster-damage-mapping\data_same\xbd\tier3\images\tuscaloosa-tornado_00000104_post_disaster.png,D:\UNI\DLSS\satellite-disaster-damage-mapping\data_same\xbd\tier3\labels\tuscaloosa-tornado_00000104_post_disaster.json
tuscaloosa-tornado_00000110,tuscaloosa-tornado,tier3,train,15,D:\UNI\DLSS\satellite-disaster-damage-mapping\data_same\xbd\tier3\images\tuscaloosa-tornado_00000110_pre_disaster.png,D:\UNI\DLSS\satellite-disaster-damage-mapping\data_same\xbd\tier3\images\tuscaloosa-tornado_00000110_post_disaster.png,D:\UNI\DLSS\satellite-disaster-damage-mapping\data_same\xbd\tier3\labels\tuscaloosa-tornado_00000110_post_disaster.json
tuscaloosa-tornado_00000120,tuscaloosa-tornado,tier3,train,164,D:\UNI\DLSS\satellite-disaster-damage-mapping\data_same\xbd\tier3\images\tuscaloosa-tornado_00000120_pre_disaster.png,D:\UNI\DLSS\satellite-disaster-damage-mapping\data_same\xbd\tier3\images\tuscaloosa-tornado_00000120_post_disaster.png,D:\UNI\DLSS\satellite-disaster-damage-mapping\data_same\xbd\tier3\labels\tuscaloosa-tornado_00000120_post_disaster.json
tuscaloosa-tornado_00000127,tuscaloosa-tornado,tier3,train,9,D:\UNI\DLSS\satellite-disaster-damage-mapping\data_same\xbd\tier3\images\tuscaloosa-tornado_00000127_pre_disaster.png,D:\UNI\DLSS\satellite-disaster-damage-mapping\data_same\xbd\tier3\images\tuscaloosa-tornado_00000127_post_disaster.png,D:\UNI\DLSS\satellite-disaster-damage-mapping\data_same\xbd\tier3\labels\tuscaloosa-tornado_00000127_post_disaster.json
tuscaloosa-tornado_00000129,tuscaloosa-tornado,tier3,train,29,D:\UNI\DLSS\satellite-disaster-damage-mapping\data_same\xbd\tier3\images\tuscaloosa-tornado_00000129_pre_disaster.png,D:\UNI\DLSS\satellite-disaster-damage-mapping\data_same\xbd\tier3\images\tuscaloosa-tornado_00000129_post_disaster.png,D:\UNI\DLSS\satellite-disaster-damage-mapping\data_same\xbd\tier3\labels\tuscaloosa-tornado_00000129_post_disaster.json
tuscaloosa-tornado_00000145,tuscaloosa-tornado,tier3,train,44,D:\UNI\DLSS\satellite-disaster-damage-mapping\data_same\xbd\tier3\images\tuscaloosa-tornado_00000145_pre_disaster.png,D:\UNI\DLSS\satellite-disaster-damage-mapping\data_same\xbd\tier3\images\tuscaloosa-tornado_00000145_post_disaster.png,D:\UNI\DLSS\satellite-disaster-damage-mapping\data_same\xbd\tier3\labels\tuscaloosa-tornado_00000145_post_disaster.json
tuscaloosa-tornado_00000148,tuscaloosa-tornado,tier3,train,62,D:\UNI\DLSS\satellite-disaster-damage-mapping\data_same\xbd\tier3\images\tuscaloosa-tornado_00000148_pre_disaster.png,D:\UNI\DLSS\satellite-disaster-damage-mapping\data_same\xbd\tier3\images\tuscaloosa-tornado_00000148_post_disaster.png,D:\UNI\DLSS\satellite-disaster-damage-mapping\data_same\xbd\tier3\labels\tuscaloosa-tornado_00000148_post_disaster.json
tuscaloosa-tornado_00000150,tuscaloosa-tornado,tier3,train,18,D:\UNI\DLSS\satellite-disaster-damage-mapping\data_same\xbd\tier3\images\tuscaloosa-tornado_00000150_pre_disaster.png,D:\UNI\DLSS\satellite-disaster-damage-mapping\data_same\xbd\tier3\images\tuscaloosa-tornado_00000150_post_disaster.png,D:\UNI\DLSS\satellite-disaster-damage-mapping\data_same\xbd\tier3\labels\tuscaloosa-tornado_00000150_post_disaster.json
tuscaloosa-tornado_00000151,tuscaloosa-tornado,tier3,train,110,D:\UNI\DLSS\satellite-disaster-damage-mapping\data_same\xbd\tier3\images\tuscaloosa-tornado_00000151_pre_disaster.png,D:\UNI\DLSS\satellite-disaster-damage-mapping\data_same\xbd\tier3\images\tuscaloosa-tornado_00000151_post_disaster.png,D:\UNI\DLSS\satellite-disaster-damage-mapping\data_same\xbd\tier3\labels\tuscaloosa-tornado_00000151_post_disaster.json
tuscaloosa-tornado_00000157,tuscaloosa-tornado,tier3,train,127,D:\UNI\DLSS\satellite-disaster-damage-mapping\data_same\xbd\tier3\images\tuscaloosa-tornado_00000157_pre_disaster.png,D:\UNI\DLSS\satellite-disaster-damage-mapping\data_same\xbd\tier3\images\tuscaloosa-tornado_00000157_post_disaster.png,D:\UNI\DLSS\satellite-disaster-damage-mapping\data_same\xbd\tier3\labels\tuscaloosa-tornado_00000157_post_disaster.json
tuscaloosa-tornado_00000159,tuscaloosa-tornado,tier3,train,44,D:\UNI\DLSS\satellite-disaster-damage-mapping\data_same\xbd\tier3\images\tuscaloosa-tornado_00000159_pre_disaster.png,D:\UNI\DLSS\satellite-disaster-damage-mapping\data_same\xbd\tier3\images\tuscaloosa-tornado_00000159_post_disaster.png,D:\UNI\DLSS\satellite-disaster-damage-mapping\data_same\xbd\tier3\labels\tuscaloosa-tornado_00000159_post_disaster.json
tuscaloosa-tornado_00000163,tuscaloosa-tornado,tier3,train,35,D:\UNI\DLSS\satellite-disaster-damage-mapping\data_same\xbd\tier3\images\tuscaloosa-tornado_00000163_pre_disaster.png,D:\UNI\DLSS\satellite-disaster-damage-mapping\data_same\xbd\tier3\images\tuscaloosa-tornado_00000163_post_disaster.png,D:\UNI\DLSS\satellite-disaster-damage-mapping\data_same\xbd\tier3\labels\tuscaloosa-tornado_00000163_post_disaster.json
tuscaloosa-tornado_00000173,tuscaloosa-tornado,tier3,train,87,D:\UNI\DLSS\satellite-disaster-damage-mapping\data_same\xbd\tier3\images\tuscaloosa-tornado_00000173_pre_disaster.png,D:\UNI\DLSS\satellite-disaster-damage-mapping\data_same\xbd\tier3\images\tuscaloosa-tornado_00000173_post_disaster.png,D:\UNI\DLSS\satellite-disaster-damage-mapping\data_same\xbd\tier3\labels\tuscaloosa-tornado_00000173_post_disaster.json
tuscaloosa-tornado_00000174,tuscaloosa-tornado,tier3,train,59,D:\UNI\DLSS\satellite-disaster-damage-mapping\data_same\xbd\tier3\images\tuscaloosa-tornado_00000174_pre_disaster.png,D:\UNI\DLSS\satellite-disaster-damage-mapping\data_same\xbd\tier3\images\tuscaloosa-tornado_00000174_post_disaster.png,D:\UNI\DLSS\satellite-disaster-damage-mapping\data_same\xbd\tier3\labels\tuscaloosa-tornado_00000174_post_disaster.json
tuscaloosa-tornado_00000175,tuscaloosa-tornado,tier3,train,11,D:\UNI\DLSS\satellite-disaster-damage-mapping\data_same\xbd\tier3\images\tuscaloosa-tornado_00000175_pre_disaster.png,D:\UNI\DLSS\satellite-disaster-damage-mapping\data_same\xbd\tier3\images\tuscaloosa-tornado_00000175_post_disaster.png,D:\UNI\DLSS\satellite-disaster-damage-mapping\data_same\xbd\tier3\labels\tuscaloosa-tornado_00000175_post_disaster.json
tuscaloosa-tornado_00000183,tuscaloosa-tornado,tier3,train,129,D:\UNI\DLSS\satellite-disaster-damage-mapping\data_same\xbd\tier3\images\tuscaloosa-tornado_00000183_pre_disaster.png,D:\UNI\DLSS\satellite-disaster-damage-mapping\data_same\xbd\tier3\images\tuscaloosa-tornado_00000183_post_disaster.png,D:\UNI\DLSS\satellite-disaster-damage-mapping\data_same\xbd\tier3\labels\tuscaloosa-tornado_00000183_post_disaster.json
tuscaloosa-tornado_00000195,tuscaloosa-tornado,tier3,train,44,D:\UNI\DLSS\satellite-disaster-damage-mapping\data_same\xbd\tier3\images\tuscaloosa-tornado_00000195_pre_disaster.png,D:\UNI\DLSS\satellite-disaster-damage-mapping\data_same\xbd\tier3\images\tuscaloosa-tornado_00000195_post_disaster.png,D:\UNI\DLSS\satellite-disaster-damage-mapping\data_same\xbd\tier3\labels\tuscaloosa-tornado_00000195_post_disaster.json
tuscaloosa-tornado_00000198,tuscaloosa-tornado,tier3,train,110,D:\UNI\DLSS\satellite-disaster-damage-mapping\data_same\xbd\tier3\images\tuscaloosa-tornado_00000198_pre_disaster.png,D:\UNI\DLSS\satellite-disaster-damage-mapping\data_same\xbd\tier3\images\tuscaloosa-tornado_00000198_post_disaster.png,D:\UNI\DLSS\satellite-disaster-damage-mapping\data_same\xbd\tier3\labels\tuscaloosa-tornado_00000198_post_disaster.json
tuscaloosa-tornado_00000201,tuscaloosa-tornado,tier3,train,128,D:\UNI\DLSS\satellite-disaster-damage-mapping\data_same\xbd\tier3\images\tuscaloosa-tornado_00000201_pre_disaster.png,D:\UNI\DLSS\satellite-disaster-damage-mapping\data_same\xbd\tier3\images\tuscaloosa-tornado_00000201_post_disaster.png,D:\UNI\DLSS\satellite-disaster-damage-mapping\data_same\xbd\tier3\labels\tuscaloosa-tornado_00000201_post_disaster.json
tuscaloosa-tornado_00000228,tuscaloosa-tornado,tier3,train,110,D:\UNI\DLSS\satellite-disaster-damage-mapping\data_same\xbd\tier3\images\tuscaloosa-tornado_00000228_pre_disaster.png,D:\UNI\DLSS\satellite-disaster-damage-mapping\data_same\xbd\tier3\images\tuscaloosa-tornado_00000228_post_disaster.png,D:\UNI\DLSS\satellite-disaster-damage-mapping\data_same\xbd\tier3\labels\tuscaloosa-tornado_00000228_post_disaster.json
tuscaloosa-tornado_00000233,tuscaloosa-tornado,tier3,train,123,D:\UNI\DLSS\satellite-disaster-damage-mapping\data_same\xbd\tier3\images\tuscaloosa-tornado_00000233_pre_disaster.png,D:\UNI\DLSS\satellite-disaster-damage-mapping\data_same\xbd\tier3\images\tuscaloosa-tornado_00000233_post_disaster.png,D:\UNI\DLSS\satellite-disaster-damage-mapping\data_same\xbd\tier3\labels\tuscaloosa-tornado_00000233_post_disaster.json
tuscaloosa-tornado_00000239,tuscaloosa-tornado,tier3,train,8,D:\UNI\DLSS\satellite-disaster-damage-mapping\data_same\xbd\tier3\images\tuscaloosa-tornado_00000239_pre_disaster.png,D:\UNI\DLSS\satellite-disaster-damage-mapping\data_same\xbd\tier3\images\tuscaloosa-tornado_00000239_post_disaster.png,D:\UNI\DLSS\satellite-disaster-damage-mapping\data_same\xbd\tier3\labels\tuscaloosa-tornado_00000239_post_disaster.json
tuscaloosa-tornado_00000241,tuscaloosa-tornado,tier3,train,10,D:\UNI\DLSS\satellite-disaster-damage-mapping\data_same\xbd\tier3\images\tuscaloosa-tornado_00000241_pre_disaster.png,D:\UNI\DLSS\satellite-disaster-damage-mapping\data_same\xbd\tier3\images\tuscaloosa-tornado_00000241_post_disaster.png,D:\UNI\DLSS\satellite-disaster-damage-mapping\data_same\xbd\tier3\labels\tuscaloosa-tornado_00000241_post_disaster.json
tuscaloosa-tornado_00000242,tuscaloosa-tornado,tier3,train,18,D:\UNI\DLSS\satellite-disaster-damage-mapping\data_same\xbd\tier3\images\tuscaloosa-tornado_00000242_pre_disaster.png,D:\UNI\DLSS\satellite-disaster-damage-mapping\data_same\xbd\tier3\images\tuscaloosa-tornado_00000242_post_disaster.png,D:\UNI\DLSS\satellite-disaster-damage-mapping\data_same\xbd\tier3\labels\tuscaloosa-tornado_00000242_post_disaster.json
tuscaloosa-tornado_00000243,tuscaloosa-tornado,tier3,train,69,D:\UNI\DLSS\satellite-disaster-damage-mapping\data_same\xbd\tier3\images\tuscaloosa-tornado_00000243_pre_disaster.png,D:\UNI\DLSS\satellite-disaster-damage-mapping\data_same\xbd\tier3\images\tuscaloosa-tornado_00000243_post_disaster.png,D:\UNI\DLSS\satellite-disaster-damage-mapping\data_same\xbd\tier3\labels\tuscaloosa-tornado_00000243_post_disaster.json
tuscaloosa-tornado_00000244,tuscaloosa-tornado,tier3,train,48,D:\UNI\DLSS\satellite-disaster-damage-mapping\data_same\xbd\tier3\images\tuscaloosa-tornado_00000244_pre_disaster.png,D:\UNI\DLSS\satellite-disaster-damage-mapping\data_same\xbd\tier3\images\tuscaloosa-tornado_00000244_post_disaster.png,D:\UNI\DLSS\satellite-disaster-damage-mapping\data_same\xbd\tier3\labels\tuscaloosa-tornado_00000244_post_disaster.json
tuscaloosa-tornado_00000251,tuscaloosa-tornado,tier3,train,40,D:\UNI\DLSS\satellite-disaster-damage-mapping\data_same\xbd\tier3\images\tuscaloosa-tornado_00000251_pre_disaster.png,D:\UNI\DLSS\satellite-disaster-damage-mapping\data_same\xbd\tier3\images\tuscaloosa-tornado_00000251_post_disaster.png,D:\UNI\DLSS\satellite-disaster-damage-mapping\data_same\xbd\tier3\labels\tuscaloosa-tornado_00000251_post_disaster.json
tuscaloosa-tornado_00000253,tuscaloosa-tornado,tier3,train,168,D:\UNI\DLSS\satellite-disaster-damage-mapping\data_same\xbd\tier3\images\tuscaloosa-tornado_00000253_pre_disaster.png,D:\UNI\DLSS\satellite-disaster-damage-mapping\data_same\xbd\tier3\images\tuscaloosa-tornado_00000253_post_disaster.png,D:\UNI\DLSS\satellite-disaster-damage-mapping\data_same\xbd\tier3\labels\tuscaloosa-tornado_00000253_post_disaster.json
tuscaloosa-tornado_00000254,tuscaloosa-tornado,tier3,train,13,D:\UNI\DLSS\satellite-disaster-damage-mapping\data_same\xbd\tier3\images\tuscaloosa-tornado_00000254_pre_disaster.png,D:\UNI\DLSS\satellite-disaster-damage-mapping\data_same\xbd\tier3\images\tuscaloosa-tornado_00000254_post_disaster.png,D:\UNI\DLSS\satellite-disaster-damage-mapping\data_same\xbd\tier3\labels\tuscaloosa-tornado_00000254_post_disaster.json
tuscaloosa-tornado_00000269,tuscaloosa-tornado,tier3,train,84,D:\UNI\DLSS\satellite-disaster-damage-mapping\data_same\xbd\tier3\images\tuscaloosa-tornado_00000269_pre_disaster.png,D:\UNI\DLSS\satellite-disaster-damage-mapping\data_same\xbd\tier3\images\tuscaloosa-tornado_00000269_post_disaster.png,D:\UNI\DLSS\satellite-disaster-damage-mapping\data_same\xbd\tier3\labels\tuscaloosa-tornado_00000269_post_disaster.json
tuscaloosa-tornado_00000272,tuscaloosa-tornado,tier3,train,26,D:\UNI\DLSS\satellite-disaster-damage-mapping\data_same\xbd\tier3\images\tuscaloosa-tornado_00000272_pre_disaster.png,D:\UNI\DLSS\satellite-disaster-damage-mapping\data_same\xbd\tier3\images\tuscaloosa-tornado_00000272_post_disaster.png,D:\UNI\DLSS\satellite-disaster-damage-mapping\data_same\xbd\tier3\labels\tuscaloosa-tornado_00000272_post_disaster.json
tuscaloosa-tornado_00000273,tuscaloosa-tornado,tier3,train,94,D:\UNI\DLSS\satellite-disaster-damage-mapping\data_same\xbd\tier3\images\tuscaloosa-tornado_00000273_pre_disaster.png,D:\UNI\DLSS\satellite-disaster-damage-mapping\data_same\xbd\tier3\images\tuscaloosa-tornado_00000273_post_disaster.png,D:\UNI\DLSS\satellite-disaster-damage-mapping\data_same\xbd\tier3\labels\tuscaloosa-tornado_00000273_post_disaster.json
tuscaloosa-tornado_00000276,tuscaloosa-tornado,tier3,train,50,D:\UNI\DLSS\satellite-disaster-damage-mapping\data_same\xbd\tier3\images\tuscaloosa-tornado_00000276_pre_disaster.png,D:\UNI\DLSS\satellite-disaster-damage-mapping\data_same\xbd\tier3\images\tuscaloosa-tornado_00000276_post_disaster.png,D:\UNI\DLSS\satellite-disaster-damage-mapping\data_same\xbd\tier3\labels\tuscaloosa-tornado_00000276_post_disaster.json
tuscaloosa-tornado_00000280,tuscaloosa-tornado,tier3,train,130,D:\UNI\DLSS\satellite-disaster-damage-mapping\data_same\xbd\tier3\images\tuscaloosa-tornado_00000280_pre_disaster.png,D:\UNI\DLSS\satellite-disaster-damage-mapping\data_same\xbd\tier3\images\tuscaloosa-tornado_00000280_post_disaster.png,D:\UNI\DLSS\satellite-disaster-damage-mapping\data_same\xbd\tier3\labels\tuscaloosa-tornado_00000280_post_disaster.json
tuscaloosa-tornado_00000286,tuscaloosa-tornado,tier3,train,17,D:\UNI\DLSS\satellite-disaster-damage-mapping\data_same\xbd\tier3\images\tuscaloosa-tornado_00000286_pre_disaster.png,D:\UNI\DLSS\satellite-disaster-damage-mapping\data_same\xbd\tier3\images\tuscaloosa-tornado_00000286_post_disaster.png,D:\UNI\DLSS\satellite-disaster-damage-mapping\data_same\xbd\tier3\labels\tuscaloosa-tornado_00000286_post_disaster.json
tuscaloosa-tornado_00000288,tuscaloosa-tornado,tier3,train,5,D:\UNI\DLSS\satellite-disaster-damage-mapping\data_same\xbd\tier3\images\tuscaloosa-tornado_00000288_pre_disaster.png,D:\UNI\DLSS\satellite-disaster-damage-mapping\data_same\xbd\tier3\images\tuscaloosa-tornado_00000288_post_disaster.png,D:\UNI\DLSS\satellite-disaster-damage-mapping\data_same\xbd\tier3\labels\tuscaloosa-tornado_00000288_post_disaster.json
tuscaloosa-tornado_00000289,tuscaloosa-tornado,tier3,train,45,D:\UNI\DLSS\satellite-disaster-damage-mapping\data_same\xbd\tier3\images\tuscaloosa-tornado_00000289_pre_disaster.png,D:\UNI\DLSS\satellite-disaster-damage-mapping\data_same\xbd\tier3\images\tuscaloosa-tornado_00000289_post_disaster.png,D:\UNI\DLSS\satellite-disaster-damage-mapping\data_same\xbd\tier3\labels\tuscaloosa-tornado_00000289_post_disaster.json
tuscaloosa-tornado_00000300,tuscaloosa-tornado,tier3,train,8,D:\UNI\DLSS\satellite-disaster-damage-mapping\data_same\xbd\tier3\images\tuscaloosa-tornado_00000300_pre_disaster.png,D:\UNI\DLSS\satellite-disaster-damage-mapping\data_same\xbd\tier3\images\tuscaloosa-tornado_00000300_post_disaster.png,D:\UNI\DLSS\satellite-disaster-damage-mapping\data_same\xbd\tier3\labels\tuscaloosa-tornado_00000300_post_disaster.json
tuscaloosa-tornado_00000303,tuscaloosa-tornado,tier3,train,24,D:\UNI\DLSS\satellite-disaster-damage-mapping\data_same\xbd\tier3\images\tuscaloosa-tornado_00000303_pre_disaster.png,D:\UNI\DLSS\satellite-disaster-damage-mapping\data_same\xbd\tier3\images\tuscaloosa-tornado_00000303_post_disaster.png,D:\UNI\DLSS\satellite-disaster-damage-mapping\data_same\xbd\tier3\labels\tuscaloosa-tornado_00000303_post_disaster.json
tuscaloosa-tornado_00000306,tuscaloosa-tornado,tier3,train,45,D:\UNI\DLSS\satellite-disaster-damage-mapping\data_same\xbd\tier3\images\tuscaloosa-tornado_00000306_pre_disaster.png,D:\UNI\DLSS\satellite-disaster-damage-mapping\data_same\xbd\tier3\images\tuscaloosa-tornado_00000306_post_disaster.png,D:\UNI\DLSS\satellite-disaster-damage-mapping\data_same\xbd\tier3\labels\tuscaloosa-tornado_00000306_post_disaster.json
tuscaloosa-tornado_00000307,tuscaloosa-tornado,tier3,train,32,D:\UNI\DLSS\satellite-disaster-damage-mapping\data_same\xbd\tier3\images\tuscaloosa-tornado_00000307_pre_disaster.png,D:\UNI\DLSS\satellite-disaster-damage-mapping\data_same\xbd\tier3\images\tuscaloosa-tornado_00000307_post_disaster.png,D:\UNI\DLSS\satellite-disaster-damage-mapping\data_same\xbd\tier3\labels\tuscaloosa-tornado_00000307_post_disaster.json
tuscaloosa-tornado_00000324,tuscaloosa-tornado,tier3,train,67,D:\UNI\DLSS\satellite-disaster-damage-mapping\data_same\xbd\tier3\images\tuscaloosa-tornado_00000324_pre_disaster.png,D:\UNI\DLSS\satellite-disaster-damage-mapping\data_same\xbd\tier3\images\tuscaloosa-tornado_00000324_post_disaster.png,D:\UNI\DLSS\satellite-disaster-damage-mapping\data_same\xbd\tier3\labels\tuscaloosa-tornado_00000324_post_disaster.json
tuscaloosa-tornado_00000330,tuscaloosa-tornado,tier3,train,93,D:\UNI\DLSS\satellite-disaster-damage-mapping\data_same\xbd\tier3\images\tuscaloosa-tornado_00000330_pre_disaster.png,D:\UNI\DLSS\satellite-disaster-damage-mapping\data_same\xbd\tier3\images\tuscaloosa-tornado_00000330_post_disaster.png,D:\UNI\DLSS\satellite-disaster-damage-mapping\data_same\xbd\tier3\labels\tuscaloosa-tornado_00000330_post_disaster.json
tuscaloosa-tornado_00000338,tuscaloosa-tornado,tier3,train,38,D:\UNI\DLSS\satellite-disaster-damage-mapping\data_same\xbd\tier3\images\tuscaloosa-tornado_00000338_pre_disaster.png,D:\UNI\DLSS\satellite-disaster-damage-mapping\data_same\xbd\tier3\images\tuscaloosa-tornado_00000338_post_disaster.png,D:\UNI\DLSS\satellite-disaster-damage-mapping\data_same\xbd\tier3\labels\tuscaloosa-tornado_00000338_post_disaster.json
tuscaloosa-tornado_00000340,tuscaloosa-tornado,tier3,train,39,D:\UNI\DLSS\satellite-disaster-damage-mapping\data_same\xbd\tier3\images\tuscaloosa-tornado_00000340_pre_disaster.png,D:\UNI\DLSS\satellite-disaster-damage-mapping\data_same\xbd\tier3\images\tuscaloosa-tornado_00000340_post_disaster.png,D:\UNI\DLSS\satellite-disaster-damage-mapping\data_same\xbd\tier3\labels\tuscaloosa-tornado_00000340_post_disaster.json
tuscaloosa-tornado_00000341,tuscaloosa-tornado,tier3,train,17,D:\UNI\DLSS\satellite-disaster-damage-mapping\data_same\xbd\tier3\images\tuscaloosa-tornado_00000341_pre_disaster.png,D:\UNI\DLSS\satellite-disaster-damage-mapping\data_same\xbd\tier3\images\tuscaloosa-tornado_00000341_post_disaster.png,D:\UNI\DLSS\satellite-disaster-damage-mapping\data_same\xbd\tier3\labels\tuscaloosa-tornado_00000341_post_disaster.json
guatemala-volcano_00000024,guatemala-volcano,tier1,val,61,D:\UNI\DLSS\satellite-disaster-damage-mapping\data_same\xbd\tier1\images\guatemala-volcano_00000024_pre_disaster.png,D:\UNI\DLSS\satellite-disaster-damage-mapping\data_same\xbd\tier1\images\guatemala-volcano_00000024_post_disaster.png,D:\UNI\DLSS\satellite-disaster-damage-mapping\data_same\xbd\tier1\labels\guatemala-volcano_00000024_post_disaster.json
hurricane-florence_00000001,hurricane-florence,tier1,val,89,D:\UNI\DLSS\satellite-disaster-damage-mapping\data_same\xbd\tier1\images\hurricane-florence_00000001_pre_disaster.png,D:\UNI\DLSS\satellite-disaster-damage-mapping\data_same\xbd\tier1\images\hurricane-florence_00000001_post_disaster.png,D:\UNI\DLSS\satellite-disaster-damage-mapping\data_same\xbd\tier1\labels\hurricane-florence_00000001_post_disaster.json
hurricane-florence_00000026,hurricane-florence,tier1,val,25,D:\UNI\DLSS\satellite-disaster-damage-mapping\data_same\xbd\tier1\images\hurricane-florence_00000026_pre_disaster.png,D:\UNI\DLSS\satellite-disaster-damage-mapping\data_same\xbd\tier1\images\hurricane-florence_00000026_post_disaster.png,D:\UNI\DLSS\satellite-disaster-damage-mapping\data_same\xbd\tier1\labels\hurricane-florence_00000026_post_disaster.json
hurricane-florence_00000037,hurricane-florence,tier1,val,13,D:\UNI\DLSS\satellite-disaster-damage-mapping\data_same\xbd\tier1\images\hurricane-florence_00000037_pre_disaster.png,D:\UNI\DLSS\satellite-disaster-damage-mapping\data_same\xbd\tier1\images\hurricane-florence_00000037_post_disaster.png,D:\UNI\DLSS\satellite-disaster-damage-mapping\data_same\xbd\tier1\labels\hurricane-florence_00000037_post_disaster.json
hurricane-florence_00000042,hurricane-florence,tier1,val,17,D:\UNI\DLSS\satellite-disaster-damage-mapping\data_same\xbd\tier1\images\hurricane-florence_00000042_pre_disaster.png,D:\UNI\DLSS\satellite-disaster-damage-mapping\data_same\xbd\tier1\images\hurricane-florence_00000042_post_disaster.png,D:\UNI\DLSS\satellite-disaster-damage-mapping\data_same\xbd\tier1\labels\hurricane-florence_00000042_post_disaster.json
hurricane-florence_00000060,hurricane-florence,tier1,val,13,D:\UNI\DLSS\satellite-disaster-damage-mapping\data_same\xbd\tier1\images\hurricane-florence_00000060_pre_disaster.png,D:\UNI\DLSS\satellite-disaster-damage-mapping\data_same\xbd\tier1\images\hurricane-florence_00000060_post_disaster.png,D:\UNI\DLSS\satellite-disaster-damage-mapping\data_same\xbd\tier1\labels\hurricane-florence_00000060_post_disaster.json
hurricane-florence_00000079,hurricane-florence,tier1,val,8,D:\UNI\DLSS\satellite-disaster-damage-mapping\data_same\xbd\tier1\images\hurricane-florence_00000079_pre_disaster.png,D:\UNI\DLSS\satellite-disaster-damage-mapping\data_same\xbd\tier1\images\hurricane-florence_00000079_post_disaster.png,D:\UNI\DLSS\satellite-disaster-damage-mapping\data_same\xbd\tier1\labels\hurricane-florence_00000079_post_disaster.json
hurricane-florence_00000086,hurricane-florence,tier1,val,7,D:\UNI\DLSS\satellite-disaster-damage-mapping\data_same\xbd\tier1\images\hurricane-florence_00000086_pre_disaster.png,D:\UNI\DLSS\satellite-disaster-damage-mapping\data_same\xbd\tier1\images\hurricane-florence_00000086_post_disaster.png,D:\UNI\DLSS\satellite-disaster-damage-mapping\data_same\xbd\tier1\labels\hurricane-florence_00000086_post_disaster.json
hurricane-florence_00000096,hurricane-florence,tier1,val,140,D:\UNI\DLSS\satellite-disaster-damage-mapping\data_same\xbd\tier1\images\hurricane-florence_00000096_pre_disaster.png,D:\UNI\DLSS\satellite-disaster-damage-mapping\data_same\xbd\tier1\images\hurricane-florence_00000096_post_disaster.png,D:\UNI\DLSS\satellite-disaster-damage-mapping\data_same\xbd\tier1\labels\hurricane-florence_00000096_post_disaster.json
hurricane-florence_00000247,hurricane-florence,tier1,val,7,D:\UNI\DLSS\satellite-disaster-damage-mapping\data_same\xbd\tier1\images\hurricane-florence_00000247_pre_disaster.png,D:\UNI\DLSS\satellite-disaster-damage-mapping\data_same\xbd\tier1\images\hurricane-florence_00000247_post_disaster.png,D:\UNI\DLSS\satellite-disaster-damage-mapping\data_same\xbd\tier1\labels\hurricane-florence_00000247_post_disaster.json
hurricane-florence_00000256,hurricane-florence,tier1,val,11,D:\UNI\DLSS\satellite-disaster-damage-mapping\data_same\xbd\tier1\images\hurricane-florence_00000256_pre_disaster.png,D:\UNI\DLSS\satellite-disaster-damage-mapping\data_same\xbd\tier1\images\hurricane-florence_00000256_post_disaster.png,D:\UNI\DLSS\satellite-disaster-damage-mapping\data_same\xbd\tier1\labels\hurricane-florence_00000256_post_disaster.json
hurricane-florence_00000304,hurricane-florence,tier1,val,14,D:\UNI\DLSS\satellite-disaster-damage-mapping\data_same\xbd\tier1\images\hurricane-florence_00000304_pre_disaster.png,D:\UNI\DLSS\satellite-disaster-damage-mapping\data_same\xbd\tier1\images\hurricane-florence_00000304_post_disaster.png,D:\UNI\DLSS\satellite-disaster-damage-mapping\data_same\xbd\tier1\labels\hurricane-florence_00000304_post_disaster.json
hurricane-florence_00000316,hurricane-florence,tier1,val,25,D:\UNI\DLSS\satellite-disaster-damage-mapping\data_same\xbd\tier1\images\hurricane-florence_00000316_pre_disaster.png,D:\UNI\DLSS\satellite-disaster-damage-mapping\data_same\xbd\tier1\images\hurricane-florence_00000316_post_disaster.png,D:\UNI\DLSS\satellite-disaster-damage-mapping\data_same\xbd\tier1\labels\hurricane-florence_00000316_post_disaster.json
hurricane-florence_00000328,hurricane-florence,tier1,val,11,D:\UNI\DLSS\satellite-disaster-damage-mapping\data_same\xbd\tier1\images\hurricane-florence_00000328_pre_disaster.png,D:\UNI\DLSS\satellite-disaster-damage-mapping\data_same\xbd\tier1\images\hurricane-florence_00000328_post_disaster.png,D:\UNI\DLSS\satellite-disaster-damage-mapping\data_same\xbd\tier1\labels\hurricane-florence_00000328_post_disaster.json
hurricane-florence_00000344,hurricane-florence,tier1,val,9,D:\UNI\DLSS\satellite-disaster-damage-mapping\data_same\xbd\tier1\images\hurricane-florence_00000344_pre_disaster.png,D:\UNI\DLSS\satellite-disaster-damage-mapping\data_same\xbd\tier1\images\hurricane-florence_00000344_post_disaster.png,D:\UNI\DLSS\satellite-disaster-damage-mapping\data_same\xbd\tier1\labels\hurricane-florence_00000344_post_disaster.json
hurricane-florence_00000424,hurricane-florence,tier1,val,5,D:\UNI\DLSS\satellite-disaster-damage-mapping\data_same\xbd\tier1\images\hurricane-florence_00000424_pre_disaster.png,D:\UNI\DLSS\satellite-disaster-damage-mapping\data_same\xbd\tier1\images\hurricane-florence_00000424_post_disaster.png,D:\UNI\DLSS\satellite-disaster-damage-mapping\data_same\xbd\tier1\labels\hurricane-florence_00000424_post_disaster.json
hurricane-florence_00000426,hurricane-florence,tier1,val,80,D:\UNI\DLSS\satellite-disaster-damage-mapping\data_same\xbd\tier1\images\hurricane-florence_00000426_pre_disaster.png,D:\UNI\DLSS\satellite-disaster-damage-mapping\data_same\xbd\tier1\images\hurricane-florence_00000426_post_disaster.png,D:\UNI\DLSS\satellite-disaster-damage-mapping\data_same\xbd\tier1\labels\hurricane-florence_00000426_post_disaster.json
hurricane-florence_00000441,hurricane-florence,tier1,val,11,D:\UNI\DLSS\satellite-disaster-damage-mapping\data_same\xbd\tier1\images\hurricane-florence_00000441_pre_disaster.png,D:\UNI\DLSS\satellite-disaster-damage-mapping\data_same\xbd\tier1\images\hurricane-florence_00000441_post_disaster.png,D:\UNI\DLSS\satellite-disaster-damage-mapping\data_same\xbd\tier1\labels\hurricane-florence_00000441_post_disaster.json
hurricane-florence_00000454,hurricane-florence,tier1,val,19,D:\UNI\DLSS\satellite-disaster-damage-mapping\data_same\xbd\tier1\images\hurricane-florence_00000454_pre_disaster.png,D:\UNI\DLSS\satellite-disaster-damage-mapping\data_same\xbd\tier1\images\hurricane-florence_00000454_post_disaster.png,D:\UNI\DLSS\satellite-disaster-damage-mapping\data_same\xbd\tier1\labels\hurricane-florence_00000454_post_disaster.json
hurricane-florence_00000464,hurricane-florence,tier1,val,8,D:\UNI\DLSS\satellite-disaster-damage-mapping\data_same\xbd\tier1\images\hurricane-florence_00000464_pre_disaster.png,D:\UNI\DLSS\satellite-disaster-damage-mapping\data_same\xbd\tier1\images\hurricane-florence_00000464_post_disaster.png,D:\UNI\DLSS\satellite-disaster-damage-mapping\data_same\xbd\tier1\labels\hurricane-florence_00000464_post_disaster.json
hurricane-florence_00000470,hurricane-florence,tier1,val,18,D:\UNI\DLSS\satellite-disaster-damage-mapping\data_same\xbd\tier1\images\hurricane-florence_00000470_pre_disaster.png,D:\UNI\DLSS\satellite-disaster-damage-mapping\data_same\xbd\tier1\images\hurricane-florence_00000470_post_disaster.png,D:\UNI\DLSS\satellite-disaster-damage-mapping\data_same\xbd\tier1\labels\hurricane-florence_00000470_post_disaster.json
hurricane-harvey_00000019,hurricane-harvey,tier1,val,16,D:\UNI\DLSS\satellite-disaster-damage-mapping\data_same\xbd\tier1\images\hurricane-harvey_00000019_pre_disaster.png,D:\UNI\DLSS\satellite-disaster-damage-mapping\data_same\xbd\tier1\images\hurricane-harvey_00000019_post_disaster.png,D:\UNI\DLSS\satellite-disaster-damage-mapping\data_same\xbd\tier1\labels\hurricane-harvey_00000019_post_disaster.json
hurricane-harvey_00000029,hurricane-harvey,tier1,val,88,D:\UNI\DLSS\satellite-disaster-damage-mapping\data_same\xbd\tier1\images\hurricane-harvey_00000029_pre_disaster.png,D:\UNI\DLSS\satellite-disaster-damage-mapping\data_same\xbd\tier1\images\hurricane-harvey_00000029_post_disaster.png,D:\UNI\DLSS\satellite-disaster-damage-mapping\data_same\xbd\tier1\labels\hurricane-harvey_00000029_post_disaster.json
hurricane-harvey_00000042,hurricane-harvey,tier1,val,9,D:\UNI\DLSS\satellite-disaster-damage-mapping\data_same\xbd\tier1\images\hurricane-harvey_00000042_pre_disaster.png,D:\UNI\DLSS\satellite-disaster-damage-mapping\data_same\xbd\tier1\images\hurricane-harvey_00000042_post_disaster.png,D:\UNI\DLSS\satellite-disaster-damage-mapping\data_same\xbd\tier1\labels\hurricane-harvey_00000042_post_disaster.json
hurricane-harvey_00000057,hurricane-harvey,tier1,val,145,D:\UNI\DLSS\satellite-disaster-damage-mapping\data_same\xbd\tier1\images\hurricane-harvey_00000057_pre_disaster.png,D:\UNI\DLSS\satellite-disaster-damage-mapping\data_same\xbd\tier1\images\hurricane-harvey_00000057_post_disaster.png,D:\UNI\DLSS\satellite-disaster-damage-mapping\data_same\xbd\tier1\labels\hurricane-harvey_00000057_post_disaster.json
hurricane-harvey_00000077,hurricane-harvey,tier1,val,11,D:\UNI\DLSS\satellite-disaster-damage-mapping\data_same\xbd\tier1\images\hurricane-harvey_00000077_pre_disaster.png,D:\UNI\DLSS\satellite-disaster-damage-mapping\data_same\xbd\tier1\images\hurricane-harvey_00000077_post_disaster.png,D:\UNI\DLSS\satellite-disaster-damage-mapping\data_same\xbd\tier1\labels\hurricane-harvey_00000077_post_disaster.json
hurricane-harvey_00000080,hurricane-harvey,tier1,val,11,D:\UNI\DLSS\satellite-disaster-damage-mapping\data_same\xbd\tier1\images\hurricane-harvey_00000080_pre_disaster.png,D:\UNI\DLSS\satellite-disaster-damage-mapping\data_same\xbd\tier1\images\hurricane-harvey_00000080_post_disaster.png,D:\UNI\DLSS\satellite-disaster-damage-mapping\data_same\xbd\tier1\labels\hurricane-harvey_00000080_post_disaster.json
hurricane-harvey_00000145,hurricane-harvey,tier1,val,185,D:\UNI\DLSS\satellite-disaster-damage-mapping\data_same\xbd\tier1\images\hurricane-harvey_00000145_pre_disaster.png,D:\UNI\DLSS\satellite-disaster-damage-mapping\data_same\xbd\tier1\images\hurricane-harvey_00000145_post_disaster.png,D:\UNI\DLSS\satellite-disaster-damage-mapping\data_same\xbd\tier1\labels\hurricane-harvey_00000145_post_disaster.json
hurricane-harvey_00000158,hurricane-harvey,tier1,val,94,D:\UNI\DLSS\satellite-disaster-damage-mapping\data_same\xbd\tier1\images\hurricane-harvey_00000158_pre_disaster.png,D:\UNI\DLSS\satellite-disaster-damage-mapping\data_same\xbd\tier1\images\hurricane-harvey_00000158_post_disaster.png,D:\UNI\DLSS\satellite-disaster-damage-mapping\data_same\xbd\tier1\labels\hurricane-harvey_00000158_post_disaster.json
hurricane-harvey_00000231,hurricane-harvey,tier1,val,87,D:\UNI\DLSS\satellite-disaster-damage-mapping\data_same\xbd\tier1\images\hurricane-harvey_00000231_pre_disaster.png,D:\UNI\DLSS\satellite-disaster-damage-mapping\data_same\xbd\tier1\images\hurricane-harvey_00000231_post_disaster.png,D:\UNI\DLSS\satellite-disaster-damage-mapping\data_same\xbd\tier1\labels\hurricane-harvey_00000231_post_disaster.json
hurricane-harvey_00000242,hurricane-harvey,tier1,val,260,D:\UNI\DLSS\satellite-disaster-damage-mapping\data_same\xbd\tier1\images\hurricane-harvey_00000242_pre_disaster.png,D:\UNI\DLSS\satellite-disaster-damage-mapping\data_same\xbd\tier1\images\hurricane-harvey_00000242_post_disaster.png,D:\UNI\DLSS\satellite-disaster-damage-mapping\data_same\xbd\tier1\labels\hurricane-harvey_00000242_post_disaster.json
hurricane-harvey_00000245,hurricane-harvey,tier1,val,59,D:\UNI\DLSS\satellite-disaster-damage-mapping\data_same\xbd\tier1\images\hurricane-harvey_00000245_pre_disaster.png,D:\UNI\DLSS\satellite-disaster-damage-mapping\data_same\xbd\tier1\images\hurricane-harvey_00000245_post_disaster.png,D:\UNI\DLSS\satellite-disaster-damage-mapping\data_same\xbd\tier1\labels\hurricane-harvey_00000245_post_disaster.json
hurricane-harvey_00000278,hurricane-harvey,tier1,val,12,D:\UNI\DLSS\satellite-disaster-damage-mapping\data_same\xbd\tier1\images\hurricane-harvey_00000278_pre_disaster.png,D:\UNI\DLSS\satellite-disaster-damage-mapping\data_same\xbd\tier1\images\hurricane-harvey_00000278_post_disaster.png,D:\UNI\DLSS\satellite-disaster-damage-mapping\data_same\xbd\tier1\labels\hurricane-harvey_00000278_post_disaster.json
hurricane-harvey_00000285,hurricane-harvey,tier1,val,5,D:\UNI\DLSS\satellite-disaster-damage-mapping\data_same\xbd\tier1\images\hurricane-harvey_00000285_pre_disaster.png,D:\UNI\DLSS\satellite-disaster-damage-mapping\data_same\xbd\tier1\images\hurricane-harvey_00000285_post_disaster.png,D:\UNI\DLSS\satellite-disaster-damage-mapping\data_same\xbd\tier1\labels\hurricane-harvey_00000285_post_disaster.json
hurricane-harvey_00000309,hurricane-harvey,tier1,val,5,D:\UNI\DLSS\satellite-disaster-damage-mapping\data_same\xbd\tier1\images\hurricane-harvey_00000309_pre_disaster.png,D:\UNI\DLSS\satellite-disaster-damage-mapping\data_same\xbd\tier1\images\hurricane-harvey_00000309_post_disaster.png,D:\UNI\DLSS\satellite-disaster-damage-mapping\data_same\xbd\tier1\labels\hurricane-harvey_00000309_post_disaster.json
hurricane-harvey_00000436,hurricane-harvey,tier1,val,91,D:\UNI\DLSS\satellite-disaster-damage-mapping\data_same\xbd\tier1\images\hurricane-harvey_00000436_pre_disaster.png,D:\UNI\DLSS\satellite-disaster-damage-mapping\data_same\xbd\tier1\images\hurricane-harvey_00000436_post_disaster.png,D:\UNI\DLSS\satellite-disaster-damage-mapping\data_same\xbd\tier1\labels\hurricane-harvey_00000436_post_disaster.json
hurricane-harvey_00000444,hurricane-harvey,tier1,val,42,D:\UNI\DLSS\satellite-disaster-damage-mapping\data_same\xbd\tier1\images\hurricane-harvey_00000444_pre_disaster.png,D:\UNI\DLSS\satellite-disaster-damage-mapping\data_same\xbd\tier1\images\hurricane-harvey_00000444_post_disaster.png,D:\UNI\DLSS\satellite-disaster-damage-mapping\data_same\xbd\tier1\labels\hurricane-harvey_00000444_post_disaster.json
hurricane-harvey_00000448,hurricane-harvey,tier1,val,11,D:\UNI\DLSS\satellite-disaster-damage-mapping\data_same\xbd\tier1\images\hurricane-harvey_00000448_pre_disaster.png,D:\UNI\DLSS\satellite-disaster-damage-mapping\data_same\xbd\tier1\images\hurricane-harvey_00000448_post_disaster.png,D:\UNI\DLSS\satellite-disaster-damage-mapping\data_same\xbd\tier1\labels\hurricane-harvey_00000448_post_disaster.json
hurricane-harvey_00000477,hurricane-harvey,tier1,val,230,D:\UNI\DLSS\satellite-disaster-damage-mapping\data_same\xbd\tier1\images\hurricane-harvey_00000477_pre_disaster.png,D:\UNI\DLSS\satellite-disaster-damage-mapping\data_same\xbd\tier1\images\hurricane-harvey_00000477_post_disaster.png,D:\UNI\DLSS\satellite-disaster-damage-mapping\data_same\xbd\tier1\labels\hurricane-harvey_00000477_post_disaster.json
hurricane-harvey_00000501,hurricane-harvey,tier1,val,36,D:\UNI\DLSS\satellite-disaster-damage-mapping\data_same\xbd\tier1\images\hurricane-harvey_00000501_pre_disaster.png,D:\UNI\DLSS\satellite-disaster-damage-mapping\data_same\xbd\tier1\images\hurricane-harvey_00000501_post_disaster.png,D:\UNI\DLSS\satellite-disaster-damage-mapping\data_same\xbd\tier1\labels\hurricane-harvey_00000501_post_disaster.json
hurricane-harvey_00000502,hurricane-harvey,tier1,val,209,D:\UNI\DLSS\satellite-disaster-damage-mapping\data_same\xbd\tier1\images\hurricane-harvey_00000502_pre_disaster.png,D:\UNI\DLSS\satellite-disaster-damage-mapping\data_same\xbd\tier1\images\hurricane-harvey_00000502_post_disaster.png,D:\UNI\DLSS\satellite-disaster-damage-mapping\data_same\xbd\tier1\labels\hurricane-harvey_00000502_post_disaster.json
hurricane-matthew_00000009,hurricane-matthew,tier1,val,19,D:\UNI\DLSS\satellite-disaster-damage-mapping\data_same\xbd\tier1\images\hurricane-matthew_00000009_pre_disaster.png,D:\UNI\DLSS\satellite-disaster-damage-mapping\data_same\xbd\tier1\images\hurricane-matthew_00000009_post_disaster.png,D:\UNI\DLSS\satellite-disaster-damage-mapping\data_same\xbd\tier1\labels\hurricane-matthew_00000009_post_disaster.json
hurricane-matthew_00000051,hurricane-matthew,tier1,val,57,D:\UNI\DLSS\satellite-disaster-damage-mapping\data_same\xbd\tier1\images\hurricane-matthew_00000051_pre_disaster.png,D:\UNI\DLSS\satellite-disaster-damage-mapping\data_same\xbd\tier1\images\hurricane-matthew_00000051_post_disaster.png,D:\UNI\DLSS\satellite-disaster-damage-mapping\data_same\xbd\tier1\labels\hurricane-matthew_00000051_post_disaster.json
hurricane-matthew_00000060,hurricane-matthew,tier1,val,75,D:\UNI\DLSS\satellite-disaster-damage-mapping\data_same\xbd\tier1\images\hurricane-matthew_00000060_pre_disaster.png,D:\UNI\DLSS\satellite-disaster-damage-mapping\data_same\xbd\tier1\images\hurricane-matthew_00000060_post_disaster.png,D:\UNI\DLSS\satellite-disaster-damage-mapping\data_same\xbd\tier1\labels\hurricane-matthew_00000060_post_disaster.json
hurricane-matthew_00000077,hurricane-matthew,tier1,val,52,D:\UNI\DLSS\satellite-disaster-damage-mapping\data_same\xbd\tier1\images\hurricane-matthew_00000077_pre_disaster.png,D:\UNI\DLSS\satellite-disaster-damage-mapping\data_same\xbd\tier1\images\hurricane-matthew_00000077_post_disaster.png,D:\UNI\DLSS\satellite-disaster-damage-mapping\data_same\xbd\tier1\labels\hurricane-matthew_00000077_post_disaster.json
hurricane-matthew_00000089,hurricane-matthew,tier1,val,448,D:\UNI\DLSS\satellite-disaster-damage-mapping\data_same\xbd\tier1\images\hurricane-matthew_00000089_pre_disaster.png,D:\UNI\DLSS\satellite-disaster-damage-mapping\data_same\xbd\tier1\images\hurricane-matthew_00000089_post_disaster.png,D:\UNI\DLSS\satellite-disaster-damage-mapping\data_same\xbd\tier1\labels\hurricane-matthew_00000089_post_disaster.json
hurricane-matthew_00000249,hurricane-matthew,tier1,val,12,D:\UNI\DLSS\satellite-disaster-damage-mapping\data_same\xbd\tier1\images\hurricane-matthew_00000249_pre_disaster.png,D:\UNI\DLSS\satellite-disaster-damage-mapping\data_same\xbd\tier1\images\hurricane-matthew_00000249_post_disaster.png,D:\UNI\DLSS\satellite-disaster-damage-mapping\data_same\xbd\tier1\labels\hurricane-matthew_00000249_post_disaster.json
hurricane-matthew_00000251,hurricane-matthew,tier1,val,37,D:\UNI\DLSS\satellite-disaster-damage-mapping\data_same\xbd\tier1\images\hurricane-matthew_00000251_pre_disaster.png,D:\UNI\DLSS\satellite-disaster-damage-mapping\data_same\xbd\tier1\images\hurricane-matthew_00000251_post_disaster.png,D:\UNI\DLSS\satellite-disaster-damage-mapping\data_same\xbd\tier1\labels\hurricane-matthew_00000251_post_disaster.json
hurricane-matthew_00000263,hurricane-matthew,tier1,val,26,D:\UNI\DLSS\satellite-disaster-damage-mapping\data_same\xbd\tier1\images\hurricane-matthew_00000263_pre_disaster.png,D:\UNI\DLSS\satellite-disaster-damage-mapping\data_same\xbd\tier1\images\hurricane-matthew_00000263_post_disaster.png,D:\UNI\DLSS\satellite-disaster-damage-mapping\data_same\xbd\tier1\labels\hurricane-matthew_00000263_post_disaster.json
hurricane-matthew_00000338,hurricane-matthew,tier1,val,137,D:\UNI\DLSS\satellite-disaster-damage-mapping\data_same\xbd\tier1\images\hurricane-matthew_00000338_pre_disaster.png,D:\UNI\DLSS\satellite-disaster-damage-mapping\data_same\xbd\tier1\images\hurricane-matthew_00000338_post_disaster.png,D:\UNI\DLSS\satellite-disaster-damage-mapping\data_same\xbd\tier1\labels\hurricane-matthew_00000338_post_disaster.json
hurricane-matthew_00000347,hurricane-matthew,tier1,val,34,D:\UNI\DLSS\satellite-disaster-damage-mapping\data_same\xbd\tier1\images\hurricane-matthew_00000347_pre_disaster.png,D:\UNI\DLSS\satellite-disaster-damage-mapping\data_same\xbd\tier1\images\hurricane-matthew_00000347_post_disaster.png,D:\UNI\DLSS\satellite-disaster-damage-mapping\data_same\xbd\tier1\labels\hurricane-matthew_00000347_post_disaster.json
hurricane-matthew_00000372,hurricane-matthew,tier1,val,302,D:\UNI\DLSS\satellite-disaster-damage-mapping\data_same\xbd\tier1\images\hurricane-matthew_00000372_pre_disaster.png,D:\UNI\DLSS\satellite-disaster-damage-mapping\data_same\xbd\tier1\images\hurricane-matthew_00000372_post_disaster.png,D:\UNI\DLSS\satellite-disaster-damage-mapping\data_same\xbd\tier1\labels\hurricane-matthew_00000372_post_disaster.json
hurricane-matthew_00000385,hurricane-matthew,tier1,val,120,D:\UNI\DLSS\satellite-disaster-damage-mapping\data_same\xbd\tier1\images\hurricane-matthew_00000385_pre_disaster.png,D:\UNI\DLSS\satellite-disaster-damage-mapping\data_same\xbd\tier1\images\hurricane-matthew_00000385_post_disaster.png,D:\UNI\DLSS\satellite-disaster-damage-mapping\data_same\xbd\tier1\labels\hurricane-matthew_00000385_post_disaster.json
hurricane-michael_00000008,hurricane-michael,tier1,val,28,D:\UNI\DLSS\satellite-disaster-damage-mapping\data_same\xbd\tier1\images\hurricane-michael_00000008_pre_disaster.png,D:\UNI\DLSS\satellite-disaster-damage-mapping\data_same\xbd\tier1\images\hurricane-michael_00000008_post_disaster.png,D:\UNI\DLSS\satellite-disaster-damage-mapping\data_same\xbd\tier1\labels\hurricane-michael_00000008_post_disaster.json
hurricane-michael_00000040,hurricane-michael,tier1,val,29,D:\UNI\DLSS\satellite-disaster-damage-mapping\data_same\xbd\tier1\images\hurricane-michael_00000040_pre_disaster.png,D:\UNI\DLSS\satellite-disaster-damage-mapping\data_same\xbd\tier1\images\hurricane-michael_00000040_post_disaster.png,D:\UNI\DLSS\satellite-disaster-damage-mapping\data_same\xbd\tier1\labels\hurricane-michael_00000040_post_disaster.json
hurricane-michael_00000046,hurricane-michael,tier1,val,63,D:\UNI\DLSS\satellite-disaster-damage-mapping\data_same\xbd\tier1\images\hurricane-michael_00000046_pre_disaster.png,D:\UNI\DLSS\satellite-disaster-damage-mapping\data_same\xbd\tier1\images\hurricane-michael_00000046_post_disaster.png,D:\UNI\DLSS\satellite-disaster-damage-mapping\data_same\xbd\tier1\labels\hurricane-michael_00000046_post_disaster.json
hurricane-michael_00000051,hurricane-michael,tier1,val,98,D:\UNI\DLSS\satellite-disaster-damage-mapping\data_same\xbd\tier1\images\hurricane-michael_00000051_pre_disaster.png,D:\UNI\DLSS\satellite-disaster-damage-mapping\data_same\xbd\tier1\images\hurricane-michael_00000051_post_disaster.png,D:\UNI\DLSS\satellite-disaster-damage-mapping\data_same\xbd\tier1\labels\hurricane-michael_00000051_post_disaster.json
hurricane-michael_00000058,hurricane-michael,tier1,val,67,D:\UNI\DLSS\satellite-disaster-damage-mapping\data_same\xbd\tier1\images\hurricane-michael_00000058_pre_disaster.png,D:\UNI\DLSS\satellite-disaster-damage-mapping\data_same\xbd\tier1\images\hurricane-michael_00000058_post_disaster.png,D:\UNI\DLSS\satellite-disaster-damage-mapping\data_same\xbd\tier1\labels\hurricane-michael_00000058_post_disaster.json
hurricane-michael_00000097,hurricane-michael,tier1,val,25,D:\UNI\DLSS\satellite-disaster-damage-mapping\data_same\xbd\tier1\images\hurricane-michael_00000097_pre_disaster.png,D:\UNI\DLSS\satellite-disaster-damage-mapping\data_same\xbd\tier1\images\hurricane-michael_00000097_post_disaster.png,D:\UNI\DLSS\satellite-disaster-damage-mapping\data_same\xbd\tier1\labels\hurricane-michael_00000097_post_disaster.json
hurricane-michael_00000152,hurricane-michael,tier1,val,83,D:\UNI\DLSS\satellite-disaster-damage-mapping\data_same\xbd\tier1\images\hurricane-michael_00000152_pre_disaster.png,D:\UNI\DLSS\satellite-disaster-damage-mapping\data_same\xbd\tier1\images\hurricane-michael_00000152_post_disaster.png,D:\UNI\DLSS\satellite-disaster-damage-mapping\data_same\xbd\tier1\labels\hurricane-michael_00000152_post_disaster.json
hurricane-michael_00000153,hurricane-michael,tier1,val,39,D:\UNI\DLSS\satellite-disaster-damage-mapping\data_same\xbd\tier1\images\hurricane-michael_00000153_pre_disaster.png,D:\UNI\DLSS\satellite-disaster-damage-mapping\data_same\xbd\tier1\images\hurricane-michael_00000153_post_disaster.png,D:\UNI\DLSS\satellite-disaster-damage-mapping\data_same\xbd\tier1\labels\hurricane-michael_00000153_post_disaster.json
hurricane-michael_00000195,hurricane-michael,tier1,val,145,D:\UNI\DLSS\satellite-disaster-damage-mapping\data_same\xbd\tier1\images\hurricane-michael_00000195_pre_disaster.png,D:\UNI\DLSS\satellite-disaster-damage-mapping\data_same\xbd\tier1\images\hurricane-michael_00000195_post_disaster.png,D:\UNI\DLSS\satellite-disaster-damage-mapping\data_same\xbd\tier1\labels\hurricane-michael_00000195_post_disaster.json
hurricane-michael_00000217,hurricane-michael,tier1,val,78,D:\UNI\DLSS\satellite-disaster-damage-mapping\data_same\xbd\tier1\images\hurricane-michael_00000217_pre_disaster.png,D:\UNI\DLSS\satellite-disaster-damage-mapping\data_same\xbd\tier1\images\hurricane-michael_00000217_post_disaster.png,D:\UNI\DLSS\satellite-disaster-damage-mapping\data_same\xbd\tier1\labels\hurricane-michael_00000217_post_disaster.json
hurricane-michael_00000219,hurricane-michael,tier1,val,112,D:\UNI\DLSS\satellite-disaster-damage-mapping\data_same\xbd\tier1\images\hurricane-michael_00000219_pre_disaster.png,D:\UNI\DLSS\satellite-disaster-damage-mapping\data_same\xbd\tier1\images\hurricane-michael_00000219_post_disaster.png,D:\UNI\DLSS\satellite-disaster-damage-mapping\data_same\xbd\tier1\labels\hurricane-michael_00000219_post_disaster.json
hurricane-michael_00000247,hurricane-michael,tier1,val,173,D:\UNI\DLSS\satellite-disaster-damage-mapping\data_same\xbd\tier1\images\hurricane-michael_00000247_pre_disaster.png,D:\UNI\DLSS\satellite-disaster-damage-mapping\data_same\xbd\tier1\images\hurricane-michael_00000247_post_disaster.png,D:\UNI\DLSS\satellite-disaster-damage-mapping\data_same\xbd\tier1\labels\hurricane-michael_00000247_post_disaster.json
hurricane-michael_00000276,hurricane-michael,tier1,val,64,D:\UNI\DLSS\satellite-disaster-damage-mapping\data_same\xbd\tier1\images\hurricane-michael_00000276_pre_disaster.png,D:\UNI\DLSS\satellite-disaster-damage-mapping\data_same\xbd\tier1\images\hurricane-michael_00000276_post_disaster.png,D:\UNI\DLSS\satellite-disaster-damage-mapping\data_same\xbd\tier1\labels\hurricane-michael_00000276_post_disaster.json
hurricane-michael_00000306,hurricane-michael,tier1,val,135,D:\UNI\DLSS\satellite-disaster-damage-mapping\data_same\xbd\tier1\images\hurricane-michael_00000306_pre_disaster.png,D:\UNI\DLSS\satellite-disaster-damage-mapping\data_same\xbd\tier1\images\hurricane-michael_00000306_post_disaster.png,D:\UNI\DLSS\satellite-disaster-damage-mapping\data_same\xbd\tier1\labels\hurricane-michael_00000306_post_disaster.json
hurricane-michael_00000319,hurricane-michael,tier1,val,44,D:\UNI\DLSS\satellite-disaster-damage-mapping\data_same\xbd\tier1\images\hurricane-michael_00000319_pre_disaster.png,D:\UNI\DLSS\satellite-disaster-damage-mapping\data_same\xbd\tier1\images\hurricane-michael_00000319_post_disaster.png,D:\UNI\DLSS\satellite-disaster-damage-mapping\data_same\xbd\tier1\labels\hurricane-michael_00000319_post_disaster.json
hurricane-michael_00000343,hurricane-michael,tier1,val,29,D:\UNI\DLSS\satellite-disaster-damage-mapping\data_same\xbd\tier1\images\hurricane-michael_00000343_pre_disaster.png,D:\UNI\DLSS\satellite-disaster-damage-mapping\data_same\xbd\tier1\images\hurricane-michael_00000343_post_disaster.png,D:\UNI\DLSS\satellite-disaster-damage-mapping\data_same\xbd\tier1\labels\hurricane-michael_00000343_post_disaster.json
hurricane-michael_00000386,hurricane-michael,tier1,val,94,D:\UNI\DLSS\satellite-disaster-damage-mapping\data_same\xbd\tier1\images\hurricane-michael_00000386_pre_disaster.png,D:\UNI\DLSS\satellite-disaster-damage-mapping\data_same\xbd\tier1\images\hurricane-michael_00000386_post_disaster.png,D:\UNI\DLSS\satellite-disaster-damage-mapping\data_same\xbd\tier1\labels\hurricane-michael_00000386_post_disaster.json
hurricane-michael_00000443,hurricane-michael,tier1,val,133,D:\UNI\DLSS\satellite-disaster-damage-mapping\data_same\xbd\tier1\images\hurricane-michael_00000443_pre_disaster.png,D:\UNI\DLSS\satellite-disaster-damage-mapping\data_same\xbd\tier1\images\hurricane-michael_00000443_post_disaster.png,D:\UNI\DLSS\satellite-disaster-damage-mapping\data_same\xbd\tier1\labels\hurricane-michael_00000443_post_disaster.json
hurricane-michael_00000486,hurricane-michael,tier1,val,14,D:\UNI\DLSS\satellite-disaster-damage-mapping\data_same\xbd\tier1\images\hurricane-michael_00000486_pre_disaster.png,D:\UNI\DLSS\satellite-disaster-damage-mapping\data_same\xbd\tier1\images\hurricane-michael_00000486_post_disaster.png,D:\UNI\DLSS\satellite-disaster-damage-mapping\data_same\xbd\tier1\labels\hurricane-michael_00000486_post_disaster.json
hurricane-michael_00000501,hurricane-michael,tier1,val,98,D:\UNI\DLSS\satellite-disaster-damage-mapping\data_same\xbd\tier1\images\hurricane-michael_00000501_pre_disaster.png,D:\UNI\DLSS\satellite-disaster-damage-mapping\data_same\xbd\tier1\images\hurricane-michael_00000501_post_disaster.png,D:\UNI\DLSS\satellite-disaster-damage-mapping\data_same\xbd\tier1\labels\hurricane-michael_00000501_post_disaster.json
hurricane-michael_00000512,hurricane-michael,tier1,val,136,D:\UNI\DLSS\satellite-disaster-damage-mapping\data_same\xbd\tier1\images\hurricane-michael_00000512_pre_disaster.png,D:\UNI\DLSS\satellite-disaster-damage-mapping\data_same\xbd\tier1\images\hurricane-michael_00000512_post_disaster.png,D:\UNI\DLSS\satellite-disaster-damage-mapping\data_same\xbd\tier1\labels\hurricane-michael_00000512_post_disaster.json
hurricane-michael_00000514,hurricane-michael,tier1,val,29,D:\UNI\DLSS\satellite-disaster-damage-mapping\data_same\xbd\tier1\images\hurricane-michael_00000514_pre_disaster.png,D:\UNI\DLSS\satellite-disaster-damage-mapping\data_same\xbd\tier1\images\hurricane-michael_00000514_post_disaster.png,D:\UNI\DLSS\satellite-disaster-damage-mapping\data_same\xbd\tier1\labels\hurricane-michael_00000514_post_disaster.json
hurricane-michael_00000535,hurricane-michael,tier1,val,37,D:\UNI\DLSS\satellite-disaster-damage-mapping\data_same\xbd\tier1\images\hurricane-michael_00000535_pre_disaster.png,D:\UNI\DLSS\satellite-disaster-damage-mapping\data_same\xbd\tier1\images\hurricane-michael_00000535_post_disaster.png,D:\UNI\DLSS\satellite-disaster-damage-mapping\data_same\xbd\tier1\labels\hurricane-michael_00000535_post_disaster.json
hurricane-michael_00000540,hurricane-michael,tier1,val,69,D:\UNI\DLSS\satellite-disaster-damage-mapping\data_same\xbd\tier1\images\hurricane-michael_00000540_pre_disaster.png,D:\UNI\DLSS\satellite-disaster-damage-mapping\data_same\xbd\tier1\images\hurricane-michael_00000540_post_disaster.png,D:\UNI\DLSS\satellite-disaster-damage-mapping\data_same\xbd\tier1\labels\hurricane-michael_00000540_post_disaster.json
hurricane-michael_00000549,hurricane-michael,tier1,val,43,D:\UNI\DLSS\satellite-disaster-damage-mapping\data_same\xbd\tier1\images\hurricane-michael_00000549_pre_disaster.png,D:\UNI\DLSS\satellite-disaster-damage-mapping\data_same\xbd\tier1\images\hurricane-michael_00000549_post_disaster.png,D:\UNI\DLSS\satellite-disaster-damage-mapping\data_same\xbd\tier1\labels\hurricane-michael_00000549_post_disaster.json
joplin-tornado_00000004,joplin-tornado,tier3,val,223,D:\UNI\DLSS\satellite-disaster-damage-mapping\data_same\xbd\tier3\images\joplin-tornado_00000004_pre_disaster.png,D:\UNI\DLSS\satellite-disaster-damage-mapping\data_same\xbd\tier3\images\joplin-tornado_00000004_post_disaster.png,D:\UNI\DLSS\satellite-disaster-damage-mapping\data_same\xbd\tier3\labels\joplin-tornado_00000004_post_disaster.json
joplin-tornado_00000019,joplin-tornado,tier3,val,21,D:\UNI\DLSS\satellite-disaster-damage-mapping\data_same\xbd\tier3\images\joplin-tornado_00000019_pre_disaster.png,D:\UNI\DLSS\satellite-disaster-damage-mapping\data_same\xbd\tier3\images\joplin-tornado_00000019_post_disaster.png,D:\UNI\DLSS\satellite-disaster-damage-mapping\data_same\xbd\tier3\labels\joplin-tornado_00000019_post_disaster.json
joplin-tornado_00000023,joplin-tornado,tier3,val,46,D:\UNI\DLSS\satellite-disaster-damage-mapping\data_same\xbd\tier3\images\joplin-tornado_00000023_pre_disaster.png,D:\UNI\DLSS\satellite-disaster-damage-mapping\data_same\xbd\tier3\images\joplin-tornado_00000023_post_disaster.png,D:\UNI\DLSS\satellite-disaster-damage-mapping\data_same\xbd\tier3\labels\joplin-tornado_00000023_post_disaster.json
joplin-tornado_00000052,joplin-tornado,tier3,val,32,D:\UNI\DLSS\satellite-disaster-damage-mapping\data_same\xbd\tier3\images\joplin-tornado_00000052_pre_disaster.png,D:\UNI\DLSS\satellite-disaster-damage-mapping\data_same\xbd\tier3\images\joplin-tornado_00000052_post_disaster.png,D:\UNI\DLSS\satellite-disaster-damage-mapping\data_same\xbd\tier3\labels\joplin-tornado_00000052_post_disaster.json
joplin-tornado_00000058,joplin-tornado,tier3,val,22,D:\UNI\DLSS\satellite-disaster-damage-mapping\data_same\xbd\tier3\images\joplin-tornado_00000058_pre_disaster.png,D:\UNI\DLSS\satellite-disaster-damage-mapping\data_same\xbd\tier3\images\joplin-tornado_00000058_post_disaster.png,D:\UNI\DLSS\satellite-disaster-damage-mapping\data_same\xbd\tier3\labels\joplin-tornado_00000058_post_disaster.json
joplin-tornado_00000098,joplin-tornado,tier3,val,123,D:\UNI\DLSS\satellite-disaster-damage-mapping\data_same\xbd\tier3\images\joplin-tornado_00000098_pre_disaster.png,D:\UNI\DLSS\satellite-disaster-damage-mapping\data_same\xbd\tier3\images\joplin-tornado_00000098_post_disaster.png,D:\UNI\DLSS\satellite-disaster-damage-mapping\data_same\xbd\tier3\labels\joplin-tornado_00000098_post_disaster.json
joplin-tornado_00000107,joplin-tornado,tier3,val,22,D:\UNI\DLSS\satellite-disaster-damage-mapping\data_same\xbd\tier3\images\joplin-tornado_00000107_pre_disaster.png,D:\UNI\DLSS\satellite-disaster-damage-mapping\data_same\xbd\tier3\images\joplin-tornado_00000107_post_disaster.png,D:\UNI\DLSS\satellite-disaster-damage-mapping\data_same\xbd\tier3\labels\joplin-tornado_00000107_post_disaster.json
joplin-tornado_00000118,joplin-tornado,tier3,val,319,D:\UNI\DLSS\satellite-disaster-damage-mapping\data_same\xbd\tier3\images\joplin-tornado_00000118_pre_disaster.png,D:\UNI\DLSS\satellite-disaster-damage-mapping\data_same\xbd\tier3\images\joplin-tornado_00000118_post_disaster.png,D:\UNI\DLSS\satellite-disaster-damage-mapping\data_same\xbd\tier3\labels\joplin-tornado_00000118_post_disaster.json
joplin-tornado_00000127,joplin-tornado,tier3,val,174,D:\UNI\DLSS\satellite-disaster-damage-mapping\data_same\xbd\tier3\images\joplin-tornado_00000127_pre_disaster.png,D:\UNI\DLSS\satellite-disaster-damage-mapping\data_same\xbd\tier3\images\joplin-tornado_00000127_post_disaster.png,D:\UNI\DLSS\satellite-disaster-damage-mapping\data_same\xbd\tier3\labels\joplin-tornado_00000127_post_disaster.json
joplin-tornado_00000129,joplin-tornado,tier3,val,133,D:\UNI\DLSS\satellite-disaster-damage-mapping\data_same\xbd\tier3\images\joplin-tornado_00000129_pre_disaster.png,D:\UNI\DLSS\satellite-disaster-damage-mapping\data_same\xbd\tier3\images\joplin-tornado_00000129_post_disaster.png,D:\UNI\DLSS\satellite-disaster-damage-mapping\data_same\xbd\tier3\labels\joplin-tornado_00000129_post_disaster.json
joplin-tornado_00000136,joplin-tornado,tier3,val,55,D:\UNI\DLSS\satellite-disaster-damage-mapping\data_same\xbd\tier3\images\joplin-tornado_00000136_pre_disaster.png,D:\UNI\DLSS\satellite-disaster-damage-mapping\data_same\xbd\tier3\images\joplin-tornado_00000136_post_disaster.png,D:\UNI\DLSS\satellite-disaster-damage-mapping\data_same\xbd\tier3\labels\joplin-tornado_00000136_post_disaster.json
joplin-tornado_00000139,joplin-tornado,tier3,val,101,D:\UNI\DLSS\satellite-disaster-damage-mapping\data_same\xbd\tier3\images\joplin-tornado_00000139_pre_disaster.png,D:\UNI\DLSS\satellite-disaster-damage-mapping\data_same\xbd\tier3\images\joplin-tornado_00000139_post_disaster.png,D:\UNI\DLSS\satellite-disaster-damage-mapping\data_same\xbd\tier3\labels\joplin-tornado_00000139_post_disaster.json
lower-puna-volcano_00000081,lower-puna-volcano,tier3,val,36,D:\UNI\DLSS\satellite-disaster-damage-mapping\data_same\xbd\tier3\images\lower-puna-volcano_00000081_pre_disaster.png,D:\UNI\DLSS\satellite-disaster-damage-mapping\data_same\xbd\tier3\images\lower-puna-volcano_00000081_post_disaster.png,D:\UNI\DLSS\satellite-disaster-damage-mapping\data_same\xbd\tier3\labels\lower-puna-volcano_00000081_post_disaster.json
lower-puna-volcano_00000102,lower-puna-volcano,tier3,val,8,D:\UNI\DLSS\satellite-disaster-damage-mapping\data_same\xbd\tier3\images\lower-puna-volcano_00000102_pre_disaster.png,D:\UNI\DLSS\satellite-disaster-damage-mapping\data_same\xbd\tier3\images\lower-puna-volcano_00000102_post_disaster.png,D:\UNI\DLSS\satellite-disaster-damage-mapping\data_same\xbd\tier3\labels\lower-puna-volcano_00000102_post_disaster.json
lower-puna-volcano_00000107,lower-puna-volcano,tier3,val,22,D:\UNI\DLSS\satellite-disaster-damage-mapping\data_same\xbd\tier3\images\lower-puna-volcano_00000107_pre_disaster.png,D:\UNI\DLSS\satellite-disaster-damage-mapping\data_same\xbd\tier3\images\lower-puna-volcano_00000107_post_disaster.png,D:\UNI\DLSS\satellite-disaster-damage-mapping\data_same\xbd\tier3\labels\lower-puna-volcano_00000107_post_disaster.json
lower-puna-volcano_00000158,lower-puna-volcano,tier3,val,18,D:\UNI\DLSS\satellite-disaster-damage-mapping\data_same\xbd\tier3\images\lower-puna-volcano_00000158_pre_disaster.png,D:\UNI\DLSS\satellite-disaster-damage-mapping\data_same\xbd\tier3\images\lower-puna-volcano_00000158_post_disaster.png,D:\UNI\DLSS\satellite-disaster-damage-mapping\data_same\xbd\tier3\labels\lower-puna-volcano_00000158_post_disaster.json
lower-puna-volcano_00000160,lower-puna-volcano,tier3,val,29,D:\UNI\DLSS\satellite-disaster-damage-mapping\data_same\xbd\tier3\images\lower-puna-volcano_00000160_pre_disaster.png,D:\UNI\DLSS\satellite-disaster-damage-mapping\data_same\xbd\tier3\images\lower-puna-volcano_00000160_post_disaster.png,D:\UNI\DLSS\satellite-disaster-damage-mapping\data_same\xbd\tier3\labels\lower-puna-volcano_00000160_post_disaster.json
lower-puna-volcano_00000198,lower-puna-volcano,tier3,val,25,D:\UNI\DLSS\satellite-disaster-damage-mapping\data_same\xbd\tier3\images\lower-puna-volcano_00000198_pre_disaster.png,D:\UNI\DLSS\satellite-disaster-damage-mapping\data_same\xbd\tier3\images\lower-puna-volcano_00000198_post_disaster.png,D:\UNI\DLSS\satellite-disaster-damage-mapping\data_same\xbd\tier3\labels\lower-puna-volcano_00000198_post_disaster.json
lower-puna-volcano_00000209,lower-puna-volcano,tier3,val,31,D:\UNI\DLSS\satellite-disaster-damage-mapping\data_same\xbd\tier3\images\lower-puna-volcano_00000209_pre_disaster.png,D:\UNI\DLSS\satellite-disaster-damage-mapping\data_same\xbd\tier3\images\lower-puna-volcano_00000209_post_disaster.png,D:\UNI\DLSS\satellite-disaster-damage-mapping\data_same\xbd\tier3\labels\lower-puna-volcano_00000209_post_disaster.json
lower-puna-volcano_00000249,lower-puna-volcano,tier3,val,29,D:\UNI\DLSS\satellite-disaster-damage-mapping\data_same\xbd\tier3\images\lower-puna-volcano_00000249_pre_disaster.png,D:\UNI\DLSS\satellite-disaster-damage-mapping\data_same\xbd\tier3\images\lower-puna-volcano_00000249_post_disaster.png,D:\UNI\DLSS\satellite-disaster-damage-mapping\data_same\xbd\tier3\labels\lower-puna-volcano_00000249_post_disaster.json
lower-puna-volcano_00000272,lower-puna-volcano,tier3,val,20,D:\UNI\DLSS\satellite-disaster-damage-mapping\data_same\xbd\tier3\images\lower-puna-volcano_00000272_pre_disaster.png,D:\UNI\DLSS\satellite-disaster-damage-mapping\data_same\xbd\tier3\images\lower-puna-volcano_00000272_post_disaster.png,D:\UNI\DLSS\satellite-disaster-damage-mapping\data_same\xbd\tier3\labels\lower-puna-volcano_00000272_post_disaster.json
lower-puna-volcano_00000281,lower-puna-volcano,tier3,val,5,D:\UNI\DLSS\satellite-disaster-damage-mapping\data_same\xbd\tier3\images\lower-puna-volcano_00000281_pre_disaster.png,D:\UNI\DLSS\satellite-disaster-damage-mapping\data_same\xbd\tier3\images\lower-puna-volcano_00000281_post_disaster.png,D:\UNI\DLSS\satellite-disaster-damage-mapping\data_same\xbd\tier3\labels\lower-puna-volcano_00000281_post_disaster.json
mexico-earthquake_00000027,mexico-earthquake,tier1,val,237,D:\UNI\DLSS\satellite-disaster-damage-mapping\data_same\xbd\tier1\images\mexico-earthquake_00000027_pre_disaster.png,D:\UNI\DLSS\satellite-disaster-damage-mapping\data_same\xbd\tier1\images\mexico-earthquake_00000027_post_disaster.png,D:\UNI\DLSS\satellite-disaster-damage-mapping\data_same\xbd\tier1\labels\mexico-earthquake_00000027_post_disaster.json
mexico-earthquake_00000030,mexico-earthquake,tier1,val,113,D:\UNI\DLSS\satellite-disaster-damage-mapping\data_same\xbd\tier1\images\mexico-earthquake_00000030_pre_disaster.png,D:\UNI\DLSS\satellite-disaster-damage-mapping\data_same\xbd\tier1\images\mexico-earthquake_00000030_post_disaster.png,D:\UNI\DLSS\satellite-disaster-damage-mapping\data_same\xbd\tier1\labels\mexico-earthquake_00000030_post_disaster.json
mexico-earthquake_00000085,mexico-earthquake,tier1,val,303,D:\UNI\DLSS\satellite-disaster-damage-mapping\data_same\xbd\tier1\images\mexico-earthquake_00000085_pre_disaster.png,D:\UNI\DLSS\satellite-disaster-damage-mapping\data_same\xbd\tier1\images\mexico-earthquake_00000085_post_disaster.png,D:\UNI\DLSS\satellite-disaster-damage-mapping\data_same\xbd\tier1\labels\mexico-earthquake_00000085_post_disaster.json
mexico-earthquake_00000086,mexico-earthquake,tier1,val,208,D:\UNI\DLSS\satellite-disaster-damage-mapping\data_same\xbd\tier1\images\mexico-earthquake_00000086_pre_disaster.png,D:\UNI\DLSS\satellite-disaster-damage-mapping\data_same\xbd\tier1\images\mexico-earthquake_00000086_post_disaster.png,D:\UNI\DLSS\satellite-disaster-damage-mapping\data_same\xbd\tier1\labels\mexico-earthquake_00000086_post_disaster.json
mexico-earthquake_00000120,mexico-earthquake,tier1,val,247,D:\UNI\DLSS\satellite-disaster-damage-mapping\data_same\xbd\tier1\images\mexico-earthquake_00000120_pre_disaster.png,D:\UNI\DLSS\satellite-disaster-damage-mapping\data_same\xbd\tier1\images\mexico-earthquake_00000120_post_disaster.png,D:\UNI\DLSS\satellite-disaster-damage-mapping\data_same\xbd\tier1\labels\mexico-earthquake_00000120_post_disaster.json
mexico-earthquake_00000127,mexico-earthquake,tier1,val,267,D:\UNI\DLSS\satellite-disaster-damage-mapping\data_same\xbd\tier1\images\mexico-earthquake_00000127_pre_disaster.png,D:\UNI\DLSS\satellite-disaster-damage-mapping\data_same\xbd\tier1\images\mexico-earthquake_00000127_post_disaster.png,D:\UNI\DLSS\satellite-disaster-damage-mapping\data_same\xbd\tier1\labels\mexico-earthquake_00000127_post_disaster.json
mexico-earthquake_00000143,mexico-earthquake,tier1,val,513,D:\UNI\DLSS\satellite-disaster-damage-mapping\data_same\xbd\tier1\images\mexico-earthquake_00000143_pre_disaster.png,D:\UNI\DLSS\satellite-disaster-damage-mapping\data_same\xbd\tier1\images\mexico-earthquake_00000143_post_disaster.png,D:\UNI\DLSS\satellite-disaster-damage-mapping\data_same\xbd\tier1\labels\mexico-earthquake_00000143_post_disaster.json
mexico-earthquake_00000154,mexico-earthquake,tier1,val,447,D:\UNI\DLSS\satellite-disaster-damage-mapping\data_same\xbd\tier1\images\mexico-earthquake_00000154_pre_disaster.png,D:\UNI\DLSS\satellite-disaster-damage-mapping\data_same\xbd\tier1\images\mexico-earthquake_00000154_post_disaster.png,D:\UNI\DLSS\satellite-disaster-damage-mapping\data_same\xbd\tier1\labels\mexico-earthquake_00000154_post_disaster.json
midwest-flooding_00000003,midwest-flooding,tier1,val,190,D:\UNI\DLSS\satellite-disaster-damage-mapping\data_same\xbd\tier1\images\midwest-flooding_00000003_pre_disaster.png,D:\UNI\DLSS\satellite-disaster-damage-mapping\data_same\xbd\tier1\images\midwest-flooding_00000003_post_disaster.png,D:\UNI\DLSS\satellite-disaster-damage-mapping\data_same\xbd\tier1\labels\midwest-flooding_00000003_post_disaster.json
midwest-flooding_00000018,midwest-flooding,tier1,val,165,D:\UNI\DLSS\satellite-disaster-damage-mapping\data_same\xbd\tier1\images\midwest-flooding_00000018_pre_disaster.png,D:\UNI\DLSS\satellite-disaster-damage-mapping\data_same\xbd\tier1\images\midwest-flooding_00000018_post_disaster.png,D:\UNI\DLSS\satellite-disaster-damage-mapping\data_same\xbd\tier1\labels\midwest-flooding_00000018_post_disaster.json
midwest-flooding_00000021,midwest-flooding,tier1,val,5,D:\UNI\DLSS\satellite-disaster-damage-mapping\data_same\xbd\tier1\images\midwest-flooding_00000021_pre_disaster.png,D:\UNI\DLSS\satellite-disaster-damage-mapping\data_same\xbd\tier1\images\midwest-flooding_00000021_post_disaster.png,D:\UNI\DLSS\satellite-disaster-damage-mapping\data_same\xbd\tier1\labels\midwest-flooding_00000021_post_disaster.json
midwest-flooding_00000023,midwest-flooding,tier1,val,159,D:\UNI\DLSS\satellite-disaster-damage-mapping\data_same\xbd\tier1\images\midwest-flooding_00000023_pre_disaster.png,D:\UNI\DLSS\satellite-disaster-damage-mapping\data_same\xbd\tier1\images\midwest-flooding_00000023_post_disaster.png,D:\UNI\DLSS\satellite-disaster-damage-mapping\data_same\xbd\tier1\labels\midwest-flooding_00000023_post_disaster.json
midwest-flooding_00000064,midwest-flooding,tier1,val,205,D:\UNI\DLSS\satellite-disaster-damage-mapping\data_same\xbd\tier1\images\midwest-flooding_00000064_pre_disaster.png,D:\UNI\DLSS\satellite-disaster-damage-mapping\data_same\xbd\tier1\images\midwest-flooding_00000064_post_disaster.png,D:\UNI\DLSS\satellite-disaster-damage-mapping\data_same\xbd\tier1\labels\midwest-flooding_00000064_post_disaster.json
midwest-flooding_00000131,midwest-flooding,tier1,val,6,D:\UNI\DLSS\satellite-disaster-damage-mapping\data_same\xbd\tier1\images\midwest-flooding_00000131_pre_disaster.png,D:\UNI\DLSS\satellite-disaster-damage-mapping\data_same\xbd\tier1\images\midwest-flooding_00000131_post_disaster.png,D:\UNI\DLSS\satellite-disaster-damage-mapping\data_same\xbd\tier1\labels\midwest-flooding_00000131_post_disaster.json
midwest-flooding_00000166,midwest-flooding,tier1,val,36,D:\UNI\DLSS\satellite-disaster-damage-mapping\data_same\xbd\tier1\images\midwest-flooding_00000166_pre_disaster.png,D:\UNI\DLSS\satellite-disaster-damage-mapping\data_same\xbd\tier1\images\midwest-flooding_00000166_post_disaster.png,D:\UNI\DLSS\satellite-disaster-damage-mapping\data_same\xbd\tier1\labels\midwest-flooding_00000166_post_disaster.json
midwest-flooding_00000191,midwest-flooding,tier1,val,8,D:\UNI\DLSS\satellite-disaster-damage-mapping\data_same\xbd\tier1\images\midwest-flooding_00000191_pre_disaster.png,D:\UNI\DLSS\satellite-disaster-damage-mapping\data_same\xbd\tier1\images\midwest-flooding_00000191_post_disaster.png,D:\UNI\DLSS\satellite-disaster-damage-mapping\data_same\xbd\tier1\labels\midwest-flooding_00000191_post_disaster.json
midwest-flooding_00000217,midwest-flooding,tier1,val,46,D:\UNI\DLSS\satellite-disaster-damage-mapping\data_same\xbd\tier1\images\midwest-flooding_00000217_pre_disaster.png,D:\UNI\DLSS\satellite-disaster-damage-mapping\data_same\xbd\tier1\images\midwest-flooding_00000217_post_disaster.png,D:\UNI\DLSS\satellite-disaster-damage-mapping\data_same\xbd\tier1\labels\midwest-flooding_00000217_post_disaster.json
midwest-flooding_00000331,midwest-flooding,tier1,val,33,D:\UNI\DLSS\satellite-disaster-damage-mapping\data_same\xbd\tier1\images\midwest-flooding_00000331_pre_disaster.png,D:\UNI\DLSS\satellite-disaster-damage-mapping\data_same\xbd\tier1\images\midwest-flooding_00000331_post_disaster.png,D:\UNI\DLSS\satellite-disaster-damage-mapping\data_same\xbd\tier1\labels\midwest-flooding_00000331_post_disaster.json
midwest-flooding_00000356,midwest-flooding,tier1,val,7,D:\UNI\DLSS\satellite-disaster-damage-mapping\data_same\xbd\tier1\images\midwest-flooding_00000356_pre_disaster.png,D:\UNI\DLSS\satellite-disaster-damage-mapping\data_same\xbd\tier1\images\midwest-flooding_00000356_post_disaster.png,D:\UNI\DLSS\satellite-disaster-damage-mapping\data_same\xbd\tier1\labels\midwest-flooding_00000356_post_disaster.json
midwest-flooding_00000400,midwest-flooding,tier1,val,14,D:\UNI\DLSS\satellite-disaster-damage-mapping\data_same\xbd\tier1\images\midwest-flooding_00000400_pre_disaster.png,D:\UNI\DLSS\satellite-disaster-damage-mapping\data_same\xbd\tier1\images\midwest-flooding_00000400_post_disaster.png,D:\UNI\DLSS\satellite-disaster-damage-mapping\data_same\xbd\tier1\labels\midwest-flooding_00000400_post_disaster.json
midwest-flooding_00000408,midwest-flooding,tier1,val,177,D:\UNI\DLSS\satellite-disaster-damage-mapping\data_same\xbd\tier1\images\midwest-flooding_00000408_pre_disaster.png,D:\UNI\DLSS\satellite-disaster-damage-mapping\data_same\xbd\tier1\images\midwest-flooding_00000408_post_disaster.png,D:\UNI\DLSS\satellite-disaster-damage-mapping\data_same\xbd\tier1\labels\midwest-flooding_00000408_post_disaster.json
midwest-flooding_00000416,midwest-flooding,tier1,val,16,D:\UNI\DLSS\satellite-disaster-damage-mapping\data_same\xbd\tier1\images\midwest-flooding_00000416_pre_disaster.png,D:\UNI\DLSS\satellite-disaster-damage-mapping\data_same\xbd\tier1\images\midwest-flooding_00000416_post_disaster.png,D:\UNI\DLSS\satellite-disaster-damage-mapping\data_same\xbd\tier1\labels\midwest-flooding_00000416_post_disaster.json
moore-tornado_00000002,moore-tornado,tier3,val,8,D:\UNI\DLSS\satellite-disaster-damage-mapping\data_same\xbd\tier3\images\moore-tornado_00000002_pre_disaster.png,D:\UNI\DLSS\satellite-disaster-damage-mapping\data_same\xbd\tier3\images\moore-tornado_00000002_post_disaster.png,D:\UNI\DLSS\satellite-disaster-damage-mapping\data_same\xbd\tier3\labels\moore-tornado_00000002_post_disaster.json
moore-tornado_00000008,moore-tornado,tier3,val,137,D:\UNI\DLSS\satellite-disaster-damage-mapping\data_same\xbd\tier3\images\moore-tornado_00000008_pre_disaster.png,D:\UNI\DLSS\satellite-disaster-damage-mapping\data_same\xbd\tier3\images\moore-tornado_00000008_post_disaster.png,D:\UNI\DLSS\satellite-disaster-damage-mapping\data_same\xbd\tier3\labels\moore-tornado_00000008_post_disaster.json
moore-tornado_00000025,moore-tornado,tier3,val,37,D:\UNI\DLSS\satellite-disaster-damage-mapping\data_same\xbd\tier3\images\moore-tornado_00000025_pre_disaster.png,D:\UNI\DLSS\satellite-disaster-damage-mapping\data_same\xbd\tier3\images\moore-tornado_00000025_post_disaster.png,D:\UNI\DLSS\satellite-disaster-damage-mapping\data_same\xbd\tier3\labels\moore-tornado_00000025_post_disaster.json
moore-tornado_00000047,moore-tornado,tier3,val,156,D:\UNI\DLSS\satellite-disaster-damage-mapping\data_same\xbd\tier3\images\moore-tornado_00000047_pre_disaster.png,D:\UNI\DLSS\satellite-disaster-damage-mapping\data_same\xbd\tier3\images\moore-tornado_00000047_post_disaster.png,D:\UNI\DLSS\satellite-disaster-damage-mapping\data_same\xbd\tier3\labels\moore-tornado_00000047_post_disaster.json
moore-tornado_00000048,moore-tornado,tier3,val,71,D:\UNI\DLSS\satellite-disaster-damage-mapping\data_same\xbd\tier3\images\moore-tornado_00000048_pre_disaster.png,D:\UNI\DLSS\satellite-disaster-damage-mapping\data_same\xbd\tier3\images\moore-tornado_00000048_post_disaster.png,D:\UNI\DLSS\satellite-disaster-damage-mapping\data_same\xbd\tier3\labels\moore-tornado_00000048_post_disaster.json
moore-tornado_00000071,moore-tornado,tier3,val,26,D:\UNI\DLSS\satellite-disaster-damage-mapping\data_same\xbd\tier3\images\moore-tornado_00000071_pre_disaster.png,D:\UNI\DLSS\satellite-disaster-damage-mapping\data_same\xbd\tier3\images\moore-tornado_00000071_post_disaster.png,D:\UNI\DLSS\satellite-disaster-damage-mapping\data_same\xbd\tier3\labels\moore-tornado_00000071_post_disaster.json
moore-tornado_00000098,moore-tornado,tier3,val,117,D:\UNI\DLSS\satellite-disaster-damage-mapping\data_same\xbd\tier3\images\moore-tornado_00000098_pre_disaster.png,D:\UNI\DLSS\satellite-disaster-damage-mapping\data_same\xbd\tier3\images\moore-tornado_00000098_post_disaster.png,D:\UNI\DLSS\satellite-disaster-damage-mapping\data_same\xbd\tier3\labels\moore-tornado_00000098_post_disaster.json
moore-tornado_00000116,moore-tornado,tier3,val,37,D:\UNI\DLSS\satellite-disaster-damage-mapping\data_same\xbd\tier3\images\moore-tornado_00000116_pre_disaster.png,D:\UNI\DLSS\satellite-disaster-damage-mapping\data_same\xbd\tier3\images\moore-tornado_00000116_post_disaster.png,D:\UNI\DLSS\satellite-disaster-damage-mapping\data_same\xbd\tier3\labels\moore-tornado_00000116_post_disaster.json
moore-tornado_00000155,moore-tornado,tier3,val,241,D:\UNI\DLSS\satellite-disaster-damage-mapping\data_same\xbd\tier3\images\moore-tornado_00000155_pre_disaster.png,D:\UNI\DLSS\satellite-disaster-damage-mapping\data_same\xbd\tier3\images\moore-tornado_00000155_post_disaster.png,D:\UNI\DLSS\satellite-disaster-damage-mapping\data_same\xbd\tier3\labels\moore-tornado_00000155_post_disaster.json
moore-tornado_00000160,moore-tornado,tier3,val,20,D:\UNI\DLSS\satellite-disaster-damage-mapping\data_same\xbd\tier3\images\moore-tornado_00000160_pre_disaster.png,D:\UNI\DLSS\satellite-disaster-damage-mapping\data_same\xbd\tier3\images\moore-tornado_00000160_post_disaster.png,D:\UNI\DLSS\satellite-disaster-damage-mapping\data_same\xbd\tier3\labels\moore-tornado_00000160_post_disaster.json
moore-tornado_00000173,moore-tornado,tier3,val,24,D:\UNI\DLSS\satellite-disaster-damage-mapping\data_same\xbd\tier3\images\moore-tornado_00000173_pre_disaster.png,D:\UNI\DLSS\satellite-disaster-damage-mapping\data_same\xbd\tier3\images\moore-tornado_00000173_post_disaster.png,D:\UNI\DLSS\satellite-disaster-damage-mapping\data_same\xbd\tier3\labels\moore-tornado_00000173_post_disaster.json
moore-tornado_00000193,moore-tornado,tier3,val,169,D:\UNI\DLSS\satellite-disaster-damage-mapping\data_same\xbd\tier3\images\moore-tornado_00000193_pre_disaster.png,D:\UNI\DLSS\satellite-disaster-damage-mapping\data_same\xbd\tier3\images\moore-tornado_00000193_post_disaster.png,D:\UNI\DLSS\satellite-disaster-damage-mapping\data_same\xbd\tier3\labels\moore-tornado_00000193_post_disaster.json
moore-tornado_00000197,moore-tornado,tier3,val,19,D:\UNI\DLSS\satellite-disaster-damage-mapping\data_same\xbd\tier3\images\moore-tornado_00000197_pre_disaster.png,D:\UNI\DLSS\satellite-disaster-damage-mapping\data_same\xbd\tier3\images\moore-tornado_00000197_post_disaster.png,D:\UNI\DLSS\satellite-disaster-damage-mapping\data_same\xbd\tier3\labels\moore-tornado_00000197_post_disaster.json
moore-tornado_00000199,moore-tornado,tier3,val,214,D:\UNI\DLSS\satellite-disaster-damage-mapping\data_same\xbd\tier3\images\moore-tornado_00000199_pre_disaster.png,D:\UNI\DLSS\satellite-disaster-damage-mapping\data_same\xbd\tier3\images\moore-tornado_00000199_post_disaster.png,D:\UNI\DLSS\satellite-disaster-damage-mapping\data_same\xbd\tier3\labels\moore-tornado_00000199_post_disaster.json
moore-tornado_00000213,moore-tornado,tier3,val,18,D:\UNI\DLSS\satellite-disaster-damage-mapping\data_same\xbd\tier3\images\moore-tornado_00000213_pre_disaster.png,D:\UNI\DLSS\satellite-disaster-damage-mapping\data_same\xbd\tier3\images\moore-tornado_00000213_post_disaster.png,D:\UNI\DLSS\satellite-disaster-damage-mapping\data_same\xbd\tier3\labels\moore-tornado_00000213_post_disaster.json
nepal-flooding_00000006,nepal-flooding,tier3,val,160,D:\UNI\DLSS\satellite-disaster-damage-mapping\data_same\xbd\tier3\images\nepal-flooding_00000006_pre_disaster.png,D:\UNI\DLSS\satellite-disaster-damage-mapping\data_same\xbd\tier3\images\nepal-flooding_00000006_post_disaster.png,D:\UNI\DLSS\satellite-disaster-damage-mapping\data_same\xbd\tier3\labels\nepal-flooding_00000006_post_disaster.json
nepal-flooding_00000072,nepal-flooding,tier3,val,20,D:\UNI\DLSS\satellite-disaster-damage-mapping\data_same\xbd\tier3\images\nepal-flooding_00000072_pre_disaster.png,D:\UNI\DLSS\satellite-disaster-damage-mapping\data_same\xbd\tier3\images\nepal-flooding_00000072_post_disaster.png,D:\UNI\DLSS\satellite-disaster-damage-mapping\data_same\xbd\tier3\labels\nepal-flooding_00000072_post_disaster.json
nepal-flooding_00000094,nepal-flooding,tier3,val,258,D:\UNI\DLSS\satellite-disaster-damage-mapping\data_same\xbd\tier3\images\nepal-flooding_00000094_pre_disaster.png,D:\UNI\DLSS\satellite-disaster-damage-mapping\data_same\xbd\tier3\images\nepal-flooding_00000094_post_disaster.png,D:\UNI\DLSS\satellite-disaster-damage-mapping\data_same\xbd\tier3\labels\nepal-flooding_00000094_post_disaster.json
nepal-flooding_00000100,nepal-flooding,tier3,val,60,D:\UNI\DLSS\satellite-disaster-damage-mapping\data_same\xbd\tier3\images\nepal-flooding_00000100_pre_disaster.png,D:\UNI\DLSS\satellite-disaster-damage-mapping\data_same\xbd\tier3\images\nepal-flooding_00000100_post_disaster.png,D:\UNI\DLSS\satellite-disaster-damage-mapping\data_same\xbd\tier3\labels\nepal-flooding_00000100_post_disaster.json
nepal-flooding_00000109,nepal-flooding,tier3,val,85,D:\UNI\DLSS\satellite-disaster-damage-mapping\data_same\xbd\tier3\images\nepal-flooding_00000109_pre_disaster.png,D:\UNI\DLSS\satellite-disaster-damage-mapping\data_same\xbd\tier3\images\nepal-flooding_00000109_post_disaster.png,D:\UNI\DLSS\satellite-disaster-damage-mapping\data_same\xbd\tier3\labels\nepal-flooding_00000109_post_disaster.json
nepal-flooding_00000113,nepal-flooding,tier3,val,32,D:\UNI\DLSS\satellite-disaster-damage-mapping\data_same\xbd\tier3\images\nepal-flooding_00000113_pre_disaster.png,D:\UNI\DLSS\satellite-disaster-damage-mapping\data_same\xbd\tier3\images\nepal-flooding_00000113_post_disaster.png,D:\UNI\DLSS\satellite-disaster-damage-mapping\data_same\xbd\tier3\labels\nepal-flooding_00000113_post_disaster.json
nepal-flooding_00000129,nepal-flooding,tier3,val,75,D:\UNI\DLSS\satellite-disaster-damage-mapping\data_same\xbd\tier3\images\nepal-flooding_00000129_pre_disaster.png,D:\UNI\DLSS\satellite-disaster-damage-mapping\data_same\xbd\tier3\images\nepal-flooding_00000129_post_disaster.png,D:\UNI\DLSS\satellite-disaster-damage-mapping\data_same\xbd\tier3\labels\nepal-flooding_00000129_post_disaster.json
nepal-flooding_00000133,nepal-flooding,tier3,val,108,D:\UNI\DLSS\satellite-disaster-damage-mapping\data_same\xbd\tier3\images\nepal-flooding_00000133_pre_disaster.png,D:\UNI\DLSS\satellite-disaster-damage-mapping\data_same\xbd\tier3\images\nepal-flooding_00000133_post_disaster.png,D:\UNI\DLSS\satellite-disaster-damage-mapping\data_same\xbd\tier3\labels\nepal-flooding_00000133_post_disaster.json
nepal-flooding_00000148,nepal-flooding,tier3,val,5,D:\UNI\DLSS\satellite-disaster-damage-mapping\data_same\xbd\tier3\images\nepal-flooding_00000148_pre_disaster.png,D:\UNI\DLSS\satellite-disaster-damage-mapping\data_same\xbd\tier3\images\nepal-flooding_00000148_post_disaster.png,D:\UNI\DLSS\satellite-disaster-damage-mapping\data_same\xbd\tier3\labels\nepal-flooding_00000148_post_disaster.json
nepal-flooding_00000160,nepal-flooding,tier3,val,49,D:\UNI\DLSS\satellite-disaster-damage-mapping\data_same\xbd\tier3\images\nepal-flooding_00000160_pre_disaster.png,D:\UNI\DLSS\satellite-disaster-damage-mapping\data_same\xbd\tier3\images\nepal-flooding_00000160_post_disaster.png,D:\UNI\DLSS\satellite-disaster-damage-mapping\data_same\xbd\tier3\labels\nepal-flooding_00000160_post_disaster.json
nepal-flooding_00000163,nepal-flooding,tier3,val,22,D:\UNI\DLSS\satellite-disaster-damage-mapping\data_same\xbd\tier3\images\nepal-flooding_00000163_pre_disaster.png,D:\UNI\DLSS\satellite-disaster-damage-mapping\data_same\xbd\tier3\images\nepal-flooding_00000163_post_disaster.png,D:\UNI\DLSS\satellite-disaster-damage-mapping\data_same\xbd\tier3\labels\nepal-flooding_00000163_post_disaster.json
nepal-flooding_00000205,nepal-flooding,tier3,val,24,D:\UNI\DLSS\satellite-disaster-damage-mapping\data_same\xbd\tier3\images\nepal-flooding_00000205_pre_disaster.png,D:\UNI\DLSS\satellite-disaster-damage-mapping\data_same\xbd\tier3\images\nepal-flooding_00000205_post_disaster.png,D:\UNI\DLSS\satellite-disaster-damage-mapping\data_same\xbd\tier3\labels\nepal-flooding_00000205_post_disaster.json
nepal-flooding_00000215,nepal-flooding,tier3,val,18,D:\UNI\DLSS\satellite-disaster-damage-mapping\data_same\xbd\tier3\images\nepal-flooding_00000215_pre_disaster.png,D:\UNI\DLSS\satellite-disaster-damage-mapping\data_same\xbd\tier3\images\nepal-flooding_00000215_post_disaster.png,D:\UNI\DLSS\satellite-disaster-damage-mapping\data_same\xbd\tier3\labels\nepal-flooding_00000215_post_disaster.json
nepal-flooding_00000247,nepal-flooding,tier3,val,12,D:\UNI\DLSS\satellite-disaster-damage-mapping\data_same\xbd\tier3\images\nepal-flooding_00000247_pre_disaster.png,D:\UNI\DLSS\satellite-disaster-damage-mapping\data_same\xbd\tier3\images\nepal-flooding_00000247_post_disaster.png,D:\UNI\DLSS\satellite-disaster-damage-mapping\data_same\xbd\tier3\labels\nepal-flooding_00000247_post_disaster.json
nepal-flooding_00000278,nepal-flooding,tier3,val,6,D:\UNI\DLSS\satellite-disaster-damage-mapping\data_same\xbd\tier3\images\nepal-flooding_00000278_pre_disaster.png,D:\UNI\DLSS\satellite-disaster-damage-mapping\data_same\xbd\tier3\images\nepal-flooding_00000278_post_disaster.png,D:\UNI\DLSS\satellite-disaster-damage-mapping\data_same\xbd\tier3\labels\nepal-flooding_00000278_post_disaster.json
nepal-flooding_00000335,nepal-flooding,tier3,val,13,D:\UNI\DLSS\satellite-disaster-damage-mapping\data_same\xbd\tier3\images\nepal-flooding_00000335_pre_disaster.png,D:\UNI\DLSS\satellite-disaster-damage-mapping\data_same\xbd\tier3\images\nepal-flooding_00000335_post_disaster.png,D:\UNI\DLSS\satellite-disaster-damage-mapping\data_same\xbd\tier3\labels\nepal-flooding_00000335_post_disaster.json
nepal-flooding_00000340,nepal-flooding,tier3,val,54,D:\UNI\DLSS\satellite-disaster-damage-mapping\data_same\xbd\tier3\images\nepal-flooding_00000340_pre_disaster.png,D:\UNI\DLSS\satellite-disaster-damage-mapping\data_same\xbd\tier3\images\nepal-flooding_00000340_post_disaster.png,D:\UNI\DLSS\satellite-disaster-damage-mapping\data_same\xbd\tier3\labels\nepal-flooding_00000340_post_disaster.json
nepal-flooding_00000341,nepal-flooding,tier3,val,66,D:\UNI\DLSS\satellite-disaster-damage-mapping\data_same\xbd\tier3\images\nepal-flooding_00000341_pre_disaster.png,D:\UNI\DLSS\satellite-disaster-damage-mapping\data_same\xbd\tier3\images\nepal-flooding_00000341_post_disaster.png,D:\UNI\DLSS\satellite-disaster-damage-mapping\data_same\xbd\tier3\labels\nepal-flooding_00000341_post_disaster.json
nepal-flooding_00000347,nepal-flooding,tier3,val,377,D:\UNI\DLSS\satellite-disaster-damage-mapping\data_same\xbd\tier3\images\nepal-flooding_00000347_pre_disaster.png,D:\UNI\DLSS\satellite-disaster-damage-mapping\data_same\xbd\tier3\images\nepal-flooding_00000347_post_disaster.png,D:\UNI\DLSS\satellite-disaster-damage-mapping\data_same\xbd\tier3\labels\nepal-flooding_00000347_post_disaster.json
nepal-flooding_00000380,nepal-flooding,tier3,val,41,D:\UNI\DLSS\satellite-disaster-damage-mapping\data_same\xbd\tier3\images\nepal-flooding_00000380_pre_disaster.png,D:\UNI\DLSS\satellite-disaster-damage-mapping\data_same\xbd\tier3\images\nepal-flooding_00000380_post_disaster.png,D:\UNI\DLSS\satellite-disaster-damage-mapping\data_same\xbd\tier3\labels\nepal-flooding_00000380_post_disaster.json
nepal-flooding_00000398,nepal-flooding,tier3,val,113,D:\UNI\DLSS\satellite-disaster-damage-mapping\data_same\xbd\tier3\images\nepal-flooding_00000398_pre_disaster.png,D:\UNI\DLSS\satellite-disaster-damage-mapping\data_same\xbd\tier3\images\nepal-flooding_00000398_post_disaster.png,D:\UNI\DLSS\satellite-disaster-damage-mapping\data_same\xbd\tier3\labels\nepal-flooding_00000398_post_disaster.json
nepal-flooding_00000404,nepal-flooding,tier3,val,34,D:\UNI\DLSS\satellite-disaster-damage-mapping\data_same\xbd\tier3\images\nepal-flooding_00000404_pre_disaster.png,D:\UNI\DLSS\satellite-disaster-damage-mapping\data_same\xbd\tier3\images\nepal-flooding_00000404_post_disaster.png,D:\UNI\DLSS\satellite-disaster-damage-mapping\data_same\xbd\tier3\labels\nepal-flooding_00000404_post_disaster.json
nepal-flooding_00000418,nepal-flooding,tier3,val,525,D:\UNI\DLSS\satellite-disaster-damage-mapping\data_same\xbd\tier3\images\nepal-flooding_00000418_pre_disaster.png,D:\UNI\DLSS\satellite-disaster-damage-mapping\data_same\xbd\tier3\images\nepal-flooding_00000418_post_disaster.png,D:\UNI\DLSS\satellite-disaster-damage-mapping\data_same\xbd\tier3\labels\nepal-flooding_00000418_post_disaster.json
nepal-flooding_00000428,nepal-flooding,tier3,val,35,D:\UNI\DLSS\satellite-disaster-damage-mapping\data_same\xbd\tier3\images\nepal-flooding_00000428_pre_disaster.png,D:\UNI\DLSS\satellite-disaster-damage-mapping\data_same\xbd\tier3\images\nepal-flooding_00000428_post_disaster.png,D:\UNI\DLSS\satellite-disaster-damage-mapping\data_same\xbd\tier3\labels\nepal-flooding_00000428_post_disaster.json
nepal-flooding_00000448,nepal-flooding,tier3,val,73,D:\UNI\DLSS\satellite-disaster-damage-mapping\data_same\xbd\tier3\images\nepal-flooding_00000448_pre_disaster.png,D:\UNI\DLSS\satellite-disaster-damage-mapping\data_same\xbd\tier3\images\nepal-flooding_00000448_post_disaster.png,D:\UNI\DLSS\satellite-disaster-damage-mapping\data_same\xbd\tier3\labels\nepal-flooding_00000448_post_disaster.json
nepal-flooding_00000465,nepal-flooding,tier3,val,269,D:\UNI\DLSS\satellite-disaster-damage-mapping\data_same\xbd\tier3\images\nepal-flooding_00000465_pre_disaster.png,D:\UNI\DLSS\satellite-disaster-damage-mapping\data_same\xbd\tier3\images\nepal-flooding_00000465_post_disaster.png,D:\UNI\DLSS\satellite-disaster-damage-mapping\data_same\xbd\tier3\labels\nepal-flooding_00000465_post_disaster.json
nepal-flooding_00000499,nepal-flooding,tier3,val,29,D:\UNI\DLSS\satellite-disaster-damage-mapping\data_same\xbd\tier3\images\nepal-flooding_00000499_pre_disaster.png,D:\UNI\DLSS\satellite-disaster-damage-mapping\data_same\xbd\tier3\images\nepal-flooding_00000499_post_disaster.png,D:\UNI\DLSS\satellite-disaster-damage-mapping\data_same\xbd\tier3\labels\nepal-flooding_00000499_post_disaster.json
nepal-flooding_00000508,nepal-flooding,tier3,val,79,D:\UNI\DLSS\satellite-disaster-damage-mapping\data_same\xbd\tier3\images\nepal-flooding_00000508_pre_disaster.png,D:\UNI\DLSS\satellite-disaster-damage-mapping\data_same\xbd\tier3\images\nepal-flooding_00000508_post_disaster.png,D:\UNI\DLSS\satellite-disaster-damage-mapping\data_same\xbd\tier3\labels\nepal-flooding_00000508_post_disaster.json
nepal-flooding_00000525,nepal-flooding,tier3,val,246,D:\UNI\DLSS\satellite-disaster-damage-mapping\data_same\xbd\tier3\images\nepal-flooding_00000525_pre_disaster.png,D:\UNI\DLSS\satellite-disaster-damage-mapping\data_same\xbd\tier3\images\nepal-flooding_00000525_post_disaster.png,D:\UNI\DLSS\satellite-disaster-damage-mapping\data_same\xbd\tier3\labels\nepal-flooding_00000525_post_disaster.json
nepal-flooding_00000536,nepal-flooding,tier3,val,18,D:\UNI\DLSS\satellite-disaster-damage-mapping\data_same\xbd\tier3\images\nepal-flooding_00000536_pre_disaster.png,D:\UNI\DLSS\satellite-disaster-damage-mapping\data_same\xbd\tier3\images\nepal-flooding_00000536_post_disaster.png,D:\UNI\DLSS\satellite-disaster-damage-mapping\data_same\xbd\tier3\labels\nepal-flooding_00000536_post_disaster.json
nepal-flooding_00000560,nepal-flooding,tier3,val,110,D:\UNI\DLSS\satellite-disaster-damage-mapping\data_same\xbd\tier3\images\nepal-flooding_00000560_pre_disaster.png,D:\UNI\DLSS\satellite-disaster-damage-mapping\data_same\xbd\tier3\images\nepal-flooding_00000560_post_disaster.png,D:\UNI\DLSS\satellite-disaster-damage-mapping\data_same\xbd\tier3\labels\nepal-flooding_00000560_post_disaster.json
nepal-flooding_00000577,nepal-flooding,tier3,val,7,D:\UNI\DLSS\satellite-disaster-damage-mapping\data_same\xbd\tier3\images\nepal-flooding_00000577_pre_disaster.png,D:\UNI\DLSS\satellite-disaster-damage-mapping\data_same\xbd\tier3\images\nepal-flooding_00000577_post_disaster.png,D:\UNI\DLSS\satellite-disaster-damage-mapping\data_same\xbd\tier3\labels\nepal-flooding_00000577_post_disaster.json
nepal-flooding_00000592,nepal-flooding,tier3,val,12,D:\UNI\DLSS\satellite-disaster-damage-mapping\data_same\xbd\tier3\images\nepal-flooding_00000592_pre_disaster.png,D:\UNI\DLSS\satellite-disaster-damage-mapping\data_same\xbd\tier3\images\nepal-flooding_00000592_post_disaster.png,D:\UNI\DLSS\satellite-disaster-damage-mapping\data_same\xbd\tier3\labels\nepal-flooding_00000592_post_disaster.json
palu-tsunami_00000002,palu-tsunami,tier1,val,316,D:\UNI\DLSS\satellite-disaster-damage-mapping\data_same\xbd\tier1\images\palu-tsunami_00000002_pre_disaster.png,D:\UNI\DLSS\satellite-disaster-damage-mapping\data_same\xbd\tier1\images\palu-tsunami_00000002_post_disaster.png,D:\UNI\DLSS\satellite-disaster-damage-mapping\data_same\xbd\tier1\labels\palu-tsunami_00000002_post_disaster.json
palu-tsunami_00000023,palu-tsunami,tier1,val,165,D:\UNI\DLSS\satellite-disaster-damage-mapping\data_same\xbd\tier1\images\palu-tsunami_00000023_pre_disaster.png,D:\UNI\DLSS\satellite-disaster-damage-mapping\data_same\xbd\tier1\images\palu-tsunami_00000023_post_disaster.png,D:\UNI\DLSS\satellite-disaster-damage-mapping\data_same\xbd\tier1\labels\palu-tsunami_00000023_post_disaster.json
palu-tsunami_00000045,palu-tsunami,tier1,val,748,D:\UNI\DLSS\satellite-disaster-damage-mapping\data_same\xbd\tier1\images\palu-tsunami_00000045_pre_disaster.png,D:\UNI\DLSS\satellite-disaster-damage-mapping\data_same\xbd\tier1\images\palu-tsunami_00000045_post_disaster.png,D:\UNI\DLSS\satellite-disaster-damage-mapping\data_same\xbd\tier1\labels\palu-tsunami_00000045_post_disaster.json
palu-tsunami_00000067,palu-tsunami,tier1,val,575,D:\UNI\DLSS\satellite-disaster-damage-mapping\data_same\xbd\tier1\images\palu-tsunami_00000067_pre_disaster.png,D:\UNI\DLSS\satellite-disaster-damage-mapping\data_same\xbd\tier1\images\palu-tsunami_00000067_post_disaster.png,D:\UNI\DLSS\satellite-disaster-damage-mapping\data_same\xbd\tier1\labels\palu-tsunami_00000067_post_disaster.json
palu-tsunami_00000109,palu-tsunami,tier1,val,293,D:\UNI\DLSS\satellite-disaster-damage-mapping\data_same\xbd\tier1\images\palu-tsunami_00000109_pre_disaster.png,D:\UNI\DLSS\satellite-disaster-damage-mapping\data_same\xbd\tier1\images\palu-tsunami_00000109_post_disaster.png,D:\UNI\DLSS\satellite-disaster-damage-mapping\data_same\xbd\tier1\labels\palu-tsunami_00000109_post_disaster.json
palu-tsunami_00000119,palu-tsunami,tier1,val,298,D:\UNI\DLSS\satellite-disaster-damage-mapping\data_same\xbd\tier1\images\palu-tsunami_00000119_pre_disaster.png,D:\UNI\DLSS\satellite-disaster-damage-mapping\data_same\xbd\tier1\images\palu-tsunami_00000119_post_disaster.png,D:\UNI\DLSS\satellite-disaster-damage-mapping\data_same\xbd\tier1\labels\palu-tsunami_00000119_post_disaster.json
palu-tsunami_00000155,palu-tsunami,tier1,val,68,D:\UNI\DLSS\satellite-disaster-damage-mapping\data_same\xbd\tier1\images\palu-tsunami_00000155_pre_disaster.png,D:\UNI\DLSS\satellite-disaster-damage-mapping\data_same\xbd\tier1\images\palu-tsunami_00000155_post_disaster.png,D:\UNI\DLSS\satellite-disaster-damage-mapping\data_same\xbd\tier1\labels\palu-tsunami_00000155_post_disaster.json
palu-tsunami_00000178,palu-tsunami,tier1,val,578,D:\UNI\DLSS\satellite-disaster-damage-mapping\data_same\xbd\tier1\images\palu-tsunami_00000178_pre_disaster.png,D:\UNI\DLSS\satellite-disaster-damage-mapping\data_same\xbd\tier1\images\palu-tsunami_00000178_post_disaster.png,D:\UNI\DLSS\satellite-disaster-damage-mapping\data_same\xbd\tier1\labels\palu-tsunami_00000178_post_disaster.json
sunda-tsunami_00000014,sunda-tsunami,tier3,val,113,D:\UNI\DLSS\satellite-disaster-damage-mapping\data_same\xbd\tier3\images\sunda-tsunami_00000014_pre_disaster.png,D:\UNI\DLSS\satellite-disaster-damage-mapping\data_same\xbd\tier3\images\sunda-tsunami_00000014_post_disaster.png,D:\UNI\DLSS\satellite-disaster-damage-mapping\data_same\xbd\tier3\labels\sunda-tsunami_00000014_post_disaster.json
sunda-tsunami_00000016,sunda-tsunami,tier3,val,1175,D:\UNI\DLSS\satellite-disaster-damage-mapping\data_same\xbd\tier3\images\sunda-tsunami_00000016_pre_disaster.png,D:\UNI\DLSS\satellite-disaster-damage-mapping\data_same\xbd\tier3\images\sunda-tsunami_00000016_post_disaster.png,D:\UNI\DLSS\satellite-disaster-damage-mapping\data_same\xbd\tier3\labels\sunda-tsunami_00000016_post_disaster.json
sunda-tsunami_00000020,sunda-tsunami,tier3,val,79,D:\UNI\DLSS\satellite-disaster-damage-mapping\data_same\xbd\tier3\images\sunda-tsunami_00000020_pre_disaster.png,D:\UNI\DLSS\satellite-disaster-damage-mapping\data_same\xbd\tier3\images\sunda-tsunami_00000020_post_disaster.png,D:\UNI\DLSS\satellite-disaster-damage-mapping\data_same\xbd\tier3\labels\sunda-tsunami_00000020_post_disaster.json
sunda-tsunami_00000032,sunda-tsunami,tier3,val,183,D:\UNI\DLSS\satellite-disaster-damage-mapping\data_same\xbd\tier3\images\sunda-tsunami_00000032_pre_disaster.png,D:\UNI\DLSS\satellite-disaster-damage-mapping\data_same\xbd\tier3\images\sunda-tsunami_00000032_post_disaster.png,D:\UNI\DLSS\satellite-disaster-damage-mapping\data_same\xbd\tier3\labels\sunda-tsunami_00000032_post_disaster.json
sunda-tsunami_00000033,sunda-tsunami,tier3,val,30,D:\UNI\DLSS\satellite-disaster-damage-mapping\data_same\xbd\tier3\images\sunda-tsunami_00000033_pre_disaster.png,D:\UNI\DLSS\satellite-disaster-damage-mapping\data_same\xbd\tier3\images\sunda-tsunami_00000033_post_disaster.png,D:\UNI\DLSS\satellite-disaster-damage-mapping\data_same\xbd\tier3\labels\sunda-tsunami_00000033_post_disaster.json
sunda-tsunami_00000074,sunda-tsunami,tier3,val,8,D:\UNI\DLSS\satellite-disaster-damage-mapping\data_same\xbd\tier3\images\sunda-tsunami_00000074_pre_disaster.png,D:\UNI\DLSS\satellite-disaster-damage-mapping\data_same\xbd\tier3\images\sunda-tsunami_00000074_post_disaster.png,D:\UNI\DLSS\satellite-disaster-damage-mapping\data_same\xbd\tier3\labels\sunda-tsunami_00000074_post_disaster.json
sunda-tsunami_00000090,sunda-tsunami,tier3,val,294,D:\UNI\DLSS\satellite-disaster-damage-mapping\data_same\xbd\tier3\images\sunda-tsunami_00000090_pre_disaster.png,D:\UNI\DLSS\satellite-disaster-damage-mapping\data_same\xbd\tier3\images\sunda-tsunami_00000090_post_disaster.png,D:\UNI\DLSS\satellite-disaster-damage-mapping\data_same\xbd\tier3\labels\sunda-tsunami_00000090_post_disaster.json
sunda-tsunami_00000107,sunda-tsunami,tier3,val,40,D:\UNI\DLSS\satellite-disaster-damage-mapping\data_same\xbd\tier3\images\sunda-tsunami_00000107_pre_disaster.png,D:\UNI\DLSS\satellite-disaster-damage-mapping\data_same\xbd\tier3\images\sunda-tsunami_00000107_post_disaster.png,D:\UNI\DLSS\satellite-disaster-damage-mapping\data_same\xbd\tier3\labels\sunda-tsunami_00000107_post_disaster.json
tuscaloosa-tornado_00000027,tuscaloosa-tornado,tier3,val,20,D:\UNI\DLSS\satellite-disaster-damage-mapping\data_same\xbd\tier3\images\tuscaloosa-tornado_00000027_pre_disaster.png,D:\UNI\DLSS\satellite-disaster-damage-mapping\data_same\xbd\tier3\images\tuscaloosa-tornado_00000027_post_disaster.png,D:\UNI\DLSS\satellite-disaster-damage-mapping\data_same\xbd\tier3\labels\tuscaloosa-tornado_00000027_post_disaster.json
tuscaloosa-tornado_00000037,tuscaloosa-tornado,tier3,val,106,D:\UNI\DLSS\satellite-disaster-damage-mapping\data_same\xbd\tier3\images\tuscaloosa-tornado_00000037_pre_disaster.png,D:\UNI\DLSS\satellite-disaster-damage-mapping\data_same\xbd\tier3\images\tuscaloosa-tornado_00000037_post_disaster.png,D:\UNI\DLSS\satellite-disaster-damage-mapping\data_same\xbd\tier3\labels\tuscaloosa-tornado_00000037_post_disaster.json
tuscaloosa-tornado_00000048,tuscaloosa-tornado,tier3,val,64,D:\UNI\DLSS\satellite-disaster-damage-mapping\data_same\xbd\tier3\images\tuscaloosa-tornado_00000048_pre_disaster.png,D:\UNI\DLSS\satellite-disaster-damage-mapping\data_same\xbd\tier3\images\tuscaloosa-tornado_00000048_post_disaster.png,D:\UNI\DLSS\satellite-disaster-damage-mapping\data_same\xbd\tier3\labels\tuscaloosa-tornado_00000048_post_disaster.json
tuscaloosa-tornado_00000066,tuscaloosa-tornado,tier3,val,37,D:\UNI\DLSS\satellite-disaster-damage-mapping\data_same\xbd\tier3\images\tuscaloosa-tornado_00000066_pre_disaster.png,D:\UNI\DLSS\satellite-disaster-damage-mapping\data_same\xbd\tier3\images\tuscaloosa-tornado_00000066_post_disaster.png,D:\UNI\DLSS\satellite-disaster-damage-mapping\data_same\xbd\tier3\labels\tuscaloosa-tornado_00000066_post_disaster.json
tuscaloosa-tornado_00000092,tuscaloosa-tornado,tier3,val,76,D:\UNI\DLSS\satellite-disaster-damage-mapping\data_same\xbd\tier3\images\tuscaloosa-tornado_00000092_pre_disaster.png,D:\UNI\DLSS\satellite-disaster-damage-mapping\data_same\xbd\tier3\images\tuscaloosa-tornado_00000092_post_disaster.png,D:\UNI\DLSS\satellite-disaster-damage-mapping\data_same\xbd\tier3\labels\tuscaloosa-tornado_00000092_post_disaster.json
tuscaloosa-tornado_00000141,tuscaloosa-tornado,tier3,val,10,D:\UNI\DLSS\satellite-disaster-damage-mapping\data_same\xbd\tier3\images\tuscaloosa-tornado_00000141_pre_disaster.png,D:\UNI\DLSS\satellite-disaster-damage-mapping\data_same\xbd\tier3\images\tuscaloosa-tornado_00000141_post_disaster.png,D:\UNI\DLSS\satellite-disaster-damage-mapping\data_same\xbd\tier3\labels\tuscaloosa-tornado_00000141_post_disaster.json
tuscaloosa-tornado_00000156,tuscaloosa-tornado,tier3,val,86,D:\UNI\DLSS\satellite-disaster-damage-mapping\data_same\xbd\tier3\images\tuscaloosa-tornado_00000156_pre_disaster.png,D:\UNI\DLSS\satellite-disaster-damage-mapping\data_same\xbd\tier3\images\tuscaloosa-tornado_00000156_post_disaster.png,D:\UNI\DLSS\satellite-disaster-damage-mapping\data_same\xbd\tier3\labels\tuscaloosa-tornado_00000156_post_disaster.json
tuscaloosa-tornado_00000178,tuscaloosa-tornado,tier3,val,48,D:\UNI\DLSS\satellite-disaster-damage-mapping\data_same\xbd\tier3\images\tuscaloosa-tornado_00000178_pre_disaster.png,D:\UNI\DLSS\satellite-disaster-damage-mapping\data_same\xbd\tier3\images\tuscaloosa-tornado_00000178_post_disaster.png,D:\UNI\DLSS\satellite-disaster-damage-mapping\data_same\xbd\tier3\labels\tuscaloosa-tornado_00000178_post_disaster.json
tuscaloosa-tornado_00000256,tuscaloosa-tornado,tier3,val,148,D:\UNI\DLSS\satellite-disaster-damage-mapping\data_same\xbd\tier3\images\tuscaloosa-tornado_00000256_pre_disaster.png,D:\UNI\DLSS\satellite-disaster-damage-mapping\data_same\xbd\tier3\images\tuscaloosa-tornado_00000256_post_disaster.png,D:\UNI\DLSS\satellite-disaster-damage-mapping\data_same\xbd\tier3\labels\tuscaloosa-tornado_00000256_post_disaster.json
tuscaloosa-tornado_00000261,tuscaloosa-tornado,tier3,val,14,D:\UNI\DLSS\satellite-disaster-damage-mapping\data_same\xbd\tier3\images\tuscaloosa-tornado_00000261_pre_disaster.png,D:\UNI\DLSS\satellite-disaster-damage-mapping\data_same\xbd\tier3\images\tuscaloosa-tornado_00000261_post_disaster.png,D:\UNI\DLSS\satellite-disaster-damage-mapping\data_same\xbd\tier3\labels\tuscaloosa-tornado_00000261_post_disaster.json
tuscaloosa-tornado_00000267,tuscaloosa-tornado,tier3,val,57,D:\UNI\DLSS\satellite-disaster-damage-mapping\data_same\xbd\tier3\images\tuscaloosa-tornado_00000267_pre_disaster.png,D:\UNI\DLSS\satellite-disaster-damage-mapping\data_same\xbd\tier3\images\tuscaloosa-tornado_00000267_post_disaster.png,D:\UNI\DLSS\satellite-disaster-damage-mapping\data_same\xbd\tier3\labels\tuscaloosa-tornado_00000267_post_disaster.json
tuscaloosa-tornado_00000275,tuscaloosa-tornado,tier3,val,103,D:\UNI\DLSS\satellite-disaster-damage-mapping\data_same\xbd\tier3\images\tuscaloosa-tornado_00000275_pre_disaster.png,D:\UNI\DLSS\satellite-disaster-damage-mapping\data_same\xbd\tier3\images\tuscaloosa-tornado_00000275_post_disaster.png,D:\UNI\DLSS\satellite-disaster-damage-mapping\data_same\xbd\tier3\labels\tuscaloosa-tornado_00000275_post_disaster.json
tuscaloosa-tornado_00000301,tuscaloosa-tornado,tier3,val,9,D:\UNI\DLSS\satellite-disaster-damage-mapping\data_same\xbd\tier3\images\tuscaloosa-tornado_00000301_pre_disaster.png,D:\UNI\DLSS\satellite-disaster-damage-mapping\data_same\xbd\tier3\images\tuscaloosa-tornado_00000301_post_disaster.png,D:\UNI\DLSS\satellite-disaster-damage-mapping\data_same\xbd\tier3\labels\tuscaloosa-tornado_00000301_post_disaster.json
tuscaloosa-tornado_00000327,tuscaloosa-tornado,tier3,val,99,D:\UNI\DLSS\satellite-disaster-damage-mapping\data_same\xbd\tier3\images\tuscaloosa-tornado_00000327_pre_disaster.png,D:\UNI\DLSS\satellite-disaster-damage-mapping\data_same\xbd\tier3\images\tuscaloosa-tornado_00000327_post_disaster.png,D:\UNI\DLSS\satellite-disaster-damage-mapping\data_same\xbd\tier3\labels\tuscaloosa-tornado_00000327_post_disaster.json
